year,species_group,weighted_ndgain_vulnerability_volume_raw,weighted_ndgain_vulnerability_value_raw,weighted_ndgain_combined_vuln_readiness_volume_raw,weighted_ndgain_combined_vuln_readiness_value_raw,share_with_ndgain_vulnerability,share_with_ndgain_vulnerability_value,share_with_ndgain_combined_vuln_readiness,share_with_ndgain_combined_vuln_readiness_value,weighted_ndgain_vulnerability_volume,weighted_ndgain_vulnerability_value,weighted_ndgain_combined_vuln_readiness_volume,weighted_ndgain_combined_vuln_readiness_value,exporter_metric_primary,exporter_metric_secondary,weighted_exporter_risk_volume,weighted_exporter_risk_value,share_with_exporter_risk,share_with_exporter_risk_value,weighted_secondary_exporter_risk_volume,weighted_secondary_exporter_risk_value,share_with_secondary_exporter_risk,share_with_secondary_exporter_risk_value
2009,catfish_other,0.399302530989931,0.398872644358307,0.443276337785285,0.442734064862245,1,1,1,1,0.399302530989931,0.398872644358307,0.443276337785285,0.442734064862245,ndgain_combined_vuln_readiness,ndgain_vulnerability,0.443276337785285,0.442734064862245,1,1,0.399302530989931,0.398872644358307,1,1
2009,clams,0.393133807090449,0.370156489921791,0.435233966045541,0.405715204135187,1,1,1,1,0.393133807090449,0.370156489921791,0.435233966045541,0.405715204135188,ndgain_combined_vuln_readiness,ndgain_vulnerability,0.435233966045541,0.405715204135188,1,1,0.393133807090449,0.370156489921791,1,1
2009,cod,0.364526864955225,0.357391799769299,0.39671372849646,0.387228852677367,0.994845233679199,0.993858361337133,0.994845233679199,0.993858361337133,0.36641565201766,0.359600335090471,0.398769291007515,0.389621768796502,ndgain_combined_vuln_readiness,ndgain_vulnerability,0.398769291007515,0.389621768796502,0.994845233679199,0.993858361337133,0.36641565201766,0.359600335090471,0.994845233679199,0.993858361337133
2009,crab,0.342811067399198,0.360304468079828,0.383037385592952,0.406279260949786,0.993677870120153,0.995520931733946,0.993677870120153,0.995520931733946,0.344992152595434,0.361925557358466,0.385474404845743,0.408107200962767,ndgain_combined_vuln_readiness,ndgain_vulnerability,0.385474404845743,0.408107200962767,0.993677870120153,0.995520931733946,0.344992152595434,0.361925557358466,0.993677870120153,0.995520931733946
2009,crawfish_freshwater,0.391666277447407,0.391598895971784,0.437543406555936,0.437614938236677,1,1,1,1,0.391666277447407,0.391598895971784,0.437543406555936,0.437614938236677,ndgain_combined_vuln_readiness,ndgain_vulnerability,0.437543406555936,0.437614938236677,1,1,0.391666277447407,0.391598895971784,1,1
2009,eel_sturgeon_shad,0.360481741870508,0.362590968181868,0.398190917870269,0.395401704780708,0.889480625591075,0.916765274339958,0.889480625591075,0.916765274339958,0.405272168385862,0.395511237533426,0.447666769139198,0.431300918400716,ndgain_combined_vuln_readiness,ndgain_vulnerability,0.447666769139198,0.431300918400716,0.889480625591075,0.916765274339958,0.405272168385862,0.395511237533426,0.889480625591075,0.916765274339958
2009,flatfish,0.371402994904863,0.358743663061721,0.411316929912639,0.393792485421427,0.993632670378022,0.990587926602558,0.993632670378022,0.990587926602558,0.373782994437537,0.362152266777682,0.413952703221963,0.397534105601333,ndgain_combined_vuln_readiness,ndgain_vulnerability,0.413952703221963,0.397534105601333,0.993632670378022,0.990587926602558,0.373782994437537,0.362152266777682,0.993632670378022,0.990587926602558
2009,halibut,0.315396731292452,0.310203855792411,0.339308208326719,0.332391932293801,1,1,1,1,0.315396731292452,0.310203855792411,0.339308208326719,0.332391932293801,ndgain_combined_vuln_readiness,ndgain_vulnerability,0.339308208326719,0.332391932293801,1,1,0.315396731292452,0.310203855792411,1,1
2009,herring,0.298577655893758,0.310280199825773,0.319421644495442,0.327320888424829,1,1,1,1,0.298577655893758,0.310280199825773,0.319421644495442,0.32732088842483,ndgain_combined_vuln_readiness,ndgain_vulnerability,0.319421644495442,0.32732088842483,1,1,0.298577655893758,0.310280199825773,1,1
2009,inland_freshwater_other,0.323828217136408,0.310919788753554,0.360800799287902,0.342407967456658,0.991400972983415,0.997248068576003,0.991400972983415,0.997248068576003,0.326636977329077,0.311777779823153,0.363930245299384,0.343352850956724,ndgain_combined_vuln_readiness,ndgain_vulnerability,0.363930245299384,0.343352850956724,0.991400972983415,0.997248068576003,0.326636977329077,0.311777779823153,0.991400972983415,0.997248068576003
2009,large_pelagics_other,0.369502480846612,0.375051321913715,0.457319679820827,0.464503919637254,0.821472486438278,0.830135647415035,0.821472486438278,0.830135647415035,0.449805059751535,0.451795225372612,0.556707238977246,0.5595518287688,ndgain_combined_vuln_readiness,ndgain_vulnerability,0.556707238977246,0.5595518287688,0.821472486438278,0.830135647415035,0.449805059751535,0.451795225372612,0.821472486438278,0.830135647415035
2009,lobster,0.312351540740966,0.31708572344665,0.343552236410177,0.350289360638812,0.994997951943727,0.994109338031963,0.994997951943727,0.994109338031963,0.313921792633631,0.318964636298845,0.345279340263011,0.352365023883872,ndgain_combined_vuln_readiness,ndgain_vulnerability,0.345279340263011,0.352365023883872,0.994997951943727,0.994109338031963,0.313921792633631,0.318964636298845,0.994997951943727,0.994109338031963
2009,mackerel,0.363079900841793,0.368841882581178,0.402730716629739,0.40321275279859,0.953864352079747,0.978431947341327,0.953864352079747,0.978431947341327,0.380641020969236,0.376972444106536,0.42220963153896,0.412100968181008,ndgain_combined_vuln_readiness,ndgain_vulnerability,0.42220963153896,0.412100968181008,0.953864352079747,0.978431947341327,0.380641020969236,0.376972444106536,0.953864352079747,0.978431947341327
2009,mussels,0.306490825172945,0.306689275034832,0.313201065003722,0.308772367634472,0.999926592786814,0.999794427740506,0.999926592786814,0.999794427740506,0.306513325461972,0.306752334805403,0.313224057908916,0.308835855719145,ndgain_combined_vuln_readiness,ndgain_vulnerability,0.313224057908916,0.308835855719145,0.999926592786814,0.999794427740506,0.306513325461972,0.306752334805403,0.999926592786814,0.999794427740506
2009,other_groundfish,0.321819268695646,0.331430061047051,0.34360234480574,0.345334034626513,0.996215414318557,0.995998152176471,0.996215414318557,0.995998152176471,0.323041848249037,0.332761722823285,0.344907677463288,0.346721561552985,ndgain_combined_vuln_readiness,ndgain_vulnerability,0.344907677463288,0.346721561552985,0.996215414318557,0.995998152176471,0.323041848249037,0.332761722823285,0.996215414318557,0.995998152176471
2009,other_shellfish_specialty,0.383007176540476,0.358242456581651,0.425143335464777,0.400285253930435,0.957427321214332,0.919382058508259,0.957427321214332,0.919382058508259,0.400037859849975,0.389655696743654,0.444047632697128,0.435385104838697,ndgain_combined_vuln_readiness,ndgain_vulnerability,0.444047632697128,0.435385104838697,0.957427321214332,0.919382058508259,0.400037859849975,0.389655696743654,0.957427321214332,0.919382058508259
2009,oysters,0.361885660926881,0.362618606842564,0.375506818533069,0.37586674638967,0.991908145623065,0.99218495285076,0.991908145623065,0.99218495285076,0.364837875889771,0.365474809712325,0.378570153083273,0.378827299597443,ndgain_combined_vuln_readiness,ndgain_vulnerability,0.378570153083273,0.378827299597443,0.991908145623065,0.99218495285076,0.364837875889771,0.365474809712325,0.991908145623065,0.99218495285076
2009,pangasius_basa_swai,0.472760078467266,0.471499563190181,0.54819101121582,0.546327868751155,1,1,1,1,0.472760078467266,0.471499563190181,0.54819101121582,0.546327868751155,ndgain_combined_vuln_readiness,ndgain_vulnerability,0.54819101121582,0.546327868751155,1,1,0.472760078467266,0.471499563190181,1,1
2009,pollock,0.392180732643481,0.391141379897398,0.431253898441791,0.4300288687402,0.99998585029697,0.999977548329307,0.99998585029697,0.999977548329307,0.392186281962904,0.391150161872024,0.431260000642729,0.430038523823523,ndgain_combined_vuln_readiness,ndgain_vulnerability,0.431260000642729,0.430038523823523,0.99998585029697,0.999977548329307,0.392186281962904,0.391150161872024,0.99998585029697,0.999977548329307
2009,reef_fish_other,0.255654387446487,0.292343767487357,0.293179827124288,0.344176294125591,0.804546553375892,0.885498671101023,0.804546553375892,0.885498671101023,0.317762081477767,0.330145913289581,0.364403807205561,0.388680757360872,ndgain_combined_vuln_readiness,ndgain_vulnerability,0.364403807205561,0.388680757360872,0.804546553375892,0.885498671101023,0.317762081477767,0.330145913289581,0.804546553375892,0.885498671101023
2009,sablefish,0.284199541231579,0.284199541231579,0.300956381254212,0.300956381254212,1,1,1,1,0.284199541231579,0.284199541231579,0.300956381254212,0.300956381254212,ndgain_combined_vuln_readiness,ndgain_vulnerability,0.300956381254212,0.300956381254212,1,1,0.284199541231579,0.284199541231579,1,1
2009,salmon,0.306163359893291,0.306026779855512,0.340565073518133,0.341549604049137,0.955797139334969,0.964512536390095,0.955797139334969,0.964512536390095,0.320322532149777,0.317286471983958,0.356315225796861,0.354116293114721,ndgain_combined_vuln_readiness,ndgain_vulnerability,0.356315225796861,0.354116293114721,0.955797139334969,0.964512536390095,0.320322532149777,0.317286471983958,0.955797139334969,0.964512536390095
2009,scallops,0.379408016826041,0.364917589265276,0.414525779743624,0.378935741567975,0.999105909710713,0.997546457421285,0.999105909710713,0.997546457421285,0.379747545418781,0.365815132268235,0.414896734885342,0.379867763299512,ndgain_combined_vuln_readiness,ndgain_vulnerability,0.414896734885342,0.379867763299512,0.999105909710713,0.997546457421285,0.379747545418781,0.365815132268235,0.999105909710713,0.997546457421285
2009,sea_cucumber_urchin_other_inverts,0.288081165965257,0.313784772337091,0.306711213895689,0.344828185758291,1,1,1,1,0.288081165965257,0.313784772337091,0.306711213895689,0.344828185758291,ndgain_combined_vuln_readiness,ndgain_vulnerability,0.306711213895689,0.344828185758291,1,1,0.288081165965257,0.313784772337091,1,1
2009,sharks_rays_skates,0.359131410169939,0.31873146182973,0.407688830701631,0.356832114037647,0.931903996742051,0.696100741865849,0.931903996742051,0.696100741865849,0.385373827588965,0.457881227041065,0.437479431493927,0.512615620953346,ndgain_combined_vuln_readiness,ndgain_vulnerability,0.437479431493927,0.512615620953346,0.931903996742051,0.696100741865849,0.385373827588965,0.457881227041065,0.931903996742051,0.696100741865849
2009,shrimp,0.444179055748591,0.446072245299981,0.517977054485698,0.517060313455432,0.997524267749217,0.998199243602563,0.997524267749217,0.998199243602563,0.445281453403457,0.446876961847896,0.519262609675096,0.517993092831176,ndgain_combined_vuln_readiness,ndgain_vulnerability,0.519262609675096,0.517993092831176,0.997524267749217,0.998199243602563,0.445281453403457,0.446876961847896,0.997524267749217,0.998199243602563
2009,small_pelagics_other,0.370169725375233,0.366584169080823,0.435576149275671,0.441781562013281,0.999644739272334,0.999434195080643,0.999644739272334,0.999434195080643,0.370301278877022,0.366791701629984,0.4357309473691,0.442031665704248,ndgain_combined_vuln_readiness,ndgain_vulnerability,0.4357309473691,0.442031665704248,0.999644739272334,0.999434195080643,0.370301278877022,0.366791701629984,0.999644739272334,0.999434195080643
2009,snapper_grouper,0.412327250442996,0.410819949927566,0.500151588114852,0.497056358517692,1,1,1,1,0.412327250442996,0.410819949927566,0.500151588114852,0.497056358517692,ndgain_combined_vuln_readiness,ndgain_vulnerability,0.500151588114852,0.497056358517692,1,1,0.412327250442996,0.410819949927566,1,1
2009,squid_octopus,0.373393512400532,0.377874839567248,0.415499596626739,0.42172471573062,0.896143503440609,0.907976686416569,0.896143503440609,0.907976686416569,0.416667097364366,0.416172403124768,0.46365296967672,0.464466458268883,ndgain_combined_vuln_readiness,ndgain_vulnerability,0.46365296967672,0.464466458268883,0.896143503440609,0.907976686416569,0.416667097364366,0.416172403124768,0.896143503440609,0.907976686416569
2009,swordfish,0.393660444016059,0.384502973059447,0.447232240065909,0.432333941110923,0.998537981942042,0.999048039316388,0.998537981942042,0.999048039316388,0.394236825373867,0.384869353552356,0.447887059034142,0.432745898191996,ndgain_combined_vuln_readiness,ndgain_vulnerability,0.447887059034142,0.432745898191996,0.998537981942042,0.999048039316388,0.394236825373867,0.384869353552356,0.998537981942042,0.999048039316388
2009,tilapia,0.374861055762343,0.396610582951307,0.422373585957053,0.4545102184746,0.914236271385292,0.945771819817759,0.914236271385292,0.945771819817759,0.410026453221262,0.419351237413407,0.461996093544892,0.480570692582255,ndgain_combined_vuln_readiness,ndgain_vulnerability,0.461996093544892,0.480570692582255,0.914236271385292,0.945771819817759,0.410026453221262,0.419351237413407,0.914236271385292,0.945771819817759
2009,toothfish,0.306339193613282,0.303647715285442,0.344544568606736,0.344204074117578,0.878655736231907,0.87005057481981,0.878655736231907,0.87005057481981,0.348645300976478,0.349000074332837,0.392126921158345,0.395613868985562,ndgain_combined_vuln_readiness,ndgain_vulnerability,0.392126921158345,0.395613868985562,0.878655736231907,0.87005057481981,0.348645300976478,0.349000074332837,0.878655736231907,0.87005057481981
2009,trout,0.342193550217573,0.338967356148823,0.40301354678098,0.395817691150175,0.996466864884832,0.996522645760907,0.996466864884832,0.996522645760907,0.343406853028798,0.340150178815054,0.404442496768379,0.397198892402434,ndgain_combined_vuln_readiness,ndgain_vulnerability,0.404442496768379,0.397198892402434,0.996466864884832,0.996522645760907,0.343406853028798,0.340150178815054,0.996466864884832,0.996522645760907
2009,tuna,0.449153773561532,0.450175859362223,0.528677929945584,0.528466683920431,0.996709504097714,0.995306191403584,0.996709504097714,0.995306191403584,0.450636591419017,0.452298863656603,0.530423285593306,0.530958903385485,ndgain_combined_vuln_readiness,ndgain_vulnerability,0.530423285593306,0.530958903385485,0.996709504097714,0.995306191403584,0.450636591419017,0.452298863656603,0.996709504097714,0.995306191403584
2010,catfish_other,0.394003570138382,0.394567735868808,0.419363114504097,0.419763093604214,0.999303879918167,0.999572495749396,0.999303879918167,0.999572495749396,0.394278034996368,0.394736487395038,0.419655244947551,0.419942620859641,ndgain_combined_vuln_readiness,ndgain_vulnerability,0.419655244947551,0.419942620859641,0.999303879918167,0.999572495749396,0.394278034996368,0.394736487395038,0.999303879918167,0.999572495749396
2010,clams,0.387476529049345,0.364885869719139,0.423582341454537,0.398480079676697,0.9994576313265,0.999243479483129,0.9994576313265,0.999243479483129,0.387686798223831,0.365162122356686,0.423812203917389,0.39878176626463,ndgain_combined_vuln_readiness,ndgain_vulnerability,0.423812203917389,0.39878176626463,0.9994576313265,0.999243479483129,0.387686798223831,0.365162122356686,0.9994576313265,0.999243479483129
2010,cod,0.364291272663124,0.356798284429465,0.386249575349456,0.377107499915669,0.996132461884114,0.996749302853925,0.996132461884114,0.996749302853925,0.365705653216133,0.357961910189321,0.387749210199307,0.378337360092375,ndgain_combined_vuln_readiness,ndgain_vulnerability,0.387749210199307,0.378337360092375,0.996132461884114,0.996749302853925,0.365705653216133,0.357961910189321,0.996132461884114,0.996749302853925
2010,crab,0.349883125535905,0.368136717319733,0.388687816204367,0.410524672382792,0.991826454307084,0.994102071064715,0.991826454307084,0.994102071064715,0.352766478466581,0.370320843336989,0.391890954830313,0.412960282783745,ndgain_combined_vuln_readiness,ndgain_vulnerability,0.391890954830313,0.412960282783745,0.991826454307084,0.994102071064715,0.352766478466581,0.370320843336989,0.991826454307084,0.994102071064715
2010,crawfish_freshwater,0.389378971410444,0.389890496223179,0.415373238532712,0.415023613117393,1,1,1,1,0.389378971410444,0.389890496223179,0.415373238532712,0.415023613117393,ndgain_combined_vuln_readiness,ndgain_vulnerability,0.415373238532712,0.415023613117393,1,1,0.389378971410444,0.389890496223179,1,1
2010,eel_sturgeon_shad,0.348453125263272,0.317314574918606,0.372411617993055,0.333557999989122,0.87666771333703,0.813064046349474,0.87666771333703,0.813064046349474,0.397474573275759,0.390270085540367,0.424803619806497,0.41024812434733,ndgain_combined_vuln_readiness,ndgain_vulnerability,0.424803619806497,0.41024812434733,0.87666771333703,0.813064046349474,0.397474573275759,0.390270085540367,0.87666771333703,0.813064046349474
2010,flatfish,0.371262123134596,0.357118405871527,0.403394986379136,0.386799928548325,0.99320819067827,0.98825732712889,0.99320819067827,0.98825732712889,0.373800907623464,0.361361758793164,0.406153503530468,0.391395963308529,ndgain_combined_vuln_readiness,ndgain_vulnerability,0.406153503530468,0.391395963308529,0.99320819067827,0.98825732712889,0.373800907623464,0.361361758793164,0.99320819067827,0.98825732712889
2010,halibut,0.323099298515372,0.311095014217011,0.349610099254401,0.336886530303034,1,1,1,1,0.323099298515372,0.311095014217011,0.349610099254401,0.336886530303034,ndgain_combined_vuln_readiness,ndgain_vulnerability,0.349610099254401,0.336886530303034,1,1,0.323099298515372,0.311095014217011,1,1
2010,herring,0.303475148813866,0.305810149896753,0.328788974032196,0.325080285671743,1,1,1,1,0.303475148813866,0.305810149896752,0.328788974032196,0.325080285671743,ndgain_combined_vuln_readiness,ndgain_vulnerability,0.328788974032196,0.325080285671743,1,1,0.303475148813866,0.305810149896752,1,1
2010,inland_freshwater_other,0.30437733064866,0.302550669318963,0.342124955817425,0.33950801149495,0.981105564867373,0.995647909897441,0.981105564867373,0.995647909897441,0.310239123645992,0.303873152659084,0.348713704282855,0.340992039575438,ndgain_combined_vuln_readiness,ndgain_vulnerability,0.348713704282855,0.340992039575438,0.981105564867373,0.995647909897441,0.310239123645992,0.303873152659084,0.981105564867373,0.995647909897441
2010,large_pelagics_other,0.361716339573888,0.364108716414509,0.450046917702017,0.453802301339103,0.819323256845596,0.821508155151815,0.819323256845596,0.821508155151815,0.441481840716325,0.443219844052822,0.549291032497604,0.552401456386322,ndgain_combined_vuln_readiness,ndgain_vulnerability,0.549291032497604,0.552401456386322,0.819323256845596,0.821508155151815,0.441481840716325,0.443219844052822,0.819323256845596,0.821508155151815
2010,lobster,0.311184572495244,0.31708483166987,0.350621764641556,0.359241633871085,0.994100205721425,0.994032386213255,0.994100205721425,0.994032386213255,0.313031393318559,0.31898843143109,0.352702637645173,0.361398319464829,ndgain_combined_vuln_readiness,ndgain_vulnerability,0.352702637645173,0.361398319464829,0.994100205721425,0.994032386213255,0.313031393318559,0.31898843143109,0.994100205721425,0.994032386213255
2010,mackerel,0.35374798384086,0.354694145169862,0.383460984571589,0.377462622133391,0.961800548866182,0.977565086421627,0.961800548866182,0.977565086421627,0.367797652286512,0.362834301364238,0.398690752488789,0.386125310095814,ndgain_combined_vuln_readiness,ndgain_vulnerability,0.398690752488789,0.386125310095814,0.961800548866182,0.977565086421627,0.367797652286512,0.362834301364238,0.961800548866182,0.977565086421627
2010,mussels,0.299770945307477,0.29956208630843,0.30836929843897,0.30335099149034,0.999835282458609,0.999740428528311,0.999835282458609,0.999740428528311,0.299820330975255,0.299639864268975,0.308420100639663,0.303429753197932,ndgain_combined_vuln_readiness,ndgain_vulnerability,0.308420100639663,0.303429753197932,0.999835282458609,0.999740428528311,0.299820330975255,0.299639864268975,0.999835282458609,0.999740428528311
2010,other_groundfish,0.32321113590923,0.334940608038001,0.344016637013942,0.346305716832298,0.998371454437459,0.998453377509129,0.998371454437459,0.998453377509129,0.323738358576514,0.33545943714827,0.344577797657267,0.346842150703358,ndgain_combined_vuln_readiness,ndgain_vulnerability,0.344577797657267,0.346842150703358,0.998371454437459,0.998453377509129,0.323738358576514,0.33545943714827,0.998371454437459,0.998453377509129
2010,other_shellfish_specialty,0.387246046671013,0.363296097163225,0.419453411167734,0.396485271178918,0.966023507228773,0.929272163447465,0.966023507228773,0.929272163447465,0.400866069793585,0.390946927556131,0.43420621551024,0.426662162899635,ndgain_combined_vuln_readiness,ndgain_vulnerability,0.43420621551024,0.426662162899635,0.966023507228773,0.929272163447465,0.400866069793585,0.390946927556131,0.966023507228773,0.929272163447465
2010,oysters,0.359980745388921,0.359218634536963,0.367111329287512,0.363570732282729,0.995988973102836,0.99693925321334,0.995988973102836,0.99693925321334,0.361430452655979,0.360321487371601,0.368589752699609,0.364686946682925,ndgain_combined_vuln_readiness,ndgain_vulnerability,0.368589752699609,0.364686946682925,0.995988973102836,0.99693925321334,0.361430452655979,0.360321487371601,0.995988973102836,0.99693925321334
2010,pangasius_basa_swai,0.469192680452839,0.467921705159175,0.553329206389839,0.550958147881405,1,1,1,1,0.469192680452839,0.467921705159175,0.553329206389839,0.550958147881405,ndgain_combined_vuln_readiness,ndgain_vulnerability,0.553329206389839,0.550958147881405,1,1,0.469192680452839,0.467921705159175,1,1
2010,pollock,0.384107807989867,0.382033998978811,0.407865927694224,0.405060957461777,0.999209653616796,0.998984699708727,0.999209653616796,0.998984699708727,0.384411626328397,0.382422272423392,0.408188538028921,0.405472633945125,ndgain_combined_vuln_readiness,ndgain_vulnerability,0.408188538028921,0.405472633945125,0.999209653616796,0.998984699708727,0.384411626328397,0.382422272423392,0.999209653616796,0.998984699708727
2010,reef_fish_other,0.32892526623093,0.336024389332241,0.399096888136306,0.412416509606572,0.996796513900283,0.997490876966072,0.996796513900283,0.997490876966072,0.329982360134774,0.336869636697109,0.400379498293701,0.413453916351558,ndgain_combined_vuln_readiness,ndgain_vulnerability,0.400379498293701,0.413453916351558,0.996796513900283,0.997490876966072,0.329982360134774,0.336869636697109,0.996796513900283,0.997490876966072
2010,sablefish,0.278480612651579,0.272884485416205,0.305432522700465,0.299219726606623,0.98213580108395,0.963981520578227,0.98213580108395,0.963981520578227,0.283545933611451,0.283080618861366,0.310988075542475,0.310399857486004,ndgain_combined_vuln_readiness,ndgain_vulnerability,0.310988075542475,0.310399857486004,0.98213580108395,0.963981520578227,0.283545933611451,0.283080618861366,0.98213580108395,0.963981520578227
2010,salmon,0.299624938334048,0.294937487464809,0.325014091702559,0.319923048073711,0.958794355850365,0.962678324420285,0.958794355850365,0.962678324420285,0.312501775282466,0.306371796251274,0.338982066091013,0.33232601166788,ndgain_combined_vuln_readiness,ndgain_vulnerability,0.338982066091013,0.33232601166788,0.958794355850365,0.962678324420285,0.312501775282466,0.306371796251274,0.958794355850365,0.962678324420285
2010,scallops,0.379849301505826,0.364555042183717,0.411304560576904,0.38166836718544,0.99916780411015,0.997561006313139,0.99916780411015,0.997561006313139,0.380165673817039,0.36544636355732,0.411647131627913,0.382601529901453,ndgain_combined_vuln_readiness,ndgain_vulnerability,0.411647131627913,0.382601529901453,0.99916780411015,0.997561006313139,0.380165673817039,0.36544636355732,0.99916780411015,0.997561006313139
2010,sea_cucumber_urchin_other_inverts,0.28373418486922,0.295736519474168,0.311040312217239,0.325896736309309,1,1,1,1,0.28373418486922,0.295736519474168,0.311040312217239,0.325896736309309,ndgain_combined_vuln_readiness,ndgain_vulnerability,0.311040312217239,0.325896736309309,1,1,0.28373418486922,0.295736519474168,1,1
2010,sharks_rays_skates,0.287921449762314,0.145270759272297,0.330091587271754,0.160653530459569,0.798641270160783,0.394986816417983,0.798641270160783,0.394986816417983,0.360514113807754,0.367786349402024,0.413316465858695,0.406731373762009,ndgain_combined_vuln_readiness,ndgain_vulnerability,0.413316465858695,0.406731373762009,0.798641270160783,0.394986816417983,0.360514113807754,0.367786349402024,0.798641270160783,0.394986816417983
2010,shrimp,0.444235170170864,0.448013815995097,0.514310260300088,0.515333420181244,0.998485617133025,0.998638492454331,0.998485617133025,0.998638492454331,0.444908932635812,0.448624621802855,0.515090304231761,0.516036007098746,ndgain_combined_vuln_readiness,ndgain_vulnerability,0.515090304231761,0.516036007098746,0.998485617133025,0.998638492454331,0.444908932635812,0.448624621802855,0.998485617133025,0.998638492454331
2010,small_pelagics_other,0.361652681113163,0.360426583229851,0.429180315476708,0.438060166809686,0.999685376738776,0.999617955885958,0.999685376738776,0.999617955885958,0.361766501269593,0.360564334711661,0.429315388084201,0.438227589080705,ndgain_combined_vuln_readiness,ndgain_vulnerability,0.429315388084201,0.438227589080705,0.999685376738776,0.999617955885958,0.361766501269593,0.360564334711661,0.999685376738776,0.999617955885958
2010,snapper_grouper,0.409030830963421,0.40816406562932,0.493544099235331,0.492031965789479,1,1,1,1,0.409030830963422,0.40816406562932,0.493544099235331,0.492031965789479,ndgain_combined_vuln_readiness,ndgain_vulnerability,0.493544099235331,0.492031965789479,1,1,0.409030830963422,0.40816406562932,1,1
2010,squid_octopus,0.385014473772173,0.381787427947072,0.412855105148808,0.410284966876525,0.940950394165661,0.937079366859551,0.940950394165661,0.937079366859551,0.409176165034252,0.407422723676611,0.438763943039618,0.437833743209521,ndgain_combined_vuln_readiness,ndgain_vulnerability,0.438763943039618,0.437833743209521,0.940950394165661,0.937079366859551,0.409176165034252,0.407422723676611,0.940950394165661,0.937079366859551
2010,swordfish,0.385903940529055,0.38156878293544,0.429579728546282,0.425443603785539,0.999191625044005,0.999270926604518,0.999191625044005,0.999270926604518,0.386216147990692,0.381847177553734,0.429927270985046,0.425754009707036,ndgain_combined_vuln_readiness,ndgain_vulnerability,0.429927270985046,0.425754009707036,0.999191625044005,0.999270926604518,0.386216147990692,0.381847177553734,0.999191625044005,0.999270926604518
2010,tilapia,0.369017988216466,0.39311763022849,0.40239251038739,0.435984669722806,0.912540522624863,0.956075244883288,0.912540522624863,0.956075244883288,0.404385316670661,0.411178547224575,0.440958511332663,0.456015017705044,ndgain_combined_vuln_readiness,ndgain_vulnerability,0.440958511332663,0.456015017705044,0.912540522624863,0.956075244883288,0.404385316670661,0.411178547224575,0.912540522624863,0.956075244883288
2010,toothfish,0.312008300901606,0.309042609288902,0.346862397687141,0.343367988118856,0.895757104801943,0.885540848034148,0.895757104801943,0.885540848034148,0.34831797507271,0.348987412579509,0.387228184769837,0.387749462806955,ndgain_combined_vuln_readiness,ndgain_vulnerability,0.387228184769837,0.387749462806955,0.895757104801943,0.885540848034148,0.34831797507271,0.348987412579509,0.895757104801943,0.885540848034148
2010,trout,0.342355001089323,0.341540815095303,0.403277152695603,0.400019590225141,0.998331110442841,0.998632533733051,0.998331110442841,0.998632533733051,0.342927308894001,0.342008500182312,0.403951302806458,0.400567352567418,ndgain_combined_vuln_readiness,ndgain_vulnerability,0.403951302806458,0.400567352567418,0.998331110442841,0.998632533733051,0.342927308894001,0.342008500182312,0.998331110442841,0.998632533733051
2010,tuna,0.445711943624937,0.445226411111562,0.522881585438499,0.521111144232252,0.995515864326387,0.994761200355751,0.995515864326387,0.994761200355751,0.44771957896073,0.447571146675541,0.52523681859385,0.523855518335345,ndgain_combined_vuln_readiness,ndgain_vulnerability,0.52523681859385,0.523855518335345,0.995515864326387,0.994761200355751,0.44771957896073,0.447571146675541,0.995515864326387,0.994761200355751
2011,catfish_other,0.391524198081766,0.391802659991038,0.413946024287188,0.414036944041852,1,1,1,1,0.391524198081766,0.391802659991038,0.413946024287188,0.414036944041852,ndgain_combined_vuln_readiness,ndgain_vulnerability,0.413946024287188,0.414036944041852,1,1,0.391524198081766,0.391802659991038,1,1
2011,clams,0.387715143704817,0.369743786264428,0.420438829418618,0.401325322838254,0.995263854648367,0.995889483312664,0.995263854648367,0.995889483312664,0.389560157232676,0.371269897373086,0.422439564598838,0.402981786195102,ndgain_combined_vuln_readiness,ndgain_vulnerability,0.422439564598838,0.402981786195102,0.995263854648367,0.995889483312664,0.389560157232676,0.371269897373086,0.995263854648367,0.995889483312664
2011,cod,0.369339845219618,0.362940615896647,0.391377192127813,0.383795752588367,0.999310368222249,0.999518954801981,0.999310368222249,0.999518954801981,0.369594729489964,0.363115290763597,0.391647284540902,0.38398046454697,ndgain_combined_vuln_readiness,ndgain_vulnerability,0.391647284540902,0.38398046454697,0.999310368222249,0.999518954801981,0.369594729489964,0.363115290763597,0.999310368222249,0.999518954801981
2011,crab,0.350442588175988,0.362419415673488,0.389600892594176,0.403000456370717,0.99370103272628,0.994825781790243,0.99370103272628,0.994825781790243,0.352664007216061,0.364304406165766,0.392070532044514,0.405096514130842,ndgain_combined_vuln_readiness,ndgain_vulnerability,0.392070532044514,0.405096514130842,0.99370103272628,0.994825781790243,0.352664007216061,0.364304406165766,0.99370103272628,0.994825781790243
2011,crawfish_freshwater,0.379973808043686,0.376806395790033,0.408178724625354,0.404938290281974,0.998721023726715,0.999374059072867,0.998721023726715,0.999374059072867,0.380460407878287,0.377042402060747,0.408701444075183,0.405191916485846,ndgain_combined_vuln_readiness,ndgain_vulnerability,0.408701444075183,0.405191916485846,0.998721023726715,0.999374059072867,0.380460407878287,0.377042402060747,0.998721023726715,0.999374059072867
2011,eel_sturgeon_shad,0.40871159849487,0.39227751273648,0.446222731088912,0.415830541738509,1,1,1,1,0.40871159849487,0.39227751273648,0.446222731088912,0.415830541738509,ndgain_combined_vuln_readiness,ndgain_vulnerability,0.446222731088912,0.415830541738509,1,1,0.40871159849487,0.39227751273648,1,1
2011,flatfish,0.37373241863177,0.36558646959507,0.404275212004848,0.39458943830062,0.999336398695375,0.998957353044089,0.999336398695375,0.998957353044089,0.373980592640951,0.365968045063216,0.404543667710518,0.395001285188202,ndgain_combined_vuln_readiness,ndgain_vulnerability,0.404543667710518,0.395001285188202,0.999336398695375,0.998957353044089,0.373980592640951,0.365968045063216,0.999336398695375,0.998957353044089
2011,halibut,0.321587764893093,0.314787725952705,0.34636155712969,0.337472030332765,0.999762237437814,0.999777238028904,0.999762237437814,0.999777238028904,0.321664244608055,0.314857864311174,0.34644392852579,0.337547223017503,ndgain_combined_vuln_readiness,ndgain_vulnerability,0.34644392852579,0.337547223017503,0.999762237437814,0.999777238028904,0.321664244608055,0.314857864311174,0.999762237437814,0.999777238028904
2011,herring,0.298160490539442,0.3049514109751,0.323759970828104,0.326150429813466,1,1,1,1,0.298160490539442,0.3049514109751,0.323759970828104,0.326150429813466,ndgain_combined_vuln_readiness,ndgain_vulnerability,0.323759970828104,0.326150429813466,1,1,0.298160490539442,0.3049514109751,1,1
2011,inland_freshwater_other,0.305249577581183,0.301561316382461,0.343960751311065,0.337104599232912,0.959126260818454,0.990238438185612,0.959126260818454,0.990238438185612,0.318257970875183,0.304534044280288,0.358618844423623,0.34042770532174,ndgain_combined_vuln_readiness,ndgain_vulnerability,0.358618844423623,0.34042770532174,0.959126260818454,0.990238438185612,0.318257970875183,0.304534044280288,0.959126260818454,0.990238438185612
2011,large_pelagics_other,0.337761643336427,0.326424229859393,0.416423683829049,0.403488285333979,0.763836330809535,0.735907464789569,0.763836330809535,0.735907464789569,0.442191120941391,0.443566950299564,0.545173968600985,0.548286713533142,ndgain_combined_vuln_readiness,ndgain_vulnerability,0.545173968600985,0.548286713533142,0.763836330809535,0.735907464789569,0.442191120941391,0.443566950299564,0.763836330809535,0.735907464789569
2011,lobster,0.308623256209215,0.315196367855654,0.345052033741285,0.354344083887248,0.995426294835101,0.994971032325446,0.995426294835101,0.994971032325446,0.31004129367543,0.316789491970411,0.34663745124238,0.35613507567057,ndgain_combined_vuln_readiness,ndgain_vulnerability,0.34663745124238,0.35613507567057,0.995426294835101,0.994971032325446,0.31004129367543,0.316789491970411,0.995426294835101,0.994971032325446
2011,mackerel,0.371805516811692,0.36895480702505,0.403838985807659,0.397886030166602,0.969727985632087,0.977634395784649,0.969727985632087,0.977634395784649,0.383412175703418,0.377395485076941,0.416445634024297,0.406988575567924,ndgain_combined_vuln_readiness,ndgain_vulnerability,0.416445634024297,0.406988575567924,0.969727985632087,0.977634395784649,0.383412175703418,0.377395485076941,0.969727985632087,0.977634395784649
2011,mussels,0.301956664718028,0.301920351189704,0.3105021121198,0.301384959145791,0.999947314096841,0.999840312370627,0.999947314096841,0.999840312370627,0.301972574415841,0.301968571835086,0.310518472065948,0.301433094282032,ndgain_combined_vuln_readiness,ndgain_vulnerability,0.310518472065948,0.301433094282032,0.999947314096841,0.999840312370627,0.301972574415841,0.301968571835086,0.999947314096841,0.999840312370627
2011,other_groundfish,0.325894597988207,0.336055544839335,0.344155258473264,0.348910701209868,0.998526673257237,0.998790196086457,0.998526673257237,0.998790196086457,0.326375455675235,0.336462598607892,0.344663059776475,0.349333326034836,ndgain_combined_vuln_readiness,ndgain_vulnerability,0.344663059776475,0.349333326034836,0.998526673257237,0.998790196086457,0.326375455675235,0.336462598607892,0.998526673257237,0.998790196086457
2011,other_shellfish_specialty,0.384903700297824,0.366724851531912,0.412934148258883,0.399178077074758,0.974239614467265,0.945716411064518,0.974239614467265,0.945716411064518,0.395081142854469,0.387774651302834,0.423852758732957,0.422090673699354,ndgain_combined_vuln_readiness,ndgain_vulnerability,0.423852758732957,0.422090673699354,0.974239614467265,0.945716411064518,0.395081142854469,0.387774651302834,0.974239614467265,0.945716411064518
2011,oysters,0.357847732622253,0.359554608069464,0.362243230231332,0.362087126356438,0.991228048510415,0.993856069813475,0.991228048510415,0.993856069813475,0.361014534606859,0.361777342806735,0.36544893052179,0.364325516897426,ndgain_combined_vuln_readiness,ndgain_vulnerability,0.36544893052179,0.364325516897426,0.991228048510415,0.993856069813475,0.361014534606859,0.361777342806735,0.991228048510415,0.993856069813475
2011,pangasius_basa_swai,0.472589145687515,0.471945463604411,0.556999841390261,0.555818056739375,1,1,1,1,0.472589145687515,0.471945463604411,0.556999841390261,0.555818056739375,ndgain_combined_vuln_readiness,ndgain_vulnerability,0.556999841390261,0.555818056739375,1,1,0.472589145687515,0.471945463604411,1,1
2011,pollock,0.388735134127713,0.38767732460221,0.410359863046711,0.40885808837462,1,1,1,1,0.388735134127713,0.38767732460221,0.410359863046711,0.40885808837462,ndgain_combined_vuln_readiness,ndgain_vulnerability,0.410359863046711,0.40885808837462,1,1,0.388735134127713,0.38767732460221,1,1
2011,reef_fish_other,0.320378099043453,0.333544697906975,0.394903839725103,0.420122704313448,0.968082744753104,0.981558784283846,0.968082744753104,0.981558784283846,0.33094082172197,0.339811230104096,0.407923642752065,0.428015836687736,ndgain_combined_vuln_readiness,ndgain_vulnerability,0.407923642752065,0.428015836687736,0.968082744753104,0.981558784283846,0.33094082172197,0.339811230104096,0.968082744753104,0.981558784283846
2011,sablefish,0.283209819704061,0.283186262183012,0.306731696150701,0.306701177904662,1,1,1,1,0.283209819704061,0.283186262183012,0.306731696150701,0.306701177904662,ndgain_combined_vuln_readiness,ndgain_vulnerability,0.306731696150701,0.306701177904662,1,1,0.283209819704061,0.283186262183012,1,1
2011,salmon,0.300361075163467,0.303756874198668,0.329408984962867,0.334376123763941,0.93537138701259,0.949321681137283,0.93537138701259,0.949321681137283,0.321114243319723,0.319972544854099,0.352169191335797,0.352226363737274,ndgain_combined_vuln_readiness,ndgain_vulnerability,0.352169191335797,0.352226363737274,0.93537138701259,0.949321681137283,0.321114243319723,0.319972544854099,0.93537138701259,0.949321681137283
2011,scallops,0.38163323874227,0.366384755578154,0.416949647899434,0.389907644432496,0.997248654832802,0.996537442254722,0.997248654832802,0.996537442254722,0.382686140405227,0.367657791913155,0.418099985273322,0.391262413131521,ndgain_combined_vuln_readiness,ndgain_vulnerability,0.418099985273322,0.391262413131521,0.997248654832802,0.996537442254722,0.382686140405227,0.367657791913155,0.997248654832802,0.996537442254722
2011,sea_cucumber_urchin_other_inverts,0.27767525697601,0.276334862625608,0.295893718238638,0.290957894278365,1,1,1,1,0.27767525697601,0.276334862625608,0.295893718238638,0.290957894278365,ndgain_combined_vuln_readiness,ndgain_vulnerability,0.295893718238638,0.290957894278365,1,1,0.27767525697601,0.276334862625608,1,1
2011,sharks_rays_skates,0.263719124455453,0.197110347498634,0.28954937189319,0.208050545938647,0.785065538460221,0.538771879590557,0.785065538460221,0.538771879590557,0.335919883800651,0.365851216378311,0.36882191066633,0.386157024558809,ndgain_combined_vuln_readiness,ndgain_vulnerability,0.36882191066633,0.386157024558809,0.785065538460221,0.538771879590557,0.335919883800651,0.365851216378311,0.785065538460221,0.538771879590557
2011,shrimp,0.445764513556972,0.448972469806077,0.512574948454776,0.512537931293589,0.999061845825561,0.999081423671048,0.999061845825561,0.999081423671048,0.446183102096769,0.449385264472601,0.513056274340271,0.513009169373111,ndgain_combined_vuln_readiness,ndgain_vulnerability,0.513056274340271,0.513009169373111,0.999061845825561,0.999081423671048,0.446183102096769,0.449385264472601,0.999061845825561,0.999081423671048
2011,small_pelagics_other,0.361673599256377,0.362514919195718,0.428110967553055,0.439513960910436,0.999673283752433,0.999391206881764,0.999673283752433,0.999391206881764,0.361791802516496,0.362735750224193,0.428250884074917,0.439781696981084,ndgain_combined_vuln_readiness,ndgain_vulnerability,0.428250884074917,0.439781696981084,0.999673283752433,0.999391206881764,0.361791802516496,0.362735750224193,0.999673283752433,0.999391206881764
2011,snapper_grouper,0.408210208563231,0.407465209460519,0.49073716516646,0.489069516143486,1,1,1,1,0.408210208563231,0.407465209460519,0.49073716516646,0.489069516143486,ndgain_combined_vuln_readiness,ndgain_vulnerability,0.49073716516646,0.489069516143486,1,1,0.408210208563231,0.407465209460519,1,1
2011,squid_octopus,0.394901615069397,0.390448077567619,0.427145669861585,0.423304953312171,0.960514373027114,0.953127505419887,0.960514373027114,0.953127505419887,0.411135560444392,0.409649365218574,0.44470513076802,0.444122062268773,ndgain_combined_vuln_readiness,ndgain_vulnerability,0.44470513076802,0.444122062268773,0.960514373027114,0.953127505419887,0.411135560444392,0.409649365218574,0.960514373027114,0.953127505419887
2011,swordfish,0.38600582467099,0.381028239636302,0.427049777920117,0.413994976970699,0.999863017028345,0.99987987596005,0.999863017028345,0.99987987596005,0.386058708140064,0.381074015786598,0.427108284482144,0.414044713694428,ndgain_combined_vuln_readiness,ndgain_vulnerability,0.427108284482144,0.414044713694428,0.999863017028345,0.99987987596005,0.386058708140064,0.381074015786598,0.999863017028345,0.99987987596005
2011,tilapia,0.374651038507224,0.391066679353371,0.408575833634564,0.433417410120374,0.928848594390342,0.957174929416706,0.928848594390342,0.957174929416706,0.403349954739534,0.40856343739768,0.43987344773099,0.452808986947135,ndgain_combined_vuln_readiness,ndgain_vulnerability,0.43987344773099,0.452808986947135,0.928848594390342,0.957174929416706,0.403349954739534,0.40856343739768,0.928848594390342,0.957174929416706
2011,toothfish,0.317612987001885,0.310642184896948,0.35792094533482,0.348052368778794,0.902398040746242,0.885638784156788,0.902398040746242,0.885638784156788,0.351965510407396,0.350754947111659,0.39663311440574,0.39299585226518,ndgain_combined_vuln_readiness,ndgain_vulnerability,0.39663311440574,0.39299585226518,0.902398040746242,0.885638784156788,0.351965510407396,0.350754947111659,0.902398040746242,0.885638784156788
2011,trout,0.332533492592283,0.332527846952169,0.385891734269909,0.38440474179175,1,1,1,1,0.332533492592283,0.332527846952169,0.385891734269909,0.38440474179175,ndgain_combined_vuln_readiness,ndgain_vulnerability,0.385891734269909,0.38440474179175,1,1,0.332533492592283,0.332527846952169,1,1
2011,tuna,0.441885141353334,0.441390544293454,0.51745345426405,0.516644704073121,0.997832641273869,0.996719257511808,0.997832641273869,0.996719257511808,0.442844945209657,0.442843399449643,0.518577397511722,0.518345261395735,ndgain_combined_vuln_readiness,ndgain_vulnerability,0.518577397511722,0.518345261395735,0.997832641273869,0.996719257511808,0.442844945209657,0.442843399449643,0.997832641273869,0.996719257511808
2012,catfish_other,0.386651837899321,0.387463049918114,0.416561608008564,0.412355589705589,0.989896797285532,0.994407600454344,0.989896797285532,0.994407600454344,0.390598129986466,0.389642084132385,0.420813168757438,0.414674615838802,ndgain_combined_vuln_readiness,ndgain_vulnerability,0.420813168757438,0.414674615838802,0.989896797285532,0.994407600454344,0.390598129986466,0.389642084132385,0.989896797285532,0.994407600454344
2012,clams,0.384799730174377,0.364893687512573,0.413232496317238,0.393473292447359,0.999217726698096,0.999298879678477,0.999217726698096,0.999298879678477,0.385100984393005,0.365149701388615,0.413556010142815,0.393749358123927,ndgain_combined_vuln_readiness,ndgain_vulnerability,0.413556010142815,0.393749358123927,0.999217726698096,0.999298879678477,0.385100984393005,0.365149701388615,0.999217726698096,0.999298879678477
2012,cod,0.364067259139389,0.357077026197567,0.382491447187196,0.373917694595877,0.999946693567829,0.999888954600535,0.999946693567829,0.999888954600535,0.364086667300624,0.357116682362216,0.382511837528518,0.373959221046962,ndgain_combined_vuln_readiness,ndgain_vulnerability,0.382511837528518,0.373959221046962,0.999946693567829,0.999888954600535,0.364086667300624,0.357116682362216,0.999946693567829,0.999888954600535
2012,crab,0.352897697958644,0.372509191223887,0.390264183130298,0.412663263266566,0.993599044348134,0.995415936624466,0.993599044348134,0.995415936624466,0.355171132627415,0.374224660785616,0.392778339864786,0.414563649308187,ndgain_combined_vuln_readiness,ndgain_vulnerability,0.392778339864786,0.414563649308187,0.993599044348134,0.995415936624466,0.355171132627415,0.374224660785616,0.993599044348134,0.995415936624466
2012,crawfish_freshwater,0.385474180668094,0.385053654715213,0.409341321420869,0.40835559836168,1,1,1,1,0.385474180668094,0.385053654715213,0.409341321420869,0.40835559836168,ndgain_combined_vuln_readiness,ndgain_vulnerability,0.409341321420869,0.40835559836168,1,1,0.385474180668094,0.385053654715213,1,1
2012,eel_sturgeon_shad,0.382880639111049,0.387324727340489,0.407970819478127,0.408103527435551,0.980812667587123,0.993202498988224,0.980812667587123,0.993202498988224,0.390370813677361,0.389975586786237,0.415951825420207,0.410896597472606,ndgain_combined_vuln_readiness,ndgain_vulnerability,0.415951825420207,0.410896597472606,0.980812667587123,0.993202498988224,0.390370813677361,0.389975586786237,0.980812667587123,0.993202498988224
2012,flatfish,0.374865810816259,0.368437887363573,0.403881095513069,0.395061334114849,0.999299579374017,0.999306105987981,0.999299579374017,0.999306105987981,0.375128558596095,0.36869372172935,0.404164180441334,0.395335655158701,ndgain_combined_vuln_readiness,ndgain_vulnerability,0.404164180441334,0.395335655158701,0.999299579374017,0.999306105987981,0.375128558596095,0.36869372172935,0.999299579374017,0.999306105987981
2012,halibut,0.316393492565548,0.312093721353399,0.341554400827033,0.335021144799305,1,1,1,1,0.316393492565548,0.312093721353399,0.341554400827033,0.335021144799305,ndgain_combined_vuln_readiness,ndgain_vulnerability,0.341554400827033,0.335021144799305,1,1,0.316393492565548,0.312093721353399,1,1
2012,herring,0.301560158292199,0.303883951262968,0.327367536070733,0.328660369766322,0.99726805483344,0.99786150172138,0.99726805483344,0.99786150172138,0.302386260976308,0.30453519926237,0.328264336237472,0.329364715643765,ndgain_combined_vuln_readiness,ndgain_vulnerability,0.328264336237472,0.329364715643765,0.99726805483344,0.99786150172138,0.302386260976308,0.30453519926237,0.99726805483344,0.99786150172138
2012,inland_freshwater_other,0.307897617355419,0.301513464954197,0.34339406135166,0.335639332892668,0.990913644216737,0.996826845705296,0.990913644216737,0.996826845705296,0.310720938350582,0.302473259275901,0.346542873191633,0.336707758562811,ndgain_combined_vuln_readiness,ndgain_vulnerability,0.346542873191633,0.336707758562811,0.990913644216737,0.996826845705296,0.310720938350582,0.302473259275901,0.990913644216737,0.996826845705296
2012,large_pelagics_other,0.383149906174615,0.371545510486387,0.473740486573887,0.459404441174462,0.867694767858202,0.840718571347114,0.867694767858202,0.840718571347114,0.441572221439543,0.441938031523492,0.545975963118064,0.546442599023763,ndgain_combined_vuln_readiness,ndgain_vulnerability,0.545975963118064,0.546442599023763,0.867694767858202,0.840718571347114,0.441572221439543,0.441938031523492,0.867694767858202,0.840718571347114
2012,lobster,0.305833767080711,0.311597499210165,0.341214257984601,0.349720146026856,0.996798417617518,0.996091828910138,0.996798417617518,0.996091828910138,0.30681606398583,0.312820053499581,0.342310192265502,0.351092274704731,ndgain_combined_vuln_readiness,ndgain_vulnerability,0.342310192265502,0.351092274704731,0.996798417617518,0.996091828910138,0.30681606398583,0.312820053499581,0.996798417617518,0.996091828910138
2012,mackerel,0.370690887342258,0.375011969350263,0.402161609532884,0.406616586087767,0.964880870744088,0.97187435155071,0.964880870744088,0.97187435155071,0.384183061952914,0.385864663216905,0.416799235767571,0.418383904708438,ndgain_combined_vuln_readiness,ndgain_vulnerability,0.416799235767571,0.418383904708438,0.964880870744088,0.97187435155071,0.384183061952914,0.385864663216905,0.964880870744088,0.97187435155071
2012,mussels,0.30380624836058,0.304316385923558,0.314607240154147,0.306789957937485,0.999952250758366,0.999839341205361,0.999952250758366,0.999839341205361,0.303820755571251,0.304365284883357,0.314622263128612,0.306839254362238,ndgain_combined_vuln_readiness,ndgain_vulnerability,0.314622263128612,0.306839254362238,0.999952250758366,0.999839341205361,0.303820755571251,0.304365284883357,0.999952250758366,0.999839341205361
2012,other_groundfish,0.328452801890286,0.337966165057822,0.347918155282076,0.353045223776062,0.998204153779713,0.998558589330077,0.998204153779713,0.998558589330077,0.329043713800023,0.338454016288178,0.348544086863073,0.353554841496998,ndgain_combined_vuln_readiness,ndgain_vulnerability,0.348544086863073,0.353554841496998,0.998204153779713,0.998558589330077,0.329043713800023,0.338454016288178,0.998204153779713,0.998558589330077
2012,other_shellfish_specialty,0.399348475468584,0.379368054714002,0.440212044032512,0.419989142620473,0.986358442649043,0.956938207213285,0.986358442649043,0.956938207213285,0.404871553992139,0.396439448079689,0.446300274827316,0.438888466835836,ndgain_combined_vuln_readiness,ndgain_vulnerability,0.446300274827316,0.438888466835836,0.986358442649043,0.956938207213285,0.404871553992139,0.396439448079689,0.986358442649043,0.956938207213285
2012,oysters,0.353356846290108,0.351920646489435,0.371680502480316,0.3675971889751,0.994233480479081,0.995689242554207,0.994233480479081,0.995689242554207,0.355406303678126,0.353444258960421,0.373836236435347,0.369188671790925,ndgain_combined_vuln_readiness,ndgain_vulnerability,0.373836236435347,0.369188671790925,0.994233480479081,0.995689242554207,0.355406303678126,0.353444258960421,0.994233480479081,0.995689242554207
2012,pangasius_basa_swai,0.471572878718946,0.47121799366583,0.557726381663184,0.557083580998862,1,1,1,1,0.471572878718946,0.47121799366583,0.557726381663184,0.557083580998862,ndgain_combined_vuln_readiness,ndgain_vulnerability,0.557726381663184,0.557083580998862,1,1,0.471572878718946,0.47121799366583,1,1
2012,pollock,0.388154109767526,0.385799371448446,0.409337034254001,0.406578490324956,0.999124097293306,0.998350249763331,0.999124097293306,0.998350249763331,0.388494393057941,0.386436895808765,0.409695887991214,0.407250351689039,ndgain_combined_vuln_readiness,ndgain_vulnerability,0.409695887991214,0.407250351689039,0.999124097293306,0.998350249763331,0.388494393057941,0.386436895808765,0.999124097293306,0.998350249763331
2012,reef_fish_other,0.326723255137001,0.336722616996693,0.405295317320205,0.421853243622682,0.943137848675055,0.967980276017337,0.943137848675055,0.967980276017337,0.346421528513558,0.347861031200043,0.429730731185875,0.435807685419332,ndgain_combined_vuln_readiness,ndgain_vulnerability,0.429730731185875,0.435807685419332,0.943137848675055,0.967980276017337,0.346421528513558,0.347861031200043,0.943137848675055,0.967980276017337
2012,sablefish,0.282901643721482,0.283092847962353,0.30722199866794,0.307462468941157,1,1,1,1,0.282901643721482,0.283092847962353,0.30722199866794,0.307462468941157,ndgain_combined_vuln_readiness,ndgain_vulnerability,0.30722199866794,0.307462468941157,1,1,0.282901643721482,0.283092847962353,1,1
2012,salmon,0.307447428534041,0.311810957094969,0.340035980030454,0.345187327060446,0.956451914671974,0.965492517839892,0.956451914671974,0.965492517839892,0.321445776643652,0.322955332468643,0.355518113157914,0.357524600845937,ndgain_combined_vuln_readiness,ndgain_vulnerability,0.355518113157914,0.357524600845937,0.956451914671974,0.965492517839892,0.321445776643652,0.322955332468643,0.956451914671974,0.965492517839892
2012,scallops,0.37187668060923,0.355126228066873,0.396502485652662,0.36211473773496,0.997754766770625,0.995968220929864,0.997754766770625,0.995968220929864,0.372713509365494,0.356563814591712,0.397394729504524,0.363580614446593,ndgain_combined_vuln_readiness,ndgain_vulnerability,0.397394729504524,0.363580614446593,0.997754766770625,0.995968220929864,0.372713509365494,0.356563814591712,0.997754766770625,0.995968220929864
2012,sea_cucumber_urchin_other_inverts,0.305156046902993,0.357623448446014,0.336373815852521,0.404267694513412,0.997746281946724,0.993410938875119,0.997746281946724,0.993410938875119,0.305845336058378,0.359995480672849,0.337133619978232,0.40694910705451,ndgain_combined_vuln_readiness,ndgain_vulnerability,0.337133619978232,0.40694910705451,0.997746281946724,0.993410938875119,0.305845336058378,0.359995480672849,0.997746281946724,0.993410938875119
2012,sharks_rays_skates,0.270857987163909,0.26349460392485,0.301325680884088,0.263272430574336,0.789476597746962,0.80790245649353,0.789476597746962,0.80790245649353,0.343085517590887,0.32614655619253,0.381677787212468,0.325871555975946,ndgain_combined_vuln_readiness,ndgain_vulnerability,0.381677787212468,0.325871555975946,0.789476597746962,0.80790245649353,0.343085517590887,0.32614655619253,0.789476597746962,0.80790245649353
2012,shrimp,0.451278548531504,0.452384909061599,0.513655115695156,0.512205032266628,0.999160223155001,0.999013249242095,0.999160223155001,0.999013249242095,0.451657840327673,0.452831741125358,0.514086833914597,0.51271095018531,ndgain_combined_vuln_readiness,ndgain_vulnerability,0.514086833914597,0.51271095018531,0.999160223155001,0.999013249242095,0.451657840327673,0.452831741125358,0.999160223155001,0.999013249242095
2012,small_pelagics_other,0.375104413199358,0.371931234254436,0.444981864919926,0.45060577334489,0.999198437699515,0.999107623425069,0.999198437699515,0.999107623425069,0.375405323954441,0.372263433422126,0.445338831738389,0.45100824253563,ndgain_combined_vuln_readiness,ndgain_vulnerability,0.445338831738389,0.45100824253563,0.999198437699515,0.999107623425069,0.375405323954441,0.372263433422126,0.999198437699515,0.999107623425069
2012,snapper_grouper,0.40337657587004,0.403109154969109,0.483486262155492,0.48118780369399,0.999933613389591,0.999860251678957,0.999933613389591,0.999860251678957,0.403403356451502,0.403165496670371,0.483518361300569,0.481255058280378,ndgain_combined_vuln_readiness,ndgain_vulnerability,0.483518361300569,0.481255058280378,0.999933613389591,0.999860251678957,0.403403356451502,0.403165496670371,0.999933613389591,0.999860251678957
2012,squid_octopus,0.384716867962201,0.386886353159487,0.419733517184446,0.419971037545983,0.939947078016057,0.949020576944353,0.939947078016057,0.949020576944353,0.409296307164677,0.407669088066752,0.446550159047652,0.442531013287617,ndgain_combined_vuln_readiness,ndgain_vulnerability,0.446550159047652,0.442531013287617,0.939947078016057,0.949020576944353,0.409296307164677,0.407669088066752,0.939947078016057,0.949020576944353
2012,swordfish,0.3920994878349,0.38476598122439,0.443487870458036,0.424820559337644,0.997447669552828,0.999507190096492,0.997447669552828,0.999507190096492,0.393102816121356,0.384955691201425,0.444622694498709,0.42503001833997,ndgain_combined_vuln_readiness,ndgain_vulnerability,0.444622694498709,0.42503001833997,0.997447669552828,0.999507190096492,0.393102816121356,0.384955691201425,0.997447669552828,0.999507190096492
2012,tilapia,0.379674545479451,0.392078888947116,0.410860126432344,0.431343276117328,0.944678179513476,0.961688873381502,0.944678179513476,0.961688873381502,0.401908876179387,0.407698268951042,0.434920733157977,0.448526844862657,ndgain_combined_vuln_readiness,ndgain_vulnerability,0.434920733157977,0.448526844862657,0.944678179513476,0.961688873381502,0.401908876179387,0.407698268951042,0.944678179513476,0.961688873381502
2012,toothfish,0.305789596320678,0.305261482322729,0.333441713210633,0.332661070548635,0.883783997077384,0.881352014224624,0.883783997077384,0.881352014224624,0.346000377164447,0.346355913864094,0.377288697592741,0.377444046396486,ndgain_combined_vuln_readiness,ndgain_vulnerability,0.377288697592741,0.377444046396486,0.883783997077384,0.881352014224624,0.346000377164447,0.346355913864094,0.883783997077384,0.881352014224624
2012,trout,0.347323318931437,0.345870192937957,0.408996434258561,0.404981543790182,1,1,1,1,0.347323318931437,0.345870192937957,0.408996434258561,0.404981543790182,ndgain_combined_vuln_readiness,ndgain_vulnerability,0.408996434258561,0.404981543790182,1,1,0.347323318931437,0.345870192937957,1,1
2012,tuna,0.442429404404577,0.442452260392575,0.512805614952852,0.512415733939688,0.994878283095205,0.992608933128866,0.994878283095205,0.992608933128866,0.444707068113014,0.445746804834703,0.515445581300098,0.51623123350751,ndgain_combined_vuln_readiness,ndgain_vulnerability,0.515445581300098,0.51623123350751,0.994878283095205,0.992608933128866,0.444707068113014,0.445746804834703,0.994878283095205,0.992608933128866
2013,catfish_other,0.389713233665417,0.390373990200918,0.41476301550661,0.414960998775043,0.998331587461209,0.999064574548112,0.998331587461209,0.999064574548112,0.390364522729838,0.390739497872286,0.415456167786263,0.415349527294304,ndgain_combined_vuln_readiness,ndgain_vulnerability,0.415456167786263,0.415349527294304,0.998331587461209,0.999064574548112,0.390364522729838,0.390739497872286,0.998331587461209,0.999064574548112
2013,clams,0.384014840673023,0.363218804347047,0.409237898276733,0.388460426886825,0.998485517913662,0.998911653152889,0.998485517913662,0.998911653152889,0.384597306404026,0.363614543088581,0.409858621817406,0.388883667199915,ndgain_combined_vuln_readiness,ndgain_vulnerability,0.409858621817406,0.388883667199915,0.998485517913662,0.998911653152889,0.384597306404026,0.363614543088581,0.998485517913662,0.998911653152889
2013,cod,0.358431214365855,0.350976595193,0.373272356305441,0.364128726430642,0.997724445399808,0.997959159333598,0.997724445399808,0.997959159333598,0.359248704407783,0.351694347319153,0.374123695201096,0.364873374852127,ndgain_combined_vuln_readiness,ndgain_vulnerability,0.374123695201096,0.364873374852127,0.997724445399808,0.997959159333598,0.359248704407783,0.351694347319153,0.997724445399808,0.997959159333598
2013,crab,0.344148400683129,0.35798090211527,0.378591677195272,0.393913615440961,0.993706430911867,0.995051295015767,0.993706430911867,0.995051295015767,0.346328040130851,0.359761254428193,0.380989460687962,0.395872672508526,ndgain_combined_vuln_readiness,ndgain_vulnerability,0.380989460687962,0.395872672508526,0.993706430911867,0.995051295015767,0.346328040130851,0.359761254428193,0.993706430911867,0.995051295015767
2013,crawfish_freshwater,0.382609874321521,0.383550383899797,0.404560056570099,0.404016766117387,1,1,1,1,0.382609874321521,0.383550383899797,0.404560056570099,0.404016766117387,ndgain_combined_vuln_readiness,ndgain_vulnerability,0.404560056570099,0.404016766117387,1,1,0.382609874321521,0.383550383899797,1,1
2013,eel_sturgeon_shad,0.370283007621333,0.381402287177045,0.391774434289237,0.398306654217138,0.952439739052257,0.985068543251385,0.952439739052257,0.985068543251385,0.388773160588396,0.387183500874124,0.411337765766766,0.404344100667817,ndgain_combined_vuln_readiness,ndgain_vulnerability,0.411337765766766,0.404344100667817,0.952439739052257,0.985068543251385,0.388773160588396,0.387183500874124,0.952439739052257,0.985068543251385
2013,flatfish,0.363912347175715,0.360296741757258,0.389638447206914,0.384155112242882,0.991345388366327,0.992721386108263,0.991345388366327,0.992721386108263,0.367089363047746,0.362938430459042,0.393040056250237,0.386971730052955,ndgain_combined_vuln_readiness,ndgain_vulnerability,0.393040056250237,0.386971730052955,0.991345388366327,0.992721386108263,0.367089363047746,0.362938430459042,0.991345388366327,0.992721386108263
2013,halibut,0.318215308306166,0.31102656368381,0.341991575998315,0.333276223653564,0.999017781653765,0.99939147900914,0.999017781653765,0.99939147900914,0.318528172521009,0.311215945119106,0.342327816660265,0.333479152718007,ndgain_combined_vuln_readiness,ndgain_vulnerability,0.342327816660265,0.333479152718007,0.999017781653765,0.99939147900914,0.318528172521009,0.311215945119106,0.999017781653765,0.99939147900914
2013,herring,0.298670706228042,0.300934973079632,0.32068574729215,0.324110715806341,0.99870928403345,0.999010800825736,0.99870928403345,0.999010800825736,0.29905670349014,0.301232952467474,0.32110019644256,0.324431643320018,ndgain_combined_vuln_readiness,ndgain_vulnerability,0.32110019644256,0.324431643320018,0.99870928403345,0.999010800825736,0.29905670349014,0.301232952467474,0.99870928403345,0.999010800825736
2013,inland_freshwater_other,0.306391275584208,0.297446196513612,0.340042493752827,0.327020218033376,0.986854506032692,0.995758848327338,0.986854506032692,0.995758848327338,0.310472591158293,0.298713084009505,0.344572063737997,0.328413067664626,ndgain_combined_vuln_readiness,ndgain_vulnerability,0.344572063737997,0.328413067664626,0.986854506032692,0.995758848327338,0.310472591158293,0.298713084009505,0.986854506032692,0.995758848327338
2013,large_pelagics_other,0.37935597847211,0.379268552636896,0.468311762428688,0.468189740446927,0.860480786579929,0.858068723379733,0.860480786579929,0.858068723379733,0.440865135385416,0.442002536979842,0.544244298922748,0.545631984583748,ndgain_combined_vuln_readiness,ndgain_vulnerability,0.544244298922748,0.545631984583748,0.860480786579929,0.858068723379733,0.440865135385416,0.442002536979842,0.860480786579929,0.858068723379733
2013,lobster,0.304196764442334,0.309727373520486,0.338158070399767,0.346793249002667,0.995919267672097,0.995410627599118,0.995919267672097,0.995410627599118,0.305443196368091,0.311155381440455,0.33954365717835,0.348392150322039,ndgain_combined_vuln_readiness,ndgain_vulnerability,0.33954365717835,0.348392150322039,0.995919267672097,0.995410627599118,0.305443196368091,0.311155381440455,0.995919267672097,0.995410627599118
2013,mackerel,0.35293140377272,0.358352953191767,0.371760651894512,0.378103144162647,0.95297393730585,0.965609156680823,0.95297393730585,0.965609156680823,0.370347383025492,0.371115943456425,0.390105791293218,0.391569551248183,ndgain_combined_vuln_readiness,ndgain_vulnerability,0.390105791293218,0.391569551248183,0.95297393730585,0.965609156680823,0.370347383025492,0.371115943456425,0.95297393730585,0.965609156680823
2013,mussels,0.304408689234566,0.304263664303905,0.317582362022455,0.308077477543013,0.99984751200513,0.999203038033944,0.99984751200513,0.999203038033944,0.304455114984578,0.304506344278718,0.317630796905784,0.308323199406192,ndgain_combined_vuln_readiness,ndgain_vulnerability,0.317630796905784,0.308323199406192,0.99984751200513,0.999203038033944,0.304455114984578,0.304506344278718,0.99984751200513,0.999203038033944
2013,other_groundfish,0.332190525731939,0.338777233543866,0.348634655518887,0.349656549737484,0.999090511724761,0.998951239954648,0.999090511724761,0.998951239954648,0.332492924148052,0.339132902582159,0.348952023292692,0.350023640546619,ndgain_combined_vuln_readiness,ndgain_vulnerability,0.348952023292692,0.350023640546619,0.999090511724761,0.998951239954648,0.332492924148052,0.339132902582159,0.999090511724761,0.998951239954648
2013,other_shellfish_specialty,0.399356911561208,0.381231635331815,0.43914874999503,0.423423959511147,0.982362846749784,0.95301448688494,0.982362846749784,0.95301448688494,0.406526888595704,0.400027114569814,0.447033142028919,0.444299604400734,ndgain_combined_vuln_readiness,ndgain_vulnerability,0.447033142028919,0.444299604400734,0.982362846749784,0.95301448688494,0.406526888595704,0.400027114569814,0.982362846749784,0.95301448688494
2013,oysters,0.345340841614035,0.343235232672646,0.350405983566972,0.347319229785589,0.989331120870244,0.986345099630197,0.989331120870244,0.986345099630197,0.349064973626083,0.347986959940626,0.354184737723347,0.352127495656244,ndgain_combined_vuln_readiness,ndgain_vulnerability,0.354184737723347,0.352127495656244,0.989331120870244,0.986345099630197,0.349064973626083,0.347986959940626,0.989331120870244,0.986345099630197
2013,pangasius_basa_swai,0.468392226534544,0.468253354839591,0.551733228314074,0.551480262827771,1,1,1,1,0.468392226534544,0.468253354839591,0.551733228314074,0.551480262827771,ndgain_combined_vuln_readiness,ndgain_vulnerability,0.551733228314074,0.551480262827771,1,1,0.468392226534544,0.468253354839591,1,1
2013,pollock,0.389701079257521,0.387803922157619,0.410694670036442,0.408600434729077,1,1,1,1,0.389701079257522,0.387803922157619,0.410694670036442,0.408600434729077,ndgain_combined_vuln_readiness,ndgain_vulnerability,0.410694670036442,0.408600434729077,1,1,0.389701079257522,0.387803922157619,1,1
2013,reef_fish_other,0.340962559276168,0.350792080769596,0.420996728730173,0.437709123201152,0.961630455726167,0.981806146729843,0.961630455726167,0.981806146729843,0.354567138806656,0.357292610092123,0.437794712327679,0.445820312552589,ndgain_combined_vuln_readiness,ndgain_vulnerability,0.437794712327679,0.445820312552589,0.961630455726167,0.981806146729843,0.354567138806656,0.357292610092123,0.961630455726167,0.981806146729843
2013,sablefish,0.286136983817989,0.284484437229577,0.310295479060652,0.308192514473332,1,1,1,1,0.286136983817989,0.284484437229577,0.310295479060652,0.308192514473332,ndgain_combined_vuln_readiness,ndgain_vulnerability,0.310295479060652,0.308192514473332,1,1,0.286136983817989,0.284484437229577,1,1
2013,salmon,0.308711096407605,0.308493497417567,0.33957444110564,0.340101534783016,0.947582840596868,0.951384372689138,0.947582840596868,0.951384372689138,0.325787976714682,0.324257478126947,0.358358579912387,0.357480682409888,ndgain_combined_vuln_readiness,ndgain_vulnerability,0.358358579912387,0.357480682409888,0.947582840596868,0.951384372689138,0.325787976714682,0.324257478126947,0.947582840596868,0.951384372689138
2013,scallops,0.375368611353518,0.358202887378328,0.408697266844285,0.374201542830982,0.994440781287616,0.990207604491946,0.994440781287616,0.990207604491946,0.377467033147499,0.361745239839997,0.410982005700831,0.377902109753011,ndgain_combined_vuln_readiness,ndgain_vulnerability,0.410982005700831,0.377902109753011,0.994440781287616,0.990207604491946,0.377467033147499,0.361745239839997,0.994440781287616,0.990207604491946
2013,sea_cucumber_urchin_other_inverts,0.319105177258675,0.370715087661866,0.354779705227642,0.422015911845199,0.995964218456034,0.989414454534903,0.995964218456034,0.989414454534903,0.320398234540352,0.374681293529444,0.356217320515419,0.426530974871978,ndgain_combined_vuln_readiness,ndgain_vulnerability,0.356217320515419,0.426530974871978,0.995964218456034,0.989414454534903,0.320398234540352,0.374681293529444,0.995964218456034,0.989414454534903
2013,sharks_rays_skates,0.264771225722063,0.247827543289804,0.283771240965632,0.248932996428654,0.877618587640193,0.778837365858055,0.877618587640193,0.778837365858055,0.301692819011502,0.318201917568207,0.323342332263788,0.319621280823374,ndgain_combined_vuln_readiness,ndgain_vulnerability,0.323342332263788,0.319621280823374,0.877618587640193,0.778837365858055,0.301692819011502,0.318201917568207,0.877618587640193,0.778837365858055
2013,shrimp,0.459524353580952,0.461201062410018,0.514439079886612,0.513586805302442,0.999145135836871,0.999111909678332,0.999145135836871,0.999111909678332,0.459917520587297,0.461611014684534,0.514879231690124,0.514043322201808,ndgain_combined_vuln_readiness,ndgain_vulnerability,0.514879231690124,0.514043322201808,0.999145135836871,0.999111909678332,0.459917520587297,0.461611014684534,0.999145135836871,0.999111909678332
2013,small_pelagics_other,0.368635181753291,0.36557326797695,0.433951883491991,0.440656906497487,0.999625268792537,0.999707232892528,0.999625268792537,0.999707232892528,0.368773372644502,0.365680327148588,0.434114559765149,0.440785954126291,ndgain_combined_vuln_readiness,ndgain_vulnerability,0.434114559765149,0.440785954126291,0.999625268792537,0.999707232892528,0.368773372644502,0.365680327148588,0.999625268792537,0.999707232892528
2013,snapper_grouper,0.400174582735326,0.398872923645581,0.481483864100715,0.477074433025864,0.997793138214718,0.999033117776573,0.997793138214718,0.999033117776573,0.401059665985808,0.399258960036585,0.4825487825685,0.477536154244447,ndgain_combined_vuln_readiness,ndgain_vulnerability,0.4825487825685,0.477536154244447,0.997793138214718,0.999033117776573,0.401059665985808,0.399258960036585,0.997793138214718,0.999033117776573
2013,squid_octopus,0.3846069772422,0.382397161678624,0.416662521049037,0.411848955781929,0.963472120498267,0.960486850856549,0.963472120498267,0.960486850856549,0.39918848616325,0.398128471345139,0.432459343850611,0.428791873011741,ndgain_combined_vuln_readiness,ndgain_vulnerability,0.432459343850611,0.428791873011741,0.963472120498267,0.960486850856549,0.39918848616325,0.398128471345139,0.963472120498267,0.960486850856549
2013,swordfish,0.389539417404579,0.382068867088713,0.442990554503513,0.431805153607352,0.999392104024346,0.999437616647791,0.999392104024346,0.999437616647791,0.389776360885767,0.382283857165801,0.443260010480052,0.432048130283176,ndgain_combined_vuln_readiness,ndgain_vulnerability,0.443260010480052,0.432048130283176,0.999392104024346,0.999437616647791,0.389776360885767,0.382283857165801,0.999392104024346,0.999437616647791
2013,tilapia,0.367742345579405,0.388240845803362,0.395954334902494,0.424259132509875,0.919938032221849,0.959527978272401,0.919938032221849,0.959527978272401,0.399746866309275,0.404616493312031,0.43041413772858,0.442153998754409,ndgain_combined_vuln_readiness,ndgain_vulnerability,0.43041413772858,0.442153998754409,0.919938032221849,0.959527978272401,0.399746866309275,0.404616493312031,0.919938032221849,0.959527978272401
2013,toothfish,0.277957825134719,0.297757107713328,0.302035141074131,0.328901805087887,0.780125546040986,0.840352970518367,0.780125546040986,0.840352970518367,0.356298837469573,0.354323859329799,0.387162223576592,0.391385306682507,ndgain_combined_vuln_readiness,ndgain_vulnerability,0.387162223576592,0.391385306682507,0.780125546040986,0.840352970518367,0.356298837469573,0.354323859329799,0.780125546040986,0.840352970518367
2013,trout,0.343021041953923,0.34146536354293,0.401558129134174,0.396586409131689,1,1,1,1,0.343021041953923,0.34146536354293,0.401558129134174,0.396586409131689,ndgain_combined_vuln_readiness,ndgain_vulnerability,0.401558129134174,0.396586409131689,1,1,0.343021041953923,0.34146536354293,1,1
2013,tuna,0.441875715283178,0.441635113555074,0.505192555763508,0.505896464544023,0.995693212017056,0.994253498958679,0.995693212017056,0.994253498958679,0.443787011852813,0.444187638280997,0.507377724048252,0.508820401511152,ndgain_combined_vuln_readiness,ndgain_vulnerability,0.507377724048252,0.508820401511152,0.995693212017056,0.994253498958679,0.443787011852813,0.444187638280997,0.995693212017056,0.994253498958679
2014,catfish_other,0.389426488296022,0.388947481570927,0.480501997494643,0.479782508868033,0.999824392002636,0.999632724005901,0.999824392002636,0.999632724005901,0.389494886713061,0.38909038512892,0.480586392308557,0.479958786208364,ndgain_combined_vuln_readiness,ndgain_vulnerability,0.480586392308557,0.479958786208364,0.999824392002636,0.999632724005901,0.389494886713061,0.38909038512892,0.999824392002636,0.999632724005901
2014,clams,0.382507207537495,0.362665462004719,0.456434828991913,0.422669653112874,0.993612617714881,0.994204454781914,0.993612617714881,0.994204454781914,0.384966133398334,0.364779558430235,0.459368994368878,0.425133533731339,ndgain_combined_vuln_readiness,ndgain_vulnerability,0.459368994368878,0.425133533731339,0.993612617714881,0.994204454781914,0.384966133398334,0.364779558430235,0.993612617714881,0.994204454781914
2014,cod,0.362509481108945,0.356459144806571,0.427041869764044,0.412439155555997,0.998852774726948,0.998668400909125,0.998852774726948,0.998668400909125,0.362925838803464,0.35693443838022,0.427532345676051,0.412989091454719,ndgain_combined_vuln_readiness,ndgain_vulnerability,0.427532345676051,0.412989091454719,0.998852774726948,0.998668400909125,0.362925838803464,0.35693443838022,0.998852774726948,0.998668400909125
2014,crab,0.349143849696027,0.369893273725759,0.409125644488669,0.43810657107561,0.995947089451532,0.997056776096328,0.995947089451532,0.997056776096328,0.350564656891865,0.370985166134635,0.410790541808777,0.439399823138341,ndgain_combined_vuln_readiness,ndgain_vulnerability,0.410790541808777,0.439399823138341,0.995947089451532,0.997056776096328,0.350564656891865,0.370985166134635,0.995947089451532,0.997056776096328
2014,crawfish_freshwater,0.381505595941045,0.38217669317475,0.469943785627024,0.469047926191265,1,1,1,1,0.381505595941045,0.38217669317475,0.469943785627024,0.469047926191265,ndgain_combined_vuln_readiness,ndgain_vulnerability,0.469943785627024,0.469047926191265,1,1,0.381505595941045,0.38217669317475,1,1
2014,eel_sturgeon_shad,0.366018533775541,0.375903702078716,0.44580593960062,0.45747673577104,0.951165605837386,0.979371134721625,0.951165605837386,0.979371134721625,0.384810522509701,0.383821504179376,0.468694343934085,0.467112741587052,ndgain_combined_vuln_readiness,ndgain_vulnerability,0.468694343934085,0.467112741587052,0.951165605837386,0.979371134721625,0.384810522509701,0.383821504179376,0.951165605837386,0.979371134721625
2014,flatfish,0.366847330459471,0.360249862635387,0.438793478434034,0.422492414361561,0.993989320645631,0.994919168349139,0.993989320645631,0.994919168349139,0.369065665837527,0.362089578827943,0.441446874045913,0.424649989468591,ndgain_combined_vuln_readiness,ndgain_vulnerability,0.441446874045913,0.424649989468591,0.993989320645631,0.994919168349139,0.369065665837527,0.362089578827943,0.993989320645631,0.994919168349139
2014,halibut,0.313128665389579,0.310104806925716,0.352761512049853,0.346574044906481,1,1,1,1,0.313128665389579,0.310104806925716,0.352761512049853,0.346574044906481,ndgain_combined_vuln_readiness,ndgain_vulnerability,0.352761512049853,0.346574044906481,1,1,0.313128665389579,0.310104806925716,1,1
2014,herring,0.305673042938477,0.305482444372001,0.330354357404246,0.328054904258049,1,1,1,1,0.305673042938477,0.305482444372001,0.330354357404246,0.328054904258049,ndgain_combined_vuln_readiness,ndgain_vulnerability,0.330354357404246,0.328054904258049,1,1,0.305673042938477,0.305482444372001,1,1
2014,inland_freshwater_other,0.307060741296949,0.297656312184098,0.339320649371115,0.326240777716753,0.991891173501752,0.997773847568404,0.991891173501752,0.997773847568404,0.309570998815231,0.29832041891005,0.342094635415682,0.326968659793808,ndgain_combined_vuln_readiness,ndgain_vulnerability,0.342094635415682,0.326968659793808,0.991891173501752,0.997773847568404,0.309570998815231,0.29832041891005,0.991891173501752,0.997773847568404
2014,large_pelagics_other,0.339503351104798,0.338354706593174,0.416536493498755,0.414947806058557,0.775865646067369,0.772587322547551,0.775865646067369,0.772587322547551,0.437580079522323,0.437950114787638,0.536866783070051,0.537088551609023,ndgain_combined_vuln_readiness,ndgain_vulnerability,0.536866783070051,0.537088551609023,0.775865646067369,0.772587322547551,0.437580079522323,0.437950114787638,0.775865646067369,0.772587322547551
2014,lobster,0.300174881877321,0.304643043340823,0.328873213505133,0.336536626597167,0.996414761711699,0.996272760866653,0.996414761711699,0.996272760866653,0.301254952668168,0.305782768843158,0.330056544867095,0.33779567184434,ndgain_combined_vuln_readiness,ndgain_vulnerability,0.330056544867095,0.33779567184434,0.996414761711699,0.996272760866653,0.301254952668168,0.305782768843158,0.996414761711699,0.996272760866653
2014,mackerel,0.353187784943249,0.35943649982263,0.39614165714228,0.395575627462044,0.966882600772061,0.979491953453421,0.966882600772061,0.979491953453421,0.365285076658972,0.366962177234183,0.409710193177495,0.403857965414981,ndgain_combined_vuln_readiness,ndgain_vulnerability,0.409710193177495,0.403857965414981,0.966882600772061,0.979491953453421,0.365285076658972,0.366962177234183,0.966882600772061,0.979491953453421
2014,mussels,0.305480148255197,0.305874339658182,0.313338145430907,0.29950538804519,0.999954572424152,0.99990408855391,0.999954572424152,0.99990408855391,0.305494026108239,0.30590367932243,0.313352380269928,0.299534116795485,ndgain_combined_vuln_readiness,ndgain_vulnerability,0.313352380269928,0.299534116795485,0.999954572424152,0.99990408855391,0.305494026108239,0.30590367932243,0.999954572424152,0.99990408855391
2014,other_groundfish,0.335343390745752,0.340108279375533,0.378404830625163,0.376948512965863,0.995425299670055,0.996515899514623,0.995425299670055,0.996515899514623,0.336884536546243,0.341297393790897,0.380143874935256,0.378266431222487,ndgain_combined_vuln_readiness,ndgain_vulnerability,0.380143874935256,0.378266431222487,0.995425299670055,0.996515899514623,0.336884536546243,0.341297393790897,0.995425299670055,0.996515899514623
2014,other_shellfish_specialty,0.382910377470098,0.362649600204084,0.463576236286135,0.435074641218074,0.98118500145308,0.942116745420682,0.98118500145308,0.942116745420682,0.390252986850624,0.384930638338405,0.47246567731835,0.461805443256186,ndgain_combined_vuln_readiness,ndgain_vulnerability,0.47246567731835,0.461805443256186,0.98118500145308,0.942116745420682,0.390252986850624,0.384930638338405,0.98118500145308,0.942116745420682
2014,oysters,0.344222291742812,0.340453471464913,0.380345263911897,0.37219117862538,0.981262975212956,0.982884456617871,0.981262975212956,0.982884456617871,0.350795149147564,0.346381987396995,0.38760788241231,0.37867236186245,ndgain_combined_vuln_readiness,ndgain_vulnerability,0.38760788241231,0.37867236186245,0.981262975212956,0.982884456617871,0.350795149147564,0.346381987396995,0.981262975212956,0.982884456617871
2014,pangasius_basa_swai,0.464163774322259,0.464140139587351,0.54559091123169,0.545585038517352,1,1,1,1,0.464163774322259,0.464140139587351,0.54559091123169,0.545585038517352,ndgain_combined_vuln_readiness,ndgain_vulnerability,0.54559091123169,0.545585038517352,1,1,0.464163774322259,0.464140139587351,1,1
2014,pollock,0.388663979885485,0.388347040178547,0.474097858605138,0.472994038436973,1,1,1,1,0.388663979885485,0.388347040178547,0.474097858605138,0.472994038436973,ndgain_combined_vuln_readiness,ndgain_vulnerability,0.474097858605138,0.472994038436973,1,1,0.388663979885485,0.388347040178547,1,1
2014,reef_fish_other,0.359070694172135,0.363505646095604,0.436564069049084,0.443753887042817,0.992880336237788,0.996020781948955,0.992880336237788,0.996020781948955,0.361645488451027,0.364957893131826,0.439694546377369,0.445526735069228,ndgain_combined_vuln_readiness,ndgain_vulnerability,0.439694546377369,0.445526735069228,0.992880336237788,0.996020781948955,0.361645488451027,0.364957893131826,0.992880336237788,0.996020781948955
2014,sablefish,0.282959300148159,0.282888406027574,0.300359642650854,0.299904056367951,1,1,1,1,0.282959300148159,0.282888406027574,0.300359642650854,0.299904056367951,ndgain_combined_vuln_readiness,ndgain_vulnerability,0.300359642650854,0.299904056367951,1,1,0.282959300148159,0.282888406027574,1,1
2014,salmon,0.306265842118858,0.306169153735437,0.341217897534352,0.337957970912212,0.946687174130416,0.954528443887189,0.946687174130416,0.954528443887189,0.323513247552107,0.32075435331042,0.360433633050727,0.354057517171436,ndgain_combined_vuln_readiness,ndgain_vulnerability,0.360433633050727,0.354057517171436,0.946687174130416,0.954528443887189,0.323513247552107,0.32075435331042,0.946687174130416,0.954528443887189
2014,scallops,0.366227329693072,0.348915491548376,0.416342198650499,0.372295915854472,0.987938669185976,0.987050083987112,0.987938669185976,0.987050083987112,0.370698446285972,0.353493198783753,0.421425146758907,0.377180369967259,ndgain_combined_vuln_readiness,ndgain_vulnerability,0.421425146758907,0.377180369967259,0.987938669185976,0.987050083987112,0.370698446285972,0.353493198783753,0.987938669185976,0.987050083987112
2014,sea_cucumber_urchin_other_inverts,0.293337448831417,0.341472398442785,0.32031272408989,0.415300927926872,0.995741602986955,0.984159252006513,0.995741602986955,0.984159252006513,0.294591938261376,0.346968641250477,0.321682576211578,0.421985493790921,ndgain_combined_vuln_readiness,ndgain_vulnerability,0.321682576211578,0.421985493790921,0.995741602986955,0.984159252006513,0.294591938261376,0.346968641250477,0.995741602986955,0.984159252006513
2014,sharks_rays_skates,0.310839414056507,0.264698820955246,0.355843173889744,0.282968204061576,0.959387364196144,0.825400113538789,0.959387364196144,0.825400113538789,0.323997819501151,0.320691524768983,0.370906671454757,0.342825496895547,ndgain_combined_vuln_readiness,ndgain_vulnerability,0.370906671454757,0.342825496895547,0.959387364196144,0.825400113538789,0.323997819501151,0.320691524768983,0.959387364196144,0.825400113538789
2014,shrimp,0.458470416296336,0.460511042580745,0.550721643423328,0.551708482456218,0.999226358623091,0.99925744929001,0.999226358623091,0.99925744929001,0.458825382597089,0.460853249488354,0.551148034347502,0.552118458409508,ndgain_combined_vuln_readiness,ndgain_vulnerability,0.551148034347502,0.552118458409508,0.999226358623091,0.99925744929001,0.458825382597089,0.460853249488354,0.999226358623091,0.99925744929001
2014,small_pelagics_other,0.370538089127574,0.366409170972087,0.43519154011346,0.434880115393129,0.99952460079562,0.999431011261608,0.99952460079562,0.999431011261608,0.370714326423408,0.366617772355852,0.435398528227368,0.43512769815314,ndgain_combined_vuln_readiness,ndgain_vulnerability,0.435398528227368,0.43512769815314,0.99952460079562,0.999431011261608,0.370714326423408,0.366617772355852,0.99952460079562,0.999431011261608
2014,snapper_grouper,0.398760226175735,0.398893542157326,0.512874206813111,0.512531347888954,0.991056349682417,0.996889277371804,0.991056349682417,0.996889277371804,0.402358782427979,0.400138261301162,0.517502568827152,0.514130665784861,ndgain_combined_vuln_readiness,ndgain_vulnerability,0.517502568827152,0.514130665784861,0.991056349682417,0.996889277371804,0.402358782427979,0.400138261301162,0.991056349682417,0.996889277371804
2014,squid_octopus,0.380001251638667,0.377806946650014,0.457100786122047,0.451578193082957,0.953229199001516,0.958277365884422,0.953229199001516,0.958277365884422,0.398646256363851,0.394256360528066,0.479528728873233,0.4712395483391,ndgain_combined_vuln_readiness,ndgain_vulnerability,0.479528728873233,0.4712395483391,0.953229199001516,0.958277365884422,0.398646256363851,0.394256360528066,0.953229199001516,0.958277365884422
2014,swordfish,0.399011477397653,0.391800185443356,0.459253742181033,0.444259990030083,0.997151942772817,0.997137948476171,0.997151942772817,0.997137948476171,0.400151130717459,0.392924756340992,0.460565458965029,0.445535134540815,ndgain_combined_vuln_readiness,ndgain_vulnerability,0.460565458965029,0.445535134540815,0.997151942772817,0.997137948476171,0.400151130717459,0.392924756340992,0.997151942772817,0.997137948476171
2014,tilapia,0.374690343777649,0.388027700878278,0.462012565494484,0.479120992910909,0.941049026365397,0.966039844471589,0.941049026365397,0.966039844471589,0.398162405230694,0.401668422994005,0.490954830779551,0.495964007750614,ndgain_combined_vuln_readiness,ndgain_vulnerability,0.490954830779551,0.495964007750614,0.941049026365397,0.966039844471589,0.398162405230694,0.401668422994005,0.941049026365397,0.966039844471589
2014,toothfish,0.279801904978001,0.277774492104057,0.313545627885502,0.310023854228474,0.789764003126759,0.788943975082111,0.789764003126759,0.788943975082111,0.354285462328286,0.35208392595323,0.397011799276926,0.392960544753773,ndgain_combined_vuln_readiness,ndgain_vulnerability,0.397011799276926,0.392960544753773,0.789764003126759,0.788943975082111,0.354285462328286,0.35208392595323,0.789764003126759,0.788943975082111
2014,trout,0.337927176946999,0.33613004819575,0.387810398964401,0.383170803018207,0.999937360053576,0.999968425019778,0.999937360053576,0.999968425019778,0.337948346013288,0.336140661830499,0.387834692908786,0.383182902010759,ndgain_combined_vuln_readiness,ndgain_vulnerability,0.387834692908786,0.383182902010759,0.999937360053576,0.999968425019778,0.337948346013288,0.336140661830499,0.999937360053576,0.999968425019778
2014,tuna,0.438930568959785,0.438352641800396,0.5102545953749,0.510926789537939,0.996428841317966,0.994185013977527,0.996428841317966,0.994185013977527,0.440503677492129,0.440916565465655,0.512083326191153,0.513915199238245,ndgain_combined_vuln_readiness,ndgain_vulnerability,0.512083326191153,0.513915199238245,0.996428841317966,0.994185013977527,0.440503677492129,0.440916565465655,0.996428841317966,0.994185013977527
2015,catfish_other,0.388456511252209,0.387567647648465,0.473762631880975,0.472777313896156,0.999633398494105,0.999760178519414,0.999633398494105,0.999760178519414,0.388598972220614,0.387660616991597,0.473936377670728,0.472890723249561,ndgain_combined_vuln_readiness,ndgain_vulnerability,0.473936377670728,0.472890723249561,0.999633398494105,0.999760178519414,0.388598972220614,0.387660616991597,0.999633398494105,0.999760178519414
2015,clams,0.377633242423843,0.356481531173289,0.448179491181806,0.414400194580245,0.997102266636253,0.997158357733997,0.997102266636253,0.997158357733997,0.378730703017853,0.357497410926164,0.449481970082918,0.415581127477037,ndgain_combined_vuln_readiness,ndgain_vulnerability,0.449481970082918,0.415581127477037,0.997102266636253,0.997158357733997,0.378730703017853,0.357497410926164,0.997102266636253,0.997158357733997
2015,cod,0.361545101832852,0.356641957813927,0.422015883026204,0.410070130664643,0.999004723355786,0.999218715820539,0.999004723355786,0.999218715820539,0.361905297723094,0.356920814399538,0.422436324033182,0.410390762474762,ndgain_combined_vuln_readiness,ndgain_vulnerability,0.422436324033182,0.410390762474762,0.999004723355786,0.999218715820539,0.361905297723094,0.356920814399538,0.999004723355786,0.999218715820539
2015,crab,0.348486847409166,0.365376518550928,0.407025592996097,0.430892859560867,0.997496630146728,0.998344821841041,0.997496630146728,0.998344821841041,0.34936142827661,0.365982284434691,0.408047085769327,0.431607246448437,ndgain_combined_vuln_readiness,ndgain_vulnerability,0.408047085769327,0.431607246448437,0.997496630146728,0.998344821841041,0.34936142827661,0.365982284434691,0.997496630146728,0.998344821841041
2015,crawfish_freshwater,0.3784477179688,0.381682400362971,0.459978945353344,0.462524334134265,1,1,1,1,0.3784477179688,0.381682400362971,0.459978945353344,0.462524334134265,ndgain_combined_vuln_readiness,ndgain_vulnerability,0.459978945353344,0.462524334134265,1,1,0.3784477179688,0.381682400362971,1,1
2015,eel_sturgeon_shad,0.379949984422989,0.379751752417127,0.460680074378971,0.458566318426767,0.992779361782009,0.995842887428559,0.992779361782009,0.995842887428559,0.382713419566852,0.38133701330911,0.464030671983414,0.460480588068331,ndgain_combined_vuln_readiness,ndgain_vulnerability,0.464030671983414,0.460480588068331,0.992779361782009,0.995842887428559,0.382713419566852,0.38133701330911,0.992779361782009,0.995842887428559
2015,flatfish,0.366254085210231,0.360176242807861,0.433651153373433,0.420741231086379,0.999781945097701,0.999820541036277,0.999781945097701,0.999820541036277,0.366333966127424,0.360240891264898,0.433745733757031,0.420816750424327,ndgain_combined_vuln_readiness,ndgain_vulnerability,0.433745733757031,0.420816750424327,0.999781945097701,0.999820541036277,0.366333966127424,0.360240891264898,0.999781945097701,0.999820541036277
2015,halibut,0.313284007783831,0.310252869518294,0.355450921694927,0.348730010198427,0.997260779032122,0.998589489904819,0.997260779032122,0.998589489904819,0.314144519037322,0.310691102454789,0.356427254704537,0.349222592190176,ndgain_combined_vuln_readiness,ndgain_vulnerability,0.356427254704537,0.349222592190176,0.997260779032122,0.998589489904819,0.314144519037322,0.310691102454789,0.997260779032122,0.998589489904819
2015,herring,0.302091485735681,0.304202067495431,0.327688704982881,0.329921847225712,0.999983985148657,0.9999216071265,0.999983985148657,0.9999216071265,0.302096323763398,0.30422591663923,0.327693952952824,0.329947712775021,ndgain_combined_vuln_readiness,ndgain_vulnerability,0.327693952952824,0.329947712775021,0.999983985148657,0.9999216071265,0.302096323763398,0.30422591663923,0.999983985148657,0.9999216071265
2015,inland_freshwater_other,0.313656712104799,0.301188179372393,0.357034745377279,0.338830263163169,0.99186141116217,0.997839510318515,0.99186141116217,0.997839510318515,0.31623038115505,0.301840302230819,0.35996434719538,0.339563887438184,ndgain_combined_vuln_readiness,ndgain_vulnerability,0.35996434719538,0.339563887438184,0.99186141116217,0.997839510318515,0.31623038115505,0.301840302230819,0.99186141116217,0.997839510318515
2015,large_pelagics_other,0.35889399736856,0.35906685425544,0.440668149369326,0.440794793373455,0.820527041826505,0.823477744280586,0.820527041826505,0.823477744280586,0.437394478272961,0.436037108166331,0.537054998685226,0.535284403780149,ndgain_combined_vuln_readiness,ndgain_vulnerability,0.537054998685226,0.535284403780149,0.820527041826505,0.823477744280586,0.437394478272961,0.436037108166331,0.820527041826505,0.823477744280586
2015,lobster,0.29994371357947,0.303839726319073,0.332279586720409,0.338904687453018,0.996481302641564,0.996466408493136,0.996481302641564,0.996466408493136,0.301002851517988,0.304917179073344,0.333452906581962,0.340106484839275,ndgain_combined_vuln_readiness,ndgain_vulnerability,0.333452906581962,0.340106484839275,0.996481302641564,0.996466408493136,0.301002851517988,0.304917179073344,0.996481302641564,0.996466408493136
2015,mackerel,0.355781945792132,0.367331934974223,0.39667905793636,0.409538049336507,0.975494558664106,0.983193735672531,0.975494558664106,0.983193735672531,0.364719559563057,0.373610939173609,0.406644049844412,0.416538505563577,ndgain_combined_vuln_readiness,ndgain_vulnerability,0.406644049844412,0.416538505563577,0.975494558664106,0.983193735672531,0.364719559563057,0.373610939173609,0.975494558664106,0.983193735672531
2015,mussels,0.307223956253196,0.306844245894895,0.319980251984432,0.307110757621202,0.999967783270852,0.999946120529425,0.999967783270852,0.999946120529425,0.307233854323066,0.306860779391229,0.319990561033666,0.30712730547782,ndgain_combined_vuln_readiness,ndgain_vulnerability,0.319990561033666,0.30712730547782,0.999967783270852,0.999946120529425,0.307233854323066,0.306860779391229,0.999967783270852,0.999946120529425
2015,other_groundfish,0.325560032017432,0.331783930303321,0.365969517672241,0.366637614738626,0.98845703172576,0.990806527803531,0.98845703172576,0.990806527803531,0.329361845349041,0.334862479195445,0.370243223454327,0.370039563174262,ndgain_combined_vuln_readiness,ndgain_vulnerability,0.370243223454327,0.370039563174262,0.98845703172576,0.990806527803531,0.329361845349041,0.334862479195445,0.98845703172576,0.990806527803531
2015,other_shellfish_specialty,0.381652877125481,0.359197095890622,0.45771718561731,0.424451041310895,0.982875787461743,0.941456053754766,0.982875787461743,0.941456053754766,0.38830224733798,0.381533577120305,0.465691790820645,0.450845304587587,ndgain_combined_vuln_readiness,ndgain_vulnerability,0.465691790820645,0.450845304587587,0.982875787461743,0.941456053754766,0.38830224733798,0.381533577120305,0.982875787461743,0.941456053754766
2015,oysters,0.341553943861493,0.338799176528252,0.378686759962829,0.369021823262736,0.964278196821692,0.973425919200301,0.964278196821692,0.973425919200301,0.354206851287596,0.348048238541446,0.392715257081409,0.379095949659836,ndgain_combined_vuln_readiness,ndgain_vulnerability,0.392715257081409,0.379095949659836,0.964278196821692,0.973425919200301,0.354206851287596,0.348048238541446,0.964278196821692,0.973425919200301
2015,pangasius_basa_swai,0.467177942226388,0.46712642520873,0.54478120979869,0.544737635387241,1,1,1,1,0.467177942226388,0.46712642520873,0.54478120979869,0.544737635387241,ndgain_combined_vuln_readiness,ndgain_vulnerability,0.54478120979869,0.544737635387241,1,1,0.467177942226388,0.46712642520873,1,1
2015,pollock,0.390165222535695,0.388360348691979,0.47056504182741,0.467274156360562,0.999478641692198,0.999501421114403,0.999478641692198,0.999501421114403,0.390368744523759,0.388554073548964,0.470810502794443,0.467507245602083,ndgain_combined_vuln_readiness,ndgain_vulnerability,0.470810502794443,0.467507245602083,0.999478641692198,0.999501421114403,0.390368744523759,0.388554073548964,0.999478641692198,0.999501421114403
2015,reef_fish_other,0.341818810584597,0.353884703564786,0.413129994159391,0.428652708104949,0.95100888148367,0.970100694358645,0.95100888148367,0.970100694358645,0.359427569226615,0.36479172277961,0.43441234062385,0.441864139050371,ndgain_combined_vuln_readiness,ndgain_vulnerability,0.43441234062385,0.441864139050371,0.95100888148367,0.970100694358645,0.359427569226615,0.36479172277961,0.95100888148367,0.970100694358645
2015,sablefish,0.282402345611922,0.28250680633217,0.304128759899933,0.304339422820832,1,1,1,1,0.282402345611922,0.28250680633217,0.304128759899933,0.304339422820832,ndgain_combined_vuln_readiness,ndgain_vulnerability,0.304128759899933,0.304339422820832,1,1,0.282402345611922,0.28250680633217,1,1
2015,salmon,0.30505726790079,0.30629248889441,0.338708992775356,0.338223407600619,0.96213450389846,0.967215723878347,0.96213450389846,0.967215723878347,0.317063016308772,0.316674430876947,0.352039129043752,0.349687664551615,ndgain_combined_vuln_readiness,ndgain_vulnerability,0.352039129043752,0.349687664551615,0.96213450389846,0.967215723878347,0.317063016308772,0.316674430876947,0.96213450389846,0.967215723878347
2015,scallops,0.367117465508275,0.351639662888129,0.419511884664466,0.38045130498682,0.99679808309033,0.991566200586753,0.99679808309033,0.991566200586753,0.368296721007044,0.354630545777023,0.420859441627207,0.383687246259192,ndgain_combined_vuln_readiness,ndgain_vulnerability,0.420859441627207,0.383687246259192,0.99679808309033,0.991566200586753,0.368296721007044,0.354630545777023,0.99679808309033,0.991566200586753
2015,sea_cucumber_urchin_other_inverts,0.291037041079404,0.342032897128989,0.316769900382405,0.410746056863557,0.979749443943458,0.961612850423158,0.979749443943458,0.961612850423158,0.297052519783007,0.355686695512105,0.323317254570125,0.427142853470405,ndgain_combined_vuln_readiness,ndgain_vulnerability,0.323317254570125,0.427142853470405,0.979749443943458,0.961612850423158,0.297052519783007,0.355686695512105,0.979749443943458,0.961612850423158
2015,sharks_rays_skates,0.317394520799228,0.2591498621474,0.366386221570895,0.278905386161402,0.974661141327808,0.82425981061076,0.974661141327808,0.82425981061076,0.325646019258378,0.31440312728019,0.375911387081418,0.338370720701205,ndgain_combined_vuln_readiness,ndgain_vulnerability,0.375911387081418,0.338370720701205,0.974661141327808,0.82425981061076,0.325646019258378,0.31440312728019,0.974661141327808,0.82425981061076
2015,shrimp,0.462191290427185,0.462990776023083,0.554167584780205,0.553969803863318,0.999439246137175,0.999402417944171,0.999439246137175,0.999402417944171,0.46245061139389,0.463267616437712,0.55447851074696,0.554301044220871,ndgain_combined_vuln_readiness,ndgain_vulnerability,0.55447851074696,0.554301044220871,0.999439246137175,0.999402417944171,0.46245061139389,0.463267616437712,0.999439246137175,0.999402417944171
2015,small_pelagics_other,0.367062481985455,0.365851310595567,0.432120004930981,0.435653163278649,0.999438189793681,0.999164849471741,0.999438189793681,0.999164849471741,0.367268817355509,0.366157106896818,0.432362910827118,0.43601730335988,ndgain_combined_vuln_readiness,ndgain_vulnerability,0.432362910827118,0.43601730335988,0.999438189793681,0.999164849471741,0.367268817355509,0.366157106896818,0.999438189793681,0.999164849471741
2015,snapper_grouper,0.398714586366929,0.39678913055667,0.516050782926661,0.513217963469957,0.99999212484673,0.9999830795679,0.99999212484673,0.9999830795679,0.398717726330136,0.396795844513815,0.516054846937676,0.513226647486598,ndgain_combined_vuln_readiness,ndgain_vulnerability,0.516054846937676,0.513226647486598,0.99999212484673,0.9999830795679,0.398717726330136,0.396795844513815,0.99999212484673,0.9999830795679
2015,squid_octopus,0.377971754254082,0.379524020232737,0.448370133513346,0.450390546967125,0.948462229501567,0.957818579769853,0.948462229501567,0.957818579769853,0.39851007504296,0.396237897498219,0.472733778496348,0.470225318739741,ndgain_combined_vuln_readiness,ndgain_vulnerability,0.472733778496348,0.470225318739741,0.948462229501567,0.957818579769853,0.39851007504296,0.396237897498219,0.948462229501567,0.957818579769853
2015,swordfish,0.403457334012874,0.393644576218905,0.47274824541108,0.454932259391143,0.99978053290101,0.999810459408059,0.99978053290101,0.999810459408059,0.40354589906065,0.393719201989508,0.472852020872353,0.45501850386771,ndgain_combined_vuln_readiness,ndgain_vulnerability,0.472852020872353,0.45501850386771,0.99978053290101,0.999810459408059,0.40354589906065,0.393719201989508,0.99978053290101,0.999810459408059
2015,tilapia,0.375695477451976,0.386915467726105,0.4597761459202,0.475090435711963,0.945325670715605,0.962127299760694,0.945325670715605,0.962127299760694,0.397424389382738,0.402145815654894,0.486367989533335,0.493791659201573,ndgain_combined_vuln_readiness,ndgain_vulnerability,0.486367989533335,0.493791659201573,0.945325670715605,0.962127299760694,0.397424389382738,0.402145815654894,0.945325670715605,0.962127299760694
2015,toothfish,0.301216866053092,0.288146146307153,0.339285661998404,0.320592397725953,0.843831818110576,0.811496636938454,0.843831818110576,0.811496636938454,0.356963152595438,0.355079901987329,0.402077350861334,0.39506312550531,ndgain_combined_vuln_readiness,ndgain_vulnerability,0.402077350861334,0.39506312550531,0.843831818110576,0.811496636938454,0.356963152595438,0.355079901987329,0.843831818110576,0.811496636938454
2015,trout,0.32191867848761,0.324555383925786,0.359315747409189,0.363638597859565,0.999581448692919,0.999696139271085,0.999581448692919,0.999696139271085,0.322053474390266,0.324654033537062,0.35946620245808,0.363749126934417,ndgain_combined_vuln_readiness,ndgain_vulnerability,0.35946620245808,0.363749126934417,0.999581448692919,0.999696139271085,0.322053474390266,0.324654033537062,0.999581448692919,0.999696139271085
2015,tuna,0.439500018947851,0.436978310779837,0.510757677763808,0.50874356337273,0.993439400920565,0.988579983508712,0.993439400920565,0.988579983508712,0.442402444014794,0.442026257935037,0.514130683049734,0.514620538408106,ndgain_combined_vuln_readiness,ndgain_vulnerability,0.514130683049734,0.514620538408106,0.993439400920565,0.988579983508712,0.442402444014794,0.442026257935037,0.993439400920565,0.988579983508712
2016,catfish_other,0.390005410328321,0.388077927064332,0.473182319468549,0.471727454514769,1,1,1,1,0.390005410328322,0.388077927064332,0.473182319468549,0.471727454514769,ndgain_combined_vuln_readiness,ndgain_vulnerability,0.473182319468549,0.471727454514769,1,1,0.390005410328322,0.388077927064332,1,1
2016,clams,0.378811111933222,0.357070330707756,0.448308792409927,0.414852583115293,0.999299856349974,0.999322850734116,0.999299856349974,0.999322850734116,0.37907651995154,0.357312284458869,0.448622892879633,0.415133690589119,ndgain_combined_vuln_readiness,ndgain_vulnerability,0.448622892879633,0.415133690589119,0.999299856349974,0.999322850734116,0.37907651995154,0.357312284458869,0.999299856349974,0.999322850734116
2016,cod,0.361097408928308,0.35535041513617,0.419832786561452,0.406505089994086,0.999528885596055,0.999768120364285,0.999528885596055,0.999768120364285,0.361267607301786,0.355432832771954,0.420030669059745,0.406599372108372,ndgain_combined_vuln_readiness,ndgain_vulnerability,0.420030669059745,0.406599372108372,0.999528885596055,0.999768120364285,0.361267607301786,0.355432832771954,0.999528885596055,0.999768120364285
2016,crab,0.349691816044777,0.353579438715407,0.408928430532859,0.414778800069996,0.99602148334286,0.996646996366087,0.99602148334286,0.996646996366087,0.351088627999405,0.354768980395874,0.410561857722595,0.416174233788228,ndgain_combined_vuln_readiness,ndgain_vulnerability,0.410561857722595,0.416174233788228,0.99602148334286,0.996646996366087,0.351088627999405,0.354768980395874,0.99602148334286,0.996646996366087
2016,crawfish_freshwater,0.376675269495996,0.381264854359143,0.45797220406213,0.460413013936869,1,1,1,1,0.376675269495996,0.381264854359143,0.45797220406213,0.460413013936869,ndgain_combined_vuln_readiness,ndgain_vulnerability,0.45797220406213,0.460413013936869,1,1,0.376675269495996,0.381264854359143,1,1
2016,eel_sturgeon_shad,0.375299326398688,0.370411516785628,0.450443696925741,0.443444314172467,0.986393684563624,0.978493473994942,0.986393684563624,0.978493473994942,0.380476205669057,0.37855287401492,0.456657117715646,0.453190875522139,ndgain_combined_vuln_readiness,ndgain_vulnerability,0.456657117715646,0.453190875522139,0.986393684563624,0.978493473994942,0.380476205669057,0.37855287401492,0.986393684563624,0.978493473994942
2016,flatfish,0.363260503811845,0.357039028565838,0.427139510127719,0.413548655544525,0.992622507718471,0.992632803535505,0.992622507718471,0.992632803535505,0.365960373643747,0.359688927561286,0.430314149443873,0.416617961920632,ndgain_combined_vuln_readiness,ndgain_vulnerability,0.430314149443873,0.416617961920632,0.992622507718471,0.992632803535505,0.365960373643747,0.359688927561286,0.992622507718471,0.992632803535505
2016,halibut,0.31006836808222,0.308226543767981,0.353073793321307,0.348429631682865,0.999523031107517,0.999580513211692,0.999523031107517,0.999580513211692,0.310216331622344,0.308355894992027,0.353242278899852,0.348575854648613,ndgain_combined_vuln_readiness,ndgain_vulnerability,0.353242278899852,0.348575854648613,0.999523031107517,0.999580513211692,0.310216331622344,0.308355894992027,0.999523031107517,0.999580513211692
2016,herring,0.296725716001817,0.298317281394416,0.324784977248817,0.325672396802785,1,1,1,1,0.296725716001817,0.298317281394416,0.324784977248817,0.325672396802785,ndgain_combined_vuln_readiness,ndgain_vulnerability,0.324784977248817,0.325672396802785,1,1,0.296725716001817,0.298317281394416,1,1
2016,inland_freshwater_other,0.304122825862057,0.299375008621332,0.344837268840916,0.338811872877068,0.993486103919111,0.997627223382097,0.993486103919111,0.997627223382097,0.30611683914083,0.300087048152523,0.3470982306452,0.339617709837997,ndgain_combined_vuln_readiness,ndgain_vulnerability,0.3470982306452,0.339617709837997,0.993486103919111,0.997627223382097,0.30611683914083,0.300087048152523,0.993486103919111,0.997627223382097
2016,large_pelagics_other,0.330857710900603,0.321736353801093,0.403913870495628,0.393145566998609,0.767026704335805,0.746115139060627,0.767026704335805,0.746115139060627,0.4313509673527,0.431215420995431,0.526596881454591,0.526923455129977,ndgain_combined_vuln_readiness,ndgain_vulnerability,0.526596881454591,0.526923455129977,0.767026704335805,0.746115139060627,0.4313509673527,0.431215420995431,0.767026704335805,0.746115139060627
2016,lobster,0.29749092285277,0.299882276683349,0.332883109426757,0.336398605038818,0.996376942409652,0.996745086244053,0.996376942409652,0.996745086244053,0.298572668826834,0.300861555097672,0.334093549597513,0.337497129086875,ndgain_combined_vuln_readiness,ndgain_vulnerability,0.334093549597513,0.337497129086875,0.996376942409652,0.996745086244053,0.298572668826834,0.300861555097672,0.996376942409652,0.996745086244053
2016,mackerel,0.360684149166962,0.368051470894733,0.411213555434466,0.415258808777991,0.974795219716751,0.981039196386988,0.974795219716751,0.981039196386988,0.37001017431309,0.3751648988646,0.421846093535372,0.423284625433238,ndgain_combined_vuln_readiness,ndgain_vulnerability,0.421846093535372,0.423284625433238,0.974795219716751,0.981039196386988,0.37001017431309,0.3751648988646,0.974795219716751,0.981039196386988
2016,mussels,0.308543185864458,0.308080190414961,0.3261942368941,0.313268465587039,0.99998564564522,0.999939343448484,0.99998564564522,0.999939343448484,0.308547614866388,0.308098878630465,0.326198919269116,0.313287468524513,ndgain_combined_vuln_readiness,ndgain_vulnerability,0.326198919269116,0.313287468524513,0.99998564564522,0.999939343448484,0.308547614866388,0.308098878630465,0.99998564564522,0.999939343448484
2016,other_groundfish,0.33211787761906,0.337074035266351,0.377949161870393,0.376063361249169,0.988433243596044,0.993245798225,0.988433243596044,0.993245798225,0.336004358180804,0.33936618294155,0.38237196524812,0.378620641457754,ndgain_combined_vuln_readiness,ndgain_vulnerability,0.38237196524812,0.378620641457754,0.988433243596044,0.993245798225,0.336004358180804,0.33936618294155,0.988433243596044,0.993245798225
2016,other_shellfish_specialty,0.384566785329012,0.359888874037003,0.461646705014418,0.428408493263236,0.979820796718846,0.93488853825205,0.979820796718846,0.93488853825205,0.392486857409867,0.38495377717421,0.471154221833572,0.458245529530426,ndgain_combined_vuln_readiness,ndgain_vulnerability,0.471154221833572,0.458245529530426,0.979820796718846,0.93488853825205,0.392486857409867,0.38495377717421,0.979820796718846,0.93488853825205
2016,oysters,0.344412155317912,0.339794881359875,0.386242036903892,0.37573391811496,0.972690549493115,0.98011509992951,0.972690549493115,0.98011509992951,0.354081938492557,0.346688752560095,0.397086244032256,0.383356932407207,ndgain_combined_vuln_readiness,ndgain_vulnerability,0.397086244032256,0.383356932407207,0.972690549493115,0.98011509992951,0.354081938492557,0.346688752560095,0.972690549493115,0.98011509992951
2016,pangasius_basa_swai,0.470299760690897,0.470300785396312,0.536122098865841,0.536123044056606,1,1,1,1,0.470299760690897,0.470300785396312,0.536122098865841,0.536123044056606,ndgain_combined_vuln_readiness,ndgain_vulnerability,0.536122098865841,0.536123044056606,1,1,0.470299760690897,0.470300785396312,1,1
2016,pollock,0.388171163630131,0.386113754902364,0.467645779048305,0.463668616281343,1,1,1,1,0.388171163630131,0.386113754902364,0.467645779048305,0.463668616281342,ndgain_combined_vuln_readiness,ndgain_vulnerability,0.467645779048305,0.463668616281342,1,1,0.388171163630131,0.386113754902364,1,1
2016,reef_fish_other,0.342289426019274,0.351222899555469,0.420467951683071,0.430545713059664,0.962396825058079,0.974208840181157,0.962396825058079,0.974208840181157,0.355663502940814,0.360521158369039,0.436896652955704,0.441943960372606,ndgain_combined_vuln_readiness,ndgain_vulnerability,0.436896652955704,0.441943960372606,0.962396825058079,0.974208840181157,0.355663502940814,0.360521158369039,0.962396825058079,0.974208840181157
2016,sablefish,0.283965706953619,0.284981576583719,0.312382373462986,0.314372879774944,1,1,1,1,0.283965706953619,0.284981576583719,0.312382373462986,0.314372879774944,ndgain_combined_vuln_readiness,ndgain_vulnerability,0.312382373462986,0.314372879774944,1,1,0.283965706953619,0.284981576583719,1,1
2016,salmon,0.303949927610839,0.302068343241423,0.34255092578984,0.338612690706285,0.958720485337824,0.959088145439968,0.958720485337824,0.959088145439968,0.317037063731601,0.314953682492712,0.357300100528399,0.353056903389157,ndgain_combined_vuln_readiness,ndgain_vulnerability,0.357300100528399,0.353056903389157,0.958720485337824,0.959088145439968,0.317037063731601,0.314953682492712,0.958720485337824,0.959088145439968
2016,scallops,0.370776470036109,0.352107579834769,0.431136823176479,0.389045195598621,0.994624895707721,0.98705530881679,0.994624895707721,0.98705530881679,0.372780202502657,0.356725278400913,0.433466752176664,0.394147310817851,ndgain_combined_vuln_readiness,ndgain_vulnerability,0.433466752176664,0.394147310817851,0.994624895707721,0.98705530881679,0.372780202502657,0.356725278400913,0.994624895707721,0.98705530881679
2016,sea_cucumber_urchin_other_inverts,0.30131181414194,0.333427863161042,0.339851968455609,0.392786480663856,0.957509687621267,0.910183483356859,0.957509687621267,0.910183483356859,0.314682783931394,0.366330382014099,0.354933190597685,0.431546482490778,ndgain_combined_vuln_readiness,ndgain_vulnerability,0.354933190597685,0.431546482490778,0.957509687621267,0.910183483356859,0.314682783931394,0.366330382014099,0.957509687621267,0.910183483356859
2016,sharks_rays_skates,0.313804067031236,0.265333139723435,0.374926509114197,0.29068867869873,0.946087649931887,0.809097276359384,0.946087649931887,0.809097276359384,0.331686040985555,0.327937254859303,0.396291516056879,0.359275314838178,ndgain_combined_vuln_readiness,ndgain_vulnerability,0.396291516056879,0.359275314838178,0.946087649931887,0.809097276359384,0.331686040985555,0.327937254859303,0.946087649931887,0.809097276359384
2016,shrimp,0.461572064591027,0.462995701026518,0.548307684994348,0.549041511904236,0.999631805817741,0.999570393749295,0.999631805817741,0.999570393749295,0.46174207533687,0.46319469236165,0.548509643053833,0.54927748494514,ndgain_combined_vuln_readiness,ndgain_vulnerability,0.548509643053833,0.54927748494514,0.999631805817741,0.999570393749295,0.46174207533687,0.46319469236165,0.999631805817741,0.999570393749295
2016,small_pelagics_other,0.371086414319109,0.369803125669429,0.446236468398307,0.444192738170497,0.999754504219894,0.999489816546122,0.999754504219894,0.999489816546122,0.371177536838073,0.369991889409474,0.446346044468691,0.444419473632525,ndgain_combined_vuln_readiness,ndgain_vulnerability,0.446346044468691,0.444419473632525,0.999754504219894,0.999489816546122,0.371177536838073,0.369991889409474,0.999754504219894,0.999489816546122
2016,snapper_grouper,0.395776806402704,0.394611579742344,0.51600812455534,0.514222434440201,0.999947171225264,0.999904988645618,0.999947171225264,0.999904988645618,0.395797715911078,0.39464907588555,0.516035386072506,0.514271296052559,ndgain_combined_vuln_readiness,ndgain_vulnerability,0.516035386072506,0.514271296052559,0.999947171225264,0.999904988645618,0.395797715911078,0.39464907588555,0.999947171225264,0.999904988645618
2016,squid_octopus,0.364643136807449,0.368104770398584,0.432291851080948,0.436677427288759,0.928904129165175,0.946815212917255,0.928904129165175,0.946815212917255,0.392551960270821,0.388782061564481,0.465378328621983,0.46120660222949,ndgain_combined_vuln_readiness,ndgain_vulnerability,0.465378328621983,0.46120660222949,0.928904129165175,0.946815212917255,0.392551960270821,0.388782061564481,0.928904129165175,0.946815212917255
2016,swordfish,0.391977788925458,0.387335277796818,0.450461557539019,0.440003786519709,0.999179204930249,0.998998240080333,0.999179204930249,0.998998240080333,0.39229978665621,0.387723683843198,0.450831597891856,0.440445006674213,ndgain_combined_vuln_readiness,ndgain_vulnerability,0.450831597891856,0.440445006674213,0.999179204930249,0.998998240080333,0.39229978665621,0.387723683843198,0.999179204930249,0.998998240080333
2016,tilapia,0.371483354249853,0.384745389715369,0.454082919781662,0.471892508396483,0.937324000247603,0.958273324257094,0.937324000247603,0.958273324257094,0.396323314192021,0.401498591243416,0.484446060979673,0.492440409694509,ndgain_combined_vuln_readiness,ndgain_vulnerability,0.484446060979673,0.492440409694509,0.937324000247603,0.958273324257094,0.396323314192021,0.401498591243416,0.937324000247603,0.958273324257094
2016,toothfish,0.311742600962057,0.295276164744313,0.35429251674835,0.328411437866459,0.87408026495814,0.829475337945608,0.87408026495814,0.829475337945608,0.356652144499552,0.355979438129691,0.405331788111377,0.395926705524299,ndgain_combined_vuln_readiness,ndgain_vulnerability,0.405331788111377,0.395926705524299,0.87408026495814,0.829475337945608,0.356652144499552,0.355979438129691,0.87408026495814,0.829475337945608
2016,trout,0.302026854398148,0.304726670854732,0.323702581051843,0.328601528300251,0.999731045370497,0.999593669772315,0.999731045370497,0.999593669772315,0.302108107772344,0.304850540844403,0.32378966578144,0.328735103309626,ndgain_combined_vuln_readiness,ndgain_vulnerability,0.32378966578144,0.328735103309626,0.999731045370497,0.999593669772315,0.302108107772344,0.304850540844403,0.999731045370497,0.999593669772315
2016,tuna,0.43718024788288,0.434110797926439,0.507283257282299,0.50450700118208,0.992021316948609,0.986152047631673,0.992021316948609,0.986152047631673,0.440696424979674,0.440206760173537,0.511363262679342,0.511591495848633,ndgain_combined_vuln_readiness,ndgain_vulnerability,0.511363262679342,0.511591495848633,0.992021316948609,0.986152047631673,0.440696424979674,0.440206760173537,0.992021316948609,0.986152047631673
2017,catfish_other,0.389022804955182,0.387749182805575,0.467883046635652,0.466826451485589,1,1,1,1,0.389022804955182,0.387749182805575,0.467883046635652,0.466826451485589,ndgain_combined_vuln_readiness,ndgain_vulnerability,0.467883046635652,0.466826451485589,1,1,0.389022804955182,0.387749182805575,1,1
2017,clams,0.376825979149326,0.355777130381121,0.442799840554126,0.411682413770736,1,1,1,1,0.376825979149325,0.355777130381121,0.442799840554126,0.411682413770736,ndgain_combined_vuln_readiness,ndgain_vulnerability,0.442799840554126,0.411682413770736,1,1,0.376825979149325,0.355777130381121,1,1
2017,cod,0.35981535390577,0.355231113259283,0.417024307459486,0.405713081223575,0.991173036259256,0.99481713168357,0.991173036259256,0.99481713168357,0.363019715774084,0.357081821317362,0.420738147834772,0.407826793791709,ndgain_combined_vuln_readiness,ndgain_vulnerability,0.420738147834772,0.407826793791709,0.991173036259256,0.99481713168357,0.363019715774084,0.357081821317362,0.991173036259256,0.99481713168357
2017,crab,0.347472235956309,0.355244956524846,0.408016438376519,0.417314963287078,0.995825950471548,0.996786328197206,0.995825950471548,0.996786328197206,0.348928681555017,0.356390277911761,0.409726657739049,0.418660400410824,ndgain_combined_vuln_readiness,ndgain_vulnerability,0.409726657739049,0.418660400410824,0.995825950471548,0.996786328197206,0.348928681555017,0.356390277911761,0.995825950471548,0.996786328197206
2017,crawfish_freshwater,0.373596866903651,0.379142422894894,0.450334620260852,0.453405045689027,1,1,1,1,0.373596866903652,0.379142422894894,0.450334620260852,0.453405045689027,ndgain_combined_vuln_readiness,ndgain_vulnerability,0.450334620260852,0.453405045689027,1,1,0.373596866903652,0.379142422894894,1,1
2017,eel_sturgeon_shad,0.380448160453671,0.373864109163945,0.454535519945626,0.446269412353935,0.986100521409927,0.971442876013011,0.986100521409927,0.971442876013011,0.385810728413069,0.384854445274596,0.460942378669195,0.459388218672734,ndgain_combined_vuln_readiness,ndgain_vulnerability,0.460942378669195,0.459388218672734,0.986100521409927,0.971442876013011,0.385810728413069,0.384854445274596,0.986100521409927,0.971442876013011
2017,flatfish,0.365203394341519,0.361314434713381,0.426228991387665,0.416672263687855,0.992657131212816,0.992221740814848,0.992657131212816,0.992221740814848,0.367904871539399,0.364146863398353,0.429381886237903,0.419938655391353,ndgain_combined_vuln_readiness,ndgain_vulnerability,0.429381886237903,0.419938655391353,0.992657131212816,0.992221740814848,0.367904871539399,0.364146863398353,0.992657131212816,0.992221740814848
2017,halibut,0.305032737398297,0.304307840587044,0.343138801562766,0.341167931800778,0.999963183626108,0.999949364173713,0.999963183626108,0.999949364173713,0.305043968011077,0.304323250246279,0.343151435154304,0.341185207995701,ndgain_combined_vuln_readiness,ndgain_vulnerability,0.343151435154304,0.341185207995701,0.999963183626108,0.999949364173713,0.305043968011077,0.304323250246279,0.999963183626108,0.999949364173713
2017,herring,0.296692836006946,0.299416015461195,0.323103904853421,0.326027272671528,1,1,1,1,0.296692836006946,0.299416015461195,0.323103904853421,0.326027272671528,ndgain_combined_vuln_readiness,ndgain_vulnerability,0.323103904853421,0.326027272671528,1,1,0.296692836006946,0.299416015461195,1,1
2017,inland_freshwater_other,0.313201025305825,0.30372935381439,0.359483258374126,0.345797399721468,0.994143648163802,0.998123293396292,0.994143648163802,0.998123293396292,0.315046045794602,0.304300436452993,0.36160092058939,0.346447580183037,ndgain_combined_vuln_readiness,ndgain_vulnerability,0.36160092058939,0.346447580183037,0.994143648163802,0.998123293396292,0.315046045794602,0.304300436452993,0.994143648163802,0.998123293396292
2017,large_pelagics_other,0.334981175660703,0.32020640336586,0.408966157580092,0.3913529254041,0.771524939304139,0.739448114684854,0.771524939304139,0.739448114684854,0.434180618921835,0.433034308975592,0.530075097700602,0.529250014479908,ndgain_combined_vuln_readiness,ndgain_vulnerability,0.530075097700602,0.529250014479908,0.771524939304139,0.739448114684854,0.434180618921835,0.433034308975592,0.771524939304139,0.739448114684854
2017,lobster,0.300507014927465,0.304588120672036,0.33787878787338,0.344039286398442,0.998566990133524,0.997089594492724,0.998566990133524,0.997089594492724,0.300938262426722,0.305477183148217,0.33836366634571,0.34504350290956,ndgain_combined_vuln_readiness,ndgain_vulnerability,0.33836366634571,0.34504350290956,0.998566990133524,0.997089594492724,0.300938262426722,0.305477183148217,0.998566990133524,0.997089594492724
2017,mackerel,0.352732955571815,0.36454037240835,0.396824541956858,0.407846131195924,0.971836050358351,0.983476561537052,0.971836050358351,0.983476561537052,0.362955207765496,0.370665033276053,0.408324574716624,0.414698374263756,ndgain_combined_vuln_readiness,ndgain_vulnerability,0.408324574716624,0.414698374263756,0.971836050358351,0.983476561537052,0.362955207765496,0.370665033276053,0.971836050358351,0.983476561537052
2017,mussels,0.309274144285745,0.308083801914599,0.327378900875659,0.313011446844245,0.999948943531016,0.999812524370067,0.999948943531016,0.999812524370067,0.309289935537746,0.308141570949722,0.327395616539801,0.313070139865929,ndgain_combined_vuln_readiness,ndgain_vulnerability,0.327395616539801,0.313070139865929,0.999948943531016,0.999812524370067,0.309289935537746,0.308141570949722,0.999948943531016,0.999812524370067
2017,other_groundfish,0.330973040655579,0.333976800063981,0.374106576072299,0.369167494211343,0.98793134276829,0.991769430993327,0.98793134276829,0.991769430993327,0.335016236784387,0.3367484312654,0.378676695309628,0.372231168530366,ndgain_combined_vuln_readiness,ndgain_vulnerability,0.378676695309628,0.372231168530366,0.98793134276829,0.991769430993327,0.335016236784387,0.3367484312654,0.98793134276829,0.991769430993327
2017,other_shellfish_specialty,0.390864480536068,0.377445279524117,0.4688162230455,0.453499801219697,0.972603101133245,0.935890432681489,0.972603101133245,0.935890432681489,0.401874598261763,0.40330071378406,0.482022134722017,0.484565057386408,ndgain_combined_vuln_readiness,ndgain_vulnerability,0.482022134722017,0.484565057386408,0.972603101133245,0.935890432681489,0.401874598261763,0.40330071378406,0.972603101133245,0.935890432681489
2017,oysters,0.345942511943641,0.340666091069829,0.38404892023488,0.373376191079712,0.977198680359064,0.983431208627735,0.977198680359064,0.983431208627735,0.354014509942366,0.346405613408577,0.393010068427195,0.379666811266561,ndgain_combined_vuln_readiness,ndgain_vulnerability,0.393010068427195,0.379666811266561,0.977198680359064,0.983431208627735,0.354014509942366,0.346405613408577,0.977198680359064,0.983431208627735
2017,pangasius_basa_swai,0.470672387799729,0.470672387799729,0.535358408324422,0.535358408324422,1,1,1,1,0.470672387799729,0.470672387799729,0.535358408324422,0.535358408324422,ndgain_combined_vuln_readiness,ndgain_vulnerability,0.535358408324422,0.535358408324422,1,1,0.470672387799729,0.470672387799729,1,1
2017,pollock,0.389767200817008,0.387793911072025,0.463838878058054,0.459460869245303,0.999657364486081,0.99958897034758,0.999657364486081,0.99958897034758,0.38990079467617,0.387953371411431,0.463997860203342,0.459649798942398,ndgain_combined_vuln_readiness,ndgain_vulnerability,0.463997860203342,0.459649798942398,0.999657364486081,0.99958897034758,0.38990079467617,0.387953371411431,0.999657364486081,0.99958897034758
2017,reef_fish_other,0.358299309382989,0.361046063845896,0.440601494147652,0.442145137491644,0.987345042007549,0.992232477923076,0.987345042007549,0.992232477923076,0.362891688456212,0.363872451143336,0.446248753375807,0.445606395002444,ndgain_combined_vuln_readiness,ndgain_vulnerability,0.446248753375807,0.445606395002444,0.987345042007549,0.992232477923076,0.362891688456212,0.363872451143336,0.987345042007549,0.992232477923076
2017,sablefish,0.285020739409644,0.286863698824511,0.314584309054415,0.3177648643929,1,1,1,1,0.285020739409644,0.286863698824511,0.314584309054415,0.3177648643929,ndgain_combined_vuln_readiness,ndgain_vulnerability,0.314584309054415,0.3177648643929,1,1,0.285020739409644,0.286863698824511,1,1
2017,salmon,0.30648676908671,0.305829580219545,0.34408696835938,0.342043349950571,0.965863990734275,0.96953221577711,0.965863990734275,0.96953221577711,0.317318765402684,0.315440348698897,0.356247848206657,0.352792144896818,ndgain_combined_vuln_readiness,ndgain_vulnerability,0.356247848206657,0.352792144896818,0.965863990734275,0.96953221577711,0.317318765402684,0.315440348698897,0.965863990734275,0.96953221577711
2017,scallops,0.366323649028504,0.35195822369855,0.42381853459904,0.392113791800335,0.994456571553326,0.991174954510048,0.994456571553326,0.991174954510048,0.368365657694144,0.355091926099493,0.42618103869236,0.395605024134374,ndgain_combined_vuln_readiness,ndgain_vulnerability,0.42618103869236,0.395605024134374,0.994456571553326,0.991174954510048,0.368365657694144,0.355091926099493,0.994456571553326,0.991174954510048
2017,sea_cucumber_urchin_other_inverts,0.288605805414209,0.351242252000226,0.302799154306365,0.398659448077058,0.996938908261632,0.987999221941668,0.996938908261632,0.987999221941668,0.289491966882357,0.355508632192995,0.303728896321598,0.403501783426095,ndgain_combined_vuln_readiness,ndgain_vulnerability,0.303728896321598,0.403501783426095,0.996938908261632,0.987999221941668,0.289491966882357,0.355508632192995,0.996938908261632,0.987999221941668
2017,sharks_rays_skates,0.269922094000895,0.289791905662074,0.323050078580499,0.326071622511683,0.718411913031067,0.835246967402444,0.718411913031067,0.835246967402444,0.375720515076177,0.346953556219791,0.449672496684404,0.390389471901635,ndgain_combined_vuln_readiness,ndgain_vulnerability,0.449672496684404,0.390389471901635,0.718411913031067,0.835246967402444,0.375720515076177,0.346953556219791,0.718411913031067,0.835246967402444
2017,shrimp,0.459403917552753,0.460547302415313,0.544887168138992,0.544983624119203,0.99957887897095,0.999583853985202,0.99957887897095,0.999583853985202,0.459597463709619,0.460739037129476,0.545116728256548,0.545210511300707,ndgain_combined_vuln_readiness,ndgain_vulnerability,0.545116728256548,0.545210511300707,0.99957887897095,0.999583853985202,0.459597463709619,0.460739037129476,0.99957887897095,0.999583853985202
2017,small_pelagics_other,0.363747715279759,0.364644991728758,0.438670365419516,0.438907892259011,0.998982603488952,0.998981335814214,0.998982603488952,0.998981335814214,0.364118167833321,0.365016821291817,0.439117121647021,0.439355447918636,ndgain_combined_vuln_readiness,ndgain_vulnerability,0.439117121647021,0.439355447918636,0.998982603488952,0.998981335814214,0.364118167833321,0.365016821291817,0.998982603488952,0.998981335814214
2017,snapper_grouper,0.395736569304842,0.394529759358713,0.517254981064686,0.515708465779146,0.999559863595934,0.99910385375556,0.999559863595934,0.99910385375556,0.39591082407128,0.394883632843276,0.517482744058822,0.516171030509626,ndgain_combined_vuln_readiness,ndgain_vulnerability,0.517482744058822,0.516171030509626,0.999559863595934,0.99910385375556,0.39591082407128,0.394883632843276,0.999559863595934,0.99910385375556
2017,squid_octopus,0.36426431940614,0.366688820402971,0.433004804889735,0.434767845566318,0.922081762050393,0.94154372637132,0.922081762050393,0.94154372637132,0.395045574479362,0.389454902765035,0.469594804615679,0.461760652627255,ndgain_combined_vuln_readiness,ndgain_vulnerability,0.469594804615679,0.461760652627255,0.922081762050393,0.94154372637132,0.395045574479362,0.389454902765035,0.922081762050393,0.94154372637132
2017,swordfish,0.396896386506644,0.391129151061537,0.464382032154631,0.448991530287444,0.993011479072682,0.992027594684939,0.993011479072682,0.992027594684939,0.399689625821127,0.39427245084423,0.467650215472122,0.452599839654703,ndgain_combined_vuln_readiness,ndgain_vulnerability,0.467650215472122,0.452599839654703,0.993011479072682,0.992027594684939,0.399689625821127,0.39427245084423,0.993011479072682,0.992027594684939
2017,tilapia,0.36922481553191,0.38422829506815,0.447610622559857,0.467731559582602,0.932607332960175,0.959057621402569,0.932607332960175,0.959057621402569,0.395905975090244,0.400631084612244,0.479956147394962,0.487699121663379,ndgain_combined_vuln_readiness,ndgain_vulnerability,0.479956147394962,0.487699121663379,0.932607332960175,0.959057621402569,0.395905975090244,0.400631084612244,0.932607332960175,0.959057621402569
2017,toothfish,0.30699478198904,0.30872271478147,0.335916874787941,0.337589690180525,0.86163076016844,0.865359786065835,0.86163076016844,0.865359786065835,0.356295058371669,0.356756484126687,0.389861748578094,0.390114835027521,ndgain_combined_vuln_readiness,ndgain_vulnerability,0.389861748578094,0.390114835027521,0.86163076016844,0.865359786065835,0.356295058371669,0.356756484126687,0.86163076016844,0.865359786065835
2017,trout,0.313322346603256,0.311001315322228,0.344533240681034,0.340151805303925,0.999970615104733,0.999899894056145,0.999970615104733,0.999899894056145,0.313331553818148,0.311032451519357,0.344543365051731,0.340185859930519,ndgain_combined_vuln_readiness,ndgain_vulnerability,0.344543365051731,0.340185859930519,0.999970615104733,0.999899894056145,0.313331553818148,0.311032451519357,0.999970615104733,0.999899894056145
2017,tuna,0.435247701932737,0.432608665031634,0.504167069488794,0.50171155229053,0.992240001017674,0.98673492668009,0.992240001017674,0.98673492668009,0.438651638198755,0.438424396800429,0.508110002591816,0.508456261884393,ndgain_combined_vuln_readiness,ndgain_vulnerability,0.508110002591816,0.508456261884393,0.992240001017674,0.98673492668009,0.438651638198755,0.438424396800429,0.992240001017674,0.98673492668009
2018,catfish_other,0.449920566846203,0.448367868955504,0.516707890461858,0.515352873794573,0.999749786369142,0.999638768285284,0.999749786369142,0.999638768285284,0.450033171279996,0.448529892177557,0.516837210176779,0.515539102868705,ndgain_combined_vuln_readiness,ndgain_vulnerability,0.516837210176779,0.515539102868705,0.999749786369142,0.999638768285284,0.450033171279996,0.448529892177557,0.999749786369142,0.999638768285284
2018,clams,0.379675387325538,0.358908923360331,0.44591787665926,0.416197517384963,0.999441250015323,0.999584315543514,0.999441250015323,0.999584315543514,0.379887649543899,0.359058178264009,0.446167172560092,0.416370596169928,ndgain_combined_vuln_readiness,ndgain_vulnerability,0.446167172560092,0.416370596169928,0.999441250015323,0.999584315543514,0.379887649543899,0.359058178264009,0.999441250015323,0.999584315543514
2018,cod,0.357717523129746,0.353032735610992,0.407891961301172,0.395951327664842,0.99507639722596,0.996176558293474,0.99507639722596,0.996176558293474,0.359487496766056,0.354387716386103,0.409910196280686,0.397471034997186,ndgain_combined_vuln_readiness,ndgain_vulnerability,0.409910196280686,0.397471034997186,0.99507639722596,0.996176558293474,0.359487496766056,0.354387716386103,0.99507639722596,0.996176558293474
2018,crab,0.35168489694767,0.359185545162522,0.41768303209259,0.425065472851694,0.992854709671091,0.994050244509455,0.992854709671091,0.994050244509455,0.354215872193601,0.361335402457221,0.420688976971221,0.427609645688942,ndgain_combined_vuln_readiness,ndgain_vulnerability,0.420688976971221,0.427609645688942,0.992854709671091,0.994050244509455,0.354215872193601,0.361335402457221,0.992854709671091,0.994050244509455
2018,crawfish_freshwater,0.372275770623571,0.37909393331068,0.452692201379575,0.454009534116189,1,1,1,1,0.372275770623571,0.37909393331068,0.452692201379575,0.454009534116189,ndgain_combined_vuln_readiness,ndgain_vulnerability,0.452692201379575,0.454009534116189,1,1,0.372275770623571,0.37909393331068,1,1
2018,eel_sturgeon_shad,0.377176432818004,0.377590456287289,0.45079869115316,0.451518859848702,0.984638315360527,0.984168905696916,0.984638315360527,0.984168905696916,0.383060893461068,0.383664281711793,0.457831758241197,0.458781879040336,ndgain_combined_vuln_readiness,ndgain_vulnerability,0.457831758241197,0.458781879040336,0.984638315360527,0.984168905696916,0.383060893461068,0.383664281711793,0.984638315360527,0.984168905696916
2018,flatfish,0.368448548355795,0.365772548046019,0.429530404355777,0.422201758114101,0.994511953485475,0.994050885338141,0.994511953485475,0.994050885338141,0.370481769539813,0.367961593758449,0.431900695462129,0.424728516760471,ndgain_combined_vuln_readiness,ndgain_vulnerability,0.431900695462129,0.424728516760471,0.994511953485475,0.994050885338141,0.370481769539813,0.367961593758449,0.994511953485475,0.994050885338141
2018,halibut,0.306033258445437,0.306325019956798,0.347235946804186,0.346152836344918,0.993583353628007,0.996549320619599,0.993583353628007,0.996549320619599,0.308009647432172,0.307385709486352,0.349478426280267,0.347351434778662,ndgain_combined_vuln_readiness,ndgain_vulnerability,0.349478426280267,0.347351434778662,0.993583353628007,0.996549320619599,0.308009647432172,0.307385709486352,0.993583353628007,0.996549320619599
2018,herring,0.302659041685408,0.304734427113429,0.331923349982866,0.333756634632505,1,1,1,1,0.302659041685408,0.304734427113429,0.331923349982867,0.333756634632505,ndgain_combined_vuln_readiness,ndgain_vulnerability,0.331923349982867,0.333756634632505,1,1,0.302659041685408,0.304734427113429,1,1
2018,inland_freshwater_other,0.317785334336539,0.30764589580049,0.366326183728556,0.352550389237664,0.998502663245372,0.999356927407577,0.998502663245372,0.999356927407577,0.318261879546381,0.307843861750727,0.366875519928919,0.352777250618767,ndgain_combined_vuln_readiness,ndgain_vulnerability,0.366875519928919,0.352777250618767,0.998502663245372,0.999356927407577,0.318261879546381,0.307843861750727,0.998502663245372,0.999356927407577
2018,large_pelagics_other,0.399804219841329,0.393530582213644,0.490818904246612,0.482078641314496,0.926021458454,0.910207017316433,0.926021458454,0.910207017316433,0.431744012183913,0.432352832626902,0.530029730699803,0.529636260919862,ndgain_combined_vuln_readiness,ndgain_vulnerability,0.530029730699803,0.529636260919862,0.926021458454,0.910207017316433,0.431744012183913,0.432352832626902,0.926021458454,0.910207017316433
2018,lobster,0.301088298567091,0.305757722272134,0.342271621839102,0.349872989382725,0.998485602527523,0.996677444726523,0.998485602527523,0.996677444726523,0.30154495748855,0.306777005830638,0.342790743274305,0.351039336983016,ndgain_combined_vuln_readiness,ndgain_vulnerability,0.342790743274305,0.351039336983016,0.998485602527523,0.996677444726523,0.30154495748855,0.306777005830638,0.998485602527523,0.996677444726523
2018,mackerel,0.347585483284345,0.356410549276794,0.390071434736465,0.398308467212707,0.968014073923903,0.976781561718573,0.968014073923903,0.976781561718573,0.359070691891273,0.364882552297278,0.402960499484565,0.407776398350429,ndgain_combined_vuln_readiness,ndgain_vulnerability,0.402960499484565,0.407776398350429,0.968014073923903,0.976781561718573,0.359070691891273,0.364882552297278,0.968014073923903,0.976781561718573
2018,mussels,0.307207410084653,0.30663503820104,0.334720918104159,0.32256050589064,0.999978687376165,0.999919562414861,0.999978687376165,0.999919562414861,0.307213957620169,0.306659705167183,0.334728052037219,0.322586453965996,ndgain_combined_vuln_readiness,ndgain_vulnerability,0.334728052037219,0.322586453965996,0.999978687376165,0.999919562414861,0.307213957620169,0.306659705167183,0.999978687376165,0.999919562414861
2018,other_groundfish,0.328766351622884,0.332200871041523,0.370981309913492,0.365520502407823,0.986244640874468,0.990008726670022,0.986244640874468,0.990008726670022,0.333351724305826,0.335553477552576,0.376155463399584,0.369209374181258,ndgain_combined_vuln_readiness,ndgain_vulnerability,0.376155463399584,0.369209374181258,0.986244640874468,0.990008726670022,0.333351724305826,0.335553477552576,0.986244640874468,0.990008726670022
2018,other_shellfish_specialty,0.398190479466703,0.382383328132251,0.474418686442152,0.456672046878234,0.975292487684729,0.936338190934037,0.975292487684729,0.936338190934037,0.408278013513646,0.408381642268386,0.486437343087084,0.487721264923183,ndgain_combined_vuln_readiness,ndgain_vulnerability,0.486437343087084,0.487721264923183,0.975292487684729,0.936338190934037,0.408278013513646,0.408381642268386,0.975292487684729,0.936338190934037
2018,oysters,0.351499775858659,0.345952612492424,0.394776701673327,0.383586239867237,0.980457899048423,0.983216171957963,0.980457899048423,0.983216171957963,0.358505731046489,0.351858138992464,0.402645235513401,0.3901341849406,ndgain_combined_vuln_readiness,ndgain_vulnerability,0.402645235513401,0.3901341849406,0.980457899048423,0.983216171957963,0.358505731046489,0.351858138992464,0.980457899048423,0.983216171957963
2018,pangasius_basa_swai,0.466817745823668,0.466813047195348,0.531021948762403,0.531017959083101,1,1,1,1,0.466817745823668,0.466813047195348,0.531021948762403,0.531017959083101,ndgain_combined_vuln_readiness,ndgain_vulnerability,0.531021948762403,0.531017959083101,1,1,0.466817745823668,0.466813047195348,1,1
2018,pollock,0.38939675050592,0.388513640717036,0.46166090623418,0.459038005160137,0.999567814363509,0.99949579622223,0.999567814363509,0.99949579622223,0.38956511495308,0.388709629580726,0.461860515715134,0.459269570612655,ndgain_combined_vuln_readiness,ndgain_vulnerability,0.461860515715134,0.459269570612655,0.999567814363509,0.99949579622223,0.38956511495308,0.388709629580726,0.999567814363509,0.99949579622223
2018,reef_fish_other,0.352784045955113,0.354946754987509,0.426394505372237,0.427490938772799,0.986496581637421,0.990422278439026,0.986496581637421,0.990422278439026,0.357613044507007,0.358379211286452,0.432231102782427,0.431624922095405,ndgain_combined_vuln_readiness,ndgain_vulnerability,0.432231102782427,0.431624922095405,0.986496581637421,0.990422278439026,0.357613044507007,0.358379211286452,0.986496581637421,0.990422278439026
2018,sablefish,0.291952648566555,0.287263160193542,0.330187644139973,0.321145776249125,1,1,1,1,0.291952648566555,0.287263160193542,0.330187644139973,0.321145776249125,ndgain_combined_vuln_readiness,ndgain_vulnerability,0.330187644139973,0.321145776249125,1,1,0.291952648566555,0.287263160193542,1,1
2018,salmon,0.308254997771519,0.305718955039997,0.349005068215079,0.344386126554033,0.972983133515578,0.973954727568982,0.972983133515578,0.973954727568982,0.316814328176207,0.313894420742821,0.358695907660861,0.353595620828938,ndgain_combined_vuln_readiness,ndgain_vulnerability,0.358695907660861,0.353595620828938,0.972983133515578,0.973954727568982,0.316814328176207,0.313894420742821,0.972983133515578,0.973954727568982
2018,scallops,0.363726817465615,0.345996798852417,0.432092483106273,0.397785635002825,0.991171305980685,0.98563925304509,0.991171305980685,0.98563925304509,0.366966653767016,0.351037966257405,0.435941275235719,0.403581364859286,ndgain_combined_vuln_readiness,ndgain_vulnerability,0.435941275235719,0.403581364859286,0.991171305980685,0.98563925304509,0.366966653767016,0.351037966257405,0.991171305980685,0.98563925304509
2018,sea_cucumber_urchin_other_inverts,0.28405882398782,0.338763394077755,0.295793372232268,0.389264673553533,0.996625496137076,0.975779934671049,0.996625496137076,0.975779934671049,0.285020627195304,0.347171920676928,0.296794907795118,0.398926704395454,ndgain_combined_vuln_readiness,ndgain_vulnerability,0.296794907795118,0.398926704395454,0.996625496137076,0.975779934671049,0.285020627195304,0.347171920676928,0.996625496137076,0.975779934671049
2018,sharks_rays_skates,0.313333927184144,0.243778933575296,0.37829545100016,0.301113696465813,0.983550056536488,0.741776783177039,0.983550056536488,0.741776783177039,0.318574459024008,0.32864190293364,0.384622468867832,0.405935725267835,ndgain_combined_vuln_readiness,ndgain_vulnerability,0.384622468867832,0.405935725267835,0.983550056536488,0.741776783177039,0.318574459024008,0.32864190293364,0.983550056536488,0.741776783177039
2018,shrimp,0.457904888463546,0.458196124712503,0.543021205325789,0.541871504009952,0.999560783302621,0.999443592828254,0.999560783302621,0.999443592828254,0.458106096310217,0.458451210253783,0.54325981410716,0.542173173051767,ndgain_combined_vuln_readiness,ndgain_vulnerability,0.54325981410716,0.542173173051767,0.999560783302621,0.999443592828254,0.458106096310217,0.458451210253783,0.999560783302621,0.999443592828254
2018,small_pelagics_other,0.36560772185126,0.357602475907726,0.450965215447956,0.437969246899015,0.99955222354111,0.999565437075208,0.99955222354111,0.999565437075208,0.365771505720855,0.357757944246345,0.451167237515938,0.438159654840148,ndgain_combined_vuln_readiness,ndgain_vulnerability,0.451167237515938,0.438159654840148,0.99955222354111,0.999565437075208,0.365771505720855,0.357757944246345,0.99955222354111,0.999565437075208
2018,snapper_grouper,0.396011169477707,0.395460019886745,0.52500383864443,0.524082422976941,1,1,1,1,0.396011169477707,0.395460019886745,0.52500383864443,0.524082422976941,ndgain_combined_vuln_readiness,ndgain_vulnerability,0.52500383864443,0.524082422976941,1,1,0.396011169477707,0.395460019886745,1,1
2018,squid_octopus,0.369997960559827,0.364851690470598,0.439220370873595,0.432662872254648,0.938160035320152,0.944898802263129,0.938160035320152,0.944898802263129,0.394386828078392,0.38612779442279,0.468172118122371,0.457893343941569,ndgain_combined_vuln_readiness,ndgain_vulnerability,0.468172118122371,0.457893343941569,0.938160035320152,0.944898802263129,0.394386828078392,0.38612779442279,0.938160035320152,0.944898802263129
2018,swordfish,0.404097350872907,0.399765596013885,0.485769087449693,0.469445336191612,0.994568500176964,0.993464188469522,0.994568500176964,0.993464188469522,0.406304192019962,0.402395577670236,0.488421951191154,0.472533727576848,ndgain_combined_vuln_readiness,ndgain_vulnerability,0.488421951191154,0.472533727576848,0.994568500176964,0.993464188469522,0.406304192019962,0.402395577670236,0.994568500176964,0.993464188469522
2018,tilapia,0.370525043388588,0.381038766743871,0.447716373379808,0.46236154901616,0.941077816351196,0.957499071549444,0.941077816351196,0.957499071549444,0.393724128813503,0.397952100493703,0.475748514735711,0.482884592533294,ndgain_combined_vuln_readiness,ndgain_vulnerability,0.475748514735711,0.482884592533294,0.941077816351196,0.957499071549444,0.393724128813503,0.397952100493703,0.941077816351196,0.957499071549444
2018,toothfish,0.295251752010195,0.297556267101038,0.334440670699939,0.33692509714625,0.832458277788705,0.840003946006971,0.832458277788705,0.840003946006971,0.354674534313582,0.354231987260889,0.401750669821349,0.401099421910876,ndgain_combined_vuln_readiness,ndgain_vulnerability,0.401750669821349,0.401099421910876,0.832458277788705,0.840003946006971,0.354674534313582,0.354231987260889,0.832458277788705,0.840003946006971
2018,trout,0.319817139640598,0.322539686277401,0.358361575287611,0.36251792090037,1,1,1,1,0.319817139640598,0.322539686277401,0.358361575287611,0.36251792090037,ndgain_combined_vuln_readiness,ndgain_vulnerability,0.358361575287611,0.36251792090037,1,1,0.319817139640598,0.322539686277401,1,1
2018,tuna,0.43678131693885,0.434372029248089,0.503349344968299,0.501853604248833,0.991931373883352,0.986986256671335,0.991931373883352,0.986986256671335,0.440334209037947,0.44009936948163,0.507443718608997,0.508470711579472,ndgain_combined_vuln_readiness,ndgain_vulnerability,0.507443718608997,0.508470711579472,0.991931373883352,0.986986256671335,0.440334209037947,0.44009936948163,0.991931373883352,0.986986256671335
2019,catfish_other,0.458898864208012,0.456002696658117,0.515442695523601,0.512051201233926,0.999068204118663,0.998756845210946,0.999068204118663,0.998756845210946,0.459326863087224,0.456570284193452,0.515923430851554,0.512688552463214,ndgain_combined_vuln_readiness,ndgain_vulnerability,0.515923430851554,0.512688552463214,0.999068204118663,0.998756845210946,0.459326863087224,0.456570284193452,0.999068204118663,0.998756845210946
2019,clams,0.380032969580242,0.356154622758909,0.428790508384657,0.402296579432621,0.999402748202153,0.999689025498532,0.999402748202153,0.999689025498532,0.380260080597028,0.356265412217864,0.429046757331834,0.402421722327102,ndgain_combined_vuln_readiness,ndgain_vulnerability,0.429046757331834,0.402421722327102,0.999402748202153,0.999689025498532,0.380260080597028,0.356265412217864,0.999402748202153,0.999689025498532
2019,cod,0.360361627234095,0.354393499779468,0.391787722521463,0.379971407650107,0.998780606049525,0.999368942703858,0.998780606049525,0.999368942703858,0.360801586506002,0.354617283603625,0.39226604936904,0.380211342792052,ndgain_combined_vuln_readiness,ndgain_vulnerability,0.39226604936904,0.380211342792052,0.998780606049525,0.999368942703858,0.360801586506002,0.354617283603625,0.998780606049525,0.999368942703858
2019,crab,0.339482499194515,0.341917969808089,0.401563651047778,0.404582131107118,0.988216374226771,0.989578706690242,0.988216374226771,0.989578706690242,0.3435305344542,0.345518721751473,0.406351950363078,0.408842801862914,ndgain_combined_vuln_readiness,ndgain_vulnerability,0.406351950363078,0.408842801862914,0.988216374226771,0.989578706690242,0.3435305344542,0.345518721751473,0.988216374226771,0.989578706690242
2019,crawfish_freshwater,0.376768404963579,0.378106222515942,0.44395617479161,0.433008442285482,1,1,1,1,0.376768404963579,0.378106222515943,0.44395617479161,0.433008442285482,ndgain_combined_vuln_readiness,ndgain_vulnerability,0.44395617479161,0.433008442285482,1,1,0.376768404963579,0.378106222515943,1,1
2019,eel_sturgeon_shad,0.373171150063616,0.376889575480218,0.414448069771919,0.419014537170774,0.971785862850369,0.98155880320594,0.971785862850369,0.98155880320594,0.384005534891255,0.383970450113872,0.426480859225808,0.426886841422236,ndgain_combined_vuln_readiness,ndgain_vulnerability,0.426480859225808,0.426886841422236,0.971785862850369,0.98155880320594,0.384005534891255,0.383970450113872,0.971785862850369,0.98155880320594
2019,flatfish,0.360803474860606,0.357739914091202,0.401353483876674,0.395215345840894,0.988115957141412,0.986143938744609,0.988115957141412,0.986143938744609,0.365142848117137,0.362766427938112,0.406180550952519,0.400768417584167,ndgain_combined_vuln_readiness,ndgain_vulnerability,0.406180550952519,0.400768417584167,0.988115957141412,0.986143938744609,0.365142848117137,0.362766427938112,0.988115957141412,0.986143938744609
2019,halibut,0.298022112344331,0.295015582931217,0.334370023472722,0.328271971989927,0.99326611380886,0.99588566563143,0.99326611380886,0.99588566563143,0.300042564828382,0.296234390264233,0.336636898031807,0.32962817250893,ndgain_combined_vuln_readiness,ndgain_vulnerability,0.336636898031807,0.32962817250893,0.99326611380886,0.99588566563143,0.300042564828382,0.296234390264233,0.99326611380886,0.99588566563143
2019,herring,0.298691203948943,0.303279758643391,0.329624379374384,0.333537811265657,0.999944071936353,0.999804765257066,0.999944071936353,0.999804765257066,0.298707910103951,0.303338980951359,0.329642815658759,0.333602942150309,ndgain_combined_vuln_readiness,ndgain_vulnerability,0.329642815658759,0.333602942150309,0.999944071936353,0.999804765257066,0.298707910103951,0.303338980951359,0.999944071936353,0.999804765257066
2019,inland_freshwater_other,0.31265742018215,0.304325533560708,0.361267495113747,0.349449857832301,0.986212562755867,0.995649574873901,0.986212562755867,0.995649574873901,0.317028429762101,0.305655263900706,0.36631808269023,0.350976755929975,ndgain_combined_vuln_readiness,ndgain_vulnerability,0.36631808269023,0.350976755929975,0.986212562755867,0.995649574873901,0.317028429762101,0.305655263900706,0.986212562755867,0.995649574873901
2019,large_pelagics_other,0.376959879650491,0.371209190334158,0.462939719863441,0.456250934737713,0.87417658029008,0.862244375680548,0.87417658029008,0.862244375680548,0.431217088343186,0.430515061395642,0.529572320171083,0.529143416421366,ndgain_combined_vuln_readiness,ndgain_vulnerability,0.529572320171083,0.529143416421366,0.87417658029008,0.862244375680548,0.431217088343186,0.430515061395642,0.87417658029008,0.862244375680548
2019,lobster,0.299655692018778,0.305502517396919,0.342330193880339,0.351872553376563,0.998408759745087,0.996796387064601,0.998408759745087,0.996796387064601,0.300133276169658,0.306484374704219,0.342875791642436,0.353003439762426,ndgain_combined_vuln_readiness,ndgain_vulnerability,0.342875791642436,0.353003439762426,0.998408759745087,0.996796387064601,0.300133276169658,0.306484374704219,0.998408759745087,0.996796387064601
2019,mackerel,0.346056522078709,0.358744692332508,0.376740393914725,0.390829211814785,0.956716500297241,0.97247349086393,0.956716500297241,0.97247349086393,0.36171271423791,0.368899199518338,0.393784777201685,0.401891892670081,ndgain_combined_vuln_readiness,ndgain_vulnerability,0.393784777201685,0.401891892670081,0.956716500297241,0.97247349086393,0.36171271423791,0.368899199518338,0.956716500297241,0.97247349086393
2019,mussels,0.308947455107483,0.307375114490967,0.34779170492343,0.337095407199786,0.999991610234775,0.999971276314237,0.999991610234775,0.999971276314237,0.308950047125845,0.307383943690774,0.347794622838662,0.337105090100463,ndgain_combined_vuln_readiness,ndgain_vulnerability,0.347794622838662,0.337105090100463,0.999991610234775,0.999971276314237,0.308950047125845,0.307383943690774,0.999991610234775,0.999971276314237
2019,other_groundfish,0.32474768390241,0.326739079533817,0.360388725941695,0.352724715362733,0.979185409029372,0.986071654538539,0.979185409029372,0.986071654538539,0.331650860917463,0.331354296647665,0.36804952628832,0.357706981778926,ndgain_combined_vuln_readiness,ndgain_vulnerability,0.36804952628832,0.357706981778926,0.979185409029372,0.986071654538539,0.331650860917463,0.331354296647665,0.979185409029372,0.986071654538539
2019,other_shellfish_specialty,0.401824515980452,0.394308102034216,0.467122043733721,0.467459464036532,0.984460472189897,0.965450393125034,0.984460472189897,0.965450393125034,0.408167242191663,0.408418811408729,0.474495479432124,0.484187967983967,ndgain_combined_vuln_readiness,ndgain_vulnerability,0.474495479432124,0.484187967983967,0.984460472189897,0.965450393125034,0.408167242191663,0.408418811408729,0.984460472189897,0.965450393125034
2019,oysters,0.342222428817889,0.333551476202166,0.37009952871846,0.355170624586218,0.9796304998248,0.983735686859835,0.9796304998248,0.983735686859835,0.349338274869038,0.339066154311113,0.377795024536955,0.361042736713102,ndgain_combined_vuln_readiness,ndgain_vulnerability,0.377795024536955,0.361042736713102,0.9796304998248,0.983735686859835,0.349338274869038,0.339066154311113,0.9796304998248,0.983735686859835
2019,pangasius_basa_swai,0.469503882698385,0.469269169568102,0.527731551767767,0.527457799481782,1,1,1,1,0.469503882698385,0.469269169568102,0.527731551767767,0.527457799481782,ndgain_combined_vuln_readiness,ndgain_vulnerability,0.527731551767767,0.527457799481782,1,1,0.469503882698385,0.469269169568102,1,1
2019,pollock,0.393516159703108,0.391829104735285,0.440836775037401,0.438322153350616,0.999806191779594,0.999800133953598,0.999806191779594,0.999800133953598,0.393592441153693,0.391907433724619,0.440922229390016,0.438409776579365,ndgain_combined_vuln_readiness,ndgain_vulnerability,0.440922229390016,0.438409776579365,0.999806191779594,0.999800133953598,0.393592441153693,0.391907433724619,0.999806191779594,0.999800133953598
2019,reef_fish_other,0.348130392613364,0.351690342758701,0.420186718797252,0.423982060660308,0.977122799658973,0.982919466817289,0.977122799658973,0.982919466817289,0.356281106873021,0.35780178807271,0.430024474860173,0.431349744280851,ndgain_combined_vuln_readiness,ndgain_vulnerability,0.430024474860173,0.431349744280851,0.977122799658973,0.982919466817289,0.356281106873021,0.35780178807271,0.977122799658973,0.982919466817289
2019,sablefish,0.288523855827944,0.285119473072975,0.32594076543246,0.319469619589801,1,1,1,1,0.288523855827944,0.285119473072975,0.32594076543246,0.319469619589801,ndgain_combined_vuln_readiness,ndgain_vulnerability,0.32594076543246,0.319469619589801,1,1,0.288523855827944,0.285119473072975,1,1
2019,salmon,0.306278451294141,0.304804809839249,0.345518480819992,0.343252002853429,0.963366267513511,0.968019733713312,0.963366267513511,0.968019733713312,0.317925239467496,0.31487458284556,0.358657441589469,0.354591947766104,ndgain_combined_vuln_readiness,ndgain_vulnerability,0.358657441589469,0.354591947766104,0.963366267513511,0.968019733713312,0.317925239467496,0.31487458284556,0.963366267513511,0.968019733713312
2019,scallops,0.357900577399695,0.335388715647473,0.406126880610537,0.36878608770428,0.989353734706065,0.975427213405544,0.989353734706065,0.975427213405544,0.361751883926558,0.343837767737193,0.410497142087604,0.378076480372865,ndgain_combined_vuln_readiness,ndgain_vulnerability,0.410497142087604,0.378076480372865,0.989353734706065,0.975427213405544,0.361751883926558,0.343837767737193,0.989353734706065,0.975427213405544
2019,sea_cucumber_urchin_other_inverts,0.275654267165969,0.326103379204677,0.284770401890208,0.364434657988447,0.995485928988933,0.976610340418459,0.995485928988933,0.976610340418459,0.276904232534896,0.333913502354427,0.286061704738946,0.373162809060873,ndgain_combined_vuln_readiness,ndgain_vulnerability,0.286061704738946,0.373162809060873,0.995485928988933,0.976610340418459,0.276904232534896,0.333913502354427,0.995485928988933,0.976610340418459
2019,sharks_rays_skates,0.281471192126057,0.252918802186888,0.355450628254598,0.316078322216759,0.783652678650754,0.717813925441436,0.783652678650754,0.717813925441436,0.359178498069677,0.352345911973427,0.453581845552537,0.440334620176642,ndgain_combined_vuln_readiness,ndgain_vulnerability,0.453581845552537,0.440334620176642,0.783652678650754,0.717813925441436,0.359178498069677,0.352345911973427,0.783652678650754,0.717813925441436
2019,shrimp,0.456684006169723,0.456529597454569,0.541092218467906,0.539868479108147,0.999581613334744,0.999513898068022,0.999581613334744,0.999513898068022,0.456875156642949,0.456751625302063,0.541318698993218,0.540131037849167,ndgain_combined_vuln_readiness,ndgain_vulnerability,0.541318698993218,0.540131037849167,0.999581613334744,0.999513898068022,0.456875156642949,0.456751625302063,0.999581613334744,0.999513898068022
2019,small_pelagics_other,0.371200104152601,0.358786931561887,0.453037711936582,0.438257249808545,0.997227768028159,0.998666714742952,0.997227768028159,0.998666714742952,0.372232017652881,0.359265935537098,0.454297128962207,0.438842351846431,ndgain_combined_vuln_readiness,ndgain_vulnerability,0.454297128962207,0.438842351846431,0.997227768028159,0.998666714742952,0.372232017652881,0.359265935537098,0.997227768028159,0.998666714742952
2019,snapper_grouper,0.396461127343004,0.395379366904097,0.527570643719749,0.525844649556873,1,1,1,1,0.396461127343004,0.395379366904097,0.527570643719749,0.525844649556873,ndgain_combined_vuln_readiness,ndgain_vulnerability,0.527570643719749,0.525844649556873,1,1,0.396461127343004,0.395379366904097,1,1
2019,squid_octopus,0.366009769333496,0.36113984378176,0.423140618114308,0.418242144428198,0.932090038010197,0.934882788445273,0.932090038010197,0.934882788445273,0.392676409367967,0.386294248054713,0.453969681960787,0.447373884295958,ndgain_combined_vuln_readiness,ndgain_vulnerability,0.453969681960787,0.447373884295958,0.932090038010197,0.934882788445273,0.392676409367967,0.386294248054713,0.932090038010197,0.934882788445273
2019,swordfish,0.403428819018277,0.399335752249019,0.488939142428163,0.474184712112565,0.995579651343218,0.994678967828466,0.995579651343218,0.994678967828466,0.40522003284617,0.401471997664562,0.491110019945159,0.476721361815643,ndgain_combined_vuln_readiness,ndgain_vulnerability,0.491110019945159,0.476721361815643,0.995579651343218,0.994678967828466,0.40522003284617,0.401471997664562,0.995579651343218,0.994678967828466
2019,tilapia,0.360167837757084,0.373433111384623,0.41490030342394,0.438915601743247,0.916362068118219,0.938831972673085,0.916362068118219,0.938831972673085,0.393040971781711,0.39776352132679,0.452768963119515,0.46751241384925,ndgain_combined_vuln_readiness,ndgain_vulnerability,0.452768963119515,0.46751241384925,0.916362068118219,0.938831972673085,0.393040971781711,0.39776352132679,0.916362068118219,0.938831972673085
2019,toothfish,0.260923992878283,0.263643855849514,0.297065403889185,0.299861882473141,0.741659871650356,0.752712709996133,0.741659871650356,0.752712709996133,0.351810854074752,0.350258275631972,0.4005412929085,0.398374942379651,ndgain_combined_vuln_readiness,ndgain_vulnerability,0.4005412929085,0.398374942379651,0.741659871650356,0.752712709996133,0.351810854074752,0.350258275631972,0.741659871650356,0.752712709996133
2019,trout,0.314013537975075,0.318592060870223,0.352124817878431,0.360084847253623,1,1,1,1,0.314013537975075,0.318592060870223,0.352124817878431,0.360084847253623,ndgain_combined_vuln_readiness,ndgain_vulnerability,0.352124817878431,0.360084847253623,1,1,0.314013537975075,0.318592060870223,1,1
2019,tuna,0.4371245742928,0.43333632925768,0.501827024834222,0.499961025558363,0.990874345540128,0.985942048166709,0.990874345540128,0.985942048166709,0.441150360043404,0.43951501009967,0.506448700678263,0.507089667681793,ndgain_combined_vuln_readiness,ndgain_vulnerability,0.506448700678263,0.507089667681793,0.990874345540128,0.985942048166709,0.441150360043404,0.43951501009967,0.990874345540128,0.985942048166709
2020,catfish_other,0.45794557207461,0.452231901790054,0.505102826088147,0.498514958549059,1,1,1,1,0.45794557207461,0.452231901790054,0.505102826088147,0.498514958549059,ndgain_combined_vuln_readiness,ndgain_vulnerability,0.505102826088147,0.498514958549059,1,1,0.45794557207461,0.452231901790054,1,1
2020,clams,0.383117670026911,0.360999335799862,0.43065693395581,0.407646143289148,0.999443496219191,0.999627046140523,0.999443496219191,0.999627046140523,0.383330995175027,0.361134022127203,0.430896729614979,0.407798233214113,ndgain_combined_vuln_readiness,ndgain_vulnerability,0.430896729614979,0.407798233214113,0.999443496219191,0.999627046140523,0.383330995175027,0.361134022127203,0.999443496219191,0.999627046140523
2020,cod,0.358362912204773,0.350419586132084,0.387018633869686,0.371995193687214,0.998975185047851,0.999196250263603,0.998975185047851,0.999196250263603,0.358730544630703,0.350701462339994,0.387415663234064,0.372294425233357,ndgain_combined_vuln_readiness,ndgain_vulnerability,0.387415663234064,0.372294425233357,0.998975185047851,0.999196250263603,0.358730544630703,0.350701462339994,0.998975185047851,0.999196250263603
2020,crab,0.334504938156228,0.33572338448917,0.396415455393008,0.3996491624134,0.989134678066688,0.988475949376534,0.989134678066688,0.988475949376534,0.338179365837253,0.339637382883137,0.400769949920087,0.40430843326585,ndgain_combined_vuln_readiness,ndgain_vulnerability,0.400769949920087,0.40430843326585,0.989134678066688,0.988475949376534,0.338179365837253,0.339637382883137,0.989134678066688,0.988475949376534
2020,crawfish_freshwater,0.360110898054971,0.367073639968241,0.420624032715302,0.416825050621086,1,1,1,1,0.360110898054971,0.367073639968241,0.420624032715302,0.416825050621086,ndgain_combined_vuln_readiness,ndgain_vulnerability,0.420624032715302,0.416825050621086,1,1,0.360110898054971,0.367073639968241,1,1
2020,eel_sturgeon_shad,0.370776248295244,0.373890161952176,0.407514244002926,0.409729689672306,0.947714908594375,0.956146956678725,0.947714908594375,0.956146956678725,0.391231840855146,0.39103838519857,0.429996658602048,0.428521668986475,ndgain_combined_vuln_readiness,ndgain_vulnerability,0.429996658602048,0.428521668986475,0.947714908594375,0.956146956678725,0.391231840855146,0.39103838519857,0.947714908594375,0.956146956678725
2020,flatfish,0.3643006806194,0.359190101620092,0.398307292658483,0.391222257448844,0.989017113973657,0.984440845421007,0.989017113973657,0.984440845421007,0.368346184785133,0.364867125628539,0.40273043512682,0.397405551860796,ndgain_combined_vuln_readiness,ndgain_vulnerability,0.40273043512682,0.397405551860796,0.989017113973657,0.984440845421007,0.368346184785133,0.364867125628539,0.989017113973657,0.984440845421007
2020,halibut,0.300133011349523,0.296672621208524,0.341111410633052,0.33374167024466,0.999976885179507,0.999970183974864,0.999976885179507,0.999970183974864,0.300139949030567,0.296681467070604,0.341119295544335,0.333751621391392,ndgain_combined_vuln_readiness,ndgain_vulnerability,0.341119295544335,0.333751621391392,0.999976885179507,0.999970183974864,0.300139949030567,0.296681467070604,0.999976885179507,0.999970183974864
2020,herring,0.302703987067631,0.305149783280345,0.338033002962224,0.3381479851599,0.999968375424694,0.999901008946471,0.999968375424694,0.999901008946471,0.302713560255413,0.305179993369405,0.338043693450464,0.338181462099117,ndgain_combined_vuln_readiness,ndgain_vulnerability,0.338043693450464,0.338181462099117,0.999968375424694,0.999901008946471,0.302713560255413,0.305179993369405,0.999968375424694,0.999901008946471
2020,inland_freshwater_other,0.323963767727844,0.308522805518356,0.377163799136679,0.356822975153878,0.986916531417361,0.995757331941692,0.986916531417361,0.995757331941692,0.328258527864138,0.309837342514715,0.382163827568087,0.358343306855783,ndgain_combined_vuln_readiness,ndgain_vulnerability,0.382163827568087,0.358343306855783,0.986916531417361,0.995757331941692,0.328258527864138,0.309837342514715,0.986916531417361,0.995757331941692
2020,large_pelagics_other,0.37129729961789,0.366023608700968,0.454083311573591,0.448483840885293,0.856605562694987,0.84509760892708,0.856605562694987,0.84509760892708,0.433451889396729,0.433114003441171,0.530096150840988,0.530688805822891,ndgain_combined_vuln_readiness,ndgain_vulnerability,0.530096150840988,0.530688805822891,0.856605562694987,0.84509760892708,0.433451889396729,0.433114003441171,0.856605562694987,0.84509760892708
2020,lobster,0.302214763669656,0.309867215404465,0.349929059372142,0.362128208327583,0.997710844884996,0.995529080143804,0.997710844884996,0.995529080143804,0.302908167450552,0.311258828682036,0.350731939184722,0.363754525659133,ndgain_combined_vuln_readiness,ndgain_vulnerability,0.350731939184722,0.363754525659133,0.997710844884996,0.995529080143804,0.302908167450552,0.311258828682036,0.997710844884996,0.995529080143804
2020,mackerel,0.35739791898068,0.365103615950307,0.390921694257601,0.401795509793454,0.986728922227253,0.991353912494049,0.986728922227253,0.991353912494049,0.362204766607995,0.368287865058987,0.396179422181331,0.40529976704547,ndgain_combined_vuln_readiness,ndgain_vulnerability,0.396179422181331,0.40529976704547,0.986728922227253,0.991353912494049,0.362204766607995,0.368287865058987,0.986728922227253,0.991353912494049
2020,mussels,0.311445337875645,0.309256248612545,0.353880889498815,0.342227771523408,1,1,1,1,0.311445337875645,0.309256248612545,0.353880889498815,0.342227771523408,ndgain_combined_vuln_readiness,ndgain_vulnerability,0.353880889498815,0.342227771523408,1,1,0.311445337875645,0.309256248612545,1,1
2020,other_groundfish,0.324879970884232,0.326423265323964,0.360745702215707,0.351088496569267,0.967546128018651,0.976912266700477,0.967546128018651,0.976912266700477,0.335777242527469,0.334137748547738,0.372845998520448,0.359385902436325,ndgain_combined_vuln_readiness,ndgain_vulnerability,0.372845998520448,0.359385902436325,0.967546128018651,0.976912266700477,0.335777242527469,0.334137748547738,0.967546128018651,0.976912266700477
2020,other_shellfish_specialty,0.392508494273589,0.38031661950802,0.454759075579975,0.45244245267444,0.984181358526653,0.965906909714386,0.984181358526653,0.965906909714386,0.398817241225932,0.393740448156104,0.462068369452519,0.468412067585504,ndgain_combined_vuln_readiness,ndgain_vulnerability,0.462068369452519,0.468412067585504,0.984181358526653,0.965906909714386,0.398817241225932,0.393740448156104,0.984181358526653,0.965906909714386
2020,oysters,0.361006373486068,0.353581146028472,0.398075656469532,0.379227193040569,0.994610514610147,0.996167849968092,0.994610514610147,0.996167849968092,0.362962554872617,0.354941334474704,0.400232704784509,0.380686039057289,ndgain_combined_vuln_readiness,ndgain_vulnerability,0.400232704784509,0.380686039057289,0.994610514610147,0.996167849968092,0.362962554872617,0.354941334474704,0.994610514610147,0.996167849968092
2020,pangasius_basa_swai,0.476911223787016,0.476911223787016,0.526984464585057,0.526984464585057,1,1,1,1,0.476911223787016,0.476911223787016,0.526984464585057,0.526984464585057,ndgain_combined_vuln_readiness,ndgain_vulnerability,0.526984464585057,0.526984464585057,1,1,0.476911223787016,0.476911223787016,1,1
2020,pollock,0.396788503053733,0.394865960110721,0.439004417920804,0.436538957678952,1,1,1,1,0.396788503053733,0.394865960110721,0.439004417920804,0.436538957678952,ndgain_combined_vuln_readiness,ndgain_vulnerability,0.439004417920804,0.436538957678952,1,1,0.396788503053733,0.394865960110721,1,1
2020,reef_fish_other,0.348054495133902,0.349910568972219,0.420183184696574,0.423472490107891,0.98160243351918,0.988678430238572,0.98160243351918,0.988678430238572,0.354577864977451,0.353917470302031,0.428058417897518,0.428321764848967,ndgain_combined_vuln_readiness,ndgain_vulnerability,0.428058417897518,0.428321764848967,0.98160243351918,0.988678430238572,0.354577864977451,0.353917470302031,0.98160243351918,0.988678430238572
2020,sablefish,0.286776687404801,0.285116440922207,0.325455433296308,0.32203720320979,1,1,1,1,0.286776687404801,0.285116440922207,0.325455433296308,0.32203720320979,ndgain_combined_vuln_readiness,ndgain_vulnerability,0.325455433296308,0.32203720320979,1,1,0.286776687404801,0.285116440922207,1,1
2020,salmon,0.31216831990276,0.307604545117522,0.354561743783388,0.347765759689199,0.971824378606557,0.971755348834627,0.971824378606557,0.971755348834627,0.321218860912257,0.316545255435348,0.364841376269829,0.357873779759746,ndgain_combined_vuln_readiness,ndgain_vulnerability,0.364841376269829,0.357873779759746,0.971824378606557,0.971755348834627,0.321218860912257,0.316545255435348,0.971824378606557,0.971755348834627
2020,scallops,0.36428223235214,0.336464431951825,0.42102504515053,0.380619381474513,0.994446360124445,0.976166577971934,0.994446360124445,0.976166577971934,0.36631662295647,0.34467931964118,0.423376324790251,0.389912326506078,ndgain_combined_vuln_readiness,ndgain_vulnerability,0.423376324790251,0.389912326506078,0.994446360124445,0.976166577971934,0.36631662295647,0.34467931964118,0.994446360124445,0.976166577971934
2020,sea_cucumber_urchin_other_inverts,0.26638391946388,0.302033984146313,0.269770969852771,0.334771767353291,0.995865821942833,0.985534543120465,0.995865821942833,0.985534543120465,0.267489769800707,0.306467171805052,0.270890880988842,0.339685472914338,ndgain_combined_vuln_readiness,ndgain_vulnerability,0.270890880988842,0.339685472914338,0.995865821942833,0.985534543120465,0.267489769800707,0.306467171805052,0.995865821942833,0.985534543120465
2020,sharks_rays_skates,0.334027187018164,0.310762292233961,0.435476838521111,0.408316303801448,0.874325473034663,0.808294209702661,0.874325473034663,0.808294209702661,0.382039866525679,0.384466804912877,0.4980717729859,0.505158021547193,ndgain_combined_vuln_readiness,ndgain_vulnerability,0.4980717729859,0.505158021547193,0.874325473034663,0.808294209702661,0.382039866525679,0.384466804912877,0.874325473034663,0.808294209702661
2020,shrimp,0.457541920168428,0.457027874211723,0.535148194899755,0.533173553235814,0.999225171034299,0.999188575116415,0.999225171034299,0.999188575116415,0.457896711804032,0.457399019157595,0.535563164752768,0.53360653485624,ndgain_combined_vuln_readiness,ndgain_vulnerability,0.535563164752768,0.53360653485624,0.999225171034299,0.999188575116415,0.457896711804032,0.457399019157595,0.999225171034299,0.999188575116415
2020,small_pelagics_other,0.377573874975558,0.363503118426802,0.458435085757983,0.441360970073842,0.997079634361944,0.998380288163505,0.997079634361944,0.998380288163505,0.378679758329611,0.364092843915675,0.459777805061024,0.442077007435428,ndgain_combined_vuln_readiness,ndgain_vulnerability,0.459777805061024,0.442077007435428,0.997079634361944,0.998380288163505,0.378679758329611,0.364092843915675,0.997079634361944,0.998380288163505
2020,snapper_grouper,0.392519255946238,0.392450148806313,0.525934301214309,0.525654864753008,0.998741498336885,0.998968032429402,0.998741498336885,0.998968032429402,0.393013864548399,0.392855563007265,0.526597024445365,0.526197883904915,ndgain_combined_vuln_readiness,ndgain_vulnerability,0.526597024445365,0.526197883904915,0.998741498336885,0.998968032429402,0.393013864548399,0.392855563007265,0.998741498336885,0.998968032429402
2020,squid_octopus,0.375784472448723,0.367362228393396,0.431078085056228,0.420934516293063,0.960691075178562,0.954489671930675,0.960691075178562,0.954489671930675,0.391160574047049,0.384878159708446,0.448716654285671,0.44100478891681,ndgain_combined_vuln_readiness,ndgain_vulnerability,0.448716654285671,0.44100478891681,0.960691075178562,0.954489671930675,0.391160574047049,0.384878159708446,0.960691075178562,0.954489671930675
2020,swordfish,0.393109603127749,0.386574468986721,0.468906220772359,0.448178316758756,0.993008169894012,0.992465621204669,0.993008169894012,0.992465621204669,0.395877511430452,0.389509178683179,0.472207817607792,0.451580696784994,ndgain_combined_vuln_readiness,ndgain_vulnerability,0.472207817607792,0.451580696784994,0.993008169894012,0.992465621204669,0.395877511430452,0.389509178683179,0.993008169894012,0.992465621204669
2020,tilapia,0.358039120545258,0.374602667466867,0.407061469073147,0.436240673453637,0.91344650851501,0.944770236386345,0.91344650851501,0.944770236386345,0.391965065504845,0.396501342908183,0.445632519560348,0.461742608575621,ndgain_combined_vuln_readiness,ndgain_vulnerability,0.445632519560348,0.461742608575621,0.91344650851501,0.944770236386345,0.391965065504845,0.396501342908183,0.91344650851501,0.944770236386345
2020,toothfish,0.251445817245405,0.258148580909271,0.285532207559899,0.293454385025168,0.711565952840689,0.733146412288212,0.711565952840689,0.733146412288212,0.353369657783079,0.352110542427082,0.401273004167789,0.400267095503165,ndgain_combined_vuln_readiness,ndgain_vulnerability,0.401273004167789,0.400267095503165,0.711565952840689,0.733146412288212,0.353369657783079,0.352110542427082,0.711565952840689,0.733146412288212
2020,trout,0.31190041940547,0.317542930494378,0.351072069575439,0.360857257741785,0.999974978882511,0.999970997676274,0.999974978882511,0.999970997676274,0.311908223697781,0.317552140244349,0.351080854010735,0.360867723744331,ndgain_combined_vuln_readiness,ndgain_vulnerability,0.351080854010735,0.360867723744331,0.999974978882511,0.999970997676274,0.311908223697781,0.317552140244349,0.999974978882511,0.999970997676274
2020,tuna,0.435623942947026,0.432999750758028,0.49888098033072,0.496635779588117,0.994772049197204,0.99088062220175,0.994772049197204,0.99088062220175,0.437913332304202,0.436984780059476,0.501502812361208,0.501206470749813,ndgain_combined_vuln_readiness,ndgain_vulnerability,0.501502812361208,0.501206470749813,0.994772049197204,0.99088062220175,0.437913332304202,0.436984780059476,0.994772049197204,0.99088062220175
2021,catfish_other,0.39099819568091,0.390888974251772,0.426744180386405,0.426718508952314,0.997748630478416,0.996372475677131,0.997748630478416,0.996372475677131,0.391880463412341,0.392312095921884,0.427707107131566,0.428272076325993,ndgain_combined_vuln_readiness,ndgain_vulnerability,0.427707107131566,0.428272076325993,0.997748630478416,0.996372475677131,0.391880463412341,0.392312095921884,0.997748630478416,0.996372475677131
2021,clams,0.386345157160171,0.368241871629408,0.430979792893051,0.412578965285004,0.997381928621492,0.998121885498029,0.997381928621492,0.998121885498029,0.387359291434274,0.36893477337757,0.432111090571612,0.413355293856863,ndgain_combined_vuln_readiness,ndgain_vulnerability,0.432111090571612,0.413355293856863,0.997381928621492,0.998121885498029,0.387359291434274,0.36893477337757,0.997381928621492,0.998121885498029
2021,cod,0.351375695516297,0.343145083487102,0.378594862546182,0.363552558966213,0.99628685730633,0.996147928909156,0.99628685730633,0.996147928909156,0.352685266235785,0.344472014174508,0.38000587859785,0.364958404686266,ndgain_combined_vuln_readiness,ndgain_vulnerability,0.38000587859785,0.364958404686266,0.99628685730633,0.996147928909156,0.352685266235785,0.344472014174508,0.99628685730633,0.996147928909156
2021,crab,0.335176558587003,0.33183996580287,0.396498053276427,0.394163907651848,0.990761190636372,0.990096872348985,0.990761190636372,0.990096872348985,0.338302066890324,0.335159089045081,0.400195382120038,0.398106406211245,ndgain_combined_vuln_readiness,ndgain_vulnerability,0.400195382120038,0.398106406211245,0.990761190636372,0.990096872348985,0.338302066890324,0.335159089045081,0.990761190636372,0.990096872348985
2021,crawfish_freshwater,0.369882049517179,0.370437258768676,0.419066430060811,0.410068475291135,1,1,1,1,0.369882049517179,0.370437258768676,0.419066430060811,0.410068475291135,ndgain_combined_vuln_readiness,ndgain_vulnerability,0.419066430060811,0.410068475291135,1,1,0.369882049517179,0.370437258768676,1,1
2021,eel_sturgeon_shad,0.382617567402062,0.381648962898668,0.417529706273198,0.41628122577858,0.982270665005587,0.982319314562212,0.982270665005587,0.982319314562212,0.389523561105112,0.388518231537325,0.425065840962301,0.423773837699713,ndgain_combined_vuln_readiness,ndgain_vulnerability,0.425065840962301,0.423773837699713,0.982270665005587,0.982319314562212,0.389523561105112,0.388518231537325,0.982270665005587,0.982319314562212
2021,flatfish,0.360371321615074,0.354895786467363,0.398219344865544,0.388993312173072,0.990759830132608,0.988069443166318,0.990759830132608,0.988069443166318,0.363732269572173,0.359181015992238,0.401933276616841,0.393690256148924,ndgain_combined_vuln_readiness,ndgain_vulnerability,0.401933276616841,0.393690256148924,0.990759830132608,0.988069443166318,0.363732269572173,0.359181015992238,0.990759830132608,0.988069443166318
2021,halibut,0.296382421729501,0.292863259989156,0.335115118129543,0.328256636964939,0.996417150273402,0.996712242882202,0.996417150273402,0.996712242882202,0.297448133693984,0.293829299359543,0.336320102516895,0.329339425003666,ndgain_combined_vuln_readiness,ndgain_vulnerability,0.336320102516895,0.329339425003666,0.996417150273402,0.996712242882202,0.297448133693984,0.293829299359543,0.996417150273402,0.996712242882202
2021,herring,0.309199600426132,0.308519003000345,0.34954209494148,0.342796788052554,0.999402761633186,0.997481056415528,0.999402761633186,0.997481056415528,0.309384376645958,0.309298107483881,0.349750979645355,0.343662454387257,ndgain_combined_vuln_readiness,ndgain_vulnerability,0.349750979645355,0.343662454387257,0.999402761633186,0.997481056415528,0.309384376645958,0.309298107483881,0.999402761633186,0.997481056415528
2021,inland_freshwater_other,0.315204941939679,0.30242162875424,0.364622448301607,0.348069322115573,0.988214529687005,0.997171935758137,0.988214529687005,0.997171935758137,0.318964083678787,0.303279322160539,0.368970944413348,0.349056476254459,ndgain_combined_vuln_readiness,ndgain_vulnerability,0.368970944413348,0.349056476254459,0.988214529687005,0.997171935758137,0.318964083678787,0.303279322160539,0.988214529687005,0.997171935758137
2021,large_pelagics_other,0.394263070878013,0.389033702431026,0.481365528523328,0.476092928521501,0.910031978918821,0.897933420545176,0.910031978918821,0.897933420545176,0.433240897035754,0.433254508106877,0.52895451992272,0.530209609786485,ndgain_combined_vuln_readiness,ndgain_vulnerability,0.52895451992272,0.530209609786485,0.910031978918821,0.897933420545176,0.433240897035754,0.433254508106877,0.910031978918821,0.897933420545176
2021,lobster,0.298037262705708,0.3025113069238,0.341493733615081,0.348902700871564,0.996945134705057,0.996610724332679,0.996945134705057,0.996610724332679,0.298950516262744,0.303540087957972,0.342540147624183,0.350089249847462,ndgain_combined_vuln_readiness,ndgain_vulnerability,0.342540147624183,0.350089249847462,0.996945134705057,0.996610724332679,0.298950516262744,0.303540087957972,0.996945134705057,0.996610724332679
2021,mackerel,0.349995465907171,0.359643077821632,0.381726799608574,0.395617397235942,0.985758459626186,0.988799602750745,0.985758459626186,0.988799602750745,0.355051952625286,0.363716851039523,0.387241718172351,0.400098661180054,ndgain_combined_vuln_readiness,ndgain_vulnerability,0.387241718172351,0.400098661180054,0.985758459626186,0.988799602750745,0.355051952625286,0.363716851039523,0.985758459626186,0.988799602750745
2021,mussels,0.310132245231,0.308584648004169,0.349375701783851,0.341058324133792,1,1,1,1,0.310132245231,0.308584648004169,0.349375701783852,0.341058324133792,ndgain_combined_vuln_readiness,ndgain_vulnerability,0.349375701783852,0.341058324133792,1,1,0.310132245231,0.308584648004169,1,1
2021,other_groundfish,0.325709881967826,0.323357881022823,0.363388495253673,0.348425917596105,0.971016858142446,0.977436298111017,0.971016858142446,0.977436298111017,0.335431747900762,0.33082246039741,0.374235001386933,0.35646918195024,ndgain_combined_vuln_readiness,ndgain_vulnerability,0.374235001386933,0.35646918195024,0.971016858142446,0.977436298111017,0.335431747900762,0.33082246039741,0.971016858142446,0.977436298111017
2021,other_shellfish_specialty,0.389511490050853,0.36547040434627,0.444888668495184,0.429168451012045,0.979313878870846,0.923603893570202,0.979313878870846,0.923603893570202,0.397739170714053,0.395700372086501,0.454286085486854,0.464667217191007,ndgain_combined_vuln_readiness,ndgain_vulnerability,0.454286085486854,0.464667217191007,0.979313878870846,0.923603893570202,0.397739170714053,0.395700372086501,0.979313878870846,0.923603893570202
2021,oysters,0.344478229334868,0.33188617162572,0.380414386658364,0.358435105345112,0.985435539049385,0.982673719595877,0.985435539049385,0.982673719595877,0.349569520972599,0.337737913416681,0.386036804624822,0.364754951920886,ndgain_combined_vuln_readiness,ndgain_vulnerability,0.386036804624822,0.364754951920886,0.985435539049385,0.982673719595877,0.349569520972599,0.337737913416681,0.985435539049385,0.982673719595877
2021,pangasius_basa_swai,0.46763469632405,0.46763469632405,0.521327827089542,0.521327827089542,1,1,1,1,0.46763469632405,0.46763469632405,0.521327827089542,0.521327827089542,ndgain_combined_vuln_readiness,ndgain_vulnerability,0.521327827089542,0.521327827089542,1,1,0.46763469632405,0.46763469632405,1,1
2021,pollock,0.396466079684292,0.393476361471953,0.436246478985177,0.432474362705748,0.99995839429634,0.999620278599579,0.99995839429634,0.999620278599579,0.396482575620839,0.39362582962322,0.436264630082093,0.43263864485785,ndgain_combined_vuln_readiness,ndgain_vulnerability,0.436264630082093,0.43263864485785,0.99995839429634,0.999620278599579,0.396482575620839,0.39362582962322,0.99995839429634,0.999620278599579
2021,reef_fish_other,0.349259588482869,0.349417256103954,0.41836344383419,0.418774161251821,0.988141711238915,0.993382369698132,0.988141711238915,0.993382369698132,0.353450911453757,0.351744974304441,0.423384054205802,0.421563915392497,ndgain_combined_vuln_readiness,ndgain_vulnerability,0.423384054205802,0.421563915392497,0.988141711238915,0.993382369698132,0.353450911453757,0.351744974304441,0.988141711238915,0.993382369698132
2021,sablefish,0.283272751234885,0.28270941405448,0.318946730388089,0.317862375319303,1,1,1,1,0.283272751234885,0.28270941405448,0.318946730388089,0.317862375319303,ndgain_combined_vuln_readiness,ndgain_vulnerability,0.318946730388089,0.317862375319303,1,1,0.283272751234885,0.28270941405448,1,1
2021,salmon,0.306150627079295,0.304243231135834,0.345080534325598,0.34256094579131,0.966089357734773,0.966437526124914,0.966089357734773,0.966437526124914,0.316896801137669,0.314808999973073,0.357193184629134,0.354457413470753,ndgain_combined_vuln_readiness,ndgain_vulnerability,0.357193184629134,0.354457413470753,0.966089357734773,0.966437526124914,0.316896801137669,0.314808999973073,0.966089357734773,0.966437526124914
2021,scallops,0.367008690281492,0.341291865377327,0.417584971548036,0.377410895851115,0.989151783184345,0.967344789541536,0.989151783184345,0.967344789541536,0.371033744790908,0.35281304977006,0.422164705808564,0.390151370981163,ndgain_combined_vuln_readiness,ndgain_vulnerability,0.422164705808564,0.390151370981163,0.989151783184345,0.967344789541536,0.371033744790908,0.35281304977006,0.989151783184345,0.967344789541536
2021,sea_cucumber_urchin_other_inverts,0.271998913764965,0.324725851594275,0.277927242114828,0.362130545556251,0.994370364498206,0.982995175625017,0.994370364498206,0.982995175625017,0.273538837716895,0.330343281072367,0.279500729343517,0.368395038486327,ndgain_combined_vuln_readiness,ndgain_vulnerability,0.279500729343517,0.368395038486327,0.994370364498206,0.982995175625017,0.273538837716895,0.330343281072367,0.994370364498206,0.982995175625017
2021,sharks_rays_skates,0.315912181722578,0.28151343778163,0.417195930655201,0.373835368644336,0.807526617420665,0.719711134231976,0.807526617420665,0.719711134231976,0.391209620720167,0.391147815271805,0.516634277626382,0.51942418404193,ndgain_combined_vuln_readiness,ndgain_vulnerability,0.516634277626382,0.51942418404193,0.807526617420665,0.719711134231976,0.391209620720167,0.391147815271805,0.807526617420665,0.719711134231976
2021,shrimp,0.45897900954581,0.45797285850246,0.535537915722857,0.533642155751925,0.999689077451101,0.999495075252188,0.999689077451101,0.999495075252188,0.45912176085395,0.458204217151252,0.535704478324714,0.533911741003104,ndgain_combined_vuln_readiness,ndgain_vulnerability,0.535704478324714,0.533911741003104,0.999689077451101,0.999495075252188,0.45912176085395,0.458204217151252,0.999689077451101,0.999495075252188
2021,small_pelagics_other,0.374967727331655,0.36087611698109,0.456907001907381,0.439620791929347,0.999043290003695,0.999107898223508,0.999043290003695,0.999107898223508,0.375326806239066,0.361198342664247,0.457344548008216,0.440013328601473,ndgain_combined_vuln_readiness,ndgain_vulnerability,0.457344548008216,0.440013328601473,0.999043290003695,0.999107898223508,0.375326806239066,0.361198342664247,0.999043290003695,0.999107898223508
2021,snapper_grouper,0.393465593653537,0.393005117577003,0.527819334147995,0.528143129750106,0.998680182236166,0.998917205964229,0.998680182236166,0.998917205964229,0.393985582824444,0.393431122449879,0.528516880114857,0.528715619869921,ndgain_combined_vuln_readiness,ndgain_vulnerability,0.528516880114857,0.528715619869921,0.998680182236166,0.998917205964229,0.393985582824444,0.393431122449879,0.998680182236166,0.998917205964229
2021,squid_octopus,0.364917913852771,0.361679866757523,0.423886456778037,0.421448389575011,0.943277516812417,0.954434129722186,0.943277516812417,0.954434129722186,0.386861668330572,0.378946912620151,0.449376190169846,0.441568858919248,ndgain_combined_vuln_readiness,ndgain_vulnerability,0.449376190169846,0.441568858919248,0.943277516812417,0.954434129722186,0.386861668330572,0.378946912620151,0.943277516812417,0.954434129722186
2021,swordfish,0.397773948187505,0.393237610002294,0.475697146649509,0.462396356881478,0.995925513100468,0.995420994048935,0.995925513100468,0.995420994048935,0.399401303566543,0.395046530416016,0.4776432980099,0.464523412351042,ndgain_combined_vuln_readiness,ndgain_vulnerability,0.4776432980099,0.464523412351042,0.995925513100468,0.995420994048935,0.399401303566543,0.395046530416016,0.995925513100468,0.995420994048935
2021,tilapia,0.357569512076827,0.370312862515313,0.407063046858025,0.431852586728193,0.914557726854636,0.936398626322332,0.914557726854636,0.936398626322332,0.390975333297534,0.395464978381805,0.445092786278241,0.461184558145153,ndgain_combined_vuln_readiness,ndgain_vulnerability,0.445092786278241,0.461184558145153,0.914557726854636,0.936398626322332,0.390975333297534,0.395464978381805,0.914557726854636,0.936398626322332
2021,toothfish,0.24356749333199,0.242086806108486,0.273461792071743,0.270877314568099,0.709487955772015,0.702711361348386,0.709487955772015,0.702711361348386,0.343300391994613,0.344503902205256,0.385435425431826,0.385474505561332,ndgain_combined_vuln_readiness,ndgain_vulnerability,0.385435425431826,0.385474505561332,0.709487955772015,0.702711361348386,0.343300391994613,0.344503902205256,0.709487955772015,0.702711361348386
2021,trout,0.307567674127501,0.309979704820923,0.341434759428489,0.345517459461158,1,1,1,1,0.307567674127501,0.309979704820923,0.341434759428489,0.345517459461158,ndgain_combined_vuln_readiness,ndgain_vulnerability,0.341434759428489,0.345517459461158,1,1,0.307567674127501,0.309979704820923,1,1
2021,tuna,0.432522445407477,0.426590218936628,0.497899551527379,0.491784557597964,0.990633355160072,0.984313721116587,0.990633355160072,0.984313721116587,0.436612035274734,0.433388471363288,0.502607295558835,0.499621763923084,ndgain_combined_vuln_readiness,ndgain_vulnerability,0.502607295558835,0.499621763923084,0.990633355160072,0.984313721116587,0.436612035274734,0.433388471363288,0.990633355160072,0.984313721116587
2022,catfish_other,0.398162993745588,0.398712882314751,0.43463154740053,0.435298446626028,1,1,1,1,0.398162993745588,0.398712882314751,0.43463154740053,0.435298446626028,ndgain_combined_vuln_readiness,ndgain_vulnerability,0.43463154740053,0.435298446626028,1,1,0.398162993745588,0.398712882314751,1,1
2022,clams,0.379115062058329,0.361163012839401,0.420674311145462,0.403618728561575,0.999416096513297,0.99874321233697,0.999416096513297,0.99874321233697,0.379336557997178,0.361617489238613,0.420920087852382,0.404126629924366,ndgain_combined_vuln_readiness,ndgain_vulnerability,0.420920087852382,0.404126629924366,0.999416096513297,0.99874321233697,0.379336557997178,0.361617489238613,0.999416096513297,0.99874321233697
2022,cod,0.352845403431416,0.349583483583421,0.381582703443596,0.374455946236442,0.986996483213234,0.984239564891798,0.986996483213234,0.984239564891798,0.357494083750637,0.355181295340278,0.386609992977207,0.380452035859387,ndgain_combined_vuln_readiness,ndgain_vulnerability,0.386609992977207,0.380452035859387,0.986996483213234,0.984239564891798,0.357494083750637,0.355181295340278,0.986996483213234,0.984239564891798
2022,crab,0.337589039111819,0.337725015348044,0.39904353450919,0.405900815723276,0.991193565542642,0.993729974550269,0.991193565542642,0.993729974550269,0.340588408609171,0.33985592061957,0.402588907334894,0.40846188211941,ndgain_combined_vuln_readiness,ndgain_vulnerability,0.402588907334894,0.40846188211941,0.991193565542642,0.993729974550269,0.340588408609171,0.33985592061957,0.991193565542642,0.993729974550269
2022,crawfish_freshwater,0.378900398112436,0.378934623754288,0.425437305281296,0.42768834987088,1,1,1,1,0.378900398112436,0.378934623754288,0.425437305281296,0.42768834987088,ndgain_combined_vuln_readiness,ndgain_vulnerability,0.425437305281296,0.42768834987088,1,1,0.378900398112436,0.378934623754288,1,1
2022,eel_sturgeon_shad,0.382013948429509,0.380194404206482,0.416470728894215,0.413825541407559,0.971418720757494,0.970466934083932,0.971418720757494,0.970466934083932,0.393253640543001,0.391764408300386,0.428724215412957,0.426419001898491,ndgain_combined_vuln_readiness,ndgain_vulnerability,0.428724215412957,0.426419001898491,0.971418720757494,0.970466934083932,0.393253640543001,0.391764408300386,0.971418720757494,0.970466934083932
2022,flatfish,0.357320769184246,0.355396613664882,0.393092610700337,0.389035011444434,0.986365673815543,0.985013983640559,0.986365673815543,0.985013983640559,0.362259939361056,0.360803622656558,0.398526247552536,0.394953795484792,ndgain_combined_vuln_readiness,ndgain_vulnerability,0.398526247552536,0.394953795484792,0.986365673815543,0.985013983640559,0.362259939361056,0.360803622656558,0.986365673815543,0.985013983640559
2022,halibut,0.291780358938387,0.28817430117461,0.33109525067758,0.324093351571153,0.999793618481101,0.999859589923776,0.999793618481101,0.999859589923776,0.291840589442512,0.288214769432355,0.331163596723676,0.324138863933745,ndgain_combined_vuln_readiness,ndgain_vulnerability,0.331163596723676,0.324138863933745,0.999793618481101,0.999859589923776,0.291840589442512,0.288214769432355,0.999793618481101,0.999859589923776
2022,herring,0.300945689463957,0.307264476511018,0.341519518480923,0.342579611612631,0.979377003487321,0.993571129485191,0.979377003487321,0.993571129485191,0.30728278118882,0.309252621571466,0.348710983885527,0.344796262135893,ndgain_combined_vuln_readiness,ndgain_vulnerability,0.348710983885527,0.344796262135893,0.979377003487321,0.993571129485191,0.30728278118882,0.309252621571466,0.979377003487321,0.993571129485191
2022,inland_freshwater_other,0.323198379884369,0.302891694662292,0.376608231797112,0.349616833913616,0.986713358710602,0.995999952398474,0.986713358710602,0.995999952398474,0.327550424883992,0.304108141705124,0.381679470002563,0.351020934360189,ndgain_combined_vuln_readiness,ndgain_vulnerability,0.381679470002563,0.351020934360189,0.986713358710602,0.995999952398474,0.327550424883992,0.304108141705124,0.986713358710602,0.995999952398474
2022,large_pelagics_other,0.405744550849646,0.402190627565214,0.498335423389052,0.494550386290112,0.940938636411489,0.932750092286413,0.940938636411489,0.932750092286413,0.431212552177746,0.43118797938614,0.529615220488322,0.53020674066924,ndgain_combined_vuln_readiness,ndgain_vulnerability,0.529615220488322,0.53020674066924,0.940938636411489,0.932750092286413,0.431212552177746,0.43118797938614,0.940938636411489,0.932750092286413
2022,lobster,0.298822697236031,0.305545390004665,0.343162897402463,0.353040413009927,0.997593240016187,0.995487897338636,0.997593240016187,0.995487897338636,0.299543626850541,0.306930290987483,0.343990800696379,0.354640587749741,ndgain_combined_vuln_readiness,ndgain_vulnerability,0.343990800696379,0.354640587749741,0.997593240016187,0.995487897338636,0.299543626850541,0.306930290987483,0.997593240016187,0.995487897338636
2022,mackerel,0.35581218812867,0.359363778068314,0.392010983610453,0.395728535448841,0.992166702006651,0.994318134170311,0.992166702006651,0.994318134170311,0.358621376235508,0.361417302690731,0.395105966384089,0.397989860437423,ndgain_combined_vuln_readiness,ndgain_vulnerability,0.395105966384089,0.397989860437423,0.992166702006651,0.994318134170311,0.358621376235508,0.361417302690731,0.992166702006651,0.994318134170311
2022,mussels,0.309630773214506,0.307575139211889,0.353823287699623,0.343560459783151,0.999988298381596,0.999968207682364,0.999988298381596,0.999968207682364,0.309634396438058,0.307584918049303,0.353827428053167,0.343571382713681,ndgain_combined_vuln_readiness,ndgain_vulnerability,0.353827428053167,0.343571382713681,0.999988298381596,0.999968207682364,0.309634396438058,0.307584918049303,0.999988298381596,0.999968207682364
2022,other_groundfish,0.32615786319445,0.328301004862692,0.361708337948201,0.354468774708029,0.96387159881957,0.972637726406337,0.96387159881957,0.972637726406337,0.338383103718263,0.337536778545168,0.37526610223932,0.36444070087401,ndgain_combined_vuln_readiness,ndgain_vulnerability,0.37526610223932,0.36444070087401,0.96387159881957,0.972637726406337,0.338383103718263,0.337536778545168,0.96387159881957,0.972637726406337
2022,other_shellfish_specialty,0.388290055735089,0.379944432515266,0.440738263014462,0.449202373148106,0.971783788358888,0.943145150112296,0.971783788358888,0.943145150112296,0.399564245037282,0.402848312871065,0.453535311346122,0.476281273454697,ndgain_combined_vuln_readiness,ndgain_vulnerability,0.453535311346122,0.476281273454697,0.971783788358888,0.943145150112296,0.399564245037282,0.402848312871065,0.971783788358888,0.943145150112296
2022,oysters,0.338004567495259,0.322660161467338,0.370927918631441,0.349908949956446,0.981849827920013,0.965453580450891,0.981849827920013,0.965453580450891,0.344252815332565,0.334205774364261,0.377784777349535,0.362429594795257,ndgain_combined_vuln_readiness,ndgain_vulnerability,0.377784777349535,0.362429594795257,0.981849827920013,0.965453580450891,0.344252815332565,0.334205774364261,0.981849827920013,0.965453580450891
2022,pangasius_basa_swai,0.467700197986052,0.467699953449508,0.519182271571898,0.519181707212279,1,1,1,1,0.467700197986052,0.467699953449508,0.519182271571898,0.519181707212279,ndgain_combined_vuln_readiness,ndgain_vulnerability,0.519182271571898,0.519181707212279,1,1,0.467700197986052,0.467699953449508,1,1
2022,pollock,0.392447337940942,0.388042614665134,0.433699352872541,0.428524195498475,1,1,1,1,0.392447337940942,0.388042614665134,0.433699352872541,0.428524195498475,ndgain_combined_vuln_readiness,ndgain_vulnerability,0.433699352872541,0.428524195498475,1,1,0.392447337940942,0.388042614665134,1,1
2022,reef_fish_other,0.345423397378635,0.34455819079333,0.41248119001376,0.411311946830439,0.993286689522243,0.995434536533988,0.993286689522243,0.995434536533988,0.347758004836226,0.34613847334758,0.415269019875982,0.41319838897954,ndgain_combined_vuln_readiness,ndgain_vulnerability,0.415269019875982,0.41319838897954,0.993286689522243,0.995434536533988,0.347758004836226,0.34613847334758,0.993286689522243,0.995434536533988
2022,sablefish,0.282968833889395,0.281995042353466,0.319965073560348,0.318471069270014,1,1,1,1,0.282968833889395,0.281995042353466,0.319965073560348,0.318471069270014,ndgain_combined_vuln_readiness,ndgain_vulnerability,0.319965073560348,0.318471069270014,1,1,0.282968833889395,0.281995042353466,1,1
2022,salmon,0.305823448157921,0.302392565856081,0.345980108262971,0.341618056371531,0.963322957278662,0.961481575365635,0.963322957278662,0.961481575365635,0.317467206451569,0.314506875226482,0.359152769742296,0.355303798974639,ndgain_combined_vuln_readiness,ndgain_vulnerability,0.359152769742296,0.355303798974639,0.963322957278662,0.961481575365635,0.317467206451569,0.314506875226482,0.963322957278662,0.961481575365635
2022,scallops,0.359470012477478,0.344243587128872,0.394074063921453,0.363418627007493,0.993976229389992,0.986667946047208,0.993976229389992,0.986667946047208,0.361648500083434,0.348895075093887,0.396462261641104,0.368329211933378,ndgain_combined_vuln_readiness,ndgain_vulnerability,0.396462261641104,0.368329211933378,0.993976229389992,0.986667946047208,0.361648500083434,0.348895075093887,0.993976229389992,0.986667946047208
2022,sea_cucumber_urchin_other_inverts,0.299103770863249,0.356627967292635,0.341941476995886,0.401945285263433,0.98364674956144,0.98035399404708,0.98364674956144,0.98035399404708,0.304076408524305,0.363774686958136,0.347626296887923,0.410000150664077,ndgain_combined_vuln_readiness,ndgain_vulnerability,0.347626296887923,0.410000150664077,0.98364674956144,0.98035399404708,0.304076408524305,0.363774686958136,0.98364674956144,0.98035399404708
2022,sharks_rays_skates,0.386623390687413,0.395074639558066,0.508100716021902,0.516153198985197,0.938214268452896,0.964434568266877,0.938214268452896,0.964434568266877,0.412084321980042,0.409643798094078,0.54156148878417,0.535187368815224,ndgain_combined_vuln_readiness,ndgain_vulnerability,0.54156148878417,0.535187368815224,0.938214268452896,0.964434568266877,0.412084321980042,0.409643798094078,0.938214268452896,0.964434568266877
2022,shrimp,0.457419105420327,0.455828647304116,0.534144049006931,0.531619078835795,0.999667246232953,0.99948121428528,0.999667246232953,0.99948121428528,0.457571364015396,0.456065247439467,0.534321846614208,0.531895018373058,ndgain_combined_vuln_readiness,ndgain_vulnerability,0.534321846614208,0.531895018373058,0.999667246232953,0.99948121428528,0.457571364015396,0.456065247439467,0.999667246232953,0.99948121428528
2022,small_pelagics_other,0.376183830693237,0.365239007282393,0.456961552132802,0.44413115702106,0.999522707980819,0.999646536804121,0.999522707980819,0.999646536804121,0.376363465971857,0.365368151476886,0.457179760383765,0.444288196546903,ndgain_combined_vuln_readiness,ndgain_vulnerability,0.457179760383765,0.444288196546903,0.999522707980819,0.999646536804121,0.376363465971857,0.365368151476886,0.999522707980819,0.999646536804121
2022,snapper_grouper,0.390329716383369,0.39155639498871,0.524079699911362,0.52637268327709,0.994346342362519,0.998474173447189,0.994346342362519,0.998474173447189,0.392549054342538,0.392154755126893,0.527059513957857,0.527177064039434,ndgain_combined_vuln_readiness,ndgain_vulnerability,0.527059513957857,0.527177064039434,0.994346342362519,0.998474173447189,0.392549054342538,0.392154755126893,0.994346342362519,0.998474173447189
2022,squid_octopus,0.37422568649404,0.372097111500531,0.436658383379183,0.434952774866762,0.96119194552228,0.967735806976762,0.96119194552228,0.967735806976762,0.38933502120713,0.384502783526193,0.45428843366131,0.449454046994053,ndgain_combined_vuln_readiness,ndgain_vulnerability,0.45428843366131,0.449454046994053,0.96119194552228,0.967735806976762,0.38933502120713,0.384502783526193,0.96119194552228,0.967735806976762
2022,swordfish,0.390918417510479,0.388853186552262,0.46934011843298,0.45595379600586,0.993140302692662,0.991322709155276,0.993140302692662,0.991322709155276,0.393618521421996,0.392256913879851,0.472581887131634,0.459944871427778,ndgain_combined_vuln_readiness,ndgain_vulnerability,0.472581887131634,0.459944871427778,0.993140302692662,0.991322709155276,0.393618521421996,0.392256913879851,0.993140302692662,0.991322709155276
2022,tilapia,0.358910048114099,0.37053654449967,0.410376144591665,0.431751623667842,0.919031776698999,0.939063981703502,0.919031776698999,0.939063981703502,0.390530618433283,0.394580722633511,0.446530963342382,0.459768058492273,ndgain_combined_vuln_readiness,ndgain_vulnerability,0.446530963342382,0.459768058492273,0.919031776698999,0.939063981703502,0.390530618433283,0.394580722633511,0.919031776698999,0.939063981703502
2022,toothfish,0.262061972360889,0.263219339206492,0.293441974555466,0.295139176778722,0.755647754196585,0.758298382694243,0.755647754196585,0.758298382694243,0.346804408410525,0.347118423583169,0.38833169678041,0.389212457146604,ndgain_combined_vuln_readiness,ndgain_vulnerability,0.38833169678041,0.389212457146604,0.755647754196585,0.758298382694243,0.346804408410525,0.347118423583169,0.755647754196585,0.758298382694243
2022,trout,0.31123913738739,0.30953946949538,0.350345377629066,0.347177793767686,0.999734870782784,0.999821664167543,0.999734870782784,0.999821664167543,0.311321677860144,0.309594681320597,0.350438289058326,0.347239719052045,ndgain_combined_vuln_readiness,ndgain_vulnerability,0.350438289058326,0.347239719052045,0.999734870782784,0.999821664167543,0.311321677860144,0.309594681320597,0.999734870782784,0.999821664167543
2022,tuna,0.433552639170046,0.428131411558235,0.497245919741901,0.491819389276214,0.99044822087776,0.981929741891935,0.99044822087776,0.981929741891935,0.437733775508043,0.436010228932808,0.502041307420623,0.50087024386144,ndgain_combined_vuln_readiness,ndgain_vulnerability,0.502041307420623,0.50087024386144,0.99044822087776,0.981929741891935,0.437733775508043,0.436010228932808,0.99044822087776,0.981929741891935
2023,catfish_other,0.392868328190306,0.395113765644623,0.42683700941947,0.429552532354607,1,1,1,1,0.392868328190306,0.395113765644623,0.42683700941947,0.429552532354607,ndgain_combined_vuln_readiness,ndgain_vulnerability,0.42683700941947,0.429552532354607,1,1,0.392868328190306,0.395113765644623,1,1
2023,clams,0.376766706895388,0.356456514891324,0.416814401225959,0.398395083786791,0.999700873416647,0.999802802702022,0.999700873416647,0.999802802702022,0.376879441555076,0.356526821017085,0.416939118800032,0.398473661716196,ndgain_combined_vuln_readiness,ndgain_vulnerability,0.416939118800032,0.398473661716196,0.999700873416647,0.999802802702022,0.376879441555076,0.356526821017085,0.999700873416647,0.999802802702022
2023,cod,0.359914373278862,0.356427358346931,0.388026500339777,0.381639320878719,0.989864751162257,0.990593166810139,0.989864751162257,0.990593166810139,0.363599545146209,0.359812050283652,0.391999512947777,0.385263429696023,ndgain_combined_vuln_readiness,ndgain_vulnerability,0.391999512947777,0.385263429696023,0.989864751162257,0.990593166810139,0.363599545146209,0.359812050283652,0.989864751162257,0.990593166810139
2023,crab,0.329250315243031,0.345285174582359,0.381918275077823,0.403194504640215,0.987074886736571,0.989620883013106,0.987074886736571,0.989620883013106,0.333561637183968,0.34890651613077,0.386919250210596,0.407423197672027,ndgain_combined_vuln_readiness,ndgain_vulnerability,0.386919250210596,0.407423197672027,0.987074886736571,0.989620883013106,0.333561637183968,0.34890651613077,0.987074886736571,0.989620883013106
2023,crawfish_freshwater,0.381898384221956,0.378602847293158,0.416359513573903,0.410590304713604,0.999943227915174,0.999786673505338,0.999943227915174,0.999786673505338,0.381920066620375,0.378683630544648,0.416383152513558,0.410677913193261,ndgain_combined_vuln_readiness,ndgain_vulnerability,0.416383152513558,0.410677913193261,0.999943227915174,0.999786673505338,0.381920066620375,0.378683630544648,0.999943227915174,0.999786673505338
2023,eel_sturgeon_shad,0.382845776140849,0.382390221691985,0.415725872812738,0.414685495753647,0.987333728949375,0.986881466417138,0.987333728949375,0.986881466417138,0.387757214116686,0.387473303232909,0.42105912177751,0.420197875697432,ndgain_combined_vuln_readiness,ndgain_vulnerability,0.42105912177751,0.420197875697432,0.987333728949375,0.986881466417138,0.387757214116686,0.387473303232909,0.987333728949375,0.986881466417138
2023,flatfish,0.361134502390483,0.356643257184207,0.394335128767406,0.390060224370673,0.987128945575965,0.984065643279586,0.987128945575965,0.984065643279586,0.365843291303519,0.36241815738595,0.399476816615201,0.39637622452779,ndgain_combined_vuln_readiness,ndgain_vulnerability,0.399476816615201,0.39637622452779,0.987128945575965,0.984065643279586,0.365843291303519,0.36241815738595,0.987128945575965,0.984065643279586
2023,halibut,0.291196580630727,0.289298286186735,0.32774643000106,0.323570983372039,0.99714429750227,0.99823399297669,0.99714429750227,0.99823399297669,0.292030532953094,0.289810092846127,0.328685056738555,0.324143422933499,ndgain_combined_vuln_readiness,ndgain_vulnerability,0.328685056738555,0.324143422933499,0.99714429750227,0.99823399297669,0.292030532953094,0.289810092846127,0.99714429750227,0.99823399297669
2023,herring,0.30410156698453,0.307713798985257,0.344156950957007,0.342817675988635,0.999582705654909,0.998489239191881,0.999582705654909,0.998489239191881,0.304228519825468,0.308179384320959,0.344300625661107,0.34333637512818,ndgain_combined_vuln_readiness,ndgain_vulnerability,0.344300625661107,0.34333637512818,0.999582705654909,0.998489239191881,0.304228519825468,0.308179384320959,0.999582705654909,0.998489239191881
2023,inland_freshwater_other,0.339887895477265,0.309953910592586,0.397732434975623,0.359380180684508,0.993715289960693,0.99783493020401,0.993715289960693,0.99783493020401,0.342037501999903,0.310626438512445,0.400247876825318,0.360159952118565,ndgain_combined_vuln_readiness,ndgain_vulnerability,0.400247876825318,0.360159952118565,0.993715289960693,0.99783493020401,0.342037501999903,0.310626438512445,0.993715289960693,0.99783493020401
2023,large_pelagics_other,0.408593371380714,0.405695423067665,0.504073988945555,0.500111961726764,0.956905735722206,0.948101017934632,0.956905735722206,0.948101017934632,0.426994380039259,0.427903161576013,0.526774968659912,0.527488054823759,ndgain_combined_vuln_readiness,ndgain_vulnerability,0.526774968659912,0.527488054823759,0.956905735722206,0.948101017934632,0.426994380039259,0.427903161576013,0.956905735722206,0.948101017934632
2023,lobster,0.302930952201408,0.306100137182563,0.348166098520338,0.352705794505789,0.997595677981146,0.995306879450421,0.997595677981146,0.995306879450421,0.303661051152964,0.307543475788675,0.349005219454166,0.354368890427586,ndgain_combined_vuln_readiness,ndgain_vulnerability,0.349005219454166,0.354368890427586,0.997595677981146,0.995306879450421,0.303661051152964,0.307543475788675,0.997595677981146,0.995306879450421
2023,mackerel,0.34333502567339,0.349924178181882,0.372504083748841,0.383281455887799,0.990203566055848,0.991166429325553,0.990203566055848,0.991166429325553,0.346731760461087,0.353042806766559,0.376189398340171,0.386697374474846,ndgain_combined_vuln_readiness,ndgain_vulnerability,0.376189398340171,0.386697374474846,0.990203566055848,0.991166429325553,0.346731760461087,0.353042806766559,0.990203566055848,0.991166429325553
2023,mussels,0.308690646237987,0.306959098146115,0.34763292532024,0.335626978974729,0.999988367055387,0.999987596510031,0.999988367055387,0.999987596510031,0.308694237260952,0.306962905557435,0.34763696936185,0.335631141972232,ndgain_combined_vuln_readiness,ndgain_vulnerability,0.34763696936185,0.335631141972232,0.999988367055387,0.999987596510031,0.308694237260952,0.306962905557435,0.999988367055387,0.999987596510031
2023,other_groundfish,0.317152695142353,0.322907151611985,0.350950017053778,0.347644399245842,0.943376828196052,0.963578343448596,0.943376828196052,0.963578343448596,0.33618876960209,0.335112504143999,0.372014667484332,0.360784778538754,ndgain_combined_vuln_readiness,ndgain_vulnerability,0.372014667484332,0.360784778538754,0.943376828196052,0.963578343448596,0.33618876960209,0.335112504143999,0.943376828196052,0.963578343448596
2023,other_shellfish_specialty,0.383062378127287,0.368015291108465,0.432214511797435,0.430565052377017,0.966000320555704,0.918823258691691,0.966000320555704,0.918823258691691,0.396544773304967,0.400528923954843,0.447426882372873,0.468604868568626,ndgain_combined_vuln_readiness,ndgain_vulnerability,0.447426882372873,0.468604868568626,0.966000320555704,0.918823258691691,0.396544773304967,0.400528923954843,0.966000320555704,0.918823258691691
2023,oysters,0.338038988550517,0.324192805193219,0.372570414716151,0.354381072019811,0.997455987609974,0.989090933041741,0.997455987609974,0.989090933041741,0.338901157293666,0.327768453195939,0.373520655892673,0.358289678108752,ndgain_combined_vuln_readiness,ndgain_vulnerability,0.373520655892673,0.358289678108752,0.997455987609974,0.989090933041741,0.338901157293666,0.327768453195939,0.997455987609974,0.989090933041741
2023,pangasius_basa_swai,0.467809731850985,0.467806405186672,0.519246050590691,0.51924314103311,1,1,1,1,0.467809731850985,0.467806405186672,0.519246050590691,0.51924314103311,ndgain_combined_vuln_readiness,ndgain_vulnerability,0.519246050590691,0.51924314103311,1,1,0.467809731850985,0.467806405186672,1,1
2023,pollock,0.39474797622155,0.390085055863184,0.434059968199842,0.429377861215397,1,1,1,1,0.39474797622155,0.390085055863184,0.434059968199842,0.429377861215397,ndgain_combined_vuln_readiness,ndgain_vulnerability,0.434059968199842,0.429377861215397,1,1,0.39474797622155,0.390085055863184,1,1
2023,reef_fish_other,0.344578935412651,0.343538960628419,0.411066765315676,0.410457004912812,0.99030180083874,0.994032377059329,0.99030180083874,0.994032377059329,0.347953457340792,0.345601379348145,0.415092414219101,0.412921162716126,ndgain_combined_vuln_readiness,ndgain_vulnerability,0.415092414219101,0.412921162716126,0.99030180083874,0.994032377059329,0.347953457340792,0.345601379348145,0.99030180083874,0.994032377059329
2023,sablefish,0.28326845962456,0.282232163744846,0.32130258477622,0.319382262517776,1,1,1,1,0.28326845962456,0.282232163744846,0.32130258477622,0.319382262517776,ndgain_combined_vuln_readiness,ndgain_vulnerability,0.32130258477622,0.319382262517776,1,1,0.28326845962456,0.282232163744846,1,1
2023,salmon,0.304302305031833,0.300565340011706,0.344636783287483,0.338039487942928,0.961674814742693,0.958369997664603,0.961674814742693,0.958369997664603,0.316429525206244,0.313621399609896,0.358371434921788,0.35272336234093,ndgain_combined_vuln_readiness,ndgain_vulnerability,0.358371434921788,0.35272336234093,0.961674814742693,0.958369997664603,0.316429525206244,0.313621399609896,0.961674814742693,0.958369997664603
2023,scallops,0.353162155334363,0.333772162535293,0.385022224115263,0.354604837419707,0.990548441149945,0.982415065085814,0.990548441149945,0.982415065085814,0.35653193792761,0.33974658410408,0.38869600730307,0.360952157618564,ndgain_combined_vuln_readiness,ndgain_vulnerability,0.38869600730307,0.360952157618564,0.990548441149945,0.982415065085814,0.35653193792761,0.33974658410408,0.990548441149945,0.982415065085814
2023,sea_cucumber_urchin_other_inverts,0.297150004071418,0.349715309930994,0.339163828228112,0.381135584409552,0.972453170814967,0.965548581571761,0.972453170814967,0.965548581571761,0.305567417526533,0.362193385817742,0.348771373683604,0.394734756680107,ndgain_combined_vuln_readiness,ndgain_vulnerability,0.348771373683604,0.394734756680107,0.972453170814967,0.965548581571761,0.305567417526533,0.362193385817742,0.972453170814967,0.965548581571761
2023,sharks_rays_skates,0.315258403470025,0.313052693679778,0.412732165718503,0.404478336749745,0.780070742376358,0.792711823414105,0.780070742376358,0.792711823414105,0.404140786654351,0.394913617323761,0.529095815670746,0.510246378069285,ndgain_combined_vuln_readiness,ndgain_vulnerability,0.529095815670746,0.510246378069285,0.780070742376358,0.792711823414105,0.404140786654351,0.394913617323761,0.780070742376358,0.792711823414105
2023,shrimp,0.459273234916885,0.457015335691174,0.536724030068814,0.533222269336544,0.999547888944176,0.999142159212425,0.999547888944176,0.999142159212425,0.459480971343971,0.457407718688816,0.536966798695115,0.533680081878296,ndgain_combined_vuln_readiness,ndgain_vulnerability,0.536966798695115,0.533680081878296,0.999547888944176,0.999142159212425,0.459480971343971,0.457407718688816,0.999547888944176,0.999142159212425
2023,small_pelagics_other,0.375374130745691,0.365191333749329,0.453826612668741,0.443113800087085,0.998727734921931,0.999339157149404,0.998727734921931,0.999339157149404,0.375852314519966,0.365432827420703,0.454404735945594,0.443406822315518,ndgain_combined_vuln_readiness,ndgain_vulnerability,0.454404735945594,0.443406822315518,0.998727734921931,0.999339157149404,0.375852314519966,0.365432827420703,0.998727734921931,0.999339157149404
2023,snapper_grouper,0.393485742484665,0.392532504218231,0.52434574026377,0.523286003434403,0.998282187697034,0.998723342698186,0.998282187697034,0.998723342698186,0.394162840261037,0.393034274294373,0.525248017770805,0.523954914301567,ndgain_combined_vuln_readiness,ndgain_vulnerability,0.525248017770805,0.523954914301567,0.998282187697034,0.998723342698186,0.394162840261037,0.393034274294373,0.998282187697034,0.998723342698186
2023,squid_octopus,0.36380955128764,0.361342268055993,0.427354359609182,0.423483063690829,0.931078411370163,0.945687873812908,0.931078411370163,0.945687873812908,0.390739970817563,0.382094640379708,0.458988581831999,0.447804265463818,ndgain_combined_vuln_readiness,ndgain_vulnerability,0.458988581831999,0.447804265463818,0.931078411370163,0.945687873812908,0.390739970817563,0.382094640379708,0.931078411370163,0.945687873812908
2023,swordfish,0.381406758588166,0.375549326648869,0.459100436624425,0.442376833799751,0.981025285536122,0.974785923319765,0.981025285536122,0.974785923319765,0.388783820571689,0.385263387236743,0.46798022782209,0.45381947278555,ndgain_combined_vuln_readiness,ndgain_vulnerability,0.46798022782209,0.45381947278555,0.981025285536122,0.974785923319765,0.388783820571689,0.385263387236743,0.981025285536122,0.974785923319765
2023,tilapia,0.358864507635375,0.372035859194971,0.407225723401691,0.435066386515092,0.924067598246285,0.942962598949253,0.924067598246285,0.942962598949253,0.388353090527615,0.394539358835156,0.440688239880429,0.461382441891002,ndgain_combined_vuln_readiness,ndgain_vulnerability,0.440688239880429,0.461382441891002,0.924067598246285,0.942962598949253,0.388353090527615,0.394539358835156,0.924067598246285,0.942962598949253
2023,toothfish,0.283749337444353,0.28336157969781,0.311913193494219,0.310989019278545,0.819298116547342,0.81999059297463,0.819298116547342,0.81999059297463,0.346332222317464,0.345566866407426,0.38070781220476,0.379259252414578,ndgain_combined_vuln_readiness,ndgain_vulnerability,0.38070781220476,0.379259252414578,0.819298116547342,0.81999059297463,0.346332222317464,0.345566866407426,0.819298116547342,0.81999059297463
2023,trout,0.317740130311964,0.315773263460946,0.359748736757921,0.356468455591154,1,1,1,1,0.317740130311964,0.315773263460946,0.359748736757921,0.356468455591154,ndgain_combined_vuln_readiness,ndgain_vulnerability,0.359748736757921,0.356468455591154,1,1,0.317740130311964,0.315773263460946,1,1
2023,tuna,0.432827493648675,0.426442358849206,0.495389491132733,0.49037037054745,0.991412019011246,0.986469447056276,0.991412019011246,0.986469447056276,0.436576806967039,0.432291501902824,0.499680739826812,0.497096359153103,ndgain_combined_vuln_readiness,ndgain_vulnerability,0.499680739826812,0.497096359153103,0.991412019011246,0.986469447056276,0.436576806967039,0.432291501902824,0.991412019011246,0.986469447056276
