iso3c,year,country_name_ndgain,ndgain_vulnerability,ndgain_readiness,ndgain_combined_vuln_readiness
AFG,2009,Afghanistan,0.599693542389519,0.222629295644659,0.68853212337243
AFG,2010,Afghanistan,0.583799555533243,0.22167162352799,0.681063966002627
AFG,2011,Afghanistan,0.59053916243912,0.212059012558596,0.689240074940262
AFG,2012,Afghanistan,0.58448305398306,0.2273732163578,0.67855491881263
AFG,2013,Afghanistan,0.589309821840208,0.229006720518282,0.680151550660963
AFG,2014,Afghanistan,0.587004201260283,0.24538264346546,0.670810778897412
AFG,2015,Afghanistan,0.583232874822956,0.244340590222147,0.669446142300405
AFG,2016,Afghanistan,0.588403379297684,0.2555075044505,0.666447937423592
AFG,2017,Afghanistan,0.593829094351135,0.245953019481755,0.67393803743469
AFG,2018,Afghanistan,0.591230783539058,0.240703528896752,0.675263627321153
AFG,2019,Afghanistan,0.587843436099682,0.248401363079411,0.669721036510136
AFG,2020,Afghanistan,0.582315266487911,0.236748660365758,0.672783303061077
AFG,2021,Afghanistan,0.586000121796016,0.246106142507382,0.669946989644317
AFG,2022,Afghanistan,0.587795901704788,0.249549716462908,0.66912309262094
AFG,2023,Afghanistan,0.58751617832868,0.251374062035753,0.668071058146464
AGO,2009,Angola,0.500231291809643,0.203978316571085,0.648126487619279
AGO,2010,Angola,0.502047233171845,0.189744826908421,0.656151203131712
AGO,2011,Angola,0.501309754214576,0.187792775960549,0.656758489127014
AGO,2012,Angola,0.498359216812742,0.200405905738214,0.648976655537264
AGO,2013,Angola,0.500440486036288,0.209132923571023,0.645653781232633
AGO,2014,Angola,0.504594277555248,0.216227377035402,0.644183450259923
AGO,2015,Angola,0.506421666846786,0.211618350990792,0.647401657927997
AGO,2016,Angola,0.50785998069438,0.239753191876011,0.634053394409185
AGO,2017,Angola,0.509298158240381,0.242481914503786,0.633408121868298
AGO,2018,Angola,0.512001171013181,0.254116850418216,0.628942160297483
AGO,2019,Angola,0.511537037424656,0.257538934720614,0.626999051352021
AGO,2020,Angola,0.513684687498138,0.260653031677367,0.626515827910386
AGO,2021,Angola,0.510006678617796,0.267595439267712,0.621205619675042
AGO,2022,Angola,0.508756584744985,0.271751399766575,0.618502592489205
AGO,2023,Angola,0.506373424333808,0.272532181731671,0.616920621301069
ALB,2009,Albania,0.441311445271556,0.368126762714881,0.536592341278338
ALB,2010,Albania,0.431833568262864,0.368592578543625,0.531620494859619
ALB,2011,Albania,0.429483768942901,0.367913325125784,0.530785221908559
ALB,2012,Albania,0.421123244527392,0.374308211110832,0.52340751670828
ALB,2013,Albania,0.421483656902282,0.386646485659295,0.517418585621494
ALB,2014,Albania,0.415760258788981,0.41035025991817,0.502704999435406
ALB,2015,Albania,0.411554940846958,0.415638350648091,0.497958295099434
ALB,2016,Albania,0.412314967861303,0.410071654730818,0.501121656565243
ALB,2017,Albania,0.414393459739393,0.411254288346616,0.501569585696389
ALB,2018,Albania,0.407147343842414,0.413735724091639,0.496705809875388
ALB,2019,Albania,0.401351320918995,0.406808622172672,0.497271349373162
ALB,2020,Albania,0.395254408098606,0.407429859015419,0.493912274541594
ALB,2021,Albania,0.383450140960649,0.412305667288146,0.485572236836252
ALB,2022,Albania,0.380608710119157,0.418176851540538,0.48121592928931
ALB,2023,Albania,0.380184451027829,0.42269803324319,0.47874320889232
AND,2009,Andorra,,0.253232020166248,
AND,2010,Andorra,,0.261041800232042,
AND,2011,Andorra,,0.266432849274459,
AND,2012,Andorra,,0.271378045269342,
AND,2013,Andorra,,0.27887017145758,
AND,2014,Andorra,,0.281285637024721,
AND,2015,Andorra,,0.288685609457669,
AND,2016,Andorra,,0.295882125369889,
AND,2017,Andorra,,0.299429168542878,
AND,2018,Andorra,,0.300398544682099,
AND,2019,Andorra,,0.340485667173176,
AND,2020,Andorra,,0.348304804594043,
AND,2021,Andorra,,0.350802167048438,
AND,2022,Andorra,,0.391278636544143,
AND,2023,Andorra,,0.452459320881706,
ARE,2009,United Arab Emirates,0.405534695878042,0.487685377260644,0.458924659308699
ARE,2010,United Arab Emirates,0.405581472532573,0.51406124127153,0.445760115630522
ARE,2011,United Arab Emirates,0.405633468695195,0.527979247442281,0.438827110626457
ARE,2012,United Arab Emirates,0.404913821110829,0.536174986730861,0.434369417189984
ARE,2013,United Arab Emirates,0.404589206670404,0.561676742380461,0.421456232144972
ARE,2014,United Arab Emirates,0.403896230212973,0.585577525223224,0.409159352494874
ARE,2015,United Arab Emirates,0.40096175976111,0.583881313415482,0.408540223172814
ARE,2016,United Arab Emirates,0.399137506752734,0.568375503013782,0.415381001869476
ARE,2017,United Arab Emirates,0.399242368566057,0.575282911037542,0.411979728764258
ARE,2018,United Arab Emirates,0.39884697433587,0.576472405113792,0.411187284611039
ARE,2019,United Arab Emirates,0.397903357463681,0.579317957606988,0.409292699928347
ARE,2020,United Arab Emirates,0.384470576615922,0.580498224669474,0.401986175973224
ARE,2021,United Arab Emirates,0.382144458269249,0.582971858729766,0.399586299769741
ARE,2022,United Arab Emirates,0.383254151903709,0.587565760236157,0.397844195833776
ARE,2023,United Arab Emirates,0.382862724694561,0.587110079387922,0.39787632265332
ARG,2009,Argentina,0.401555226654064,0.341663602145712,0.529945812254176
ARG,2010,Argentina,0.401211002814394,0.350026190481402,0.525592406166496
ARG,2011,Argentina,0.403016662782255,0.353180820241439,0.524917921270408
ARG,2012,Argentina,0.402684521100847,0.347343551059595,0.527670485020626
ARG,2013,Argentina,0.400681276190246,0.336444924160675,0.532118176014786
ARG,2014,Argentina,0.401533576867251,0.328504281664647,0.536514647601302
ARG,2015,Argentina,0.401349680015877,0.331489735331364,0.534929972342257
ARG,2016,Argentina,0.402707730093365,0.367692957974453,0.517507386059456
ARG,2017,Argentina,0.403895553808896,0.371378557147466,0.516258498330715
ARG,2018,Argentina,0.38331499562736,0.374281928349126,0.504516533639117
ARG,2019,Argentina,0.381364588553903,0.371745389683928,0.504809599434988
ARG,2020,Argentina,0.379582170427316,0.376824673352851,0.501378748537233
ARG,2021,Argentina,0.381593438252645,0.371217705684429,0.505187866284108
ARG,2022,Argentina,0.38149864468114,0.368736064430568,0.506381290125286
ARG,2023,Argentina,0.383358084544623,0.375078343403138,0.504139870570743
ARM,2009,Armenia,0.365629052161441,0.426954671711911,0.469337190224765
ARM,2010,Armenia,0.360416761792963,0.428060108873795,0.466178326459584
ARM,2011,Armenia,0.361389603971077,0.428201378767901,0.466594112601588
ARM,2012,Armenia,0.363919341031858,0.438321018971578,0.46279916103014
ARM,2013,Armenia,0.363941116121719,0.454144735758548,0.454898190181586
ARM,2014,Armenia,0.360753251488607,0.467967118285078,0.446393066601765
ARM,2015,Armenia,0.361692480349331,0.475720755078058,0.442985862635637
ARM,2016,Armenia,0.36261667944711,0.486010970036562,0.438302854705274
ARM,2017,Armenia,0.360058152073037,0.484241897350891,0.437908127361073
ARM,2018,Armenia,0.367643118683015,0.495562474822682,0.436040321930166
ARM,2019,Armenia,0.368526793861459,0.507113769811674,0.430706512024893
ARM,2020,Armenia,0.370647590595447,0.501147074118321,0.434750258238563
ARM,2021,Armenia,0.364062261182347,0.500519600818641,0.431771330181853
ARM,2022,Armenia,0.359560825233757,0.498201666689547,0.430679579272105
ARM,2023,Armenia,0.357311529443697,0.500820065638309,0.428245731902694
ATG,2009,Antigua and Barbuda,0.477987347117627,0.476458923189101,0.500764211964263
ATG,2010,Antigua and Barbuda,0.480369933520244,0.486825601017647,0.496772166251299
ATG,2011,Antigua and Barbuda,0.482879607314819,0.480558479761758,0.501160563776531
ATG,2012,Antigua and Barbuda,0.479334540090043,0.488372911809331,0.495480814140356
ATG,2013,Antigua and Barbuda,0.47588587290768,0.482118188218064,0.496883842344808
ATG,2014,Antigua and Barbuda,0.473479275818013,0.45655842878202,0.508460423517997
ATG,2015,Antigua and Barbuda,0.476873195191819,0.463291904823467,0.506790645184176
ATG,2016,Antigua and Barbuda,0.474410172010269,0.45584108884656,0.509284541581855
ATG,2017,Antigua and Barbuda,0.472817217975973,0.435483980154845,0.518666618910564
ATG,2018,Antigua and Barbuda,0.475272053209847,0.446411440278418,0.514430306465715
ATG,2019,Antigua and Barbuda,0.467683678007451,0.446250375614757,0.510716651196347
ATG,2020,Antigua and Barbuda,0.468417107456835,0.445076803788078,0.511670151834379
ATG,2021,Antigua and Barbuda,0.468269964515137,0.44174268737903,0.513263638568054
ATG,2022,Antigua and Barbuda,0.46820476168581,0.444348303822983,0.511928228931414
ATG,2023,Antigua and Barbuda,0.467682283209992,0.448599090725985,0.509541596242004
AUS,2009,Australia,0.326861042481775,0.684060228890534,0.321400406795621
AUS,2010,Australia,0.326500154255844,0.690946885443009,0.317776634406418
AUS,2011,Australia,0.326581350959777,0.694581992407556,0.315999679276111
AUS,2012,Australia,0.327651540035783,0.697986061154972,0.314832739440406
AUS,2013,Australia,0.326712009769403,0.708496178492861,0.309107915638271
AUS,2014,Australia,0.32645269162782,0.709691331210511,0.308380680208655
AUS,2015,Australia,0.327117292417006,0.705987996151929,0.310564648132539
AUS,2016,Australia,0.327979279108869,0.70492768075616,0.311525799176355
AUS,2017,Australia,0.327616763315701,0.691018328528946,0.318299217393378
AUS,2018,Australia,0.315568019164912,0.69571495030772,0.309926534428596
AUS,2019,Australia,0.313562157614812,0.69341191146042,0.310075123077196
AUS,2020,Australia,0.313767368750102,0.680580178393772,0.316593595178165
AUS,2021,Australia,0.313158326542816,0.6939528453975,0.309602740572658
AUS,2022,Australia,0.315876227738523,0.69314567844121,0.311365274648657
AUS,2023,Australia,0.31593723845745,0.693309072991234,0.311314082733108
AUT,2009,Austria,0.303918635246437,0.668279734601683,0.317819450322377
AUT,2010,Austria,0.302436123092934,0.675040551971082,0.313697785560926
AUT,2011,Austria,0.30351203906509,0.675435334720391,0.31403835217235
AUT,2012,Austria,0.299746164396747,0.680550953685282,0.309597605355733
AUT,2013,Austria,0.301120968660119,0.695320675352393,0.302900146653863
AUT,2014,Austria,0.303702659297618,0.708673327341648,0.297514665977985
AUT,2015,Austria,0.300143776306643,0.704580139968075,0.297781818169284
AUT,2016,Austria,0.298561539584274,0.687703237893747,0.305429150845264
AUT,2017,Austria,0.298476532528222,0.690867434096004,0.303804549216109
AUT,2018,Austria,0.297677048212416,0.690881034113969,0.303398007049224
AUT,2019,Austria,0.298257250768928,0.68611340920419,0.306071920782369
AUT,2020,Austria,0.293809067480789,0.681671964122333,0.306068551679228
AUT,2021,Austria,0.291540762810979,0.679813781117259,0.30586349084686
AUT,2022,Austria,0.299110526645385,0.675100335444559,0.312005095600413
AUT,2023,Austria,0.295316568589894,0.676197628384371,0.309559470102762
AZE,2009,Azerbaijan,0.412182231110915,0.374046297026145,0.519067967042385
AZE,2010,Azerbaijan,0.412433420974441,0.36412149322479,0.524155963874826
AZE,2011,Azerbaijan,0.408604979566117,0.366798274205085,0.520903352680516
AZE,2012,Azerbaijan,0.406015071896848,0.361318034813727,0.522348518541561
AZE,2013,Azerbaijan,0.402166930525945,0.382347540201331,0.509909695162307
AZE,2014,Azerbaijan,0.402055151781851,0.408104870033607,0.496975140874122
AZE,2015,Azerbaijan,0.400886252186685,0.415988835851898,0.492448708167394
AZE,2016,Azerbaijan,0.40266599423888,0.436657583127519,0.48300420555568
AZE,2017,Azerbaijan,0.403565986685036,0.42575505821513,0.488905464234953
AZE,2018,Azerbaijan,0.401345007788368,0.427503307171886,0.486920850308241
AZE,2019,Azerbaijan,0.400610651992998,0.447635668211214,0.476487491890892
AZE,2020,Azerbaijan,0.402296116571452,0.432880648782553,0.48470773389445
AZE,2021,Azerbaijan,0.402988104884766,0.446866031894408,0.478061036495179
AZE,2022,Azerbaijan,0.405809263952388,0.44249516809313,0.481657047929629
AZE,2023,Azerbaijan,0.404253804565205,0.443726742855352,0.480263530854927
BDI,2009,Burundi,0.566932772156516,0.227988333072173,0.669472219542172
BDI,2010,Burundi,0.565616727549399,0.205646492121627,0.679985117713886
BDI,2011,Burundi,0.573775984057699,0.201048367865697,0.686363808096001
BDI,2012,Burundi,0.57854382033712,0.201419458088213,0.688562181124454
BDI,2013,Burundi,0.564235235584711,0.229274891592635,0.667480171996038
BDI,2014,Burundi,0.555772609627365,0.271901637462956,0.641935486082205
BDI,2015,Burundi,0.55572143240553,0.255569677588656,0.650075877408437
BDI,2016,Burundi,0.560540489048128,0.266722272347751,0.646909108350189
BDI,2017,Burundi,0.560431699753392,0.267412470750812,0.64650961450129
BDI,2018,Burundi,0.557731433070654,0.264953921847042,0.646388755611806
BDI,2019,Burundi,0.557046401640304,0.264875892420371,0.646085254609966
BDI,2020,Burundi,0.556977676883822,0.262983794470626,0.646996941206598
BDI,2021,Burundi,0.555845348816973,0.269255920616874,0.64329471410005
BDI,2022,Burundi,0.554106216917647,0.273043180284463,0.640531518316592
BDI,2023,Burundi,0.553186563369384,0.272391783523305,0.64039738992304
BEL,2009,Belgium,0.351717938522834,0.590616530983475,0.380550703769679
BEL,2010,Belgium,0.353084644440966,0.583470352649774,0.384807145895596
BEL,2011,Belgium,0.346981968907434,0.584400908152967,0.381290530377234
BEL,2012,Belgium,0.345817592860862,0.591422009346667,0.377197791757098
BEL,2013,Belgium,0.345118499876652,0.597852085493058,0.373633207191797
BEL,2014,Belgium,0.343070592126183,0.610228138716692,0.366421226704746
BEL,2015,Belgium,0.343754896121476,0.609809239906976,0.36697282810725
BEL,2016,Belgium,0.340900664323307,0.600699747419834,0.370100458451737
BEL,2017,Belgium,0.341580793339684,0.594458078361681,0.373561357489002
BEL,2018,Belgium,0.34428605662023,0.586991264511136,0.378647396054547
BEL,2019,Belgium,0.335382000287438,0.586698847802819,0.374341576242309
BEL,2020,Belgium,0.334969174860605,0.593534293653236,0.370717440603685
BEL,2021,Belgium,0.332161747237053,0.594891658378082,0.368635044429485
BEL,2022,Belgium,0.333294723985269,0.594653860096512,0.369320431944379
BEL,2023,Belgium,0.334702001024289,0.586680831331403,0.374010584846443
BEN,2009,Benin,0.579852645933007,0.289494216589268,0.64517921467187
BEN,2010,Benin,0.586485281723795,0.272627705395309,0.656928788164243
BEN,2011,Benin,0.583306152806076,0.276702835964831,0.653301658420623
BEN,2012,Benin,0.580838055670616,0.274163072378452,0.653337491646082
BEN,2013,Benin,0.579385821359377,0.286121903728119,0.646631958815629
BEN,2014,Benin,0.581702573212594,0.288107638633328,0.646797467289633
BEN,2015,Benin,0.576537845770553,0.302292225498448,0.637122810136053
BEN,2016,Benin,0.585880278601888,0.308792851711021,0.638543713445434
BEN,2017,Benin,0.583574401058511,0.320125874011978,0.631724263523267
BEN,2018,Benin,0.584776065066707,0.330767010811217,0.627004527127745
BEN,2019,Benin,0.57994618108686,0.324708855927057,0.627618662579902
BEN,2020,Benin,0.574438585217661,0.330561345126029,0.621938620045816
BEN,2021,Benin,0.577656737259558,0.33286197083482,0.622397383212369
BEN,2022,Benin,0.570411821017918,0.338085745766983,0.616163037625467
BEN,2023,Benin,0.5713164455052,0.341775313800639,0.614770565852281
BFA,2009,Burkina Faso,0.562176731406206,0.286304885631246,0.63793592288748
BFA,2010,Burkina Faso,0.558253496184134,0.285115746350795,0.63656887491667
BFA,2011,Burkina Faso,0.554980662662595,0.277717818840249,0.638631421911173
BFA,2012,Burkina Faso,0.552841202678991,0.276909455674021,0.637965873502485
BFA,2013,Burkina Faso,0.547578749950569,0.271393914409783,0.638092417770393
BFA,2014,Burkina Faso,0.540492588634119,0.274538618877269,0.632976984878425
BFA,2015,Burkina Faso,0.543528834021826,0.277198779026851,0.633165027497487
BFA,2016,Burkina Faso,0.53719032146224,0.298177484065897,0.619506418698172
BFA,2017,Burkina Faso,0.524013171811851,0.299015400782506,0.612498885514673
BFA,2018,Burkina Faso,0.520569239227855,0.297583828486474,0.61149270537069
BFA,2019,Burkina Faso,0.51822331957572,0.289540504082093,0.614341407746814
BFA,2020,Burkina Faso,0.521637813046896,0.284848848154169,0.618394482446364
BFA,2021,Burkina Faso,0.520739386451671,0.285457836190922,0.617640775130375
BFA,2022,Burkina Faso,0.522186511718832,0.280781820609508,0.620702345554662
BFA,2023,Burkina Faso,0.520926376262667,0.27482711698912,0.623049629636774
BGD,2009,Bangladesh,0.556202464707568,0.427492342326514,0.564355061190527
BGD,2010,Bangladesh,0.554066162157698,0.454529599579974,0.549768281288862
BGD,2011,Bangladesh,0.553562045951478,0.457459975737103,0.548051035107187
BGD,2012,Bangladesh,0.544983490051936,0.4589828520811,0.543000318985418
BGD,2013,Bangladesh,0.544997102461483,0.460143238062654,0.542426932199415
BGD,2014,Bangladesh,0.548921522578754,0.254189604781619,0.647365958898568
BGD,2015,Bangladesh,0.538382156514073,0.251238419953385,0.643571868280344
BGD,2016,Bangladesh,0.534508970977934,0.2672357887507,0.633636591113617
BGD,2017,Bangladesh,0.529671189784003,0.268128505451895,0.630771342166054
BGD,2018,Bangladesh,0.528898395231602,0.27183734502159,0.628530525105006
BGD,2019,Bangladesh,0.529206492636317,0.272146933492715,0.628529779571801
BGD,2020,Bangladesh,0.528183627327675,0.277684436931218,0.625249595198229
BGD,2021,Bangladesh,0.557245693286426,0.277504095977863,0.639870798654282
BGD,2022,Bangladesh,0.568568181856243,0.2751653655229,0.646701408166672
BGD,2023,Bangladesh,0.568382610178076,0.27930849019397,0.644537059992053
BGR,2009,Bulgaria,0.363197402627346,0.44481263093494,0.459192385846203
BGR,2010,Bulgaria,0.358876562959294,0.439673330113815,0.45960161642274
BGR,2011,Bulgaria,0.354601442101865,0.443279942723202,0.455660749689332
BGR,2012,Bulgaria,0.350127650977466,0.447377878677318,0.451374886150074
BGR,2013,Bulgaria,0.350811797981278,0.453426218967631,0.448692789506823
BGR,2014,Bulgaria,0.349755752693075,0.463859688131914,0.442948032280581
BGR,2015,Bulgaria,0.351953611637184,0.46553267176379,0.443210469936697
BGR,2016,Bulgaria,0.353664577431849,0.464926249948319,0.444369163741765
BGR,2017,Bulgaria,0.356912824265622,0.465187259116934,0.445862782574344
BGR,2018,Bulgaria,0.334170668507611,0.464620063608406,0.434775302449602
BGR,2019,Bulgaria,0.334079817248937,0.467511319941517,0.43328424865371
BGR,2020,Bulgaria,0.334282923649361,0.461725025788093,0.436278948930634
BGR,2021,Bulgaria,0.330291481287015,0.460350472815751,0.434970504235632
BGR,2022,Bulgaria,0.353332610935205,0.459807361764859,0.446762624585173
BGR,2023,Bulgaria,0.354212115609604,0.464236756653287,0.444987679478159
BHR,2009,Bahrain,0.434010074839797,0.455890182984365,0.489059945927716
BHR,2010,Bahrain,0.434397643486136,0.453195292688993,0.490601175398572
BHR,2011,Bahrain,0.435513245732926,0.459737428883125,0.487887908424901
BHR,2012,Bahrain,0.436909045903586,0.46363397350003,0.486637536201778
BHR,2013,Bahrain,0.437002767160466,0.464361322765215,0.486320722197625
BHR,2014,Bahrain,0.43803259565986,0.48289571023589,0.477568442711985
BHR,2015,Bahrain,0.438215796403492,0.479747103380784,0.479234346511354
BHR,2016,Bahrain,0.437940822139023,0.469088702818629,0.484426059660197
BHR,2017,Bahrain,0.438831380556338,0.461812562520461,0.488509409017938
BHR,2018,Bahrain,0.439296818195522,0.463401774967464,0.487947521614029
BHR,2019,Bahrain,0.437471691039753,0.469593904324306,0.483938893357724
BHR,2020,Bahrain,0.436644211159774,0.498758774059756,0.468942718550009
BHR,2021,Bahrain,0.43422865730641,0.518695062688194,0.457766797309108
BHR,2022,Bahrain,0.435709596485367,0.528040277362233,0.453834659561567
BHR,2023,Bahrain,0.435632072422982,0.526711547844828,0.454460262289077
BHS,2009,Bahamas,0.45984811540009,0.449398362613877,0.505224876393107
BHS,2010,Bahamas,0.458686075248946,0.447449514606185,0.505618280321381
BHS,2011,Bahamas,0.456135245110506,0.448141361621728,0.503996941744389
BHS,2012,Bahamas,0.454013285608455,0.452618966388276,0.50069715961009
BHS,2013,Bahamas,0.452995539369164,0.443511555136326,0.504741992116419
BHS,2014,Bahamas,0.452721186822024,0.448619606086882,0.502050790367571
BHS,2015,Bahamas,0.455416869422402,0.442852624981665,0.506282122220369
BHS,2016,Bahamas,0.45670949549257,0.435843331352497,0.510433082070037
BHS,2017,Bahamas,0.457399179817992,0.428752360982573,0.51432340941771
BHS,2018,Bahamas,0.45838982493729,0.426135696502892,0.516127064217199
BHS,2019,Bahamas,0.4571006065355,0.426754224594813,0.515173190970343
BHS,2020,Bahamas,0.458576558149906,0.422160603340669,0.518207977404618
BHS,2021,Bahamas,0.459034868793215,0.425368446382293,0.516833211205461
BHS,2022,Bahamas,0.458947897959072,0.425723121170271,0.516612388394401
BHS,2023,Bahamas,0.458425830822161,0.432598392246487,0.512913719287837
BIH,2009,Bosnia and Herzegovina,0.360868187139094,0.332422486873839,0.514222850132628
BIH,2010,Bosnia and Herzegovina,0.358086868777428,0.332035322033178,0.513025773372125
BIH,2011,Bosnia and Herzegovina,0.35567853724884,0.340892382909301,0.50739307716977
BIH,2012,Bosnia and Herzegovina,0.351573580399197,0.347066627659806,0.502253476369696
BIH,2013,Bosnia and Herzegovina,0.350151257937852,0.361345735231831,0.494402761353011
BIH,2014,Bosnia and Herzegovina,0.348200634410639,0.379009679805043,0.484595477302798
BIH,2015,Bosnia and Herzegovina,0.350569221456248,0.365000332932877,0.492784444261686
BIH,2016,Bosnia and Herzegovina,0.346865906193011,0.368883836235822,0.488991034978595
BIH,2017,Bosnia and Herzegovina,0.347346579802012,0.374880511071257,0.486233034365378
BIH,2018,Bosnia and Herzegovina,0.343136653112688,0.373042599559601,0.485047026776544
BIH,2019,Bosnia and Herzegovina,0.344722814219725,0.365267099098131,0.489727857560797
BIH,2020,Bosnia and Herzegovina,0.34429718398682,0.361666456729578,0.491315363628621
BIH,2021,Bosnia and Herzegovina,0.34364963224281,0.364329856837751,0.48965988770253
BIH,2022,Bosnia and Herzegovina,0.3456894680814,0.365646426085992,0.490021520997704
BIH,2023,Bosnia and Herzegovina,0.346513954253632,0.370434524014239,0.488039715119697
BLR,2009,Belarus,0.354615681738197,0.432147979690223,0.461233851023987
BLR,2010,Belarus,0.3538374515555,0.431435068429561,0.46120119156297
BLR,2011,Belarus,0.35051429581735,0.442660978659671,0.45392665857884
BLR,2012,Belarus,0.351732341066336,0.471694423982815,0.440018958541761
BLR,2013,Belarus,0.352705690992511,0.475779231423358,0.438463229784577
BLR,2014,Belarus,0.354276266280424,0.469061344190301,0.442607461045062
BLR,2015,Belarus,0.355484324473633,0.467839133562096,0.443822595455769
BLR,2016,Belarus,0.347060264971145,0.484066494997654,0.431496884986746
BLR,2017,Belarus,0.345213957656837,0.506670971370711,0.419271493143063
BLR,2018,Belarus,0.340251406474035,0.509168262086076,0.415541572193979
BLR,2019,Belarus,0.330327960380497,0.512121368727833,0.409103295826332
BLR,2020,Belarus,0.330223127056237,0.485668779500119,0.422277173778059
BLR,2021,Belarus,0.328353434106408,0.479767666369377,0.424292883868516
BLR,2022,Belarus,0.322992144645975,0.463257703784197,0.429867220430889
BLR,2023,Belarus,0.323182586394448,0.459539782750123,0.431821401822162
BLZ,2009,Belize,0.468558993751464,0.337172718624807,0.565693137563329
BLZ,2010,Belize,0.469604563879054,0.336310511603878,0.566647026137588
BLZ,2011,Belize,0.465927754312134,0.325142060115978,0.570392847098078
BLZ,2012,Belize,0.463520018493945,0.331401108710519,0.566059454891713
BLZ,2013,Belize,0.454016812494056,0.33399948916782,0.560008661663118
BLZ,2014,Belize,0.469412282747262,0.330769606712472,0.569321338017395
BLZ,2015,Belize,0.457376178713085,0.330452489278636,0.563461844717225
BLZ,2016,Belize,0.45344608503568,0.326805134120083,0.563320475457799
BLZ,2017,Belize,0.453212932973945,0.326763033055999,0.563224949958973
BLZ,2018,Belize,0.452461522841639,0.326951550320025,0.562754986260807
BLZ,2019,Belize,0.458243586868228,0.327193112796667,0.565525237035781
BLZ,2020,Belize,0.459953583453054,0.334235272918144,0.562859155267455
BLZ,2021,Belize,0.461336580967266,0.330777489703673,0.565279545631797
BLZ,2022,Belize,0.467712949739228,0.338348964858604,0.564681992440312
BLZ,2023,Belize,0.467284269569326,0.339967386887715,0.563658441340805
BOL,2009,"Bolivia, Plurinational State of",0.465805273328552,0.275613015983251,0.595096128672651
BOL,2010,"Bolivia, Plurinational State of",0.462553410007296,0.280499568179974,0.591026920913661
BOL,2011,"Bolivia, Plurinational State of",0.462411886120561,0.284475814764379,0.588968035678091
BOL,2012,"Bolivia, Plurinational State of",0.460337288988566,0.276619622365867,0.59185883331135
BOL,2013,"Bolivia, Plurinational State of",0.460435132798297,0.285066833186159,0.587684149806069
BOL,2014,"Bolivia, Plurinational State of",0.459861982012733,0.281099196685207,0.589381392663763
BOL,2015,"Bolivia, Plurinational State of",0.459259432876688,0.276588660948293,0.591335385964197
BOL,2016,"Bolivia, Plurinational State of",0.451721589483558,0.278525440762287,0.586598074360636
BOL,2017,"Bolivia, Plurinational State of",0.444520992374062,0.284072325553991,0.580224333410036
BOL,2018,"Bolivia, Plurinational State of",0.44290055218291,0.284303303109258,0.579298624536826
BOL,2019,"Bolivia, Plurinational State of",0.441068548344739,0.276982270135283,0.582043139104728
BOL,2020,"Bolivia, Plurinational State of",0.442833207679168,0.280823049648245,0.581005079015462
BOL,2021,"Bolivia, Plurinational State of",0.448273468241176,0.283239380330127,0.582517043955525
BOL,2022,"Bolivia, Plurinational State of",0.450418330773675,0.282634479064905,0.583891925854385
BOL,2023,"Bolivia, Plurinational State of",0.450779731061735,0.284553675552306,0.583113027754715
BRA,2009,Brazil,0.378900114469374,0.425329817417965,0.476785148525705
BRA,2010,Brazil,0.378526828445353,0.442071224715023,0.468227801865165
BRA,2011,Brazil,0.377964649422445,0.444352990938662,0.466805829241892
BRA,2012,Brazil,0.377579515585208,0.44262953110849,0.467474992238359
BRA,2013,Brazil,0.375542486696053,0.44083026022874,0.467356113233657
BRA,2014,Brazil,0.37401153569916,0.354705929564028,0.509652803067566
BRA,2015,Brazil,0.370834532029391,0.346651542469509,0.512091494779941
BRA,2016,Brazil,0.369249005498211,0.350053673751114,0.509597665873549
BRA,2017,Brazil,0.368032029415449,0.343824622764818,0.512103703325316
BRA,2018,Brazil,0.367247171402822,0.341656947218654,0.512795112092084
BRA,2019,Brazil,0.368938813790823,0.347299565522822,0.510819624134001
BRA,2020,Brazil,0.368474971010616,0.351806018008254,0.508334476501181
BRA,2021,Brazil,0.369145797647028,0.350042039795016,0.509551878926006
BRA,2022,Brazil,0.368167155175138,0.350411915303259,0.50887761993594
BRA,2023,Brazil,0.368520164456009,0.350466480103187,0.509026842176411
BRB,2009,Barbados,0.376723558518208,0.604978621948744,0.385872468284732
BRB,2010,Barbados,0.376445819468084,0.626808828615355,0.374818495426364
BRB,2011,Barbados,0.368755441743557,0.636387120522937,0.36618416061031
BRB,2012,Barbados,0.358080088992138,0.506965585008461,0.425557251991838
BRB,2013,Barbados,0.357953248169648,0.510790495903022,0.423581376133313
BRB,2014,Barbados,0.362758793848484,0.505640722343758,0.428559035752363
BRB,2015,Barbados,0.365168554447528,0.520018760756598,0.422574896845465
BRB,2016,Barbados,0.366827508449087,0.504616282788981,0.431105612830053
BRB,2017,Barbados,0.362763830448069,0.512934414452635,0.424914707997717
BRB,2018,Barbados,0.371310350436335,0.513905773541009,0.428702288447663
BRB,2019,Barbados,0.372169283391949,0.518360324721241,0.426904479335354
BRB,2020,Barbados,0.372416837395272,0.530095439305351,0.42116069904496
BRB,2021,Barbados,0.374166210923063,0.585068537453454,0.394548836734805
BRB,2022,Barbados,0.370508221585735,0.586826961491397,0.391840630047169
BRB,2023,Barbados,0.370961980033602,0.590085510975419,0.390438234529092
BRN,2009,Brunei Darussalam,0.408275670613117,0.474303733068637,0.46698596877224
BRN,2010,Brunei Darussalam,0.400418105095865,0.473259360007907,0.463579372543979
BRN,2011,Brunei Darussalam,0.402053179229122,0.474092432802524,0.463980373213299
BRN,2012,Brunei Darussalam,0.400868696443916,0.474634438525893,0.463117128959012
BRN,2013,Brunei Darussalam,0.40594274461172,0.482963904593304,0.461489420009208
BRN,2014,Brunei Darussalam,0.406826276603249,0.503138688941093,0.451843793831078
BRN,2015,Brunei Darussalam,0.406091835403274,0.490422427466311,0.457834703968482
BRN,2016,Brunei Darussalam,0.405472584276106,0.494775481418149,0.455348551428979
BRN,2017,Brunei Darussalam,0.405002608737038,0.496228839291731,0.454386884722654
BRN,2018,Brunei Darussalam,0.403219190153943,0.520173440542127,0.441522874805908
BRN,2019,Brunei Darussalam,0.40364578832979,0.511949940315865,0.445847924006963
BRN,2020,Brunei Darussalam,0.405449326038726,0.530715089112578,0.437367118463074
BRN,2021,Brunei Darussalam,0.402644110903005,0.526750703388712,0.437946703757147
BRN,2022,Brunei Darussalam,0.403435675348404,0.53334729485231,0.435044190248047
BRN,2023,Brunei Darussalam,0.404039190127774,0.538148660701917,0.432945264712929
BTN,2009,Bhutan,0.533670591888565,0.40050103022024,0.566584780834163
BTN,2010,Bhutan,0.536860685596942,0.391490890518836,0.572684897539053
BTN,2011,Bhutan,0.533670086354995,0.390579217792713,0.571545434281141
BTN,2012,Bhutan,0.529653100269972,0.394321895591424,0.567665602339274
BTN,2013,Bhutan,0.528826013737663,0.402102730608607,0.563361641564528
BTN,2014,Bhutan,0.525057624281755,0.43067465190574,0.547191486188007
BTN,2015,Bhutan,0.518767547610108,0.432159295077202,0.543304126266453
BTN,2016,Bhutan,0.516640505435284,0.462568937907858,0.527035783763713
BTN,2017,Bhutan,0.522192642741511,0.478580819496641,0.521805911622435
BTN,2018,Bhutan,0.512582314425749,0.478753278567331,0.516914517929209
BTN,2019,Bhutan,0.51125721294616,0.480735328455707,0.515260942245227
BTN,2020,Bhutan,0.505300491938609,0.478682642293007,0.513308924822801
BTN,2021,Bhutan,0.509519801451198,0.47485166502139,0.517334068214904
BTN,2022,Bhutan,0.515497174011401,0.479692469599168,0.517902352206117
BTN,2023,Bhutan,0.515028632946176,0.478615268929001,0.518206682008588
BWA,2009,Botswana,0.464561551156319,0.392266979964277,0.536147285596021
BWA,2010,Botswana,0.458235942908555,0.389940902912784,0.534147519997886
BWA,2011,Botswana,0.45188402331688,0.388626217030055,0.531628903143413
BWA,2012,Botswana,0.445750059962054,0.395865511318647,0.524942274321704
BWA,2013,Botswana,0.450235850889115,0.401191460257316,0.5245221953159
BWA,2014,Botswana,0.446317172924424,0.42223883403667,0.512039169443877
BWA,2015,Botswana,0.441424298839152,0.416301884025515,0.512561207406819
BWA,2016,Botswana,0.436907186564909,0.434205176519712,0.501351005022598
BWA,2017,Botswana,0.438752651481545,0.427560417666405,0.50559611690757
BWA,2018,Botswana,0.423715601790778,0.426290187226651,0.498712707282064
BWA,2019,Botswana,0.42892865849849,0.431241372718817,0.498843642889837
BWA,2020,Botswana,0.427282592121424,0.427939420232243,0.499671585944591
BWA,2021,Botswana,0.428231328141834,0.433717577334307,0.497256875403764
BWA,2022,Botswana,0.431163348539531,0.434287255395212,0.49843804657216
BWA,2023,Botswana,0.432397932350151,0.430593291832732,0.50090232025871
CAF,2009,Central African Republic,0.592226530678688,0.157733105476749,0.71724671260097
CAF,2010,Central African Republic,0.57695999568616,0.136772217866378,0.720093888909891
CAF,2011,Central African Republic,0.585327602678619,0.136532960432652,0.724397321122984
CAF,2012,Central African Republic,0.58010398283001,0.143800918778016,0.718151532025997
CAF,2013,Central African Republic,0.589314809593107,0.127031942316439,0.731141433638334
CAF,2014,Central African Republic,0.583251482081212,0.114829052881759,0.734211214599727
CAF,2015,Central African Republic,0.579153936486907,0.118849438696911,0.730152248894998
CAF,2016,Central African Republic,0.581202394246923,0.141988926577447,0.719606733834738
CAF,2017,Central African Republic,0.585537470561245,0.139561225454884,0.722988122553181
CAF,2018,Central African Republic,0.586757400789239,0.138401798729992,0.724177801029624
CAF,2019,Central African Republic,0.579038747119261,0.137871591717616,0.720583577700823
CAF,2020,Central African Republic,0.58011051530741,0.132004662433585,0.724052926436912
CAF,2021,Central African Republic,0.581292458304027,0.135360764358026,0.722965846973001
CAF,2022,Central African Republic,0.577950909651453,0.134655165121083,0.721647872265185
CAF,2023,Central African Republic,0.578711096441822,0.132552577577126,0.723079259432348
CAN,2009,Canada,0.284199541231579,0.682286778723155,0.300956381254212
CAN,2010,Canada,0.282958787445727,0.662467093822757,0.310245846811485
CAN,2011,Canada,0.282921264521633,0.670205505898203,0.306357879311715
CAN,2012,Canada,0.282637109936743,0.66885850068223,0.306889304627257
CAN,2013,Canada,0.282478761386464,0.67119841790076,0.305640171742852
CAN,2014,Canada,0.282185221877821,0.683747809421997,0.299218706227912
CAN,2015,Canada,0.281935186256586,0.675561880046026,0.30318665310528
CAN,2016,Canada,0.282045932704806,0.664804440036215,0.308620746334296
CAN,2017,Canada,0.283117921729112,0.661261401959311,0.3109282598849
CAN,2018,Canada,0.284672258179706,0.652371814247607,0.316150221966049
CAN,2019,Canada,0.283846146718464,0.649747656149353,0.317049245284555
CAN,2020,Canada,0.283558443300829,0.643086351310217,0.320236045995306
CAN,2021,Canada,0.282427890585361,0.64778693633492,0.317320477125221
CAN,2022,Canada,0.281436971349,0.646263001014995,0.317586985167003
CAN,2023,Canada,0.281583885412555,0.64522196244372,0.318180961484418
CHE,2009,Switzerland,0.28672463498892,0.697950412683399,0.294387111152761
CHE,2010,Switzerland,0.285476828781736,0.712438913534919,0.286518957623409
CHE,2011,Switzerland,0.285045585409829,0.708492389547948,0.288276597930941
CHE,2012,Switzerland,0.284735423715826,0.709506198646944,0.287614612534441
CHE,2013,Switzerland,0.283492964314962,0.717046251951087,0.283223356181938
CHE,2014,Switzerland,0.282054050778178,0.727845981966342,0.277104034405918
CHE,2015,Switzerland,0.282400066569062,0.72590148925261,0.278249288658226
CHE,2016,Switzerland,0.282296173158284,0.711308061252207,0.285494055953038
CHE,2017,Switzerland,0.258394163070271,0.701685718214132,0.27835422242807
CHE,2018,Switzerland,0.256483648587123,0.697286694434724,0.2795984770762
CHE,2019,Switzerland,0.256238797287465,0.696598770320437,0.279820013483514
CHE,2020,Switzerland,0.255350560803248,0.691759476159228,0.28179554232201
CHE,2021,Switzerland,0.252527009439457,0.689049205595819,0.281738901921819
CHE,2022,Switzerland,0.251030071399067,0.689535380149968,0.28074734562455
CHE,2023,Switzerland,0.251258452297331,0.691330058569058,0.279964196864136
CHL,2009,Chile,0.352998469617533,0.504818511070435,0.424089979273549
CHL,2010,Chile,0.352105813465069,0.516252549423817,0.417926632020626
CHL,2011,Chile,0.35031888842493,0.5222876690061,0.414015609709415
CHL,2012,Chile,0.345661218232718,0.538209062415807,0.403726077908456
CHL,2013,Chile,0.344079856760782,0.543715777745006,0.400182039507888
CHL,2014,Chile,0.337839215434602,0.56189093208965,0.387974141672476
CHL,2015,Chile,0.337793204522337,0.554571599971269,0.391610802275534
CHL,2016,Chile,0.339256813077204,0.53863778674658,0.400309513165312
CHL,2017,Chile,0.339239617375445,0.537628241412421,0.400805687981512
CHL,2018,Chile,0.333659485202075,0.538476867305281,0.397591308948397
CHL,2019,Chile,0.332626090125988,0.529857150076756,0.401384470024616
CHL,2020,Chile,0.333157100552715,0.529579587792019,0.401788756380348
CHL,2021,Chile,0.333731088512827,0.533050860208061,0.400340114152383
CHL,2022,Chile,0.332513665146997,0.532583086169177,0.39996528948891
CHL,2023,Chile,0.332236492332546,0.530893745356944,0.400671373487801
CHN,2009,China,0.396646417978792,0.523513914204286,0.436566251887253
CHN,2010,China,0.393382322777987,0.559395806485593,0.416993258146197
CHN,2011,China,0.391385779696248,0.564736671239214,0.413324554228517
CHN,2012,China,0.390545976672936,0.5692396805504,0.410653148061268
CHN,2013,China,0.38875553483393,0.57622244355326,0.406266545640335
CHN,2014,China,0.387525654471401,0.431622638578633,0.477951507946384
CHN,2015,China,0.386337833427969,0.443973245989747,0.471182293719111
CHN,2016,China,0.386313077048712,0.446013758733235,0.470149659157739
CHN,2017,China,0.38554107240778,0.456566207885441,0.46448743226117
CHN,2018,China,0.384793183173222,0.462045981431817,0.461373600870703
CHN,2019,China,0.3839722303205,0.528024895965005,0.427973667177748
CHN,2020,China,0.383590366160879,0.545085628942374,0.419252368609253
CHN,2021,China,0.382330265337932,0.550542013063359,0.415894126137287
CHN,2022,China,0.381313954458842,0.553010246143923,0.414151854157459
CHN,2023,China,0.381528008944177,0.555667227908471,0.412930390517853
CIV,2009,Cote d'Ivoire,0.499407888261923,0.200573214312936,0.649417336974494
CIV,2010,Cote d'Ivoire,0.493896047868622,0.183355374132916,0.655270336867853
CIV,2011,Cote d'Ivoire,0.496269333874069,0.184330071044032,0.655969631415019
CIV,2012,Cote d'Ivoire,0.498955928379679,0.197821185257089,0.650567371561295
CIV,2013,Cote d'Ivoire,0.487474292228048,0.209681858834037,0.638896216697006
CIV,2014,Cote d'Ivoire,0.491085795720159,0.247591276256092,0.621747259732033
CIV,2015,Cote d'Ivoire,0.488387300716929,0.268498617843174,0.609944341436878
CIV,2016,Cote d'Ivoire,0.490802624963928,0.285552997352838,0.602624813805545
CIV,2017,Cote d'Ivoire,0.486049064554829,0.281909416212077,0.602069824171376
CIV,2018,Cote d'Ivoire,0.484811290200776,0.290921511239216,0.59694488948078
CIV,2019,Cote d'Ivoire,0.48417994156195,0.297339405316469,0.593420268122741
CIV,2020,Cote d'Ivoire,0.485618147370348,0.299709450305306,0.592954348532521
CIV,2021,Cote d'Ivoire,0.487653468277971,0.309362492309484,0.589145487984244
CIV,2022,Cote d'Ivoire,0.490057862221303,0.318001015474535,0.586028423373384
CIV,2023,Cote d'Ivoire,0.489171238041047,0.319413276023028,0.58487898100901
CMR,2009,Cameroon,0.494955726065463,0.247617416989795,0.623669154537834
CMR,2010,Cameroon,0.49099379249661,0.241906923854633,0.624543434320989
CMR,2011,Cameroon,0.496675968226672,0.249639039606804,0.623518464309934
CMR,2012,Cameroon,0.487098583620969,0.250307473831185,0.618395554894892
CMR,2013,Cameroon,0.488320573876493,0.253833064605759,0.617243754635367
CMR,2014,Cameroon,0.488123614231948,0.255904103230543,0.616109755500703
CMR,2015,Cameroon,0.485771936778377,0.252579150314199,0.616596393232089
CMR,2016,Cameroon,0.484695493403968,0.262554463269829,0.61107051506707
CMR,2017,Cameroon,0.48239045726342,0.259288441243702,0.611551008009859
CMR,2018,Cameroon,0.485821328226616,0.258802354950268,0.613509486638174
CMR,2019,Cameroon,0.484616507811948,0.257511503231317,0.613552502290315
CMR,2020,Cameroon,0.482893094688844,0.258250266670698,0.612321414009073
CMR,2021,Cameroon,0.488229140667947,0.260516623582938,0.613856258542505
CMR,2022,Cameroon,0.486085791085315,0.261762673305993,0.612161558889661
CMR,2023,Cameroon,0.4856038789901,0.260368466197561,0.61261770639627
COD,2009,"Congo, the Democratic Republic o",0.570016372673331,0.151852167208449,0.709082102732441
COD,2010,"Congo, the Democratic Republic o",0.567977555361864,0.126301026812428,0.720838264274718
COD,2011,"Congo, the Democratic Republic o",0.568998243476926,0.146540588682957,0.711228827396985
COD,2012,"Congo, the Democratic Republic o",0.569376585187922,0.147814921618962,0.71078083178448
COD,2013,"Congo, the Democratic Republic o",0.570104953896356,0.151187797761477,0.709458578067439
COD,2014,"Congo, the Democratic Republic o",0.570603725112277,0.150784731185175,0.709909496963551
COD,2015,"Congo, the Democratic Republic o",0.568621917997523,0.163482385247569,0.702569766374977
COD,2016,"Congo, the Democratic Republic o",0.568130450358105,0.208947646043657,0.679591402157224
COD,2017,"Congo, the Democratic Republic o",0.565903792550132,0.204108192251835,0.680897800149149
COD,2018,"Congo, the Democratic Republic o",0.562798309699943,0.211259051751996,0.675769628973974
COD,2019,"Congo, the Democratic Republic o",0.562656623351878,0.209486022316497,0.676585300517691
COD,2020,"Congo, the Democratic Republic o",0.563297689856726,0.21044493437863,0.676426377739048
COD,2021,"Congo, the Democratic Republic o",0.564406281611248,0.213269045751206,0.675568617930021
COD,2022,"Congo, the Democratic Republic o",0.562623244007693,0.213817901841211,0.674402671083241
COD,2023,"Congo, the Democratic Republic o",0.560868774413191,0.214130401841211,0.67336918628599
COG,2009,Congo,0.538700330565044,0.230963897537038,0.653868216514003
COG,2010,Congo,0.527115598300675,0.217091088346747,0.655012254976964
COG,2011,Congo,0.53419484052225,0.213439590679845,0.660377624921203
COG,2012,Congo,0.540807147400171,0.205681752679717,0.667562697360227
COG,2013,Congo,0.53245220426557,0.208815033726809,0.661818585269381
COG,2014,Congo,0.527101709186525,0.217595333845311,0.654753187670607
COG,2015,Congo,0.523258973568623,0.211486931252942,0.655886021157841
COG,2016,Congo,0.503446513460856,0.233713946517763,0.634866283471547
COG,2017,Congo,0.51109311105714,0.225513000158429,0.642790055449356
COG,2018,Congo,0.51084354686411,0.230430895160693,0.640206325851709
COG,2019,Congo,0.516352216537003,0.231635891004459,0.642358162766272
COG,2020,Congo,0.522585888004617,0.230159905005731,0.646212991499443
COG,2021,Congo,0.517785933180875,0.237349141199631,0.640218395990622
COG,2022,Congo,0.522899732782953,0.242525949209457,0.640186891786748
COG,2023,Congo,0.522447247654126,0.24443433914416,0.639006454254983
COL,2009,Colombia,0.425671158887295,0.3258454096458,0.549912874620748
COL,2010,Colombia,0.423508985756961,0.338895698937456,0.542306643409753
COL,2011,Colombia,0.421407374163063,0.353371124731006,0.534018124716029
COL,2012,Colombia,0.419558259164838,0.352838380339737,0.533359939412551
COL,2013,Colombia,0.419633020247932,0.354767829496746,0.532432595375593
COL,2014,Colombia,0.419625583196584,0.377738886835001,0.520943348180792
COL,2015,Colombia,0.418212504302865,0.37687159526089,0.520670454520988
COL,2016,Colombia,0.419760537508253,0.375746563132186,0.522006987188034
COL,2017,Colombia,0.418251585088095,0.374107700269841,0.522071942409127
COL,2018,Colombia,0.416909240913085,0.370910886529286,0.5229991771919
COL,2019,Colombia,0.406086197469698,0.36895555276419,0.518565322352754
COL,2020,Colombia,0.406469207944245,0.371842618174132,0.517313294885057
COL,2021,Colombia,0.405245079808042,0.368839575750783,0.51820275202863
COL,2022,Colombia,0.404659524763037,0.373855413949883,0.515402055406577
COL,2023,Colombia,0.405387730559821,0.373337208571654,0.516025260994084
COM,2009,Comoros,0.52916842455248,0.260083540850092,0.634542441851194
COM,2010,Comoros,0.529671261281742,0.264205987336135,0.632732636972803
COM,2011,Comoros,0.538135898444988,0.266836999751867,0.635649449346561
COM,2012,Comoros,0.537610143339975,0.267497549401934,0.635056296969021
COM,2013,Comoros,0.534502061518601,0.282969179425418,0.625766441046592
COM,2014,Comoros,0.538197220685965,0.297529859739983,0.620333680472991
COM,2015,Comoros,0.524286160772053,0.291465423318772,0.616410368726641
COM,2016,Comoros,0.526297371464751,0.300834093457751,0.6127316390035
COM,2017,Comoros,0.526558916744108,0.299200951620709,0.6136789825617
COM,2018,Comoros,0.524422172197416,0.288757645368116,0.61783226341465
COM,2019,Comoros,0.533642172827941,0.285676530408233,0.623982821209854
COM,2020,Comoros,0.526176290338831,0.280755793996583,0.622710248171124
COM,2021,Comoros,0.535308039212519,0.282072384169043,0.626617827521738
COM,2022,Comoros,0.541243954148802,0.284191469176582,0.62852624248611
COM,2023,Comoros,0.541041421544341,0.288918497694303,0.626061461925019
CPV,2009,Cape Verde,0.423688902633523,0.396727653141168,0.513480624746178
CPV,2010,Cape Verde,0.423043214012607,0.393953709692847,0.51454475215988
CPV,2011,Cape Verde,0.419562413325763,0.410188803709432,0.504686804808166
CPV,2012,Cape Verde,0.432133920446295,0.417085823280347,0.507524048582974
CPV,2013,Cape Verde,0.436539514929418,0.419704080132835,0.508417717398292
CPV,2014,Cape Verde,0.433160579856254,0.437993633326282,0.497583473264986
CPV,2015,Cape Verde,0.419215515468014,0.440694351368549,0.489260582049733
CPV,2016,Cape Verde,0.419795101962444,0.436962010932944,0.49141654551475
CPV,2017,Cape Verde,0.423352194359674,0.436594116133774,0.49337903911295
CPV,2018,Cape Verde,0.425442579510421,0.436413066489566,0.494514756510428
CPV,2019,Cape Verde,0.418785405625635,0.436321031515352,0.491232187055141
CPV,2020,Cape Verde,0.426105779833532,0.444725834834381,0.490689972499576
CPV,2021,Cape Verde,0.416600076835399,0.448853771793972,0.483873152520714
CPV,2022,Cape Verde,0.421095793925841,0.450100310031784,0.485497741947029
CPV,2023,Cape Verde,0.420444996081811,0.450351528937161,0.485046733572325
CRI,2009,Costa Rica,0.407894698227657,0.394622852499091,0.506635922864283
CRI,2010,Costa Rica,0.388278190614311,0.406995750737569,0.490641219938371
CRI,2011,Costa Rica,0.387322141849888,0.401369339714091,0.492976401067899
CRI,2012,Costa Rica,0.38627763628463,0.415156160409504,0.485560737937563
CRI,2013,Costa Rica,0.38599546965765,0.428710201555818,0.478642634050916
CRI,2014,Costa Rica,0.385472598247927,0.451643278226005,0.466914660010961
CRI,2015,Costa Rica,0.383416272700676,0.456924941032905,0.463245665833886
CRI,2016,Costa Rica,0.383451806917013,0.450154358260526,0.466648724328243
CRI,2017,Costa Rica,0.38337589719052,0.446217221334989,0.468579337927766
CRI,2018,Costa Rica,0.381847074181903,0.44776922029602,0.467038926942942
CRI,2019,Costa Rica,0.38113506063617,0.449681512881013,0.465726773877579
CRI,2020,Costa Rica,0.377877502488867,0.449881845135987,0.46399782867644
CRI,2021,Costa Rica,0.37827616122363,0.446944145007622,0.465666008108004
CRI,2022,Costa Rica,0.375485626502588,0.450784391606032,0.462350617448278
CRI,2023,Costa Rica,0.376483069017729,0.454866858971535,0.460808105023097
CUB,2009,Cuba,0.43548024765151,0.369099243444661,0.533190502103425
CUB,2010,Cuba,0.43571176425198,0.349101429468272,0.543305167391854
CUB,2011,Cuba,0.434590100383407,0.333750470425945,0.550419814978731
CUB,2012,Cuba,0.432430032204489,0.318344955097139,0.557042538553675
CUB,2013,Cuba,0.436247411545194,0.304987231759087,0.565630089893054
CUB,2014,Cuba,0.435956198054048,0.308442313075795,0.563756942489127
CUB,2015,Cuba,0.434878207476957,0.310797016996966,0.562040595239996
CUB,2016,Cuba,0.43540508091958,0.320220220973463,0.557592429973059
CUB,2017,Cuba,0.435603977044368,0.335452226766888,0.55007587513874
CUB,2018,Cuba,0.434878305428986,0.334382235988544,0.550248034720221
CUB,2019,Cuba,0.436866498834189,0.338925283295418,0.548970607769386
CUB,2020,Cuba,0.438093582398573,0.339600684407451,0.549246448995561
CUB,2021,Cuba,0.439288876763571,0.340814967775915,0.549236954493828
CUB,2022,Cuba,0.440472035234884,0.333594392531305,0.55343882135179
CUB,2023,Cuba,0.440582257844168,0.337759848495826,0.551411204674171
CYP,2009,Cyprus,0.35898076069547,0.49836861831289,0.43030607119129
CYP,2010,Cyprus,0.358438544800189,0.496585311833741,0.430926616483224
CYP,2011,Cyprus,0.357214159155394,0.489106604467519,0.434053777343938
CYP,2012,Cyprus,0.356690387995385,0.49538749990542,0.430651444044983
CYP,2013,Cyprus,0.358753712587886,0.499265263270379,0.429744224658753
CYP,2014,Cyprus,0.358045179273661,0.514909089407779,0.421568044932941
CYP,2015,Cyprus,0.357181523540881,0.514534155697426,0.421323683921727
CYP,2016,Cyprus,0.35314027746594,0.501689686317667,0.425725295574137
CYP,2017,Cyprus,0.35422872956012,0.514351750225097,0.419938489667512
CYP,2018,Cyprus,0.354691649363559,0.508791979924729,0.422949834719415
CYP,2019,Cyprus,0.355346793614322,0.515847279365837,0.419749757124243
CYP,2020,Cyprus,0.355975378021274,0.510809810620783,0.422582783700245
CYP,2021,Cyprus,0.358072970017657,0.513710126527301,0.422181421745178
CYP,2022,Cyprus,0.358874739587076,0.513711390794183,0.422581674396446
CYP,2023,Cyprus,0.358536409234039,0.513207474334342,0.422664467449849
CZE,2009,Czech Republic,0.258889017588574,0.501428255217025,0.378730381185775
CZE,2010,Czech Republic,0.256749565862451,0.515409409788167,0.370670078037142
CZE,2011,Czech Republic,0.259054460534571,0.525901131044785,0.366576664744893
CZE,2012,Czech Republic,0.259461054786135,0.529994186937604,0.364733433924266
CZE,2013,Czech Republic,0.259269313459123,0.544329118974555,0.357470097242284
CZE,2014,Czech Republic,0.259332548695119,0.560125872392453,0.349603338151333
CZE,2015,Czech Republic,0.259651279330916,0.562873664974639,0.348388807178138
CZE,2016,Czech Republic,0.258970224148806,0.55401831864215,0.352475952753328
CZE,2017,Czech Republic,0.259238382898872,0.56173283314213,0.348752774878371
CZE,2018,Czech Republic,0.258914244528229,0.557264967319009,0.35082463860461
CZE,2019,Czech Republic,0.261474647531148,0.557151110208159,0.352161768661495
CZE,2020,Czech Republic,0.261930386054076,0.550721074034728,0.355604656009674
CZE,2021,Czech Republic,0.263210322604168,0.552690890264504,0.355259716169832
CZE,2022,Czech Republic,0.263776612923801,0.553449865420755,0.355163373751523
CZE,2023,Czech Republic,0.263808553766165,0.557322209821168,0.353243171972499
DEU,2009,Germany,0.306769428075324,0.678987675508639,0.313890876283342
DEU,2010,Germany,0.302628007432016,0.695114208706975,0.30375689936252
DEU,2011,Germany,0.303222802759139,0.693038167907689,0.305092317425725
DEU,2012,Germany,0.302375939245874,0.694297264763291,0.304039337241292
DEU,2013,Germany,0.301418592001533,0.701953334683114,0.299732628659209
DEU,2014,Germany,0.301651048791294,0.72203260696459,0.289809220913352
DEU,2015,Germany,0.301074730761147,0.710152197765062,0.295461266498043
DEU,2016,Germany,0.299710708297431,0.693687527495198,0.303011590401117
DEU,2017,Germany,0.300362551691015,0.691089843920649,0.304636353885183
DEU,2018,Germany,0.300053060063851,0.691059506186342,0.304496776938755
DEU,2019,Germany,0.300726822629741,0.688057458735663,0.306334681947039
DEU,2020,Germany,0.299449544528448,0.683271437534728,0.30808905349686
DEU,2021,Germany,0.299430638931335,0.687480406098846,0.305975116416245
DEU,2022,Germany,0.301358152542534,0.685482293684798,0.307937929428868
DEU,2023,Germany,0.301488835582132,0.68161124281923,0.309938796381451
DJI,2009,Djibouti,0.500615518589469,0.318635234515547,0.590990142036961
DJI,2010,Djibouti,0.495513225698765,0.300649356904529,0.597431934397118
DJI,2011,Djibouti,0.490639647652111,0.294365332320848,0.598137157665632
DJI,2012,Djibouti,0.505592502560806,0.296991877739523,0.604300312410642
DJI,2013,Djibouti,0.49948712925667,0.292728692503425,0.603379218376623
DJI,2014,Djibouti,0.501086650163686,0.301801990935082,0.599642329614302
DJI,2015,Djibouti,0.512593226854256,0.307201241906239,0.602695992474009
DJI,2016,Djibouti,0.507026326982836,0.299456668373456,0.60378482930469
DJI,2017,Djibouti,0.50213025548685,0.3167333373148,0.592698459086025
DJI,2018,Djibouti,0.488783056847773,0.323710555709477,0.582536250569148
DJI,2019,Djibouti,0.486542535983138,0.325818380289896,0.580362077846621
DJI,2020,Djibouti,0.492387514604481,0.325109397223333,0.583639058690574
DJI,2021,Djibouti,0.50792242645261,0.322565671322822,0.592678377564894
DJI,2022,Djibouti,0.500601385408294,0.322806993892917,0.588897195757689
DJI,2023,Djibouti,0.501747234319754,0.322369580667254,0.58968882682625
DMA,2009,Dominica,0.447998233668689,0.541761093679782,0.453118569994454
DMA,2010,Dominica,0.444376847680874,0.538016807060414,0.45318002031023
DMA,2011,Dominica,0.444892898893248,0.535830623170648,0.4545311378613
DMA,2012,Dominica,0.446590827270778,0.529742291959861,0.458424267655459
DMA,2013,Dominica,0.440850107199613,0.537840003670192,0.45150505176471
DMA,2014,Dominica,0.440692695094985,0.543584839737839,0.448553927678573
DMA,2015,Dominica,0.436976365239508,0.541149249404118,0.447913557917695
DMA,2016,Dominica,0.438117493903053,0.532657958992295,0.452729767455379
DMA,2017,Dominica,0.437378895814042,0.533695129765148,0.451841883024447
DMA,2018,Dominica,0.434239174848604,0.528764586860208,0.452737293994198
DMA,2019,Dominica,0.43156686511295,0.513573600811021,0.458996632150965
DMA,2020,Dominica,0.452245989126417,0.519956103179363,0.466144942973527
DMA,2021,Dominica,0.459502381150573,0.518134082138673,0.47068414950595
DMA,2022,Dominica,0.439784193960935,0.519664725471752,0.460059734244592
DMA,2023,Dominica,0.439077888052177,0.51580929381958,0.461634297116299
DNK,2009,Denmark,0.333985558590093,0.752459965913364,0.290762796338365
DNK,2010,Denmark,0.333005372344239,0.761018606721648,0.285993382811296
DNK,2011,Denmark,0.332402166204812,0.770987661863522,0.280707252170645
DNK,2012,Denmark,0.33085988397208,0.773676197669664,0.278591843151208
DNK,2013,Denmark,0.339468571405337,0.784319479551915,0.277574545926711
DNK,2014,Denmark,0.342695454598012,0.79240750909468,0.275143972751666
DNK,2015,Denmark,0.341755704355774,0.791402233899395,0.27517673522819
DNK,2016,Denmark,0.34206134932845,0.768462521263837,0.286799414032307
DNK,2017,Denmark,0.340104009039134,0.767298168410503,0.286402920314315
DNK,2018,Denmark,0.343344658223717,0.765406933965939,0.288968862128889
DNK,2019,Denmark,0.34787146155068,0.762588210544026,0.292641625503327
DNK,2020,Denmark,0.348777851375636,0.768743023644042,0.290017413865797
DNK,2021,Denmark,0.344978014183676,0.764521692835087,0.290228160674295
DNK,2022,Denmark,0.348060865858898,0.765845241077835,0.291107812390532
DNK,2023,Denmark,0.347435104310872,0.765320334627802,0.291057384841535
DOM,2009,Dominican Republic,0.43087615215908,0.350715552343791,0.540080299907645
DOM,2010,Dominican Republic,0.429186599831763,0.342462240909549,0.543362179461107
DOM,2011,Dominican Republic,0.428631041672784,0.337142414809927,0.545744313431429
DOM,2012,Dominican Republic,0.428850094057527,0.345995536122579,0.541427278967474
DOM,2013,Dominican Republic,0.427265462612673,0.34523361599492,0.541015923308876
DOM,2014,Dominican Republic,0.432724525906272,0.358238336251741,0.537243094827266
DOM,2015,Dominican Republic,0.435220441866758,0.359342407738552,0.537939017064103
DOM,2016,Dominican Republic,0.427759656076643,0.352596343442283,0.53758165631718
DOM,2017,Dominican Republic,0.425903278188175,0.347980584955723,0.538961346616226
DOM,2018,Dominican Republic,0.426134364157295,0.345225934528705,0.540454214814295
DOM,2019,Dominican Republic,0.427045463588311,0.347989762248466,0.539527850669923
DOM,2020,Dominican Republic,0.427067381439144,0.352725004849475,0.537171188294835
DOM,2021,Dominican Republic,0.428546515332269,0.359169544398207,0.534688485467031
DOM,2022,Dominican Republic,0.434629848674873,0.36042155568359,0.537104146495642
DOM,2023,Dominican Republic,0.432859946020172,0.361979136022354,0.535440404998909
DZA,2009,Algeria,0.378267993033492,0.291904784473686,0.543181604279903
DZA,2010,Algeria,0.376966997977975,0.280815284290243,0.548075856843866
DZA,2011,Algeria,0.379552524731042,0.274026441098213,0.552763041816415
DZA,2012,Algeria,0.378386203303321,0.274329483447746,0.552028359927788
DZA,2013,Algeria,0.376748958916696,0.287144670937157,0.544802143989769
DZA,2014,Algeria,0.375612271911973,0.284460296430622,0.545575987740676
DZA,2015,Algeria,0.37601512165201,0.289123401448389,0.543445860101811
DZA,2016,Algeria,0.376073267595752,0.298651156370528,0.538711055612612
DZA,2017,Algeria,0.377986572045652,0.321144637362857,0.528420967341398
DZA,2018,Algeria,0.379167030575157,0.322282349426159,0.528442340574499
DZA,2019,Algeria,0.381465377316674,0.322472168305079,0.529496604505798
DZA,2020,Algeria,0.358462514119565,0.325522590203707,0.516469961957929
DZA,2021,Algeria,0.369851629849208,0.329649509671708,0.52010106008875
DZA,2022,Algeria,0.367360744349921,0.337037301740643,0.515161721304639
DZA,2023,Algeria,0.367352335364758,0.345662458864351,0.510844938250204
ECU,2009,Ecuador,0.476271473642569,0.292468360871974,0.591901556385298
ECU,2010,Ecuador,0.47261194028612,0.287642736604891,0.592484601840615
ECU,2011,Ecuador,0.470275555716191,0.293850553890634,0.588212500912779
ECU,2012,Ecuador,0.47112758305379,0.300350517809173,0.585388532622309
ECU,2013,Ecuador,0.473036922591737,0.308631756777176,0.582202582907281
ECU,2014,Ecuador,0.466672080094912,0.313612795249694,0.576529642422609
ECU,2015,Ecuador,0.468559399695888,0.310428609614556,0.579065395040666
ECU,2016,Ecuador,0.466223289548431,0.330374401167214,0.567924444190609
ECU,2017,Ecuador,0.453879578819271,0.328063319767607,0.562908129525832
ECU,2018,Ecuador,0.451015086869663,0.33133203635517,0.559841525257247
ECU,2019,Ecuador,0.449121500585503,0.334010886011856,0.557555307286823
ECU,2020,Ecuador,0.462381541463569,0.339482172483238,0.561449684490166
ECU,2021,Ecuador,0.461592686353266,0.343945854855122,0.558823415749072
ECU,2022,Ecuador,0.46103781958309,0.342673619585532,0.559182099998779
ECU,2023,Ecuador,0.461330351743818,0.333845756550143,0.563742297596838
EGY,2009,Egypt,0.430744837248055,0.333399884116297,0.548672476565879
EGY,2010,Egypt,0.427460787615675,0.336075997488045,0.545692395063815
EGY,2011,Egypt,0.425192036870079,0.324198275211257,0.550496880829411
EGY,2012,Egypt,0.420545052198017,0.324908577687188,0.547818237255414
EGY,2013,Egypt,0.419564009384082,0.318485984472507,0.550539012455788
EGY,2014,Egypt,0.425125032846219,0.327662291218647,0.548731370813786
EGY,2015,Egypt,0.424020732467022,0.328036050922202,0.54799234077241
EGY,2016,Egypt,0.427511759770589,0.325729513110262,0.550891123330163
EGY,2017,Egypt,0.420382511803838,0.33105422000263,0.544664145900604
EGY,2018,Egypt,0.41547963900528,0.334908744491089,0.540285447257095
EGY,2019,Egypt,0.413015965037869,0.338682516006157,0.537166724515856
EGY,2020,Egypt,0.411607510671201,0.343854932626079,0.533876289022561
EGY,2021,Egypt,0.412082767114794,0.349371324979805,0.531355721067495
EGY,2022,Egypt,0.411764753924913,0.347198678313479,0.532283037805717
EGY,2023,Egypt,0.411320703435466,0.350966487347935,0.530177108043766
ERI,2009,Eritrea,0.616714348812775,0.215590837897214,0.700561755457781
ERI,2010,Eritrea,0.617286039424881,0.207928000361257,0.704679019531812
ERI,2011,Eritrea,0.614743103891453,0.206884265543077,0.703929419174188
ERI,2012,Eritrea,0.606792901446034,0.202178775389258,0.702307063028388
ERI,2013,Eritrea,0.61112227556161,0.199978679986642,0.705571797787484
ERI,2014,Eritrea,0.610426537683583,0.205207602824642,0.702609467429471
ERI,2015,Eritrea,0.607435259590638,0.195299501634102,0.706067878978268
ERI,2016,Eritrea,0.592881562063203,0.213167458945408,0.689857051558898
ERI,2017,Eritrea,0.603596432297797,0.21487901146959,0.694358710414104
ERI,2018,Eritrea,0.60671983291,0.215710052881057,0.695504890014472
ERI,2019,Eritrea,0.605809889497287,0.215790354571625,0.695009767462831
ERI,2020,Eritrea,0.604363093163935,0.218747034962822,0.692808029100557
ERI,2021,Eritrea,0.601449901648536,0.217425385728053,0.692012257960242
ERI,2022,Eritrea,0.592333270612777,0.213923508356814,0.689204881127981
ERI,2023,Eritrea,0.591529924417422,0.213409394367865,0.689060265024779
ESP,2009,Spain,0.313344025439951,0.527515079704574,0.392914472867689
ESP,2010,Spain,0.309638243347369,0.519649103694125,0.394994569826622
ESP,2011,Spain,0.308652160901424,0.52598103815003,0.391335561375697
ESP,2012,Spain,0.307273897053522,0.528322473656468,0.389475711698527
ESP,2013,Spain,0.30414123591579,0.526590164798284,0.388775535558753
ESP,2014,Spain,0.303541605474944,0.532694689613905,0.38542345793052
ESP,2015,Spain,0.304096108979646,0.53663140297285,0.383732353003398
ESP,2016,Spain,0.304466877078963,0.536371150127742,0.384047863475611
ESP,2017,Spain,0.303894974446852,0.540456247365597,0.381719363540628
ESP,2018,Spain,0.302901505308998,0.535251029698219,0.383825237805389
ESP,2019,Spain,0.303271389379362,0.53323380617205,0.385018791603656
ESP,2020,Spain,0.299874207624524,0.527647503367516,0.386113352128504
ESP,2021,Spain,0.300303353237357,0.530667493075339,0.384817930081009
ESP,2022,Spain,0.305986828943871,0.526922215529175,0.389532306707348
ESP,2023,Spain,0.304735938404402,0.524970122070025,0.389882908167189
EST,2009,Estonia,0.346361882666491,0.608549227540036,0.368906327563228
EST,2010,Estonia,0.34436299408464,0.61584591253071,0.364258540776965
EST,2011,Estonia,0.341799206047643,0.610421066679511,0.365689069684066
EST,2012,Estonia,0.342144707690559,0.599292213772814,0.371426246958873
EST,2013,Estonia,0.339648632213645,0.610914785625039,0.364366923294303
EST,2014,Estonia,0.336699183498064,0.63900045400057,0.348849364748747
EST,2015,Estonia,0.337256994003795,0.634070241201593,0.351593376401101
EST,2016,Estonia,0.337365123766835,0.614207073421672,0.361579025172581
EST,2017,Estonia,0.336783287963729,0.615743671157091,0.360519808403319
EST,2018,Estonia,0.335728235951526,0.613143588113169,0.361292323919179
EST,2019,Estonia,0.334983345561968,0.616956422947516,0.359013461307226
EST,2020,Estonia,0.335782799608274,0.612403509186257,0.361689645211009
EST,2021,Estonia,0.334520464005268,0.615839374751472,0.359340544626898
EST,2022,Estonia,0.334474271793817,0.616251047961938,0.35911161191594
EST,2023,Estonia,0.33437359477242,0.613021653007678,0.360675970882371
ETH,2009,Ethiopia,0.5882187644841,0.281299343983121,0.65345971025049
ETH,2010,Ethiopia,0.586496086774501,0.284338151813209,0.651078967480646
ETH,2011,Ethiopia,0.586098294237244,0.28667711220137,0.649710591017937
ETH,2012,Ethiopia,0.577326545415733,0.281702314111552,0.647812115652091
ETH,2013,Ethiopia,0.567243401531577,0.28164873156056,0.642797334985509
ETH,2014,Ethiopia,0.56656019192901,0.287189713680268,0.639685239124371
ETH,2015,Ethiopia,0.555944759818075,0.285037651735266,0.635453554041405
ETH,2016,Ethiopia,0.550349978525202,0.30116093133288,0.624594523596161
ETH,2017,Ethiopia,0.55169499760372,0.295479604723512,0.628107696440104
ETH,2018,Ethiopia,0.54253096790372,0.311495392751434,0.615517787576143
ETH,2019,Ethiopia,0.530498131316866,0.311579179200877,0.609459476057995
ETH,2020,Ethiopia,0.530899900582751,0.300599830870782,0.615150034855985
ETH,2021,Ethiopia,0.532611288961892,0.292419632378564,0.620095828291664
ETH,2022,Ethiopia,0.527037457539315,0.293753692567673,0.616641882485821
ETH,2023,Ethiopia,0.522363326258994,0.29283154035766,0.614765892950667
FIN,2009,Finland,0.281736930213618,0.749543246743082,0.266096841735268
FIN,2010,Finland,0.282775596196683,0.759716916938905,0.261529339628889
FIN,2011,Finland,0.284787797120329,0.759907857136415,0.262439969991957
FIN,2012,Finland,0.282654279896015,0.768563499454523,0.257045390220746
FIN,2013,Finland,0.286777076167595,0.773770300640816,0.25650338776339
FIN,2014,Finland,0.288987169794264,0.784385047733746,0.252301061030259
FIN,2015,Finland,0.287221436761699,0.766442266350434,0.260389585205632
FIN,2016,Finland,0.284931894759472,0.746365809010692,0.26928304287439
FIN,2017,Finland,0.28447535430661,0.74701687446226,0.268729239922175
FIN,2018,Finland,0.28449871078289,0.743015359555293,0.270741675613799
FIN,2019,Finland,0.284531791581487,0.740298107814906,0.272116841883291
FIN,2020,Finland,0.283522843609008,0.745687739718854,0.268917551945077
FIN,2021,Finland,0.281034425922063,0.749602752465994,0.265715836728035
FIN,2022,Finland,0.282452526461527,0.74835031825108,0.267051104105224
FIN,2023,Finland,0.280200400598793,0.74559470298101,0.267302848808891
FJI,2009,Fiji,0.509762528326394,0.400142887074897,0.554809820625749
FJI,2010,Fiji,0.503102200870021,0.410033892409566,0.546534154230228
FJI,2011,Fiji,0.500810906699799,0.425375210194389,0.537717848252705
FJI,2012,Fiji,0.500670556544971,0.426871301284382,0.536899627630294
FJI,2013,Fiji,0.496411850608583,0.428903415101124,0.53375421775373
FJI,2014,Fiji,0.496055061587477,0.460297076060238,0.51787899276362
FJI,2015,Fiji,0.492995354254242,0.461736611271833,0.515629371491205
FJI,2016,Fiji,0.493082342167864,0.478155011857223,0.507463665155321
FJI,2017,Fiji,0.489497466693817,0.487106474921243,0.501195495886287
FJI,2018,Fiji,0.493014818508242,0.493541898009362,0.49973646024944
FJI,2019,Fiji,0.451498407858179,0.494331017954216,0.478583694951982
FJI,2020,Fiji,0.450033303144246,0.489114544220907,0.48045937946167
FJI,2021,Fiji,0.452949667808735,0.486632553088536,0.4831585573601
FJI,2022,Fiji,0.452260764313332,0.480837888805469,0.485711437753932
FJI,2023,Fiji,0.453172352239003,0.477107973077222,0.488032189580891
FRA,2009,France,0.306673266150096,0.641247282322629,0.332712991913734
FRA,2010,France,0.30505265421119,0.656031483357779,0.324510585426705
FRA,2011,France,0.305345184507752,0.653406266971769,0.325969458767992
FRA,2012,France,0.30466001777237,0.652615077625486,0.326022470073442
FRA,2013,France,0.304543967682562,0.649258097741643,0.32764293497046
FRA,2014,France,0.303244860594214,0.658760122595319,0.322242368999448
FRA,2015,France,0.303791829266957,0.658076063980345,0.322857882643306
FRA,2016,France,0.302903776042362,0.645495161556785,0.328704307242789
FRA,2017,France,0.302696238237504,0.650424930524517,0.326135653856494
FRA,2018,France,0.301001116953221,0.646717849268474,0.327141633842373
FRA,2019,France,0.30329510576886,0.661650080990394,0.320822512389233
FRA,2020,France,0.30235527872919,0.643831843939891,0.32926171739465
FRA,2021,France,0.302884938058303,0.65215057759356,0.325367180232372
FRA,2022,France,0.305648385396293,0.651430176776646,0.327109104309824
FRA,2023,France,0.304166282673451,0.649031394826828,0.327567443923312
FSM,2009,"Micronesia, Federated States of",0.635231910857438,0.344184407868595,0.645523751494422
FSM,2010,"Micronesia, Federated States of",0.63213970266469,0.338812633038131,0.64666353481328
FSM,2011,"Micronesia, Federated States of",0.629285175184617,0.330562193829506,0.649361490677556
FSM,2012,"Micronesia, Federated States of",0.627637208590631,0.336269008987963,0.645684099801334
FSM,2013,"Micronesia, Federated States of",0.625039674312473,0.339150636275837,0.642944519018318
FSM,2014,"Micronesia, Federated States of",0.625082330746741,0.347161718095847,0.638960306325447
FSM,2015,"Micronesia, Federated States of",0.623703472486274,0.348914538910683,0.637394466787796
FSM,2016,"Micronesia, Federated States of",0.622486180013054,0.354505200617004,0.633990489698025
FSM,2017,"Micronesia, Federated States of",0.622968212185779,0.356369358155924,0.633299427014928
FSM,2018,"Micronesia, Federated States of",0.611829912254883,0.356886878631925,0.627471516811479
FSM,2019,"Micronesia, Federated States of",0.611914390220737,0.352949975181972,0.629482207519382
FSM,2020,"Micronesia, Federated States of",0.614878872023787,0.356655858463857,0.629111506779965
FSM,2021,"Micronesia, Federated States of",0.623167499805821,0.360222688538529,0.631472405633646
FSM,2022,"Micronesia, Federated States of",0.62217166456691,0.364199627513627,0.628986018526642
FSM,2023,"Micronesia, Federated States of",0.62118925547334,0.36705610381182,0.62706657583076
GAB,2009,Gabon,0.44232905808496,0.302206433786965,0.570061312148997
GAB,2010,Gabon,0.438608489824362,0.297818267791475,0.570395111016444
GAB,2011,Gabon,0.439778326841457,0.297548168819049,0.571115079011204
GAB,2012,Gabon,0.43425930344399,0.301469143186288,0.566395080128851
GAB,2013,Gabon,0.434427757866055,0.2987348291548,0.567846464355628
GAB,2014,Gabon,0.432016895203815,0.306945959707322,0.562535467748247
GAB,2015,Gabon,0.432385877051942,0.29992573969587,0.566230068678036
GAB,2016,Gabon,0.435587623575541,0.302689573283596,0.566449025145973
GAB,2017,Gabon,0.435930868054193,0.298567910016307,0.568681479018943
GAB,2018,Gabon,0.436592504599892,0.294994801085783,0.570798851757055
GAB,2019,Gabon,0.435159642298578,0.290759119986981,0.572200261155799
GAB,2020,Gabon,0.447515955929616,0.294157913012723,0.576679021458447
GAB,2021,Gabon,0.43941679086644,0.294954156594123,0.572231317136159
GAB,2022,Gabon,0.436387799733926,0.294564888483305,0.570911455625311
GAB,2023,Gabon,0.436301650721289,0.28890535339169,0.5736981486648
GBR,2009,United Kingdom,0.281620555851843,0.653307401085901,0.314156577382971
GBR,2010,United Kingdom,0.282892225941665,0.67880869588135,0.302041765030158
GBR,2011,United Kingdom,0.285519476225044,0.67579216464105,0.304863655791997
GBR,2012,United Kingdom,0.28738986212319,0.678966908034,0.304211477044595
GBR,2013,United Kingdom,0.28847439888681,0.686232444025035,0.301120977430888
GBR,2014,United Kingdom,0.287198223876755,0.711935176958159,0.287631523459298
GBR,2015,United Kingdom,0.284203905039491,0.717315033432225,0.283444435803633
GBR,2016,United Kingdom,0.283684943619648,0.701582471789305,0.291051235915172
GBR,2017,United Kingdom,0.284621922976113,0.696383569019631,0.294119176978241
GBR,2018,United Kingdom,0.284921547152556,0.68788700495644,0.298517271098058
GBR,2019,United Kingdom,0.284539620851581,0.690621135827448,0.296959242512067
GBR,2020,United Kingdom,0.283795312688125,0.681941171905601,0.300927070391262
GBR,2021,United Kingdom,0.286782737235263,0.681962676882321,0.302410030176471
GBR,2022,United Kingdom,0.286268518124493,0.685662140815159,0.300303188654667
GBR,2023,United Kingdom,0.288055598949617,0.681322595405575,0.303366501772021
GEO,2009,Georgia,0.418786432359163,0.448302744685751,0.485241843836706
GEO,2010,Georgia,0.415520691675478,0.469871093218017,0.472824799228731
GEO,2011,Georgia,0.415843007312644,0.476566191879014,0.469638407716815
GEO,2012,Georgia,0.414837877858689,0.496562305105895,0.459137786376397
GEO,2013,Georgia,0.414950394886218,0.516032424807017,0.4494589850396
GEO,2014,Georgia,0.416127466652967,0.551887173714562,0.432120146469202
GEO,2015,Georgia,0.421280679403647,0.54634646686265,0.437467106270499
GEO,2016,Georgia,0.422025482639425,0.549296903542,0.436364289548713
GEO,2017,Georgia,0.394425791391557,0.554441825518579,0.419991982936489
GEO,2018,Georgia,0.392157613739675,0.561359964279441,0.415398824730117
GEO,2019,Georgia,0.417783692486899,0.563379349070461,0.427202171708219
GEO,2020,Georgia,0.394872811578432,0.562062148445713,0.41640533156636
GEO,2021,Georgia,0.39364148904193,0.567614668299805,0.413013410371063
GEO,2022,Georgia,0.394724855298122,0.568815919361489,0.412954467968317
GEO,2023,Georgia,0.394291545473852,0.570356721775658,0.411967411849097
GHA,2009,Ghana,0.505778779909007,0.349222192151986,0.578278293878511
GHA,2010,Ghana,0.500951492895791,0.346948931068742,0.577001280913525
GHA,2011,Ghana,0.487713768033296,0.351861882684331,0.567925942674482
GHA,2012,Ghana,0.486051497567497,0.349940177938958,0.56805565981427
GHA,2013,Ghana,0.484265223036429,0.355959905401746,0.564152658817342
GHA,2014,Ghana,0.478023191000721,0.34488497375465,0.566569108623036
GHA,2015,Ghana,0.484880125500708,0.347615885832331,0.568632119834189
GHA,2016,Ghana,0.47363775935942,0.344113787046214,0.564761986156603
GHA,2017,Ghana,0.4748216520246,0.350335026259303,0.562243312882649
GHA,2018,Ghana,0.466358746050564,0.349550210101111,0.558404267974727
GHA,2019,Ghana,0.450288508203555,0.345541675542536,0.55237341633051
GHA,2020,Ghana,0.450118941605553,0.347505817263873,0.55130656217084
GHA,2021,Ghana,0.448334764572771,0.345759702935118,0.551287530818827
GHA,2022,Ghana,0.449625540076666,0.345164072515662,0.552230733780502
GHA,2023,Ghana,0.44767713779848,0.347538790781071,0.550069173508705
GIN,2009,Guinea,0.528170528822501,0.234003913166582,0.64708330782796
GIN,2010,Guinea,0.529022512406963,0.23333019493139,0.647846158737787
GIN,2011,Guinea,0.538076091647738,0.240891011142239,0.64859254025275
GIN,2012,Guinea,0.533418559701764,0.246985002817045,0.643216778442359
GIN,2013,Guinea,0.535697293417349,0.262210633327505,0.636743330044922
GIN,2014,Guinea,0.531696665023305,0.277686879832424,0.627004892595441
GIN,2015,Guinea,0.53729209085648,0.293718200502029,0.621786945177226
GIN,2016,Guinea,0.544141988954736,0.306443372026157,0.61884930846429
GIN,2017,Guinea,0.523162813597985,0.303592862691288,0.609784975453349
GIN,2018,Guinea,0.527054100979047,0.302367657585027,0.61234322169701
GIN,2019,Guinea,0.524382901178135,0.309144382226376,0.60761925947588
GIN,2020,Guinea,0.523691331178741,0.308067156481304,0.607812087348719
GIN,2021,Guinea,0.534581540869765,0.304837619053358,0.614871960908204
GIN,2022,Guinea,0.529396372232681,0.307190972391085,0.611102699920798
GIN,2023,Guinea,0.529128867699774,0.307854967286734,0.61063695020652
GMB,2009,Gambia,0.550579222858911,0.319971603155428,0.615303809851742
GMB,2010,Gambia,0.551765235483507,0.307142622163981,0.622311306659763
GMB,2011,Gambia,0.545239933308792,0.310039455508736,0.617600238900028
GMB,2012,Gambia,0.544942551657768,0.307311121960585,0.618815714848592
GMB,2013,Gambia,0.54699265510213,0.305525931808978,0.620733361646576
GMB,2014,Gambia,0.542855432952421,0.30715077441879,0.617852329266816
GMB,2015,Gambia,0.540534437775384,0.30718325818579,0.616675589794797
GMB,2016,Gambia,0.537769209625804,0.2956342845047,0.621067462560552
GMB,2017,Gambia,0.536019045259707,0.309236025747293,0.613391509756207
GMB,2018,Gambia,0.535273591099993,0.309194751963104,0.613039419568445
GMB,2019,Gambia,0.52756381497206,0.313300923603829,0.607131445684115
GMB,2020,Gambia,0.502406628923352,0.324326139899292,0.58904024451203
GMB,2021,Gambia,0.526416116420452,0.320697932666964,0.602859091876744
GMB,2022,Gambia,0.529306251674403,0.326717923301699,0.601294164186352
GMB,2023,Gambia,0.523533496440462,0.328896645456793,0.597318425491834
GNB,2009,Guinea-Bissau,0.643354131884168,0.257642301086277,0.692855915398946
GNB,2010,Guinea-Bissau,0.644852314748957,0.240836518249928,0.702007898249515
GNB,2011,Guinea-Bissau,0.639149990234534,0.239103279555022,0.700023355339756
GNB,2012,Guinea-Bissau,0.631102511411452,0.243943076946959,0.693579717232247
GNB,2013,Guinea-Bissau,0.626379514934783,0.241920824789042,0.692229345072871
GNB,2014,Guinea-Bissau,0.632250316540626,0.255682303485537,0.688284006527545
GNB,2015,Guinea-Bissau,0.630996398204367,0.257041561704549,0.686977418249909
GNB,2016,Guinea-Bissau,0.633352395720118,0.264370328693508,0.684491033513305
GNB,2017,Guinea-Bissau,0.627156256598803,0.267323030715194,0.679916612941805
GNB,2018,Guinea-Bissau,0.626702006835311,0.266557793969573,0.680072106432869
GNB,2019,Guinea-Bissau,0.622076076096782,0.26736168880797,0.677357193644406
GNB,2020,Guinea-Bissau,0.626876920781622,0.264024633717487,0.681426143532068
GNB,2021,Guinea-Bissau,0.620322540841358,0.271171292385678,0.67457562422784
GNB,2022,Guinea-Bissau,0.6131593894926,0.272800682933358,0.670179353279621
GNB,2023,Guinea-Bissau,0.612813055195004,0.276644070680983,0.668084492257011
GNQ,2009,Equatorial Guinea,0.420829942886287,0.256052807620256,0.582388567633016
GNQ,2010,Equatorial Guinea,0.416496967551879,0.253034376647175,0.581731295452352
GNQ,2011,Equatorial Guinea,0.416148075373539,0.250572906543213,0.582787584415163
GNQ,2012,Equatorial Guinea,0.413682774671736,0.250875491434294,0.581403641618721
GNQ,2013,Equatorial Guinea,0.411048305990868,0.251971792641171,0.579538256674849
GNQ,2014,Equatorial Guinea,0.408846368716554,0.246256819057227,0.581294774829664
GNQ,2015,Equatorial Guinea,0.413039652481964,0.24442374887406,0.584307951803952
GNQ,2016,Equatorial Guinea,0.415797466489413,0.250656689632133,0.58257038842864
GNQ,2017,Equatorial Guinea,0.414950287820454,0.241628200233759,0.586661043793348
GNQ,2018,Equatorial Guinea,0.414086537159598,0.247979506887674,0.583053515135962
GNQ,2019,Equatorial Guinea,0.411957439670804,0.250803767468365,0.58057683610122
GNQ,2020,Equatorial Guinea,0.412548614523763,0.253367004441784,0.57959080504099
GNQ,2021,Equatorial Guinea,0.410046292516208,0.253855606569748,0.57809534297323
GNQ,2022,Equatorial Guinea,0.410096669262914,0.25456501329541,0.577765827983752
GNQ,2023,Equatorial Guinea,0.410022341424303,0.257091995011705,0.576465173206299
GRC,2009,Greece,0.341734503427219,0.488586113922445,0.426574194752387
GRC,2010,Greece,0.34021467097093,0.486865343819487,0.426674663575722
GRC,2011,Greece,0.339666583190888,0.477242750974935,0.431211916107976
GRC,2012,Greece,0.339539517676541,0.469668277777925,0.434935619949308
GRC,2013,Greece,0.336971558392247,0.487433984319268,0.42476878703649
GRC,2014,Greece,0.338983854771516,0.501960113620686,0.418511870575415
GRC,2015,Greece,0.341530399105538,0.506027312210019,0.41775154344776
GRC,2016,Greece,0.339587121792143,0.497060774522839,0.421263173634652
GRC,2017,Greece,0.339289253450651,0.49601969209502,0.421634780677816
GRC,2018,Greece,0.338960436194739,0.504406623491898,0.41727690635142
GRC,2019,Greece,0.339426719097595,0.509886847640449,0.414769935728573
GRC,2020,Greece,0.337701141135621,0.517421468822457,0.410139836156582
GRC,2021,Greece,0.33396386605735,0.523160189019798,0.405401838518776
GRC,2022,Greece,0.337056004756468,0.530529008383168,0.40326349818665
GRC,2023,Greece,0.336942727170887,0.534466292258504,0.401238217456192
GRD,2009,Grenada,0.396792735666002,0.426410842690319,0.485190946487841
GRD,2010,Grenada,0.392527857064166,0.443969089505058,0.474279383779554
GRD,2011,Grenada,0.391632582855792,0.455912455129611,0.467860063863091
GRD,2012,Grenada,0.39034053974313,0.463536493152202,0.463402023295464
GRD,2013,Grenada,0.396196334543991,0.475398507040351,0.46039891375182
GRD,2014,Grenada,0.38971797049365,0.491405024879268,0.449156472807191
GRD,2015,Grenada,0.38837697758839,0.508438894172535,0.439969041707928
GRD,2016,Grenada,0.386891909958669,0.512640134551922,0.437125887703373
GRD,2017,Grenada,0.385723720372067,0.509083335533905,0.438320192419081
GRD,2018,Grenada,0.380819044072907,0.502596844709163,0.439111099681872
GRD,2019,Grenada,0.381193038598668,0.502540918700336,0.439326059949166
GRD,2020,Grenada,0.382642658533997,0.50612099391325,0.438260832310374
GRD,2021,Grenada,0.385875395764083,0.52029066367463,0.432792366044727
GRD,2022,Grenada,0.383322710744135,0.524764170171993,0.429279270286071
GRD,2023,Grenada,0.382845559266962,0.52537747817592,0.428734040545521
GTM,2009,Guatemala,0.468908570582422,0.27375990487634,0.597574332853041
GTM,2010,Guatemala,0.46295386689133,0.28643948382502,0.588257191533155
GTM,2011,Guatemala,0.459890096187658,0.285673163379835,0.587108466403912
GTM,2012,Guatemala,0.456306926782175,0.282549120811565,0.586878902985305
GTM,2013,Guatemala,0.453243397495068,0.289250090053881,0.581996653720594
GTM,2014,Guatemala,0.45596686400478,0.311136608481225,0.572415127761778
GTM,2015,Guatemala,0.455988373171809,0.313958711890087,0.571014830640861
GTM,2016,Guatemala,0.450096549208834,0.31543509380129,0.567330727703772
GTM,2017,Guatemala,0.437499187303809,0.309622043117864,0.563938572092973
GTM,2018,Guatemala,0.4344969954144,0.307477576937899,0.563509709238251
GTM,2019,Guatemala,0.442524667216848,0.313888771346358,0.564317947935245
GTM,2020,Guatemala,0.444173628515658,0.308887174571915,0.567643226971871
GTM,2021,Guatemala,0.443482530347802,0.309105127751026,0.567188701298388
GTM,2022,Guatemala,0.43434700023862,0.313620300567496,0.560363349835562
GTM,2023,Guatemala,0.434283135074688,0.318057253324156,0.558112940875266
GUY,2009,Guyana,0.488549124839327,0.298858172046777,0.594845476396275
GUY,2010,Guyana,0.482303636706171,0.298017566218717,0.592143035243727
GUY,2011,Guyana,0.477234856938883,0.295120421961033,0.591057217488925
GUY,2012,Guyana,0.472928734763304,0.289200261973306,0.591864236394999
GUY,2013,Guyana,0.470781664590016,0.295608425746075,0.587586619421971
GUY,2014,Guyana,0.467978291107951,0.307982585157797,0.579997852975077
GUY,2015,Guyana,0.467054293469407,0.307532716369535,0.579760788549936
GUY,2016,Guyana,0.469224478467527,0.318843954886164,0.575190261790682
GUY,2017,Guyana,0.469287482236504,0.315880983331031,0.576703249452737
GUY,2018,Guyana,0.4640069537191,0.316032791667535,0.573987081025783
GUY,2019,Guyana,0.460032491996101,0.320907334597979,0.569562578699061
GUY,2020,Guyana,0.432243067052343,0.328063350768684,0.55208985814183
GUY,2021,Guyana,0.427878931046517,0.336244173753366,0.545817378646575
GUY,2022,Guyana,0.433089421001128,0.339822499795472,0.546633460602828
GUY,2023,Guyana,0.429963119228701,0.336676386342293,0.546643366443204
HND,2009,Honduras,0.465183837896434,0.291617746277882,0.586783045809276
HND,2010,Honduras,0.461660467261135,0.284117428089938,0.588771519585599
HND,2011,Honduras,0.45984101338143,0.272740709559562,0.593550151910934
HND,2012,Honduras,0.458843892318288,0.262847312573779,0.597998289872255
HND,2013,Honduras,0.456462424480516,0.267793046601305,0.594334688939606
HND,2014,Honduras,0.455294280107515,0.273911204454507,0.590691537826504
HND,2015,Honduras,0.451022860681871,0.27490223254194,0.588060314069966
HND,2016,Honduras,0.451904203180929,0.269871472057123,0.591016365561903
HND,2017,Honduras,0.455291195108292,0.270964583039748,0.592163306034272
HND,2018,Honduras,0.447978757701774,0.270606678262104,0.588686039719835
HND,2019,Honduras,0.447907438338246,0.263512860845414,0.592197288746416
HND,2020,Honduras,0.449930025737947,0.262348073273628,0.59379097623216
HND,2021,Honduras,0.447611300977317,0.257099943055311,0.595255678961003
HND,2022,Honduras,0.445571418022766,0.262451457643747,0.59155998018951
HND,2023,Honduras,0.445033865898592,0.260003178694527,0.592515343602033
HRV,2009,Croatia,0.382617661647697,0.453087557385399,0.464765052131149
HRV,2010,Croatia,0.382246387784292,0.46657827827551,0.457834054754391
HRV,2011,Croatia,0.379474528289321,0.463986264491182,0.45774413189907
HRV,2012,Croatia,0.376016983565733,0.462622864110145,0.456697059727794
HRV,2013,Croatia,0.377119295387534,0.472057137459726,0.452531078963904
HRV,2014,Croatia,0.377127618422253,0.478909906054656,0.449108856183798
HRV,2015,Croatia,0.377882432091323,0.483551635999162,0.447165398046081
HRV,2016,Croatia,0.372841906932202,0.487406851407429,0.442717527762387
HRV,2017,Croatia,0.374361190002342,0.483904481734568,0.445228354133887
HRV,2018,Croatia,0.373900373572507,0.486841484906937,0.443529444332785
HRV,2019,Croatia,0.375299374311101,0.493412634903874,0.440943369703613
HRV,2020,Croatia,0.374130817488851,0.485548165876077,0.444291325806387
HRV,2021,Croatia,0.377992936273298,0.484294812283027,0.446849061995135
HRV,2022,Croatia,0.380032072913129,0.490584675994334,0.444723698459398
HRV,2023,Croatia,0.379827797909711,0.492805744919071,0.44351102649532
HTI,2009,Haiti,0.520668943668558,0.223728810663537,0.648470066502511
HTI,2010,Haiti,0.518890791279462,0.220390687020204,0.649250052129629
HTI,2011,Haiti,0.517386278675685,0.216637341459173,0.650374468608256
HTI,2012,Haiti,0.51658100948715,0.225060175411993,0.645760417037579
HTI,2013,Haiti,0.517415059386383,0.231797680545328,0.642808689420528
HTI,2014,Haiti,0.514317053048192,0.230661707337111,0.641827672855541
HTI,2015,Haiti,0.515661068123873,0.228573323575791,0.643543872274041
HTI,2016,Haiti,0.516792672596686,0.240602961560837,0.638094855517925
HTI,2017,Haiti,0.512682848633233,0.239874230332149,0.636404309150542
HTI,2018,Haiti,0.51091510246039,0.239818602058676,0.635548250200857
HTI,2019,Haiti,0.509849703971177,0.235253478849699,0.637298112560739
HTI,2020,Haiti,0.510701832457002,0.231719004662538,0.639491413897232
HTI,2021,Haiti,0.511302151326281,0.223276085583189,0.644013032871546
HTI,2022,Haiti,0.510000403518247,0.217305505420202,0.646347449049023
HTI,2023,Haiti,0.509488409313646,0.216355809547699,0.646566299882974
HUN,2009,Hungary,0.36768013708763,0.53430123869827,0.41668944919468
HUN,2010,Hungary,0.362719171450801,0.522071710905466,0.420323730272668
HUN,2011,Hungary,0.359653593096378,0.529553688870503,0.415049952112938
HUN,2012,Hungary,0.357989187676191,0.527741616444878,0.415123785615656
HUN,2013,Hungary,0.358291766815159,0.526081236757966,0.416105265028596
HUN,2014,Hungary,0.354421036436658,0.517875453727478,0.41827279135459
HUN,2015,Hungary,0.351230826683014,0.511905170793524,0.419662827944745
HUN,2016,Hungary,0.349266429488135,0.500117386186384,0.424574521650876
HUN,2017,Hungary,0.354543568319364,0.498991637873759,0.427775965222803
HUN,2018,Hungary,0.354356508249191,0.492725864975646,0.430815321636772
HUN,2019,Hungary,0.356792574741789,0.495893426432986,0.430449574154402
HUN,2020,Hungary,0.353562651392138,0.495800751131538,0.4288809501303
HUN,2021,Hungary,0.349922842451094,0.497104921289572,0.426408960580761
HUN,2022,Hungary,0.353454472971149,0.49184988968822,0.430802291641465
HUN,2023,Hungary,0.353221510745416,0.493617982156558,0.429801764294429
IDN,2009,Indonesia,0.475952971923142,0.445527500132951,0.515212735895096
IDN,2010,Indonesia,0.473221196441619,0.467009856541518,0.503105669950051
IDN,2011,Indonesia,0.473695962813809,0.472234763376019,0.500730599718895
IDN,2012,Indonesia,0.472696771065414,0.481946552511016,0.495375109277199
IDN,2013,Indonesia,0.471728934269788,0.489600838248009,0.49106404801089
IDN,2014,Indonesia,0.470074682161165,0.347462182051588,0.561306250054789
IDN,2015,Indonesia,0.467663143358327,0.344675017717,0.561494062820664
IDN,2016,Indonesia,0.468394871479568,0.350693495983585,0.558850687747992
IDN,2017,Indonesia,0.465266357459931,0.370378062994425,0.547444147232753
IDN,2018,Indonesia,0.461336872108663,0.379292436527313,0.541022217790675
IDN,2019,Indonesia,0.435415077187076,0.377789472499408,0.528812802343834
IDN,2020,Indonesia,0.433889961873767,0.386175410553284,0.523857275660242
IDN,2021,Indonesia,0.430499652006534,0.391496081485739,0.519501785260398
IDN,2022,Indonesia,0.428976800368501,0.392993123711194,0.517991838328654
IDN,2023,Indonesia,0.43048235737393,0.398129271148448,0.516176543112741
IND,2009,India,0.524426424446447,0.453346713168875,0.535539855638786
IND,2010,India,0.522110320005941,0.478955010658266,0.521577654673838
IND,2011,India,0.519564659311755,0.479767878786434,0.519898390262661
IND,2012,India,0.518517907407249,0.481826151408974,0.518345877999137
IND,2013,India,0.515670169718861,0.486483497432095,0.514593336143383
IND,2014,India,0.51430796736252,0.286490761518268,0.613908602922126
IND,2015,India,0.518057575773201,0.290075724464492,0.613990925654355
IND,2016,India,0.507407676737941,0.318363123676232,0.594522276530855
IND,2017,India,0.497856725598291,0.333781183291811,0.58203777115324
IND,2018,India,0.491288596322456,0.343001835088011,0.574143380617223
IND,2019,India,0.489155037394799,0.358931259258283,0.565111889068258
IND,2020,India,0.48869332276509,0.38284339426498,0.552924964250055
IND,2021,India,0.485810594442206,0.387489772554633,0.549160410943786
IND,2022,India,0.484822515776606,0.394803638995079,0.545009438390764
IND,2023,India,0.48459732132666,0.393714361052674,0.545441480136993
IRL,2009,Ireland,0.323638621251364,0.604534011730189,0.359552304760588
IRL,2010,Ireland,0.320175150067269,0.598972640094117,0.360601254986576
IRL,2011,Ireland,0.318257175496754,0.594577521911363,0.361839826792695
IRL,2012,Ireland,0.322214782633118,0.585641869873412,0.368286456379853
IRL,2013,Ireland,0.321586708156117,0.601698666461789,0.359944020847164
IRL,2014,Ireland,0.317373682849394,0.623894536770269,0.346739573039562
IRL,2015,Ireland,0.317270170163786,0.632294386111847,0.34248789202597
IRL,2016,Ireland,0.313760108567182,0.609884245929463,0.35193793131886
IRL,2017,Ireland,0.312869720113787,0.605216383091257,0.353826668511265
IRL,2018,Ireland,0.317533233892465,0.606895997766208,0.355318618063129
IRL,2019,Ireland,0.313578466866762,0.5915075671986,0.361035449834081
IRL,2020,Ireland,0.310103621124889,0.59200390307225,0.35904985902632
IRL,2021,Ireland,0.314681557117075,0.59622123150074,0.359230162808168
IRL,2022,Ireland,0.315381291170418,0.598668047086686,0.358356622041866
IRL,2023,Ireland,0.315577264183443,0.600515099919212,0.357531082132116
IRN,2009,"Iran, Islamic Republic of",0.36811403511847,0.345025023449522,0.511544505834474
IRN,2010,"Iran, Islamic Republic of",0.368678956742411,0.341358103092888,0.513660426824762
IRN,2011,"Iran, Islamic Republic of",0.369416127722198,0.354723043202698,0.50734654225975
IRN,2012,"Iran, Islamic Republic of",0.371536819727276,0.356588505276884,0.507474157225196
IRN,2013,"Iran, Islamic Republic of",0.374533374702933,0.36525252311103,0.504640425795952
IRN,2014,"Iran, Islamic Republic of",0.372138082944235,0.396737900849396,0.48770009104742
IRN,2015,"Iran, Islamic Republic of",0.371672637609258,0.407841495631522,0.481915570988868
IRN,2016,"Iran, Islamic Republic of",0.370108957564007,0.433833760264749,0.468137598649629
IRN,2017,"Iran, Islamic Republic of",0.369014339194178,0.431487617769447,0.468763360712365
IRN,2018,"Iran, Islamic Republic of",0.371432281772878,0.392923319788711,0.489254480992084
IRN,2019,"Iran, Islamic Republic of",0.373392271683162,0.387282464619742,0.49305490353171
IRN,2020,"Iran, Islamic Republic of",0.373429564717406,0.37893550898979,0.497247027863808
IRN,2021,"Iran, Islamic Republic of",0.37632076702341,0.37119289363287,0.50256393669527
IRN,2022,"Iran, Islamic Republic of",0.376310592612108,0.372816653273611,0.501746969669249
IRN,2023,"Iran, Islamic Republic of",0.376243477312997,0.367496068744824,0.504373704284087
IRQ,2009,Iraq,0.447667480099045,0.259782630594343,0.593942424752351
IRQ,2010,Iraq,0.447646681732774,0.259756127890955,0.59394527692091
IRQ,2011,Iraq,0.448201297699018,0.266334444802011,0.590933426448503
IRQ,2012,Iraq,0.446193408260018,0.261826018455043,0.592183694902488
IRQ,2013,Iraq,0.444135354160041,0.265481678754275,0.589326837702883
IRQ,2014,Iraq,0.441254494169348,0.272874417340667,0.584190038414341
IRQ,2015,Iraq,0.438285422656225,0.265843920029662,0.586220751313281
IRQ,2016,Iraq,0.438937367940408,0.286130683386111,0.576403342277149
IRQ,2017,Iraq,0.439173526512408,0.303463284829973,0.567855120841218
IRQ,2018,Iraq,0.432772933070985,0.296249615761877,0.568261658654554
IRQ,2019,Iraq,0.437093235414415,0.296284044913019,0.570404595250698
IRQ,2020,Iraq,0.436629305452447,0.293534699643828,0.57154730290431
IRQ,2021,Iraq,0.43656400830816,0.302676838412351,0.566943584947905
IRQ,2022,Iraq,0.436363709071116,0.30520498429719,0.565579362386963
IRQ,2023,Iraq,0.436014273233911,0.301188223733444,0.567413024750234
ISL,2009,Iceland,0.329601520821849,0.727954843904782,0.300823338458534
ISL,2010,Iceland,0.326859731103178,0.728310742999093,0.299274494052042
ISL,2011,Iceland,0.325493676773067,0.726095730336546,0.299698973218261
ISL,2012,Iceland,0.325069690520314,0.709024492965916,0.308022598777199
ISL,2013,Iceland,0.324523544209554,0.709806249055998,0.307358647576778
ISL,2014,Iceland,0.324717430705368,0.750337139073051,0.287190145816159
ISL,2015,Iceland,0.326520719641847,0.72880855090094,0.298856084370454
ISL,2016,Iceland,0.329124725859493,0.711682729629857,0.308720998114818
ISL,2017,Iceland,0.327577649919003,0.710817475929471,0.308380086994766
ISL,2018,Iceland,0.326665029356254,0.7299321669053,0.298366431225477
ISL,2019,Iceland,0.324760950320565,0.717219841190085,0.30377055456524
ISL,2020,Iceland,0.322874515074335,0.708612749983187,0.307130882545574
ISL,2021,Iceland,0.322693358959764,0.705346340142419,0.308673509408672
ISL,2022,Iceland,0.32193175467932,0.694744690881036,0.313593531899142
ISL,2023,Iceland,0.322260848379738,0.693499466343527,0.314380691018106
ISR,2009,Israel,0.316829191102432,0.523170040111938,0.396829575495247
ISR,2010,Israel,0.31601240336029,0.53339787146301,0.39130726594864
ISR,2011,Israel,0.310209992367816,0.532821310109138,0.388694341129339
ISR,2012,Israel,0.315916259004598,0.530797525725732,0.392559366639433
ISR,2013,Israel,0.31215580061387,0.527204692804812,0.392475553904529
ISR,2014,Israel,0.309203081264788,0.538648004032412,0.385277538616188
ISR,2015,Israel,0.308298154223026,0.542382670993268,0.382957741614879
ISR,2016,Israel,0.304106288548322,0.529602737733205,0.387251775407559
ISR,2017,Israel,0.30845632487342,0.526379982387468,0.391038171242976
ISR,2018,Israel,0.306393343559752,0.52410545507289,0.391143944243431
ISR,2019,Israel,0.309290108193948,0.522508649365958,0.393390729413995
ISR,2020,Israel,0.301807943509641,0.534866862361485,0.383470540574078
ISR,2021,Israel,0.293441291235447,0.534245145547934,0.379598072843756
ISR,2022,Israel,0.293027205020283,0.531985785065523,0.38052070997738
ISR,2023,Israel,0.289365900016888,0.523852831272241,0.382756534372323
ITA,2009,Italy,0.347637735939111,0.505782895264571,0.42092742033727
ITA,2010,Italy,0.347474459298935,0.506944016943222,0.420265221177857
ITA,2011,Italy,0.3463905150169,0.502350692419824,0.422019911298538
ITA,2012,Italy,0.34691510713493,0.492223665967826,0.427345720583552
ITA,2013,Italy,0.346716424904212,0.492402090362575,0.427157167270819
ITA,2014,Italy,0.345866907265585,0.507788496072176,0.419039205596705
ITA,2015,Italy,0.345616055244561,0.511834650595126,0.416890702324718
ITA,2016,Italy,0.34608286660635,0.506018235515961,0.420032315545194
ITA,2017,Italy,0.346383542364136,0.501845074101323,0.422269234131407
ITA,2018,Italy,0.346286127497558,0.515632141873545,0.415326992812006
ITA,2019,Italy,0.347572019041608,0.518236434517637,0.414667792261985
ITA,2020,Italy,0.345982289338979,0.519194915716103,0.413393686811438
ITA,2021,Italy,0.346229971492371,0.527159379814233,0.409535295839069
ITA,2022,Italy,0.342187164729016,0.530205777363308,0.405990693682854
ITA,2023,Italy,0.341886849901753,0.537360811721265,0.402263019090244
JAM,2009,Jamaica,0.442427768487898,0.342135518407897,0.550146125040001
JAM,2010,Jamaica,0.441736235148068,0.336004849208374,0.552865692969847
JAM,2011,Jamaica,0.43969330429949,0.348571978554562,0.545560662872464
JAM,2012,Jamaica,0.43634902104807,0.3476279976656,0.544360511691235
JAM,2013,Jamaica,0.432120146445509,0.359335580028887,0.536392283208311
JAM,2014,Jamaica,0.430842794968646,0.368665047196608,0.531088873886019
JAM,2015,Jamaica,0.430955752193971,0.360600479061838,0.535177636566067
JAM,2016,Jamaica,0.43374580702078,0.384415245053299,0.524665280983741
JAM,2017,Jamaica,0.431264094678412,0.388279724824785,0.521492184926814
JAM,2018,Jamaica,0.429460151018518,0.396720313080044,0.516369918969237
JAM,2019,Jamaica,0.428602583472617,0.39255945096303,0.518021566254793
JAM,2020,Jamaica,0.427775665388445,0.401141989829147,0.513316837779649
JAM,2021,Jamaica,0.427000348531363,0.406051389456748,0.510474479537308
JAM,2022,Jamaica,0.421404346098428,0.410886040438235,0.505259152830097
JAM,2023,Jamaica,0.421939152214872,0.40680274948609,0.507568201364391
JOR,2009,Jordan,0.402078789998578,0.397499550574377,0.502289619712101
JOR,2010,Jordan,0.39984409503661,0.396350267249711,0.50174691389345
JOR,2011,Jordan,0.398244023475797,0.398596860859757,0.49982358130802
JOR,2012,Jordan,0.402879322387984,0.407506427315547,0.497686447536219
JOR,2013,Jordan,0.39899957913371,0.405627395576733,0.496686091778489
JOR,2014,Jordan,0.398932938810697,0.417447597291096,0.490742670759801
JOR,2015,Jordan,0.392262859652343,0.418399911116231,0.486931474268056
JOR,2016,Jordan,0.392787456942509,0.40698247508602,0.492902490928245
JOR,2017,Jordan,0.390545095249026,0.404198363873656,0.493173365687685
JOR,2018,Jordan,0.389280797692938,0.401295990634792,0.493992403529073
JOR,2019,Jordan,0.363840191083217,0.396452104153787,0.483694043464715
JOR,2020,Jordan,0.366987768240225,0.405972244604603,0.480507761817811
JOR,2021,Jordan,0.370204214578001,0.404553386425096,0.482825414076453
JOR,2022,Jordan,0.366620042803428,0.409712303481251,0.478453869661089
JOR,2023,Jordan,0.36633355765876,0.412804512698868,0.476764522479946
JPN,2009,Japan,0.369446488529022,0.714015481955074,0.327715503286974
JPN,2010,Japan,0.367505643427962,0.739230653212728,0.314137495107617
JPN,2011,Japan,0.371000580780437,0.742633815418245,0.314183382681096
JPN,2012,Japan,0.371966687991208,0.747374067775424,0.312296310107892
JPN,2013,Japan,0.372638794714985,0.75573617291245,0.308451310901268
JPN,2014,Japan,0.37123489020856,0.707609391662624,0.331812749272968
JPN,2015,Japan,0.372984956094936,0.700527722244619,0.336228616925159
JPN,2016,Japan,0.372684818668291,0.684869453119179,0.343907682774556
JPN,2017,Japan,0.371733825590516,0.69089725459796,0.340418285496278
JPN,2018,Japan,0.370345991107025,0.685947688020318,0.342199151543353
JPN,2019,Japan,0.370751821752722,0.684728602231167,0.343011609760778
JPN,2020,Japan,0.370642210417419,0.682668000697516,0.343987104859952
JPN,2021,Japan,0.369942207778457,0.684742790446689,0.342599708665884
JPN,2022,Japan,0.369390510716884,0.687878318826473,0.340756095945206
JPN,2023,Japan,0.368956663778576,0.685058120065923,0.341949271856327
KAZ,2009,Kazakhstan,0.322024580349068,0.422945704945743,0.449539437701663
KAZ,2010,Kazakhstan,0.319572382395244,0.425019570304695,0.447276406045275
KAZ,2011,Kazakhstan,0.317825352195248,0.421556318156602,0.448134517019323
KAZ,2012,Kazakhstan,0.315643844582005,0.43123050486488,0.442206669858563
KAZ,2013,Kazakhstan,0.316620359200645,0.446612693078069,0.435003833061288
KAZ,2014,Kazakhstan,0.317704685014673,0.470833733245127,0.423435475884773
KAZ,2015,Kazakhstan,0.315080787979318,0.463709203061561,0.425685792458879
KAZ,2016,Kazakhstan,0.312964882021052,0.484571104674585,0.414196888673234
KAZ,2017,Kazakhstan,0.31397322094425,0.504296655902215,0.404838282521018
KAZ,2018,Kazakhstan,0.315794732881006,0.499547429822255,0.408123651529376
KAZ,2019,Kazakhstan,0.316895586342123,0.505907912008301,0.405493837166911
KAZ,2020,Kazakhstan,0.323113712247513,0.507400756632094,0.40785647780771
KAZ,2021,Kazakhstan,0.321243567724146,0.508168408145865,0.406537579789141
KAZ,2022,Kazakhstan,0.319888042310289,0.504526431309967,0.407680805500161
KAZ,2023,Kazakhstan,0.315840401791174,0.507322908255109,0.404258746768033
KEN,2009,Kenya,0.532743521172934,0.265385320473792,0.633679100349571
KEN,2010,Kenya,0.530607826947682,0.257647971561619,0.636479927693032
KEN,2011,Kenya,0.52411624972561,0.248706527800241,0.637704860962685
KEN,2012,Kenya,0.51977095820554,0.241506298231751,0.639132329986895
KEN,2013,Kenya,0.515858278329232,0.249129440186047,0.633364419071593
KEN,2014,Kenya,0.512319363952964,0.259623236577336,0.626348063687814
KEN,2015,Kenya,0.507103424779244,0.254976880009435,0.626063272384904
KEN,2016,Kenya,0.502010045834136,0.273899667004298,0.614055189414919
KEN,2017,Kenya,0.510521705393835,0.287512864215912,0.611504420588962
KEN,2018,Kenya,0.509340561322099,0.293163407532292,0.608088576894904
KEN,2019,Kenya,0.503060940822604,0.296074005077911,0.603493467872347
KEN,2020,Kenya,0.501027549974578,0.295449701321885,0.602788924326347
KEN,2021,Kenya,0.500604403886788,0.300596939491545,0.600003732197622
KEN,2022,Kenya,0.499843900854535,0.305138143713446,0.597352878570545
KEN,2023,Kenya,0.500482899095129,0.305556854143797,0.597463022475666
KGZ,2009,Kyrgyzstan,0.355978198045205,0.324951513005168,0.515513342520019
KGZ,2010,Kyrgyzstan,0.34961288766959,0.323047218113291,0.51328283477815
KGZ,2011,Kyrgyzstan,0.338890993721533,0.339455233940447,0.499717879890543
KGZ,2012,Kyrgyzstan,0.341503802955316,0.330717327604081,0.505393237675618
KGZ,2013,Kyrgyzstan,0.339522656010652,0.341163158079436,0.499179748965608
KGZ,2014,Kyrgyzstan,0.34014538914198,0.361815019838767,0.489165184651607
KGZ,2015,Kyrgyzstan,0.345941674048602,0.35306777806772,0.496436947990441
KGZ,2016,Kyrgyzstan,0.331589617387633,0.3843730897564,0.473608263815617
KGZ,2017,Kyrgyzstan,0.322326320647361,0.390325256320202,0.46600053216358
KGZ,2018,Kyrgyzstan,0.312253712205653,0.389914809345622,0.461169451430016
KGZ,2019,Kyrgyzstan,0.307323995717812,0.392627396080308,0.457348299818752
KGZ,2020,Kyrgyzstan,0.314194916564335,0.391986075304139,0.461104420630098
KGZ,2021,Kyrgyzstan,0.311452213514724,0.391659516211327,0.459896348651698
KGZ,2022,Kyrgyzstan,0.310678253587853,0.392315264316274,0.45918149463579
KGZ,2023,Kyrgyzstan,0.31058858905899,0.393693458702386,0.458447565178302
KHM,2009,Cambodia,0.518689900422193,0.276456248314264,0.621116826053965
KHM,2010,Cambodia,0.514246408905555,0.272705486460931,0.620770461222312
KHM,2011,Cambodia,0.507040756544008,0.276001943497127,0.615519406523441
KHM,2012,Cambodia,0.5107649617967,0.287749074140011,0.611507943828344
KHM,2013,Cambodia,0.504030925163036,0.280033016201759,0.611998954480639
KHM,2014,Cambodia,0.50302593312229,0.286000375609617,0.608512778756337
KHM,2015,Cambodia,0.499517580481561,0.280063076348693,0.609727252066434
KHM,2016,Cambodia,0.490135645212902,0.291788854130895,0.599173395541004
KHM,2017,Cambodia,0.481736498247165,0.287641438019699,0.597047530113733
KHM,2018,Cambodia,0.481936611886619,0.286380092548609,0.597778259669005
KHM,2019,Cambodia,0.481777382470174,0.287620456927642,0.597078462771266
KHM,2020,Cambodia,0.482008048986107,0.282753795600071,0.599627126693018
KHM,2021,Cambodia,0.488526510657537,0.28640601375284,0.601060248452349
KHM,2022,Cambodia,0.480517970603396,0.287774781484125,0.596371594559636
KHM,2023,Cambodia,0.480602948477485,0.291590099202459,0.594506424637513
KIR,2009,Kiribati,0.646230043624949,0.461677245586764,0.592276399019093
KIR,2010,Kiribati,0.603662204318522,0.435543564405208,0.584059319956657
KIR,2011,Kiribati,0.5933576244085,0.432826702068937,0.580265461169782
KIR,2012,Kiribati,0.592570897788334,0.431737296072842,0.580416800857746
KIR,2013,Kiribati,0.601990770042304,0.433974472694691,0.584008148673807
KIR,2014,Kiribati,0.598529620843906,0.44128527657955,0.578622172132178
KIR,2015,Kiribati,0.575806953663838,0.436652990451034,0.569576981606402
KIR,2016,Kiribati,0.577534502561957,0.432703947988615,0.572415277286671
KIR,2017,Kiribati,0.583760194685839,0.44341288752188,0.570173653581979
KIR,2018,Kiribati,0.593515429369866,0.442636168104209,0.575439630632828
KIR,2019,Kiribati,0.546021388047405,0.452966384378755,0.546527501834325
KIR,2020,Kiribati,0.581202639047021,0.456970891218365,0.562115873914328
KIR,2021,Kiribati,0.569275793311534,0.449275384692337,0.560000204309599
KIR,2022,Kiribati,0.557845498860194,0.443894420252114,0.55697553930404
KIR,2023,Kiribati,0.556980290083949,0.447493771254115,0.554743259414917
KNA,2009,Saint Kitts and Nevis,,0.522636935524379,
KNA,2010,Saint Kitts and Nevis,,0.547311061051964,
KNA,2011,Saint Kitts and Nevis,,0.552050871750898,
KNA,2012,Saint Kitts and Nevis,,0.557555868249207,
KNA,2013,Saint Kitts and Nevis,,0.566888467697115,
KNA,2014,Saint Kitts and Nevis,,0.523877003958674,
KNA,2015,Saint Kitts and Nevis,,0.556056462168185,
KNA,2016,Saint Kitts and Nevis,,0.546166232198762,
KNA,2017,Saint Kitts and Nevis,,0.563546759038331,
KNA,2018,Saint Kitts and Nevis,,0.543295446560129,
KNA,2019,Saint Kitts and Nevis,,0.544181903739127,
KNA,2020,Saint Kitts and Nevis,,0.548619698332515,
KNA,2021,Saint Kitts and Nevis,,0.549734739658508,
KNA,2022,Saint Kitts and Nevis,,0.553713568935038,
KNA,2023,Saint Kitts and Nevis,,0.55322089212856,
KOR,2009,"Korea, Republic of",0.366044757264158,0.668144833333522,0.348949961965318
KOR,2010,"Korea, Republic of",0.365382540578891,0.698022307934864,0.333680116322014
KOR,2011,"Korea, Republic of",0.364157575967535,0.701392302578868,0.331382636694334
KOR,2012,"Korea, Republic of",0.364352770771362,0.702285911718795,0.331033429526284
KOR,2013,"Korea, Republic of",0.363306288801876,0.713929039347603,0.324688624727137
KOR,2014,"Korea, Republic of",0.362111513611938,0.728336858817988,0.316887327396975
KOR,2015,"Korea, Republic of",0.362199318028219,0.722231229946943,0.319984044040638
KOR,2016,"Korea, Republic of",0.361798491339475,0.706505854515939,0.327646318411768
KOR,2017,"Korea, Republic of",0.36206294829886,0.711051341159629,0.325505803569616
KOR,2018,"Korea, Republic of",0.362295170983023,0.716559222049551,0.322867974466736
KOR,2019,"Korea, Republic of",0.36017913530073,0.714079128285796,0.323050003507467
KOR,2020,"Korea, Republic of",0.358261559932701,0.714337981504827,0.321961789213937
KOR,2021,"Korea, Republic of",0.357528776480798,0.718529228143184,0.319499774168807
KOR,2022,"Korea, Republic of",0.356707455020319,0.722298167859944,0.317204643580187
KOR,2023,"Korea, Republic of",0.35688616548857,0.726999823197072,0.314943171145749
KWT,2009,Kuwait,0.377847902704227,0.400608802659191,0.488619550022518
KWT,2010,Kuwait,0.370607065240307,0.407944650040535,0.481331207599886
KWT,2011,Kuwait,0.36718512389764,0.398818010879083,0.484183556509279
KWT,2012,Kuwait,0.368498765309245,0.396103698587571,0.486197533360837
KWT,2013,Kuwait,0.365480979411745,0.403609391016037,0.480935794197854
KWT,2014,Kuwait,0.363011666689505,0.406924366535019,0.478043650077243
KWT,2015,Kuwait,0.364457578675469,0.3947150865227,0.484871246076385
KWT,2016,Kuwait,0.364080208454773,0.40237054029407,0.480854834080351
KWT,2017,Kuwait,0.363982442671131,0.397818745562682,0.483081848554224
KWT,2018,Kuwait,0.363928532076481,0.40819102367467,0.477868754200906
KWT,2019,Kuwait,0.362667605007166,0.416598817311335,0.473034393847915
KWT,2020,Kuwait,0.36631503152348,0.455167688473451,0.455573671525015
KWT,2021,Kuwait,0.364224852539487,0.458660015800883,0.452782418369302
KWT,2022,Kuwait,0.362044609033254,0.463879149403667,0.449082729814794
KWT,2023,Kuwait,0.361609584872794,0.469669725071288,0.445969929900753
LAO,2009,Lao People's Democratic Republic,0.510679091289113,0.284184649083241,0.613247221102936
LAO,2010,Lao People's Democratic Republic,0.497905554435069,0.268701360279021,0.614602097078024
LAO,2011,Lao People's Democratic Republic,0.498496614062914,0.276077387909347,0.611209613076784
LAO,2012,Lao People's Democratic Republic,0.49146790991162,0.287886047903896,0.601790931003862
LAO,2013,Lao People's Democratic Republic,0.483314212076886,0.292309596774984,0.595502307650951
LAO,2014,Lao People's Democratic Republic,0.479550193400066,0.298044936162876,0.590752628618595
LAO,2015,Lao People's Democratic Republic,0.480034054839762,0.295326108016537,0.592353973411613
LAO,2016,Lao People's Democratic Republic,0.483311196951384,0.3106093380508,0.586350929450292
LAO,2017,Lao People's Democratic Republic,0.475303598023207,0.315328305601317,0.579987646210945
LAO,2018,Lao People's Democratic Republic,0.4679531275581,0.324054201110009,0.571949463224046
LAO,2019,Lao People's Democratic Republic,0.475082580577553,0.324502088714662,0.575290245931446
LAO,2020,Lao People's Democratic Republic,0.473526589103988,0.329276865485993,0.572124861808998
LAO,2021,Lao People's Democratic Republic,0.483833846603549,0.334128774671409,0.57485253596607
LAO,2022,Lao People's Democratic Republic,0.484150488709366,0.3342640421854,0.574943223261983
LAO,2023,Lao People's Democratic Republic,0.485779677784065,0.335772527506012,0.575003575139027
LBN,2009,Lebanon,0.416679767836373,0.303469901660668,0.556604933087853
LBN,2010,Lebanon,0.407485813279005,0.312842541636675,0.547321635821165
LBN,2011,Lebanon,0.405270172765087,0.31726463697929,0.544002767892899
LBN,2012,Lebanon,0.403011471924529,0.318351393385757,0.542330039269386
LBN,2013,Lebanon,0.403739082269167,0.32537762883127,0.539180726718949
LBN,2014,Lebanon,0.404157140287126,0.323794662773136,0.540181238756995
LBN,2015,Lebanon,0.408331011584624,0.319041075920984,0.54464496783182
LBN,2016,Lebanon,0.408120920657789,0.3143680253427,0.546876447657545
LBN,2017,Lebanon,0.409978046811551,0.308763957393834,0.550607044708858
LBN,2018,Lebanon,0.403219441270633,0.304520302357312,0.54934956945666
LBN,2019,Lebanon,0.392589510766371,0.298390074053943,0.547099718356214
LBN,2020,Lebanon,0.400321787922568,0.290043067639828,0.55513936014137
LBN,2021,Lebanon,0.401558507213316,0.290066907007396,0.55574580010296
LBN,2022,Lebanon,0.398234374426549,0.291433984438822,0.553400194993864
LBN,2023,Lebanon,0.399068685796453,0.288313858597877,0.555377413599288
LBR,2009,Liberia,0.573106193356385,0.259780877118527,0.656662658118929
LBR,2010,Liberia,0.571580968816011,0.262285567832893,0.654647700491559
LBR,2011,Liberia,0.57077176123538,0.261752015822949,0.654509872706216
LBR,2012,Liberia,0.567351902929126,0.271217927885437,0.648066987521845
LBR,2013,Liberia,0.567136371577934,0.281429429929616,0.642853470824159
LBR,2014,Liberia,0.565598943780265,0.290233623739865,0.6376826600202
LBR,2015,Liberia,0.565063678025369,0.285933909948443,0.639564884038463
LBR,2016,Liberia,0.564742265636181,0.289909403115295,0.637416431260443
LBR,2017,Liberia,0.561443477991704,0.291266832659717,0.635088322665994
LBR,2018,Liberia,0.558825080965714,0.286134684335001,0.636345198315357
LBR,2019,Liberia,0.554204409538648,0.274721080026136,0.639741664756256
LBR,2020,Liberia,0.542803418868902,0.274371832868249,0.634215793000327
LBR,2021,Liberia,0.543461479736939,0.277068310301257,0.633196584717841
LBR,2022,Liberia,0.539060353416457,0.278091925728724,0.630484213843866
LBR,2023,Liberia,0.537843878517471,0.2804635319622,0.628690173277636
LBY,2009,Libyan Arab Jamahiriya,0.407687398348414,0.436543453533226,0.485571972407594
LBY,2010,Libyan Arab Jamahiriya,0.409045741474971,0.445363428817999,0.481841156328486
LBY,2011,Libyan Arab Jamahiriya,0.414379669003671,0.423309294169498,0.495535187417087
LBY,2012,Libyan Arab Jamahiriya,0.419625882820818,0.417361222649222,0.501132330085798
LBY,2013,Libyan Arab Jamahiriya,0.420602885742272,0.294547138965221,0.563027873388525
LBY,2014,Libyan Arab Jamahiriya,0.421639525080295,0.288626827128662,0.566506348975817
LBY,2015,Libyan Arab Jamahiriya,0.423752051475676,0.285663646605039,0.569044202435319
LBY,2016,Libyan Arab Jamahiriya,0.425609834653533,0.288916920648974,0.56834645700228
LBY,2017,Libyan Arab Jamahiriya,0.42380222264703,0.291450300012605,0.566175961317213
LBY,2018,Libyan Arab Jamahiriya,0.420848999066736,0.291309721663536,0.5647696387016
LBY,2019,Libyan Arab Jamahiriya,0.417916398847252,0.289366542990007,0.564274927928623
LBY,2020,Libyan Arab Jamahiriya,0.416571853811644,0.29090440390512,0.562833724953262
LBY,2021,Libyan Arab Jamahiriya,0.417314585463507,0.298773985646423,0.559270299908542
LBY,2022,Libyan Arab Jamahiriya,0.41726137344243,0.298748270254602,0.559256551593914
LBY,2023,Libyan Arab Jamahiriya,0.415618941696469,0.301999169949368,0.556809885873551
LCA,2009,Saint Lucia,0.371685386423794,0.464093007700767,0.453796189361514
LCA,2010,Saint Lucia,0.365771498251804,0.465233462842795,0.450269017704504
LCA,2011,Saint Lucia,0.365071630906094,0.466629934976286,0.449220847964904
LCA,2012,Saint Lucia,0.359052415261537,0.458014233951493,0.450519090655022
LCA,2013,Saint Lucia,0.355221790107165,0.46454790283438,0.445336943636393
LCA,2014,Saint Lucia,0.354692115057125,0.460309347399982,0.447191383828572
LCA,2015,Saint Lucia,0.355218490386975,0.464867426619742,0.445175531883617
LCA,2016,Saint Lucia,0.359489667156519,0.467657237017512,0.445916215069503
LCA,2017,Saint Lucia,0.358178600321764,0.458913178696842,0.449632710812461
LCA,2018,Saint Lucia,0.356271589343987,0.453665356894893,0.451303116224547
LCA,2019,Saint Lucia,0.356784555211879,0.445187665945242,0.455798444633319
LCA,2020,Saint Lucia,0.37902367256099,0.448631910430677,0.465195881065157
LCA,2021,Saint Lucia,0.378568952402919,0.445762024208976,0.466403464096972
LCA,2022,Saint Lucia,0.375101756202917,0.452109187019584,0.461496284591667
LCA,2023,Saint Lucia,0.375102915547686,0.450559293633692,0.462271810956997
LIE,2009,Liechtenstein,,0.61749257141977,
LIE,2010,Liechtenstein,,0.622627533072154,
LIE,2011,Liechtenstein,,0.62702297846024,
LIE,2012,Liechtenstein,,0.627182026329904,
LIE,2013,Liechtenstein,,0.628105326182692,
LIE,2014,Liechtenstein,,0.632596432642831,
LIE,2015,Liechtenstein,,0.624837895499956,
LIE,2016,Liechtenstein,,0.626037002725555,
LIE,2017,Liechtenstein,,0.629152231605685,
LIE,2018,Liechtenstein,,0.630777814038517,
LIE,2019,Liechtenstein,,0.633422884564214,
LIE,2020,Liechtenstein,,0.638431404076204,
LIE,2021,Liechtenstein,,0.63399199560723,
LIE,2022,Liechtenstein,,0.638390467498954,
LIE,2023,Liechtenstein,,0.638210926502373,
LKA,2009,Sri Lanka,0.478836939618608,0.334141059075393,0.572347940271608
LKA,2010,Sri Lanka,0.485946070926864,0.328511761179076,0.578717154873894
LKA,2011,Sri Lanka,0.486607112228819,0.331581056299337,0.577513027964741
LKA,2012,Sri Lanka,0.490556612599657,0.336944460983824,0.576806075807917
LKA,2013,Sri Lanka,0.490631719102946,0.351849810432752,0.569390954335097
LKA,2014,Sri Lanka,0.486158333141284,0.368476181222418,0.558841075959433
LKA,2015,Sri Lanka,0.486210154954436,0.385206620106162,0.550501767424137
LKA,2016,Sri Lanka,0.487020844067702,0.386214207717762,0.55040331817497
LKA,2017,Sri Lanka,0.484609200510094,0.382642024811672,0.550983587849211
LKA,2018,Sri Lanka,0.47416149281975,0.383747244697192,0.545207124061279
LKA,2019,Sri Lanka,0.462243603722956,0.394787096906509,0.533728253408224
LKA,2020,Sri Lanka,0.449226418157685,0.394922128316931,0.527152144920377
LKA,2021,Sri Lanka,0.457213922314767,0.389331832364436,0.533941044975166
LKA,2022,Sri Lanka,0.474109099458857,0.378254439262465,0.547927330098196
LKA,2023,Sri Lanka,0.474665403651957,0.384242000135626,0.545211701758166
LSO,2009,Lesotho,0.496796169245061,0.288144776547909,0.604325696348576
LSO,2010,Lesotho,0.484480700311462,0.283868855054058,0.600305922628702
LSO,2011,Lesotho,0.48937044261294,0.284878770111899,0.602245836250521
LSO,2012,Lesotho,0.486200396869604,0.283828563413044,0.60118591672828
LSO,2013,Lesotho,0.485745268353549,0.307992419473664,0.588876424439943
LSO,2014,Lesotho,0.480373263671615,0.315298695529628,0.582537284070994
LSO,2015,Lesotho,0.474910779438472,0.309844338702367,0.582533220368052
LSO,2016,Lesotho,0.474645372301405,0.320537578534826,0.57705389688329
LSO,2017,Lesotho,0.475680680553957,0.320052577189953,0.577814051682002
LSO,2018,Lesotho,0.474361089277746,0.312748749654814,0.580806169811466
LSO,2019,Lesotho,0.473026091954027,0.304514837620246,0.584255627166891
LSO,2020,Lesotho,0.472261194811491,0.30791164520421,0.582174774803641
LSO,2021,Lesotho,0.471371850671073,0.304358075931129,0.583506887369972
LSO,2022,Lesotho,0.473168268221851,0.304729403925017,0.584219432148417
LSO,2023,Lesotho,0.472066039744258,0.302459624657576,0.584803207543341
LTU,2009,Lithuania,0.375064235966854,0.556530139694959,0.409267048135948
LTU,2010,Lithuania,0.378214843895439,0.558254926706954,0.409979958594243
LTU,2011,Lithuania,0.378919657220205,0.556746994179048,0.411086331520579
LTU,2012,Lithuania,0.377919787176456,0.568297011401904,0.404811387887276
LTU,2013,Lithuania,0.375117204741469,0.575962891127934,0.399577156806768
LTU,2014,Lithuania,0.371290479006167,0.598377801392191,0.386456338806988
LTU,2015,Lithuania,0.369055123482001,0.589099790908668,0.389977666286667
LTU,2016,Lithuania,0.366057686550652,0.57593563328335,0.395061026633651
LTU,2017,Lithuania,0.367645860634219,0.571570730912398,0.398037564860911
LTU,2018,Lithuania,0.371307950667351,0.577705896691534,0.396801026987909
LTU,2019,Lithuania,0.370669522797368,0.584880875540691,0.392894323628338
LTU,2020,Lithuania,0.369678958836297,0.588925268344144,0.390376845246077
LTU,2021,Lithuania,0.365135568681147,0.592889924943562,0.386122821868793
LTU,2022,Lithuania,0.359920453785628,0.592526058501355,0.383697197642137
LTU,2023,Lithuania,0.359642639101339,0.598386526006303,0.380628056547518
LUX,2009,Luxembourg,0.309244897945237,0.621883273856128,0.343680812044555
LUX,2010,Luxembourg,0.307441884713422,0.648206933041193,0.329617475836114
LUX,2011,Luxembourg,0.306797621321266,0.654838197277081,0.325979712022092
LUX,2012,Luxembourg,0.307592349561352,0.674478570935696,0.316556889312828
LUX,2013,Luxembourg,0.306578578245816,0.680335064260481,0.313121756992668
LUX,2014,Luxembourg,0.304532109455238,0.690653924279628,0.306939092587805
LUX,2015,Luxembourg,0.303678209160099,0.69840115653613,0.302638526311985
LUX,2016,Luxembourg,0.300690923925103,0.686141371036445,0.307274776444329
LUX,2017,Luxembourg,0.30327376283152,0.680164213830748,0.311554774500386
LUX,2018,Luxembourg,0.307782445218827,0.682297723539185,0.312742360839821
LUX,2019,Luxembourg,0.307242988384219,0.666267651130768,0.320487668626726
LUX,2020,Luxembourg,0.30823069807938,0.672232388540481,0.31799915476945
LUX,2021,Luxembourg,0.307571072543392,0.654803075331014,0.326383998606189
LUX,2022,Luxembourg,0.310316455288491,0.652827968584526,0.328744243351983
LUX,2023,Luxembourg,0.31132701026558,0.655116714148073,0.328105148058754
LVA,2009,Latvia,0.375640009071488,0.548587995509897,0.413526006780795
LVA,2010,Latvia,0.366813811492158,0.530685350479405,0.418064230506377
LVA,2011,Latvia,0.372654243915782,0.531963760081391,0.420345241917195
LVA,2012,Latvia,0.37245517142689,0.55919769235913,0.40662873953388
LVA,2013,Latvia,0.37101317876385,0.573871111686223,0.398571033538814
LVA,2014,Latvia,0.363794396198966,0.57722368762416,0.393285354287403
LVA,2015,Latvia,0.366959179724403,0.580871634849051,0.393043772437676
LVA,2016,Latvia,0.365716759981622,0.569647824917633,0.398034467531995
LVA,2017,Latvia,0.366032801273666,0.575352020102269,0.395340390585699
LVA,2018,Latvia,0.366192873144487,0.567472563429002,0.399360154857743
LVA,2019,Latvia,0.366252654775584,0.571052592719905,0.39760003102784
LVA,2020,Latvia,0.365878712144315,0.574745275861537,0.395566718141389
LVA,2021,Latvia,0.361878334631761,0.58174385631789,0.390067239156936
LVA,2022,Latvia,0.36056315427972,0.576124890172153,0.392219132053784
LVA,2023,Latvia,0.359746053956523,0.579739325575857,0.390003364190333
MAR,2009,Morocco,0.404205422983343,0.367921717196629,0.518141852893357
MAR,2010,Morocco,0.396514936440489,0.369443283417404,0.513535826511543
MAR,2011,Morocco,0.393088873092612,0.358521149749117,0.517283861671747
MAR,2012,Morocco,0.392080635427409,0.367933809379151,0.512073413024129
MAR,2013,Morocco,0.390132389217448,0.375279037657023,0.507426675780213
MAR,2014,Morocco,0.389900621917994,0.405266628817928,0.492316996550033
MAR,2015,Morocco,0.387929474482901,0.409175618482715,0.489376928000093
MAR,2016,Morocco,0.388211825671083,0.407619685038122,0.490296070316481
MAR,2017,Morocco,0.385973211813743,0.408377221212113,0.488797995300815
MAR,2018,Morocco,0.370643295821419,0.410690962589717,0.479976166615851
MAR,2019,Morocco,0.3663515310315,0.417055677665911,0.474647926682795
MAR,2020,Morocco,0.367890895438637,0.426846437497587,0.470522228970525
MAR,2021,Morocco,0.367810437024622,0.426133974311403,0.47083823135661
MAR,2022,Morocco,0.368076504517078,0.430895894579337,0.46859030496887
MAR,2023,Morocco,0.368260848468096,0.430685302251667,0.468787773108215
MCO,2009,Monaco,,0.632923663604476,
MCO,2010,Monaco,,0.702789400643798,
MCO,2011,Monaco,,0.708736569036733,
MCO,2012,Monaco,,0.662468285029304,
MCO,2013,Monaco,,0.68538066566439,
MCO,2014,Monaco,,0.715331332830037,
MCO,2015,Monaco,,0.704357573422672,
MCO,2016,Monaco,,0.743614270080597,
MCO,2017,Monaco,,0.769030861586711,
MCO,2018,Monaco,,0.680410434093362,
MCO,2019,Monaco,,0.762680881336316,
MCO,2020,Monaco,,0.704551581114976,
MCO,2021,Monaco,,0.684678065705234,
MCO,2022,Monaco,,0.686470549221501,
MCO,2023,Monaco,,0.685146516275057,
MDA,2009,"Moldova, Republic of",0.418744792277074,0.382161377951891,0.518291707162592
MDA,2010,"Moldova, Republic of",0.410949955787504,0.392227061288292,0.509361447249606
MDA,2011,"Moldova, Republic of",0.40130448965396,0.396347387997421,0.50247855082827
MDA,2012,"Moldova, Republic of",0.398016404310023,0.396399121602352,0.500808641353836
MDA,2013,"Moldova, Republic of",0.397250031907022,0.395711160798428,0.500769435554297
MDA,2014,"Moldova, Republic of",0.39612880635998,0.405704811579949,0.495211997390016
MDA,2015,"Moldova, Republic of",0.393627658923589,0.39638384546764,0.498621906727975
MDA,2016,"Moldova, Republic of",0.389568437351924,0.411790594853566,0.488888921249179
MDA,2017,"Moldova, Republic of",0.391792597186171,0.41545365245719,0.488169472364491
MDA,2018,"Moldova, Republic of",0.390688226400002,0.420647477520474,0.485020374439764
MDA,2019,"Moldova, Republic of",0.394678583383249,0.426747627195381,0.483965478093934
MDA,2020,"Moldova, Republic of",0.393951500176275,0.42639888342189,0.483776308377193
MDA,2021,"Moldova, Republic of",0.393730588254568,0.436847865683814,0.478441361285377
MDA,2022,"Moldova, Republic of",0.394755136484515,0.436198805528883,0.479278165477816
MDA,2023,"Moldova, Republic of",0.393818145977452,0.43997515920611,0.476921493385671
MDG,2009,Madagascar,0.564872802819463,0.280457620087745,0.642207591365859
MDG,2010,Madagascar,0.556561456916853,0.254110540069027,0.651225458423913
MDG,2011,Madagascar,0.566092482791766,0.255228407975222,0.655432037408272
MDG,2012,Madagascar,0.559734295644905,0.259407088330327,0.650163603657289
MDG,2013,Madagascar,0.563183238766677,0.256459162626357,0.65336203807016
MDG,2014,Madagascar,0.562039788957694,0.262481281465329,0.649779253746183
MDG,2015,Madagascar,0.562992176635886,0.260522587562945,0.651234794536471
MDG,2016,Madagascar,0.560560809572194,0.261892530119248,0.649334139726473
MDG,2017,Madagascar,0.557930609748016,0.260710040952037,0.64861028439799
MDG,2018,Madagascar,0.556433304605233,0.263465334103225,0.646483985251004
MDG,2019,Madagascar,0.559621079679443,0.26219838985585,0.648711344911797
MDG,2020,Madagascar,0.559782235908273,0.261984880846024,0.648898677531125
MDG,2021,Madagascar,0.560725603409186,0.262695470932511,0.649015066238338
MDG,2022,Madagascar,0.559544225647666,0.264040079623752,0.647752073011957
MDG,2023,Madagascar,0.557511934775167,0.260796199654557,0.648357867560305
MDV,2009,Maldives,0.567741251297884,0.427184766541136,0.570278242378374
MDV,2010,Maldives,0.565839746653439,0.416676446304219,0.57458165017461
MDV,2011,Maldives,0.563916022136413,0.410242352056461,0.576836835039976
MDV,2012,Maldives,0.555617001501252,0.406203968563996,0.574706516468628
MDV,2013,Maldives,0.555611164023578,0.396339326033347,0.579635918995115
MDV,2014,Maldives,0.553405919616598,0.417275332424944,0.568065293595827
MDV,2015,Maldives,0.550916393953225,0.414235521934777,0.568340436009224
MDV,2016,Maldives,0.552399135491825,0.426288255519486,0.56305543998617
MDV,2017,Maldives,0.548109710191135,0.421961597915161,0.563074056137987
MDV,2018,Maldives,0.541505374920441,0.428448755013024,0.556528309953709
MDV,2019,Maldives,0.549424747598157,0.447442307236107,0.550991220181025
MDV,2020,Maldives,0.54901933631487,0.434452427326273,0.557283454494299
MDV,2021,Maldives,0.56299722912185,0.437396151488496,0.562800538816677
MDV,2022,Maldives,0.550466934399729,0.458935942193367,0.545765496103181
MDV,2023,Maldives,0.550394839290001,0.45460291853433,0.547895960377836
MEX,2009,Mexico,0.38975107901478,0.479049443376143,0.455350817819319
MEX,2010,Mexico,0.38752274180135,0.502666310130545,0.442428215835403
MEX,2011,Mexico,0.38641295329293,0.505554819736,0.440429066778465
MEX,2012,Mexico,0.385167231682347,0.513492183763062,0.435837523959643
MEX,2013,Mexico,0.384020785303454,0.514303818100481,0.434858483601487
MEX,2014,Mexico,0.383183733373154,0.373423188028132,0.504880272672511
MEX,2015,Mexico,0.382413818226495,0.370775795318663,0.505819011453916
MEX,2016,Mexico,0.383589815721885,0.368415883501296,0.507586966110295
MEX,2017,Mexico,0.384372944100668,0.368213431036811,0.508079756531929
MEX,2018,Mexico,0.384261778402569,0.36792145056752,0.508170163917525
MEX,2019,Mexico,0.385954282410839,0.363675798377042,0.511139242016899
MEX,2020,Mexico,0.383681839903552,0.362628820673629,0.510526509614962
MEX,2021,Mexico,0.384418019178988,0.357140055501401,0.513638981838794
MEX,2022,Mexico,0.387241881249785,0.35946858092661,0.513886650161588
MEX,2023,Mexico,0.386509692483505,0.361279364751315,0.512615163866095
MHL,2009,Marshall Islands,0.558093900351415,0.365205311281983,0.596444294534716
MHL,2010,Marshall Islands,0.555787267906316,0.358037134561234,0.598875066672541
MHL,2011,Marshall Islands,0.55293962640476,0.368268062936216,0.592335781734272
MHL,2012,Marshall Islands,0.552811846291629,0.367010787933223,0.592900529179203
MHL,2013,Marshall Islands,0.551877341219191,0.374628417006406,0.588624462106393
MHL,2014,Marshall Islands,0.550778644303417,0.37810812113724,0.586335261583089
MHL,2015,Marshall Islands,0.549632822478677,0.392236083316278,0.5786983695812
MHL,2016,Marshall Islands,0.548551859601657,0.390459342079761,0.579046258760948
MHL,2017,Marshall Islands,0.54724760216239,0.401039662422736,0.573103969869827
MHL,2018,Marshall Islands,0.544379034938325,0.394862599286682,0.574758217825822
MHL,2019,Marshall Islands,0.59124267970553,0.40447713363914,0.593382773033195
MHL,2020,Marshall Islands,0.589650686282419,0.408038752283846,0.590805966999286
MHL,2021,Marshall Islands,0.588768191070765,0.414541133899327,0.587113528585719
MHL,2022,Marshall Islands,0.589331336269691,0.421537289968316,0.583897023150688
MHL,2023,Marshall Islands,0.58989667559945,0.423376079170258,0.583260298214596
MKD,2009,Macedonia,0.369558874511462,0.393508282347796,0.488025296081833
MKD,2010,Macedonia,0.364606732153453,0.396699381322502,0.483953675415476
MKD,2011,Macedonia,0.364186034309867,0.40101526502539,0.481585384642239
MKD,2012,Macedonia,0.365244289048668,0.423232067826859,0.471006110610905
MKD,2013,Macedonia,0.363540655161693,0.433764989875218,0.464887832643237
MKD,2014,Macedonia,0.365525395159592,0.470742523269344,0.447391435945124
MKD,2015,Macedonia,0.366102359413344,0.466544660556599,0.449778849428373
MKD,2016,Macedonia,0.367591218268145,0.461884150711275,0.452853533778435
MKD,2017,Macedonia,0.36930758109731,0.463897270094666,0.452705155501322
MKD,2018,Macedonia,0.373478758269516,0.46178412104086,0.455847318614328
MKD,2019,Macedonia,0.370800404566671,0.463309824488313,0.453745290039179
MKD,2020,Macedonia,0.371385804723928,0.465777766825301,0.452804018949314
MKD,2021,Macedonia,0.374199336804587,0.466916205425243,0.453641565689672
MKD,2022,Macedonia,0.371483230477939,0.475972201493412,0.447755514492263
MKD,2023,Macedonia,0.372276057783572,0.474219912531942,0.449028072625815
MLI,2009,Mali,0.600829560610282,0.297729985347376,0.651549787631453
MLI,2010,Mali,0.601746313537067,0.304992457855062,0.648376927841003
MLI,2011,Mali,0.607523226047,0.304943154425411,0.651290035810795
MLI,2012,Mali,0.607629348326916,0.278766299755013,0.664431524285952
MLI,2013,Mali,0.608337117400552,0.282760182430396,0.662788467485078
MLI,2014,Mali,0.607885796791565,0.288927228482925,0.65947928415432
MLI,2015,Mali,0.60764909601053,0.288619752715353,0.659514671647589
MLI,2016,Mali,0.602758778752269,0.304429555828676,0.649164611461797
MLI,2017,Mali,0.600515731250375,0.304126715816795,0.64819450771679
MLI,2018,Mali,0.598208739198538,0.300998887280735,0.648604925958902
MLI,2019,Mali,0.587369837716638,0.296534821014106,0.645417508351266
MLI,2020,Mali,0.568332658472025,0.289434885348663,0.639448886561681
MLI,2021,Mali,0.573314401933221,0.2873941477049,0.642960127114161
MLI,2022,Mali,0.575798941542314,0.284098200821727,0.645850370360294
MLI,2023,Mali,0.575536510573169,0.280865858354974,0.647335326109098
MLT,2009,Malta,0.325661369301795,0.590961029828612,0.367350169736592
MLT,2010,Malta,0.328189093905566,0.622545176345416,0.352821958780075
MLT,2011,Malta,0.327312496423035,0.614456013713822,0.356428241354607
MLT,2012,Malta,0.325823922871526,0.513008906662464,0.406407508104531
MLT,2013,Malta,0.328949078103243,0.518856565763411,0.405046256169916
MLT,2014,Malta,0.326774749287953,0.513559544964201,0.406607602161876
MLT,2015,Malta,0.326316113004094,0.519743495165325,0.403286308919385
MLT,2016,Malta,0.328527094638096,0.491435742465895,0.4185456760861
MLT,2017,Malta,0.332432346221006,0.504443108269692,0.413994618975657
MLT,2018,Malta,0.333565672288326,0.504308741771985,0.414628465258171
MLT,2019,Malta,0.331423846310407,0.488106790412683,0.421658527948862
MLT,2020,Malta,0.32565709835759,0.497766533492207,0.413945282432691
MLT,2021,Malta,0.321663438726936,0.49395062172983,0.413856408498553
MLT,2022,Malta,0.318458676928923,0.495737114380389,0.411360781274267
MLT,2023,Malta,0.319719009677223,0.491827991080915,0.413945509298154
MMR,2009,Myanmar,0.520115867062162,0.32847263067406,0.595821618194051
MMR,2010,Myanmar,0.51744743655342,0.35181478047007,0.582816328041675
MMR,2011,Myanmar,0.515544320044431,0.361314022979539,0.577115148532446
MMR,2012,Myanmar,0.511163679726638,0.381706273614409,0.564728703056115
MMR,2013,Myanmar,0.511879317668427,0.19361775724103,0.659130780213699
MMR,2014,Myanmar,0.512932144089253,0.21753280388067,0.647699670104292
MMR,2015,Myanmar,0.499034539629541,0.228466742486213,0.635283898571664
MMR,2016,Myanmar,0.501738491263495,0.267357401809931,0.617190544726782
MMR,2017,Myanmar,0.491211791239889,0.270983651608771,0.610114069815559
MMR,2018,Myanmar,0.498560861060093,0.273109515667817,0.612725672696138
MMR,2019,Myanmar,0.500722761257205,0.27292162519468,0.613900568031263
MMR,2020,Myanmar,0.505302760934705,0.285146454328631,0.610078153303037
MMR,2021,Myanmar,0.515348157477337,0.262093161630229,0.626627497923554
MMR,2022,Myanmar,0.515496947663429,0.256514618302268,0.629491164680581
MMR,2023,Myanmar,0.514340557222612,0.252192754510647,0.631073901355983
MNE,2009,Montenegro,0.391914961641068,0.430077779506932,0.480918591067068
MNE,2010,Montenegro,0.384114527396856,0.42684604273775,0.478634242329553
MNE,2011,Montenegro,0.385924209934143,0.428318681410927,0.478802764261608
MNE,2012,Montenegro,0.384790093146868,0.452050357404052,0.466369867871408
MNE,2013,Montenegro,0.370588459257287,0.448146435528354,0.461221011864467
MNE,2014,Montenegro,0.370826654320835,0.464555780850845,0.453135436734995
MNE,2015,Montenegro,0.37237260631171,0.467931923374077,0.452220341468817
MNE,2016,Montenegro,0.373353897756685,0.454959340850199,0.459197278453243
MNE,2017,Montenegro,0.37140158002766,0.453851619684844,0.458774980171408
MNE,2018,Montenegro,0.365174984502244,0.462659191500732,0.451257896500756
MNE,2019,Montenegro,0.36559408836757,0.473267263688605,0.446163412339483
MNE,2020,Montenegro,0.361988140209549,0.46427988326342,0.448854128473065
MNE,2021,Montenegro,0.364811149032423,0.464807106492633,0.450002021269895
MNE,2022,Montenegro,0.364213478324665,0.464621526753202,0.449795975785731
MNE,2023,Montenegro,0.363229797256813,0.466109055980211,0.448560370638301
MNG,2009,Mongolia,0.400713037092502,0.382882352677878,0.508915342207312
MNG,2010,Mongolia,0.397756134097514,0.375960576092068,0.510897779002723
MNG,2011,Mongolia,0.398728682766065,0.377697322214136,0.510515680275965
MNG,2012,Mongolia,0.391149283313261,0.382710837992039,0.504219222660611
MNG,2013,Mongolia,0.389189323289862,0.399905663366776,0.494641829961543
MNG,2014,Mongolia,0.386440761874217,0.42726564242683,0.479587559723694
MNG,2015,Mongolia,0.386213575831421,0.421248744073506,0.482482415878958
MNG,2016,Mongolia,0.391070259390769,0.447854921414905,0.471607668987932
MNG,2017,Mongolia,0.365912821041466,0.451620375328821,0.457146222856323
MNG,2018,Mongolia,0.361012806076537,0.454104335255165,0.453454235410686
MNG,2019,Mongolia,0.350603232502162,0.457798695154569,0.446402268673797
MNG,2020,Mongolia,0.351227568538759,0.451829399131012,0.449699084703873
MNG,2021,Mongolia,0.35193869374302,0.458228361582253,0.446855166080384
MNG,2022,Mongolia,0.364897175053049,0.457079062764965,0.453909056144042
MNG,2023,Mongolia,0.365310365874975,0.462281953971968,0.451514205951504
MOZ,2009,Mozambique,0.500210207454076,0.276586831400413,0.611811688026832
MOZ,2010,Mozambique,0.498301630599308,0.279575092155121,0.609363269222094
MOZ,2011,Mozambique,0.499005122418093,0.279455880746864,0.609774620835615
MOZ,2012,Mozambique,0.498403175727957,0.269014312693099,0.614694431517429
MOZ,2013,Mozambique,0.496612364902262,0.258447307618553,0.619082528641855
MOZ,2014,Mozambique,0.495289694956668,0.27453521357778,0.610377240689444
MOZ,2015,Mozambique,0.494313719790159,0.271197344177182,0.611558187806489
MOZ,2016,Mozambique,0.494692762150824,0.261702593506231,0.616495084322296
MOZ,2017,Mozambique,0.494970818553045,0.257311164249287,0.618829827151879
MOZ,2018,Mozambique,0.492964879829689,0.266179934498481,0.613392472665604
MOZ,2019,Mozambique,0.493696258130162,0.267968431485874,0.612863913322144
MOZ,2020,Mozambique,0.494780371136377,0.261703334416581,0.616538518359898
MOZ,2021,Mozambique,0.495192645635199,0.260996955356144,0.617097845139528
MOZ,2022,Mozambique,0.491543032423197,0.262889936604392,0.614326547909403
MOZ,2023,Mozambique,0.493088994998562,0.263459593264345,0.614814700867109
MRT,2009,Mauritania,0.565179754578166,0.303794573075754,0.630692590751206
MRT,2010,Mauritania,0.553328188081541,0.282512951391251,0.635407618345145
MRT,2011,Mauritania,0.561993837453369,0.282128985850814,0.639932425801278
MRT,2012,Mauritania,0.55330751606312,0.294932279192123,0.629187618435499
MRT,2013,Mauritania,0.556375283447143,0.298183647606341,0.629095817920401
MRT,2014,Mauritania,0.55916029198934,0.312346788375858,0.623406751806741
MRT,2015,Mauritania,0.562964790827046,0.313469599222374,0.624747595802336
MRT,2016,Mauritania,0.558962150532615,0.344620692441157,0.607170729045729
MRT,2017,Mauritania,0.561639620698017,0.350429626501572,0.605604997098222
MRT,2018,Mauritania,0.55712734035573,0.355760293011772,0.600683523671979
MRT,2019,Mauritania,0.557229847303515,0.356226658247261,0.600501594528127
MRT,2020,Mauritania,0.558666433289015,0.351319658928804,0.603673387180105
MRT,2021,Mauritania,0.566240435346283,0.349214149922082,0.6085131427121
MRT,2022,Mauritania,0.578473639215463,0.352776490407198,0.612848574404133
MRT,2023,Mauritania,0.578337692788211,0.354413283750964,0.611962204518624
MUS,2009,Mauritius,0.445844821901668,0.485603122906948,0.48012084949736
MUS,2010,Mauritius,0.448441481488588,0.503109375380271,0.472666053054159
MUS,2011,Mauritius,0.44425514571248,0.510593665199602,0.466830740256439
MUS,2012,Mauritius,0.439253168600273,0.515932409828756,0.461660379385759
MUS,2013,Mauritius,0.44074067666562,0.523002851748892,0.458868912458364
MUS,2014,Mauritius,0.437997251163699,0.536465739881093,0.450765755641303
MUS,2015,Mauritius,0.443353233563543,0.537479317584201,0.452936957989671
MUS,2016,Mauritius,0.43723837238164,0.521214467886559,0.458011952247541
MUS,2017,Mauritius,0.43747742174497,0.520729223805992,0.458374098969489
MUS,2018,Mauritius,0.437449615364854,0.546007904313545,0.445720855525655
MUS,2019,Mauritius,0.435798420445558,0.547652170271263,0.444073125087147
MUS,2020,Mauritius,0.409486296445023,0.564634290440347,0.422426003002338
MUS,2021,Mauritius,0.409651226142841,0.56462491605342,0.422513155044711
MUS,2022,Mauritius,0.411210259447303,0.564566258361918,0.423322000542693
MUS,2023,Mauritius,0.411861399624017,0.563975256743701,0.423943071440158
MWI,2009,Malawi,0.574222356156361,0.29883267230461,0.637694841925875
MWI,2010,Malawi,0.574284682369751,0.279793161526732,0.64724576042151
MWI,2011,Malawi,0.570597485813972,0.281061483683792,0.64476800106509
MWI,2012,Malawi,0.563938655543755,0.277575814883975,0.64318142032989
MWI,2013,Malawi,0.563498920837877,0.270470667466107,0.646514126685885
MWI,2014,Malawi,0.558709307506665,0.261023688696214,0.648842809405226
MWI,2015,Malawi,0.558479197617155,0.259145242800677,0.649666977408239
MWI,2016,Malawi,0.562367476086165,0.279042932329308,0.641662271878429
MWI,2017,Malawi,0.557586126597229,0.27694555018173,0.640320288207749
MWI,2018,Malawi,0.554563068922545,0.272522864708147,0.641020102107199
MWI,2019,Malawi,0.556768368153824,0.278141401002064,0.63931348357588
MWI,2020,Malawi,0.555590446623582,0.288538945646098,0.633525750488742
MWI,2021,Malawi,0.551880779589788,0.29175076925605,0.630065005166869
MWI,2022,Malawi,0.549897436371894,0.286917678079705,0.631489879146095
MWI,2023,Malawi,0.549017491656397,0.28667910246034,0.631169194598028
MYS,2009,Malaysia,0.386934654572847,0.424836031239573,0.481049311666637
MYS,2010,Malaysia,0.384271245629017,0.450400818971458,0.46693521332878
MYS,2011,Malaysia,0.383472354958682,0.450867255853908,0.466302549552387
MYS,2012,Malaysia,0.381913355522797,0.478991783844243,0.451460785839277
MYS,2013,Malaysia,0.380429451434245,0.49429486079084,0.443067295321703
MYS,2014,Malaysia,0.37996270267978,0.524976877364613,0.427492912657583
MYS,2015,Malaysia,0.379698054809333,0.52562660004887,0.427035727380232
MYS,2016,Malaysia,0.383006491575098,0.500595701902098,0.4412053948365
MYS,2017,Malaysia,0.381047159262423,0.486723207914276,0.447161975674073
MYS,2018,Malaysia,0.380606429654715,0.493705210172725,0.443450609740995
MYS,2019,Malaysia,0.374089712791532,0.502632393826089,0.435728659482722
MYS,2020,Malaysia,0.369015610428239,0.502836234837715,0.433089687795262
MYS,2021,Malaysia,0.366450810684965,0.500369657163233,0.433040576760866
MYS,2022,Malaysia,0.367072400706851,0.5034050985885,0.431833651059176
MYS,2023,Malaysia,0.366926701483168,0.505617252399218,0.430654724541975
NAM,2009,Namibia,0.502905573955483,0.366211632033715,0.568346970960884
NAM,2010,Namibia,0.498206341321677,0.363144113326298,0.56753111399769
NAM,2011,Namibia,0.490432966609929,0.361762067329555,0.564335449640187
NAM,2012,Namibia,0.480969763323679,0.366450812167215,0.557259475578232
NAM,2013,Namibia,0.48154237899459,0.369458982726258,0.556041698134166
NAM,2014,Namibia,0.479831274128853,0.372578038672481,0.553626617728186
NAM,2015,Namibia,0.478229315004604,0.372493079397586,0.552868117803509
NAM,2016,Namibia,0.472744204098145,0.385601790877717,0.543571206610214
NAM,2017,Namibia,0.45721279263477,0.37748541400943,0.53986368931267
NAM,2018,Namibia,0.471991095958088,0.384293439087478,0.543848828435305
NAM,2019,Namibia,0.471113637874608,0.38123227174843,0.544940683063089
NAM,2020,Namibia,0.460257031741851,0.380098902353754,0.540079064694049
NAM,2021,Namibia,0.459202894303039,0.379327181479806,0.539937856411617
NAM,2022,Namibia,0.454471623224964,0.381532507670757,0.536469557777104
NAM,2023,Namibia,0.454056125631941,0.3797610107038,0.537147557464071
NER,2009,Niger,0.631067400532924,0.276802137021464,0.67713263175573
NER,2010,Niger,0.633753701586389,0.266444145089452,0.683654778248469
NER,2011,Niger,0.62971346588411,0.275379056828375,0.677167204527868
NER,2012,Niger,0.630239863248394,0.267559824107134,0.68134001957063
NER,2013,Niger,0.629676782847855,0.275979373582427,0.676848704632714
NER,2014,Niger,0.630158065960805,0.279037672927727,0.675560196516539
NER,2015,Niger,0.638779038652814,0.280413376291522,0.679182831180646
NER,2016,Niger,0.630497689644667,0.302971052942232,0.663763318351218
NER,2017,Niger,0.632401411257326,0.309352047339635,0.661524681958846
NER,2018,Niger,0.634311755800652,0.333147437641985,0.650582159079334
NER,2019,Niger,0.632172292951526,0.339981970132433,0.646095161409547
NER,2020,Niger,0.636210209976432,0.333945929738367,0.651132140119032
NER,2021,Niger,0.636363994623754,0.340278302380942,0.648042846121406
NER,2022,Niger,0.636150298318516,0.342344115596608,0.646903091360954
NER,2023,Niger,0.632980520703441,0.334762625328975,0.649108947687233
NGA,2009,Nigeria,0.496339350989485,0.394005670319975,0.551166840334755
NGA,2010,Nigeria,0.493774097838235,0.414731144095274,0.539521476871481
NGA,2011,Nigeria,0.501718441995353,0.417106855226823,0.542305793384265
NGA,2012,Nigeria,0.498387895347374,0.418750469212078,0.539818713067648
NGA,2013,Nigeria,0.496801022106315,0.422124201832807,0.537338410136754
NGA,2014,Nigeria,0.49309484991801,0.202130451629974,0.645482199144018
NGA,2015,Nigeria,0.490498339431778,0.210040008135665,0.640229165648057
NGA,2016,Nigeria,0.489853259831972,0.228811176808684,0.630521041511644
NGA,2017,Nigeria,0.486859524765648,0.228059398170611,0.629400063297519
NGA,2018,Nigeria,0.480405365268941,0.230296262667796,0.625054551300573
NGA,2019,Nigeria,0.48323744397436,0.235427704711228,0.623904869631566
NGA,2020,Nigeria,0.482534841638638,0.247068579328729,0.617733131154955
NGA,2021,Nigeria,0.484804107635121,0.250501243078853,0.617151432278134
NGA,2022,Nigeria,0.481958060353424,0.246340316523748,0.617808871914838
NGA,2023,Nigeria,0.481084976726398,0.252553196718334,0.614265890004032
NIC,2009,Nicaragua,0.45899284991777,0.285882182404051,0.58655533375686
NIC,2010,Nicaragua,0.459271655887384,0.272896128115836,0.593187763885774
NIC,2011,Nicaragua,0.459542647877554,0.276289749152888,0.591626449362333
NIC,2012,Nicaragua,0.452815375388235,0.288771521999818,0.582021926694209
NIC,2013,Nicaragua,0.452950662835275,0.297802557707421,0.577574052563927
NIC,2014,Nicaragua,0.451364026740218,0.300675739166964,0.575344143786627
NIC,2015,Nicaragua,0.447618301880381,0.30509807409247,0.571260113893955
NIC,2016,Nicaragua,0.442697342501268,0.30233549062579,0.570180925937739
NIC,2017,Nicaragua,0.444254072773178,0.303363824476687,0.570445124148246
NIC,2018,Nicaragua,0.441915124836217,0.277058627151213,0.582428248842502
NIC,2019,Nicaragua,0.443047130721158,0.270917058924384,0.586065035898387
NIC,2020,Nicaragua,0.443666824280913,0.272304868794123,0.585680977743395
NIC,2021,Nicaragua,0.442803772803319,0.268537164573041,0.587133304115139
NIC,2022,Nicaragua,0.445967844566188,0.269726967692907,0.588120438436641
NIC,2023,Nicaragua,0.445563118016567,0.279448897785953,0.583057110115307
NLD,2009,Netherlands,0.343362929003179,0.674948243644943,0.334207342679118
NLD,2010,Netherlands,0.339401846541543,0.675710825301583,0.33184551061998
NLD,2011,Netherlands,0.33682012227623,0.686153490587014,0.325333315844608
NLD,2012,Netherlands,0.33778715779496,0.682657615901493,0.327564770946734
NLD,2013,Netherlands,0.339662083441348,0.691141671040652,0.324260206200348
NLD,2014,Netherlands,0.341038430662212,0.713008828340234,0.314014801160989
NLD,2015,Netherlands,0.342168905672133,0.704316634024794,0.318926135823669
NLD,2016,Netherlands,0.340229990159378,0.690118446900822,0.325055771629278
NLD,2017,Netherlands,0.341666755484654,0.687708047455521,0.326979354014566
NLD,2018,Netherlands,0.34569109624607,0.683268593324146,0.331211251460962
NLD,2019,Netherlands,0.349403851367768,0.679905743958217,0.334749053704776
NLD,2020,Netherlands,0.349538507617097,0.676697535713526,0.336420485951786
NLD,2021,Netherlands,0.346552502558627,0.676770458267706,0.334891022145461
NLD,2022,Netherlands,0.356583781278182,0.671572853282203,0.34250546399799
NLD,2023,Netherlands,0.353879572190633,0.67132502165124,0.341277275269697
NOR,2009,Norway,0.254550352308225,0.741593462020523,0.256478445143851
NOR,2010,Norway,0.252714493089628,0.756613840496641,0.248050326296494
NOR,2011,Norway,0.253656861347182,0.755881630873399,0.248887615236892
NOR,2012,Norway,0.255054566936192,0.757847214973434,0.248603675981379
NOR,2013,Norway,0.255185294527406,0.781230867745045,0.236977213391181
NOR,2014,Norway,0.254184337171469,0.794670367671055,0.229756984750207
NOR,2015,Norway,0.254827773865645,0.794546492708794,0.230140640578426
NOR,2016,Norway,0.255837330760311,0.785295518866355,0.235270905946978
NOR,2017,Norway,0.256034605455785,0.78675258652288,0.234641009466453
NOR,2018,Norway,0.256872362189541,0.780148689339563,0.238361836424989
NOR,2019,Norway,0.256705097134546,0.768698565103542,0.244003266015502
NOR,2020,Norway,0.256963602052848,0.761059445826919,0.247952078112965
NOR,2021,Norway,0.256395531638302,0.767289927778145,0.244552801930079
NOR,2022,Norway,0.255191471668855,0.760907678268582,0.247141896700137
NOR,2023,Norway,0.2556147185431,0.764780821430272,0.245416948556414
NPL,2009,Nepal,0.527287435398249,0.310018561181473,0.608634437108388
NPL,2010,Nepal,0.521146946672907,0.309855324779109,0.605645810946899
NPL,2011,Nepal,0.514616993631517,0.306439025097679,0.604088984266919
NPL,2012,Nepal,0.513506856315141,0.312214425381443,0.600646215466849
NPL,2013,Nepal,0.509472657160503,0.321880556921918,0.593796050119293
NPL,2014,Nepal,0.505796390058586,0.340909656614504,0.582443366722041
NPL,2015,Nepal,0.504916452701541,0.338904076984512,0.583006187858515
NPL,2016,Nepal,0.50022651998929,0.354067022528648,0.573079748730321
NPL,2017,Nepal,0.505137399429765,0.353691285537034,0.575723056946366
NPL,2018,Nepal,0.489990448056183,0.356248894492575,0.566870776781804
NPL,2019,Nepal,0.477679024590749,0.349488966762668,0.564095028914041
NPL,2020,Nepal,0.484707402872627,0.35337302420698,0.565667189332824
NPL,2021,Nepal,0.490652207174852,0.357501944089399,0.566575131542727
NPL,2022,Nepal,0.490979684097643,0.359538048752942,0.565720817672351
NPL,2023,Nepal,0.490027728692084,0.362091270188631,0.563968229251727
NRU,2009,Nauru,0.567469475933881,0.512094913445749,0.527687281244066
NRU,2010,Nauru,0.569045931099305,0.535967138928356,0.516539396085475
NRU,2011,Nauru,0.569198237536058,0.518838835368116,0.525179701083971
NRU,2012,Nauru,0.568136551763396,0.521772107412007,0.523182222175695
NRU,2013,Nauru,0.562776240064611,0.472290469785847,0.545242885139382
NRU,2014,Nauru,0.528374362003206,0.389832410876582,0.569270975563312
NRU,2015,Nauru,0.554999777807608,0.507706268745361,0.523646754531124
NRU,2016,Nauru,0.503191039130125,0.526318274103466,0.48843638251333
NRU,2017,Nauru,0.54457668884183,0.531072847571737,0.506751920635047
NRU,2018,Nauru,0.504747614409587,0.56241212478028,0.471167744814654
NRU,2019,Nauru,0.499010213312132,0.553238410621928,0.472885901345102
NRU,2020,Nauru,0.505135293464364,0.560835446458591,0.472149923502887
NRU,2021,Nauru,0.521498695559939,0.563761917465713,0.478868389047113
NRU,2022,Nauru,0.508930201572834,0.574331228925566,0.467299486323634
NRU,2023,Nauru,0.509133496151699,0.577583840077097,0.465774828037301
NZL,2009,New Zealand,0.306502996670472,0.762504486267923,0.271999255201275
NZL,2010,New Zealand,0.304509030403551,0.76838871811538,0.268060156144086
NZL,2011,New Zealand,0.303260934893808,0.77252841051497,0.265366262189419
NZL,2012,New Zealand,0.304325577292489,0.774602954071431,0.264861311610529
NZL,2013,New Zealand,0.305087376121083,0.778016277452197,0.263535549334443
NZL,2014,New Zealand,0.303632159404232,0.797306584715247,0.253162787344492
NZL,2015,New Zealand,0.302907976298061,0.796172802803321,0.25336758674737
NZL,2016,New Zealand,0.306129278939065,0.784777577075631,0.260675850931717
NZL,2017,New Zealand,0.303917581081074,0.784991085385867,0.259463247847603
NZL,2018,New Zealand,0.303696156852219,0.77780321102717,0.262946472912525
NZL,2019,New Zealand,0.304369305282135,0.694188151102543,0.305090577089796
NZL,2020,New Zealand,0.304090232119636,0.693786894472869,0.305151668823384
NZL,2021,New Zealand,0.303710150251254,0.692678034941847,0.305516057654704
NZL,2022,New Zealand,0.303377602356491,0.690153633842574,0.306611984256959
NZL,2023,New Zealand,0.304262215654337,0.689671937870359,0.307295138891989
OMN,2009,Oman,0.421660994629966,0.442250228063934,0.489705383283016
OMN,2010,Oman,0.421266977316988,0.455535909347432,0.482865533984778
OMN,2011,Oman,0.42034215969298,0.450550811487696,0.484895674102642
OMN,2012,Oman,0.419217425855702,0.463345203534157,0.477936111160773
OMN,2013,Oman,0.418300163643185,0.472246243172871,0.473026960235157
OMN,2014,Oman,0.41845215614645,0.501034166971745,0.458708994587353
OMN,2015,Oman,0.417571641381122,0.497946915280622,0.45981236305025
OMN,2016,Oman,0.418133122343355,0.490059361633639,0.464036880354858
OMN,2017,Oman,0.419152903592648,0.49009881620113,0.464527043695759
OMN,2018,Oman,0.420923627376825,0.491581222757271,0.464671202309777
OMN,2019,Oman,0.423051959972855,0.502193265216408,0.460429347378224
OMN,2020,Oman,0.423851556555285,0.501533109192552,0.461159223681367
OMN,2021,Oman,0.423313604056039,0.492646778807947,0.465333412624046
OMN,2022,Oman,0.421309559062002,0.49782351250954,0.461743023276231
OMN,2023,Oman,0.420216953920259,0.504192573420417,0.458012190249921
PAK,2009,Pakistan,0.532530723442618,0.418088487297077,0.557221118072771
PAK,2010,Pakistan,0.531160185987791,0.442126515328503,0.544516835329644
PAK,2011,Pakistan,0.530950937604175,0.437613564053046,0.546668686775564
PAK,2012,Pakistan,0.521180028445282,0.441579519201128,0.539800254622077
PAK,2013,Pakistan,0.520281226890853,0.449258737117379,0.535511244886737
PAK,2014,Pakistan,0.520406444703435,0.28039150417801,0.620007470262713
PAK,2015,Pakistan,0.515724272983339,0.277767498747231,0.618978387118054
PAK,2016,Pakistan,0.517577893687058,0.275427382017396,0.621075255834831
PAK,2017,Pakistan,0.518007728910123,0.27930511709276,0.619351305908682
PAK,2018,Pakistan,0.51763029206339,0.280361111648701,0.618634590207345
PAK,2019,Pakistan,0.506951247587565,0.28225050480114,0.612350371393213
PAK,2020,Pakistan,0.508462553338375,0.30717129399938,0.600645629669498
PAK,2021,Pakistan,0.511647290668511,0.311176612637224,0.600235339015644
PAK,2022,Pakistan,0.51413236664585,0.306824112480111,0.603654127082869
PAK,2023,Pakistan,0.515133465900456,0.299420228815684,0.607856618542386
PAN,2009,Panama,0.413678694247517,0.369500607382795,0.522089043432361
PAN,2010,Panama,0.413670632373399,0.378599675698814,0.517535478337293
PAN,2011,Panama,0.409683985193785,0.384250028028573,0.512716978582606
PAN,2012,Panama,0.408026593549533,0.374523198979588,0.516751697284973
PAN,2013,Panama,0.40689954387127,0.381084506263105,0.512907518804083
PAN,2014,Panama,0.405735183077294,0.404901042227069,0.500417070425113
PAN,2015,Panama,0.40451737335103,0.404988403463836,0.499764484943597
PAN,2016,Panama,0.404104590723951,0.394324745397695,0.504889922663128
PAN,2017,Panama,0.404233803652863,0.38818233145848,0.508025736097192
PAN,2018,Panama,0.405026190469971,0.391097569677742,0.506964310396115
PAN,2019,Panama,0.405059087388519,0.380218319947019,0.51242038372075
PAN,2020,Panama,0.406154625171401,0.375065109205539,0.515544757982931
PAN,2021,Panama,0.409354244055769,0.380841563769976,0.514256340142897
PAN,2022,Panama,0.407037920259903,0.380564172075326,0.513236874092288
PAN,2023,Panama,0.406459590998431,0.380230032457491,0.51311477927047
PER,2009,Peru,0.434021238366732,0.347753269614845,0.543133984375944
PER,2010,Peru,0.426204261853152,0.361082792669302,0.532560734591925
PER,2011,Peru,0.425543403365404,0.373771195897064,0.52588610373417
PER,2012,Peru,0.422211957824745,0.375009450606189,0.523601253609278
PER,2013,Peru,0.420082032012466,0.381699509387339,0.519191261312564
PER,2014,Peru,0.419638432066655,0.393666738443706,0.512985846811475
PER,2015,Peru,0.418610382819989,0.395804999901319,0.511402691459335
PER,2016,Peru,0.41849476256328,0.401273223118781,0.50861076972225
PER,2017,Peru,0.419130102748907,0.394562036994152,0.512284032877377
PER,2018,Peru,0.419396288086282,0.396872758988532,0.511261764548875
PER,2019,Peru,0.415062472602087,0.401287131525849,0.506887670538119
PER,2020,Peru,0.408116465747984,0.39715064728861,0.505482909229687
PER,2021,Peru,0.410462562088861,0.386539261257872,0.511961650415494
PER,2022,Peru,0.408896845702446,0.38451627060014,0.512190287551153
PER,2023,Peru,0.409139536462229,0.388530029533557,0.510304753464336
PHL,2009,Philippines,0.476885470098027,0.282788748646156,0.597048360725936
PHL,2010,Philippines,0.476553409821965,0.289142275072637,0.593705567374664
PHL,2011,Philippines,0.473255613872667,0.300983678542806,0.586135967664931
PHL,2012,Philippines,0.473569565538227,0.315787321517171,0.578891122010528
PHL,2013,Philippines,0.474348858957079,0.327185207129527,0.573581825913776
PHL,2014,Philippines,0.473055411426584,0.344970246978318,0.564042582224133
PHL,2015,Philippines,0.47321735750757,0.338889820986281,0.567163768260645
PHL,2016,Philippines,0.471922008718057,0.326243832559305,0.572839088079376
PHL,2017,Philippines,0.470245686455201,0.328845372663694,0.570700156895754
PHL,2018,Philippines,0.467591301042969,0.323077744765248,0.572256778138861
PHL,2019,Philippines,0.458656257994649,0.326287079555968,0.566184589219341
PHL,2020,Philippines,0.454175973843537,0.336423421291911,0.558876276275813
PHL,2021,Philippines,0.448997693509986,0.336259703810001,0.556368994849993
PHL,2022,Philippines,0.445290563395014,0.347039437078806,0.549125563158104
PHL,2023,Philippines,0.443831296581348,0.355934777426713,0.543948259577318
PLW,2009,Palau,0.542493539242745,0.431241312500603,0.555626113371071
PLW,2010,Palau,0.548728786064469,0.427378320064793,0.560675232999838
PLW,2011,Palau,0.536659054491353,0.423714656166504,0.556472199162425
PLW,2012,Palau,0.534627824947655,0.427743821789076,0.55344200157929
PLW,2013,Palau,0.525067603171788,0.430412606224264,0.547327498473762
PLW,2014,Palau,0.51996228370819,0.428949853324795,0.545506215191697
PLW,2015,Palau,0.514950812919954,0.4629248121446,0.526013000387677
PLW,2016,Palau,0.505278601158375,0.463544341136625,0.520867130010875
PLW,2017,Palau,0.506930707089808,0.462568875528982,0.522180915780413
PLW,2018,Palau,0.502215125451901,0.462774566930124,0.519720279260889
PLW,2019,Palau,0.500628185048913,0.459014304599858,0.520806940224527
PLW,2020,Palau,0.510137708394506,0.456105061966581,0.527016323213963
PLW,2021,Palau,0.508546652343951,0.453561356980229,0.527492647681861
PLW,2022,Palau,0.512241006510836,0.451711834447093,0.530264586031872
PLW,2023,Palau,0.512616259244501,0.444756493701615,0.533929882771443
PNG,2009,Papua New Guinea,0.577091926653305,0.260372607523653,0.658359659564826
PNG,2010,Papua New Guinea,0.58079939077733,0.271084067320468,0.654857661728431
PNG,2011,Papua New Guinea,0.57596226250152,0.271470046131462,0.652246108185029
PNG,2012,Papua New Guinea,0.573849071071731,0.274245563627429,0.649801753722151
PNG,2013,Papua New Guinea,0.579846685650587,0.274487134625611,0.652679775512488
PNG,2014,Papua New Guinea,0.58295341900761,0.290918738723939,0.646017340141836
PNG,2015,Papua New Guinea,0.557201947611321,0.279749697476505,0.638726125067408
PNG,2016,Papua New Guinea,0.567195551698301,0.289258423657728,0.638968564020287
PNG,2017,Papua New Guinea,0.529891286167263,0.285436069417962,0.622227608374651
PNG,2018,Papua New Guinea,0.53979498279377,0.289697486561429,0.625048748116171
PNG,2019,Papua New Guinea,0.550290284670532,0.281268852401237,0.634510716134647
PNG,2020,Papua New Guinea,0.53924634882507,0.286815776121345,0.626215286351863
PNG,2021,Papua New Guinea,0.550574188251041,0.281126577784328,0.634723805233357
PNG,2022,Papua New Guinea,0.550349180623927,0.286150920809782,0.632099129907073
PNG,2023,Papua New Guinea,0.5495701839912,0.291471114074833,0.629049534958184
POL,2009,Poland,0.308633356505395,0.48389489800353,0.412369229250932
POL,2010,Poland,0.307593531038375,0.494311920209829,0.406640805414273
POL,2011,Poland,0.307944231068481,0.50901244288467,0.399465894091906
POL,2012,Poland,0.306711067509004,0.519334518461046,0.393688274523979
POL,2013,Poland,0.305658722872648,0.538548463979438,0.383555129446605
POL,2014,Poland,0.305575177406473,0.564958227308881,0.370308475048796
POL,2015,Poland,0.304872058487951,0.57132751392531,0.366772272281321
POL,2016,Poland,0.304287020077528,0.557170872645673,0.373558073715928
POL,2017,Poland,0.306269623397326,0.553112385621188,0.376578618888069
POL,2018,Poland,0.306145325695153,0.553836089327317,0.376154618183918
POL,2019,Poland,0.30508687275089,0.542298831033761,0.381394020858565
POL,2020,Poland,0.304681661602221,0.540544716446399,0.382068472577911
POL,2021,Poland,0.302889721470088,0.532699712354228,0.38509500455793
POL,2022,Poland,0.3044610578046,0.532439136412998,0.386010960695801
POL,2023,Poland,0.305653132767215,0.536466125827891,0.384593503469662
PRK,2009,"Korea, Democratic People's Repub",0.468076477598699,0.360188315800547,0.553944080899076
PRK,2010,"Korea, Democratic People's Repub",0.464256865249411,0.352425594096688,0.555915635576362
PRK,2011,"Korea, Democratic People's Repub",0.460154351711709,0.352411120373989,0.55387161566886
PRK,2012,"Korea, Democratic People's Repub",0.461664739539664,0.357601490125212,0.552031624707226
PRK,2013,"Korea, Democratic People's Repub",0.462173047073407,0.347877347611019,0.557147849731194
PRK,2014,"Korea, Democratic People's Repub",0.4647255623197,0.33492990641472,0.56489782795249
PRK,2015,"Korea, Democratic People's Repub",0.463176677142972,0.330228863463053,0.566473906839959
PRK,2016,"Korea, Democratic People's Repub",0.457895366153389,0.334681154978504,0.561607105587443
PRK,2017,"Korea, Democratic People's Repub",0.455502069273017,0.335754292266857,0.55987388850308
PRK,2018,"Korea, Democratic People's Repub",0.451281919725181,0.338186683436897,0.556547618144142
PRK,2019,"Korea, Democratic People's Repub",0.457935301073009,0.337649841537273,0.560142729767868
PRK,2020,"Korea, Democratic People's Repub",0.459796915608498,0.337150899396706,0.561323008105896
PRK,2021,"Korea, Democratic People's Repub",0.460692320372448,0.337326042626917,0.561683138872765
PRK,2022,"Korea, Democratic People's Repub",0.461060651066742,0.336881989374809,0.562089330845967
PRK,2023,"Korea, Democratic People's Repub",0.460326605101431,0.339537158758866,0.560394723171283
PRT,2009,Portugal,0.346546873977364,0.515518804655916,0.415514034660724
PRT,2010,Portugal,0.342391582560376,0.517438053642157,0.41247676445911
PRT,2011,Portugal,0.342130616541435,0.52710671087593,0.407511952832753
PRT,2012,Portugal,0.340361125960428,0.548019981608287,0.396170572176071
PRT,2013,Portugal,0.339264625160771,0.558281767572408,0.390491428794182
PRT,2014,Portugal,0.334827756269113,0.579204903119296,0.377811426574909
PRT,2015,Portugal,0.339079203815226,0.592743792359201,0.373167705728013
PRT,2016,Portugal,0.331574295999,0.571536876678615,0.380018709660193
PRT,2017,Portugal,0.323536483262044,0.577037436552957,0.373249523354543
PRT,2018,Portugal,0.321469817580837,0.576206538089711,0.372631639745563
PRT,2019,Portugal,0.319535945533368,0.574246206055807,0.372644869738781
PRT,2020,Portugal,0.316340230191361,0.571202684246314,0.372568772972523
PRT,2021,Portugal,0.316408592726151,0.573299396299411,0.37155459821337
PRT,2022,Portugal,0.318670680946779,0.575623916538607,0.371523382204086
PRT,2023,Portugal,0.318490170755297,0.573929157340897,0.3722805067072
PRY,2009,Paraguay,0.387609246636313,0.304559732792641,0.541524756921836
PRY,2010,Paraguay,0.385642720615073,0.305165685745469,0.540238517434802
PRY,2011,Paraguay,0.384260066303147,0.312752797825874,0.535753634238637
PRY,2012,Paraguay,0.383976975657083,0.314839557887062,0.534568708885011
PRY,2013,Paraguay,0.382460637314187,0.317479776887423,0.532490430213382
PRY,2014,Paraguay,0.380223703817868,0.341037107993309,0.519593297912279
PRY,2015,Paraguay,0.378855414095427,0.345820333757044,0.516517540169192
PRY,2016,Paraguay,0.377967965919639,0.364644728344546,0.506661618787547
PRY,2017,Paraguay,0.376131617185636,0.362644805498981,0.506743405843328
PRY,2018,Paraguay,0.373578020527405,0.362402012627607,0.505588003949899
PRY,2019,Paraguay,0.373138502268757,0.3586390231486,0.507249739560078
PRY,2020,Paraguay,0.374132933629259,0.363470272406451,0.505331330611404
PRY,2021,Paraguay,0.374896258237954,0.357266387834162,0.508814935201896
PRY,2022,Paraguay,0.372281349662248,0.356996872843194,0.507642238409527
PRY,2023,Paraguay,0.372450628094713,0.361016259998125,0.505717184048294
QAT,2009,Qatar,0.360137390209393,0.480394093661404,0.439871648273995
QAT,2010,Qatar,0.357760213209329,0.486779624541786,0.435490294333771
QAT,2011,Qatar,0.355981650727597,0.471026839962988,0.442477405382305
QAT,2012,Qatar,0.354339165493314,0.482806060760982,0.435766552366166
QAT,2013,Qatar,0.357658282209188,0.49953401224111,0.429062134984039
QAT,2014,Qatar,0.363452613338318,0.502268671215211,0.430591971061553
QAT,2015,Qatar,0.361594217338872,0.498342401856639,0.431625907741117
QAT,2016,Qatar,0.360203363204,0.499750227298602,0.430226567952699
QAT,2017,Qatar,0.359477872043042,0.495294886325941,0.432091492858551
QAT,2018,Qatar,0.358286590866954,0.499930514293656,0.429178038286649
QAT,2019,Qatar,0.357978629691449,0.50694657400438,0.425516027843535
QAT,2020,Qatar,0.358359469152442,0.535152529698184,0.411603469727129
QAT,2021,Qatar,0.356151505398721,0.536802800259449,0.409674352569636
QAT,2022,Qatar,0.351252194834524,0.543022679224373,0.404114757805076
QAT,2023,Qatar,0.351294466670451,0.543043145977455,0.404125660346498
ROU,2009,Romania,0.426618557153406,0.454584735771712,0.486016910690847
ROU,2010,Romania,0.425750065256542,0.430881325469508,0.497434369893517
ROU,2011,Romania,0.423734855890086,0.417631125727345,0.50305186508137
ROU,2012,Romania,0.422598120699237,0.392763817299451,0.514917151699893
ROU,2013,Romania,0.418602269205476,0.402225114683203,0.508188577261137
ROU,2014,Romania,0.414898842602282,0.420270436675267,0.497314202963508
ROU,2015,Romania,0.413314148956138,0.433805652193416,0.489754248381361
ROU,2016,Romania,0.413232432357143,0.427506465893155,0.492862983231994
ROU,2017,Romania,0.412524160505668,0.430277754144689,0.49112320318049
ROU,2018,Romania,0.411523601412906,0.436515536980981,0.487504032215963
ROU,2019,Romania,0.413188965833433,0.420628428638943,0.496280268597245
ROU,2020,Romania,0.412755130304206,0.433175635184624,0.489789747559791
ROU,2021,Romania,0.415390094291842,0.435735027676785,0.489827533307529
ROU,2022,Romania,0.412718450898782,0.43901098876653,0.486853731066126
ROU,2023,Romania,0.411779483689989,0.440681797862735,0.485548842913627
RUS,2009,Russian Federation,0.331894110113002,0.558786550407751,0.386553779852626
RUS,2010,Russian Federation,0.329666743054757,0.594212290464901,0.367727226294928
RUS,2011,Russian Federation,0.327736396609131,0.590951891762099,0.368392252423516
RUS,2012,Russian Federation,0.327926871365115,0.601578674799521,0.363174098282797
RUS,2013,Russian Federation,0.32781890738845,0.609037109247385,0.359390899070533
RUS,2014,Russian Federation,0.327062361982636,0.48296360242364,0.422049379779498
RUS,2015,Russian Federation,0.328923864804837,0.50699264900649,0.410965607899174
RUS,2016,Russian Federation,0.326836001168597,0.526157739248008,0.400339130960295
RUS,2017,Russian Federation,0.324395299099424,0.523086658505313,0.400654320297056
RUS,2018,Russian Federation,0.32284998645368,0.532829321479753,0.395010332486963
RUS,2019,Russian Federation,0.322657723657281,0.539999804558604,0.391328959549339
RUS,2020,Russian Federation,0.326653672211931,0.529528353943074,0.398562659134429
RUS,2021,Russian Federation,0.325797704660565,0.515107483040753,0.405345110809906
RUS,2022,Russian Federation,0.323491482501316,0.49482114559356,0.414335168453878
RUS,2023,Russian Federation,0.32374114097316,0.491439100136,0.41615102041858
RWA,2009,Rwanda,0.589346033111792,0.309663425564789,0.639841303773502
RWA,2010,Rwanda,0.586016708397629,0.341910062935905,0.622053322730862
RWA,2011,Rwanda,0.584889447692708,0.350776794709318,0.617056326491695
RWA,2012,Rwanda,0.582851255113001,0.35195579000284,0.61544773255508
RWA,2013,Rwanda,0.580580628605595,0.356396658722751,0.612091984941422
RWA,2014,Rwanda,0.576463773685521,0.387462554484513,0.594500609600504
RWA,2015,Rwanda,0.573004831576779,0.385878032060982,0.593563399757898
RWA,2016,Rwanda,0.572089477344117,0.401679480261431,0.585204998541343
RWA,2017,Rwanda,0.573362251261024,0.407923900883228,0.582719175188898
RWA,2018,Rwanda,0.570574828003403,0.412638854696022,0.578967986653691
RWA,2019,Rwanda,0.567434961574645,0.410794756921603,0.578320102326521
RWA,2020,Rwanda,0.565626884531712,0.422191369187193,0.57171775767226
RWA,2021,Rwanda,0.566805804122829,0.425814849388048,0.57049547736739
RWA,2022,Rwanda,0.567553315618115,0.428509833710014,0.569521740954051
RWA,2023,Rwanda,0.56727886777407,0.432686997942559,0.567295934915756
SAU,2009,Saudi Arabia,0.424587656980636,0.406527600382518,0.509030028299059
SAU,2010,Saudi Arabia,0.422323550616671,0.427518170675291,0.49740268997069
SAU,2011,Saudi Arabia,0.420754194953824,0.413205403547043,0.503774395703391
SAU,2012,Saudi Arabia,0.419021326084971,0.426528918936157,0.496246203574407
SAU,2013,Saudi Arabia,0.417854013587689,0.447958943917578,0.484947534835056
SAU,2014,Saudi Arabia,0.415698201293607,0.46889384875857,0.473402176267519
SAU,2015,Saudi Arabia,0.414613559216454,0.470786675610923,0.471913441802766
SAU,2016,Saudi Arabia,0.414854334091432,0.497167021553096,0.458843656269168
SAU,2017,Saudi Arabia,0.41821642261512,0.499065850075036,0.459575286270042
SAU,2018,Saudi Arabia,0.416912528746994,0.503667721609518,0.456622403568738
SAU,2019,Saudi Arabia,0.387575913064142,0.505876321113884,0.440849795975129
SAU,2020,Saudi Arabia,0.386648295840214,0.542634882027889,0.422006706906163
SAU,2021,Saudi Arabia,0.40993711328321,0.55207888193674,0.428929115673235
SAU,2022,Saudi Arabia,0.40950147996743,0.56299492453305,0.42325327771719
SAU,2023,Saudi Arabia,0.408246794806483,0.572809529116339,0.417718632845072
SDN,2009,Sudan,0.613978977004454,0.248698193598394,0.68264039170303
SDN,2010,Sudan,0.616247862753688,0.238386800059046,0.688930531347321
SDN,2011,Sudan,0.615914056678017,0.239591559824884,0.688161248426567
SDN,2012,Sudan,0.611708041963979,0.235893033004851,0.687907504479564
SDN,2013,Sudan,0.610750685577877,0.243058845060623,0.683845920258627
SDN,2014,Sudan,0.610836413397634,0.24509116816645,0.682872622615592
SDN,2015,Sudan,0.605123568005821,0.242929789032593,0.681096889486614
SDN,2016,Sudan,0.608752198274164,0.257730408163413,0.675510895055376
SDN,2017,Sudan,0.606440467405254,0.260826684479454,0.6728068914629
SDN,2018,Sudan,0.612661533232782,0.265157473786281,0.673752029723251
SDN,2019,Sudan,0.602106332360783,0.263508897548069,0.669298717406357
SDN,2020,Sudan,0.601558835885565,0.261932241625261,0.669813297130152
SDN,2021,Sudan,0.606149535874464,0.259305089516496,0.673422223178984
SDN,2022,Sudan,0.612830772554953,0.252984039301438,0.679923366626758
SDN,2023,Sudan,0.611921181135229,0.238561446745367,0.686679867194931
SEN,2009,Senegal,0.530241418190802,0.316816739590677,0.606712339300063
SEN,2010,Senegal,0.531696186862795,0.292379830817476,0.61965817802266
SEN,2011,Senegal,0.529299947598528,0.292378632280078,0.618460657659225
SEN,2012,Senegal,0.529409962907046,0.303598743890345,0.612905609508351
SEN,2013,Senegal,0.531648051037887,0.308291548871334,0.611678251083277
SEN,2014,Senegal,0.53646153052446,0.312393137995622,0.612034196264419
SEN,2015,Senegal,0.53976353166544,0.318347276972341,0.61070812734655
SEN,2016,Senegal,0.536255884223343,0.331361756813838,0.602447063704753
SEN,2017,Senegal,0.538785733145062,0.329726845745836,0.604529443699613
SEN,2018,Senegal,0.538522117571205,0.341534142608117,0.598493987481544
SEN,2019,Senegal,0.534732833405761,0.34650189455593,0.594115469424916
SEN,2020,Senegal,0.533817927914738,0.346796944555066,0.593510491679836
SEN,2021,Senegal,0.534453578561796,0.347685582784686,0.593383997888555
SEN,2022,Senegal,0.53686679300475,0.350852993180633,0.593006899912059
SEN,2023,Senegal,0.534856001387169,0.352651288850532,0.591102356268319
SGP,2009,Singapore,0.400840521591031,0.719481816442284,0.340679352574373
SGP,2010,Singapore,0.401011430777737,0.749986024521096,0.325512703128321
SGP,2011,Singapore,0.402025255584521,0.764401024461982,0.31881211556127
SGP,2012,Singapore,0.40132998454803,0.772815587992199,0.314257198277916
SGP,2013,Singapore,0.397545446070951,0.784803598505511,0.30637092378272
SGP,2014,Singapore,0.39478531692656,0.80720201180239,0.293791652562085
SGP,2015,Singapore,0.389106947392325,0.804161373301594,0.292472787045366
SGP,2016,Singapore,0.38951024555842,0.784514312055686,0.302497966751367
SGP,2017,Singapore,0.388897107777909,0.790233767138239,0.299331670319835
SGP,2018,Singapore,0.389227492267032,0.793975722228703,0.297625885019164
SGP,2019,Singapore,0.39020540402473,0.795199259817937,0.297503072103396
SGP,2020,Singapore,0.388143775608997,0.797506806914789,0.295318484347104
SGP,2021,Singapore,0.387757294202907,0.802470674671643,0.292643309765632
SGP,2022,Singapore,0.388398994532007,0.801251911975856,0.293573541278076
SGP,2023,Singapore,0.38869248799521,0.800123608348007,0.294284439823602
SLB,2009,Solomon Islands,0.664872646908828,0.36372752707627,0.650572559916279
SLB,2010,Solomon Islands,0.654809195664584,0.353434566378912,0.650687314642836
SLB,2011,Solomon Islands,0.651981631502211,0.359345997807195,0.646317816847508
SLB,2012,Solomon Islands,0.651752665826952,0.356768657232834,0.647492004297059
SLB,2013,Solomon Islands,0.648481350556239,0.373661703437252,0.637409823559494
SLB,2014,Solomon Islands,0.644946655400707,0.384356218235082,0.630295218582813
SLB,2015,Solomon Islands,0.629316972262854,0.40770424781438,0.610806362224237
SLB,2016,Solomon Islands,0.632055769169608,0.402901309323471,0.614577229923069
SLB,2017,Solomon Islands,0.623685768180241,0.412519532755872,0.605583117712185
SLB,2018,Solomon Islands,0.610352980973044,0.40795082017858,0.601201080397232
SLB,2019,Solomon Islands,0.638168219135905,0.40913482265369,0.614516698241108
SLB,2020,Solomon Islands,0.598139487678856,0.411642873872371,0.593248306903243
SLB,2021,Solomon Islands,0.60450650189229,0.396175775716622,0.604165363087834
SLB,2022,Solomon Islands,0.632252808572338,0.397846679452625,0.617203064559857
SLB,2023,Solomon Islands,0.629252695947271,0.39908671300922,0.615082991469025
SLE,2009,Sierra Leone,0.603628805310329,0.261875818055708,0.670876493627311
SLE,2010,Sierra Leone,0.606969394280527,0.242482196162238,0.682243599059144
SLE,2011,Sierra Leone,0.600313011149251,0.252468159673917,0.673922425737667
SLE,2012,Sierra Leone,0.585241842233092,0.259331256898936,0.662955292667078
SLE,2013,Sierra Leone,0.592378658004514,0.268092783299159,0.662142937352678
SLE,2014,Sierra Leone,0.590507671603298,0.278167426458256,0.656170122572521
SLE,2015,Sierra Leone,0.596643178574334,0.28296405206226,0.656839563256037
SLE,2016,Sierra Leone,0.601487372724785,0.295689578911597,0.652898896906594
SLE,2017,Sierra Leone,0.604616790218206,0.307089056014186,0.64876386710201
SLE,2018,Sierra Leone,0.602029703729443,0.305466893296975,0.648281405216234
SLE,2019,Sierra Leone,0.601543158953183,0.304904441136399,0.648319358908392
SLE,2020,Sierra Leone,0.601727343362444,0.301298834831754,0.650214254265345
SLE,2021,Sierra Leone,0.596662978297744,0.301557524272055,0.647552727012845
SLE,2022,Sierra Leone,0.597606216663751,0.298633546078672,0.64948633529254
SLE,2023,Sierra Leone,0.597257262855005,0.296500007610857,0.650378627622074
SLV,2009,El Salvador,0.438777852759049,0.354965048858926,0.541906401950062
SLV,2010,El Salvador,0.433474166192647,0.351303726828168,0.54108521968224
SLV,2011,El Salvador,0.425835896079374,0.353781686738981,0.536027104670197
SLV,2012,El Salvador,0.42560154447675,0.350110130971226,0.537745706752762
SLV,2013,El Salvador,0.419193867649106,0.348704776106071,0.535244545771518
SLV,2014,El Salvador,0.419612762662744,0.356601059059109,0.531505851801818
SLV,2015,El Salvador,0.424611145613449,0.348107144836143,0.538252000388653
SLV,2016,El Salvador,0.426105627643718,0.335898076901346,0.545103775371186
SLV,2017,El Salvador,0.420082615488213,0.331821592048336,0.544130511719938
SLV,2018,El Salvador,0.419965488050711,0.33748196490015,0.541241761575281
SLV,2019,El Salvador,0.422757952425856,0.342578027523146,0.540089962451355
SLV,2020,El Salvador,0.419508084286119,0.342807685966526,0.538350199159797
SLV,2021,El Salvador,0.418660494785951,0.338638594004569,0.540010950390691
SLV,2022,El Salvador,0.424035884409246,0.335236571723383,0.544399656342932
SLV,2023,El Salvador,0.425438252888859,0.351470551711121,0.536983850588869
SMR,2009,San Marino,,0.693519819145918,
SMR,2010,San Marino,,0.716093967189366,
SMR,2011,San Marino,,0.708786241513658,
SMR,2012,San Marino,,0.71100514835115,
SMR,2013,San Marino,,0.616887537869496,
SMR,2014,San Marino,,0.577159050927518,
SMR,2015,San Marino,,0.633913026540542,
SMR,2016,San Marino,,0.63210128347385,
SMR,2017,San Marino,,0.634177017547385,
SMR,2018,San Marino,,0.62940181304532,
SMR,2019,San Marino,,0.623941819015653,
SMR,2020,San Marino,,0.640300278869832,
SMR,2021,San Marino,,0.642785040928749,
SMR,2022,San Marino,,0.643690501138794,
SMR,2023,San Marino,,0.643942933711489,
SOM,2009,Somalia,0.629174284768571,0.368117023579554,0.630528630594509
SOM,2010,Somalia,0.617915707236379,0.411622700672478,0.603146503281951
SOM,2011,Somalia,0.617400300827443,0.413752536055642,0.601823882385901
SOM,2012,Somalia,0.616904546397542,0.425058123171539,0.595923211613002
SOM,2013,Somalia,0.616817853096987,0.433252281782835,0.591782785657076
SOM,2014,Somalia,0.615630142732033,0.453548056779608,0.581041042976213
SOM,2015,Somalia,0.615160463270685,0.457628028527085,0.5787662173718
SOM,2016,Somalia,0.614490419631057,0.356370980763579,0.629059719433739
SOM,2017,Somalia,0.612829878146701,0.353605640463509,0.629612118841596
SOM,2018,Somalia,0.612257568893662,0.35679911949595,0.627729224698856
SOM,2019,Somalia,0.612317108235932,0.351150490579418,0.630583308828257
SOM,2020,Somalia,0.611341597741786,0.353597944853413,0.628871826444187
SOM,2021,Somalia,0.611249211771835,0.351048356532163,0.630100427619836
SOM,2022,Somalia,0.611213911169677,0.355831349954668,0.627691280607505
SOM,2023,Somalia,0.610504400996975,0.361021731996272,0.624741334500351
SRB,2009,Serbia,0.424078589183431,0.371360805642386,0.526358891770522
SRB,2010,Serbia,0.422740396873274,0.37588664633208,0.523426875270597
SRB,2011,Serbia,0.421167799628072,0.377222060062794,0.521972869782639
SRB,2012,Serbia,0.414202338571523,0.376732296602111,0.518735020984706
SRB,2013,Serbia,0.410650726026746,0.396183911712723,0.507233407157012
SRB,2014,Serbia,0.40438529700635,0.416920278324048,0.493732509341151
SRB,2015,Serbia,0.405066633735588,0.408610381848034,0.498228125943777
SRB,2016,Serbia,0.404403902901198,0.412240713153861,0.496081594873669
SRB,2017,Serbia,0.405534117204153,0.4415506097639,0.481991753720127
SRB,2018,Serbia,0.428303729515943,0.445817898165428,0.491242915675258
SRB,2019,Serbia,0.428183956787165,0.446411408842361,0.490886273972402
SRB,2020,Serbia,0.422735956411257,0.439285397966564,0.491725279222346
SRB,2021,Serbia,0.420856628020356,0.441197666296001,0.489829480862178
SRB,2022,Serbia,0.422948404408459,0.44457563612144,0.48918638414351
SRB,2023,Serbia,0.421516261713672,0.44890327324382,0.486306494234926
STP,2009,Sao Tome and Principe,0.563173681544836,0.307352674019044,0.627910503762896
STP,2010,Sao Tome and Principe,0.555279282751629,0.309609876857435,0.622834702947097
STP,2011,Sao Tome and Principe,0.555186442718747,0.309311109745047,0.62293766648685
STP,2012,Sao Tome and Principe,0.553102580838941,0.339007578336581,0.60704750125118
STP,2013,Sao Tome and Principe,0.551289746101911,0.340331450111265,0.605479147995323
STP,2014,Sao Tome and Principe,0.548479732626911,0.351667013810529,0.598406359408191
STP,2015,Sao Tome and Principe,0.548568532253,0.354360870284711,0.597103830984145
STP,2016,Sao Tome and Principe,0.550754704591978,0.356765160979419,0.596994771806279
STP,2017,Sao Tome and Principe,0.547667141877521,0.359501507905207,0.594082816986157
STP,2018,Sao Tome and Principe,0.546105697564958,0.359360733050323,0.593372482257317
STP,2019,Sao Tome and Principe,0.54579983483221,0.358273382572292,0.593763226129959
STP,2020,Sao Tome and Principe,0.546199310088072,0.359476329790215,0.593361490148928
STP,2021,Sao Tome and Principe,0.545186608693283,0.368148776927284,0.588518915883
STP,2022,Sao Tome and Principe,0.539864659494608,0.370455617391481,0.584704521051564
STP,2023,Sao Tome and Principe,0.541800996405374,0.369562179370151,0.586119408517612
SUR,2009,Suriname,0.401046766012819,0.315454629514122,0.542796068249349
SUR,2010,Suriname,0.404133181357518,0.305207454750175,0.549462863303671
SUR,2011,Suriname,0.401978887781574,0.309000102883408,0.546489392449083
SUR,2012,Suriname,0.398581031210296,0.309517024025211,0.544532003592543
SUR,2013,Suriname,0.40085191097754,0.314427974392238,0.543211968292651
SUR,2014,Suriname,0.404046400969721,0.316250005272798,0.543898197848462
SUR,2015,Suriname,0.398878889603552,0.322527591591799,0.538175649005876
SUR,2016,Suriname,0.406545881857938,0.321595368213537,0.5424752568222
SUR,2017,Suriname,0.401973249980109,0.333086946955497,0.534443151512306
SUR,2018,Suriname,0.398258414931215,0.329484228668173,0.534387093131521
SUR,2019,Suriname,0.40111826684644,0.32525747457295,0.537930396136745
SUR,2020,Suriname,0.401002065662521,0.326108883952126,0.537446590855198
SUR,2021,Suriname,0.404050658433107,0.331541321822791,0.536254668305158
SUR,2022,Suriname,0.40365482079596,0.32951335943598,0.53707073067999
SUR,2023,Suriname,0.403676138662994,0.332489137115247,0.535593500773874
SVK,2009,Slovakia,0.362891831555609,0.510918652107612,0.425986589723999
SVK,2010,Slovakia,0.358919392366672,0.505445521407708,0.426736935479482
SVK,2011,Slovakia,0.360071326323246,0.506037890651819,0.427016717835714
SVK,2012,Slovakia,0.359023036838237,0.499440907550397,0.42979106464392
SVK,2013,Slovakia,0.358228004238708,0.504760565595741,0.426733719321484
SVK,2014,Slovakia,0.357851550617891,0.510489506882282,0.423681021867804
SVK,2015,Slovakia,0.357028774542657,0.498799617211795,0.429114578665431
SVK,2016,Slovakia,0.356817233381102,0.500812164979987,0.428002534200557
SVK,2017,Slovakia,0.359463675425573,0.49856745910107,0.430448108162252
SVK,2018,Slovakia,0.36011172762876,0.505659136865826,0.427226295381467
SVK,2019,Slovakia,0.363246000465628,0.50565325612605,0.428796372169789
SVK,2020,Slovakia,0.359050557015284,0.509914126141946,0.424568215436669
SVK,2021,Slovakia,0.3579375116894,0.504607513824086,0.426664998932657
SVK,2022,Slovakia,0.363377526478774,0.502275378038083,0.430551074220346
SVK,2023,Slovakia,0.360217081616822,0.500487850009093,0.429864615803865
SVN,2009,Slovenia,0.328671601421964,0.593789942851891,0.367440829285037
SVN,2010,Slovenia,0.327405211530253,0.615596622722294,0.35590429440398
SVN,2011,Slovenia,0.324274992260202,0.623268471600224,0.350503260329989
SVN,2012,Slovenia,0.323288398118877,0.624395003559466,0.349446697279706
SVN,2013,Slovenia,0.321542802388786,0.623388709219031,0.349077046584878
SVN,2014,Slovenia,0.316883377946366,0.63126125381372,0.342811062066323
SVN,2015,Slovenia,0.317760159519282,0.622000012142839,0.347880073688222
SVN,2016,Slovenia,0.31586399044547,0.616671881779427,0.349596054333022
SVN,2017,Slovenia,0.316206485028302,0.607322899390327,0.354441792818987
SVN,2018,Slovenia,0.315457332050774,0.601720677058535,0.35686832749612
SVN,2019,Slovenia,0.315388844374845,0.601453838598606,0.35696750288812
SVN,2020,Slovenia,0.312692634739701,0.592287117248064,0.360202758745819
SVN,2021,Slovenia,0.313499717908296,0.591165749303793,0.361166984302252
SVN,2022,Slovenia,0.315184573480264,0.589422266733188,0.362881153373538
SVN,2023,Slovenia,0.314325595066413,0.593117115577722,0.360604239744346
SWE,2009,Sweden,0.316799235747331,0.721989073387441,0.297405081179945
SWE,2010,Sweden,0.316552875547631,0.73919977086738,0.288676552340126
SWE,2011,Sweden,0.316409690298207,0.746326540356186,0.285041574971011
SWE,2012,Sweden,0.314700272787348,0.744714795504504,0.284992738641422
SWE,2013,Sweden,0.316558892487032,0.745479515471446,0.285539688507793
SWE,2014,Sweden,0.317020616789244,0.752756402490994,0.282132107149125
SWE,2015,Sweden,0.316566093922572,0.755308235121155,0.280628929400709
SWE,2016,Sweden,0.317239696995031,0.740400099908595,0.288419798543218
SWE,2017,Sweden,0.315571984170046,0.736031473088283,0.289770255540882
SWE,2018,Sweden,0.316576297489459,0.727341097026907,0.294617600231276
SWE,2019,Sweden,0.317317830227909,0.723817748342881,0.296750040942514
SWE,2020,Sweden,0.31860230526687,0.718274183292943,0.300164060986964
SWE,2021,Sweden,0.315825700709649,0.721817370977837,0.297004164865906
SWE,2022,Sweden,0.316822568053048,0.717181337302307,0.29982061537537
SWE,2023,Sweden,0.317048367502868,0.713544863787731,0.301751751857569
SWZ,2009,Swaziland,0.489520618539367,0.323237044777867,0.58314178688075
SWZ,2010,Swaziland,0.485564271640228,0.30583822844711,0.589863021596559
SWZ,2011,Swaziland,0.489874430503694,0.302251853780747,0.593811288361474
SWZ,2012,Swaziland,0.489561080796066,0.304273744077463,0.592643668359302
SWZ,2013,Swaziland,0.486514736303087,0.312939231445608,0.58678775242874
SWZ,2014,Swaziland,0.4842174612211,0.318933458614466,0.582642001303317
SWZ,2015,Swaziland,0.483298832999612,0.318393401285858,0.582452715856877
SWZ,2016,Swaziland,0.472934189312386,0.323068876715086,0.57493265629865
SWZ,2017,Swaziland,0.460535486729597,0.333579816771113,0.563477834979242
SWZ,2018,Swaziland,0.464187582649331,0.32196750007632,0.571110041286506
SWZ,2019,Swaziland,0.458208825453945,0.315611501200052,0.571298662126947
SWZ,2020,Swaziland,0.454647745470973,0.321926149124533,0.56636079817322
SWZ,2021,Swaziland,0.454552619478162,0.308118365101477,0.573217127188343
SWZ,2022,Swaziland,0.449312232538864,0.307235951883409,0.571038140327728
SWZ,2023,Swaziland,0.447638388874438,0.306077890698356,0.570780249088041
SYC,2009,Seychelles,0.449070568689775,0.419461208393493,0.514804680148141
SYC,2010,Seychelles,0.455334143132471,0.415238604475299,0.520047769328586
SYC,2011,Seychelles,0.459718738002901,0.416231935581291,0.521743401210805
SYC,2012,Seychelles,0.455831829588891,0.414149561593856,0.520841133997518
SYC,2013,Seychelles,0.461202182369447,0.424298148054461,0.518452017157493
SYC,2014,Seychelles,0.454550616744844,0.429101855584902,0.512724380579971
SYC,2015,Seychelles,0.452759943290886,0.453616642269627,0.499571650510629
SYC,2016,Seychelles,0.447612184216243,0.442523762101241,0.502544211057501
SYC,2017,Seychelles,0.434597643282396,0.461315090815892,0.486641276233252
SYC,2018,Seychelles,0.434999299281167,0.460921628070283,0.487038835605442
SYC,2019,Seychelles,0.431714580513444,0.467391169855944,0.48216170532875
SYC,2020,Seychelles,0.430736741781005,0.467264973982216,0.481735883899395
SYC,2021,Seychelles,0.434575935977504,0.47477258702901,0.479901674474247
SYC,2022,Seychelles,0.437396813004463,0.476992458081514,0.480202177461475
SYC,2023,Seychelles,0.444141275646427,0.473639130799724,0.485251072423352
SYR,2009,Syrian Arab Republic,0.439770130810936,0.319422926361608,0.560173602224664
SYR,2010,Syrian Arab Republic,0.438527502403689,0.31288347725295,0.562822012575369
SYR,2011,Syrian Arab Republic,0.438931340055983,0.289111821841038,0.574909759107473
SYR,2012,Syrian Arab Republic,0.444044932852215,0.264999677738947,0.589522627556634
SYR,2013,Syrian Arab Republic,0.458522458751007,0.263149880968529,0.597686288891239
SYR,2014,Syrian Arab Republic,0.464851121375746,0.254571536889258,0.605139792243244
SYR,2015,Syrian Arab Republic,0.4704081485239,0.247726102626748,0.611341022948576
SYR,2016,Syrian Arab Republic,0.475300282480281,0.249641763397621,0.61282925954133
SYR,2017,Syrian Arab Republic,0.472122472390953,0.232660066176953,0.619731203107
SYR,2018,Syrian Arab Republic,0.469796444975856,0.229264100614818,0.620266172180519
SYR,2019,Syrian Arab Republic,0.467012089637526,0.225522166556464,0.620744961540531
SYR,2020,Syrian Arab Republic,0.471428527060601,0.222602839749904,0.624412843655349
SYR,2021,Syrian Arab Republic,0.479574669608803,0.226641363905899,0.626466652851452
SYR,2022,Syrian Arab Republic,0.487266855724479,0.222575054333545,0.632345900695467
SYR,2023,Syrian Arab Republic,0.486357761630186,0.224077141874499,0.631140309877844
TCD,2009,Chad,0.64747135502575,0.171962160596745,0.737754597214503
TCD,2010,Chad,0.644084885267353,0.161462692879566,0.741311096193894
TCD,2011,Chad,0.650229823422627,0.163516127349918,0.743356848036355
TCD,2012,Chad,0.646582549955799,0.169121013932837,0.738730768011481
TCD,2013,Chad,0.641136184490498,0.168189415606154,0.736473384442172
TCD,2014,Chad,0.640824453104004,0.165518263969309,0.737653094567348
TCD,2015,Chad,0.647435670629029,0.170289187663542,0.738573241482744
TCD,2016,Chad,0.655204421725884,0.18402466783694,0.735589876944472
TCD,2017,Chad,0.651307465368957,0.186089389133072,0.732609038117943
TCD,2018,Chad,0.649153960782249,0.18477334978751,0.73219030549737
TCD,2019,Chad,0.64958235224246,0.187860386434111,0.730860982904175
TCD,2020,Chad,0.640172375853037,0.190668872787188,0.724751751532924
TCD,2021,Chad,0.635523495050601,0.18872812358512,0.72339768573274
TCD,2022,Chad,0.640173477539382,0.187416950526012,0.726378263506685
TCD,2023,Chad,0.639626882645707,0.186651842683275,0.726487519981216
TGO,2009,Togo,0.516676053838374,0.257744232352517,0.629465910742929
TGO,2010,Togo,0.510477975597596,0.258113868868835,0.626182053364381
TGO,2011,Togo,0.506145027775102,0.25622094649551,0.624962040639796
TGO,2012,Togo,0.505168842241433,0.255443838343305,0.624862501949064
TGO,2013,Togo,0.50974301029062,0.260274294061331,0.624734358114645
TGO,2014,Togo,0.508778619644233,0.279127263718579,0.614825677962827
TGO,2015,Togo,0.503791232907607,0.290347856446811,0.606721688230398
TGO,2016,Togo,0.505427305671321,0.310350718762656,0.597538293454333
TGO,2017,Togo,0.504458496691801,0.304722734575267,0.599867881058267
TGO,2018,Togo,0.498122048486336,0.308111083896503,0.595005482294917
TGO,2019,Togo,0.495306940192048,0.322265892243094,0.586520523974477
TGO,2020,Togo,0.498821310512824,0.347530238348502,0.575645536082161
TGO,2021,Togo,0.498718011658204,0.35324866278485,0.572734674436677
TGO,2022,Togo,0.502098426507944,0.356500128561355,0.572799148973295
TGO,2023,Togo,0.50292389421847,0.356496668581366,0.573213612818552
THA,2009,Thailand,0.433233625973356,0.407754822247561,0.512739401862898
THA,2010,Thailand,0.432643762721404,0.415497172345467,0.508573295187969
THA,2011,Thailand,0.43315776057864,0.417446541283268,0.507855609647686
THA,2012,Thailand,0.434821973977634,0.4244980890193,0.505161942479167
THA,2013,Thailand,0.43681040822551,0.435085148898327,0.500862629663592
THA,2014,Thailand,0.434622864882712,0.451171303871391,0.491725780505661
THA,2015,Thailand,0.435746265201602,0.44890056578241,0.493422849709596
THA,2016,Thailand,0.435173795677461,0.441232392815728,0.496970701430867
THA,2017,Thailand,0.436325205146463,0.444765946140141,0.495779629503161
THA,2018,Thailand,0.438095239210679,0.455636066537883,0.491229586336398
THA,2019,Thailand,0.43736761495657,0.46606492533308,0.485651344811745
THA,2020,Thailand,0.435071969016694,0.477107939675596,0.478982014670549
THA,2021,Thailand,0.43431092402032,0.479817483199175,0.477246720410573
THA,2022,Thailand,0.434458434402429,0.484251167343462,0.475103633529484
THA,2023,Thailand,0.434860553166205,0.488868029772619,0.472996261696793
TJK,2009,Tajikistan,0.396352288759749,0.261538011066908,0.56740713884642
TJK,2010,Tajikistan,0.393958607909386,0.24854378837585,0.572707409766768
TJK,2011,Tajikistan,0.402236002310681,0.258345801233743,0.571945100538469
TJK,2012,Tajikistan,0.396485877505444,0.252532884732436,0.571976496386504
TJK,2013,Tajikistan,0.392736848871124,0.25481597699645,0.568960435937337
TJK,2014,Tajikistan,0.387142929085956,0.272465796882963,0.557338566101497
TJK,2015,Tajikistan,0.386570292245911,0.278353476442729,0.554108407901591
TJK,2016,Tajikistan,0.381683306422346,0.311575660255256,0.535053823083545
TJK,2017,Tajikistan,0.361103195652859,0.311266614123639,0.52491829076461
TJK,2018,Tajikistan,0.346071372068951,0.322377545655588,0.511846913206682
TJK,2019,Tajikistan,0.343692576097024,0.326037172655184,0.50882770172092
TJK,2020,Tajikistan,0.353171580441205,0.328982762363044,0.51209440903908
TJK,2021,Tajikistan,0.355796530971016,0.331399866127141,0.512198332421938
TJK,2022,Tajikistan,0.353911014666171,0.327550417027612,0.51318029881928
TJK,2023,Tajikistan,0.356071512505237,0.33136107139123,0.512355220557003
TKM,2009,Turkmenistan,0.376559773727564,0.236218531018275,0.570170621354644
TKM,2010,Turkmenistan,0.375066161650224,0.233085924174799,0.570990118737712
TKM,2011,Turkmenistan,0.375474372573618,0.232557948668536,0.571458211952541
TKM,2012,Turkmenistan,0.374709185239927,0.240965621126864,0.566871782056531
TKM,2013,Turkmenistan,0.374288018676883,0.238748645047562,0.56776968681466
TKM,2014,Turkmenistan,0.374020565818503,0.240220390596398,0.566900087611053
TKM,2015,Turkmenistan,0.372206410124467,0.235228879377644,0.568488765373411
TKM,2016,Turkmenistan,0.371465361169527,0.227934763362609,0.571765298903459
TKM,2017,Turkmenistan,0.371545487290886,0.235191311445004,0.568177087922941
TKM,2018,Turkmenistan,0.372243896067894,0.238838423806852,0.566702736130521
TKM,2019,Turkmenistan,0.371322147600708,0.236823430305176,0.567249358647766
TKM,2020,Turkmenistan,0.372484069419212,0.236201670376376,0.568141199521418
TKM,2021,Turkmenistan,0.372539908125288,0.234309730902857,0.569115088611216
TKM,2022,Turkmenistan,0.371705803261573,0.239195882512468,0.566254960374553
TKM,2023,Turkmenistan,0.371852432946571,0.23967417465075,0.56608912914791
TLS,2009,Timor-Leste,0.578904456392346,0.325940702552525,0.626481876919911
TLS,2010,Timor-Leste,0.569714866059991,0.361147958341932,0.60428345385903
TLS,2011,Timor-Leste,0.564753106261569,0.37167892133491,0.59653709246333
TLS,2012,Timor-Leste,0.559685215661774,0.374484639004435,0.59260028832867
TLS,2013,Timor-Leste,0.554449383643991,0.377758265884297,0.588345558879847
TLS,2014,Timor-Leste,0.557810110372885,0.393076526083648,0.582366792144619
TLS,2015,Timor-Leste,0.557779401978446,0.408578429087245,0.574600486445601
TLS,2016,Timor-Leste,0.558079563654326,0.404146725471626,0.57696641909135
TLS,2017,Timor-Leste,0.547472886131673,0.392288606765756,0.577592139682959
TLS,2018,Timor-Leste,0.552181614180662,0.388667838553876,0.581756887813393
TLS,2019,Timor-Leste,0.552068765840676,0.391894383146181,0.580087191347248
TLS,2020,Timor-Leste,0.553271435414627,0.380386222570076,0.586442606422275
TLS,2021,Timor-Leste,0.552838320959212,0.38265630193077,0.585091009514221
TLS,2022,Timor-Leste,0.53882617514821,0.38346710341067,0.57767953586877
TLS,2023,Timor-Leste,0.538067793664859,0.384275169771968,0.576896311946446
TON,2009,Tonga,0.594561359943179,0.368122579662938,0.613219390140121
TON,2010,Tonga,0.620259023532857,0.393626075521304,0.613316474005777
TON,2011,Tonga,0.624251617447495,0.398693947651406,0.612778834898045
TON,2012,Tonga,0.624220316966089,0.399449923648115,0.612385196658987
TON,2013,Tonga,0.608554024778029,0.4053683445088,0.601592840134614
TON,2014,Tonga,0.620767165167049,0.414181445447016,0.603292859860017
TON,2015,Tonga,0.617722490810839,0.409150135910809,0.604286177450015
TON,2016,Tonga,0.621789703519555,0.411915995494076,0.60493685401274
TON,2017,Tonga,0.619639075729624,0.416647575070955,0.601495750329335
TON,2018,Tonga,0.618697591960269,0.421154788753011,0.598771401603629
TON,2019,Tonga,0.616909952869619,0.419163206814758,0.598873373027431
TON,2020,Tonga,0.605907116886802,0.418873134846901,0.593516991019951
TON,2021,Tonga,0.605489745322137,0.430472739919458,0.58750850270134
TON,2022,Tonga,0.606505621464734,0.442666967523065,0.581919326970835
TON,2023,Tonga,0.606592737452327,0.453548906957153,0.576521915247587
TTO,2009,Trinidad and Tobago,0.386997282646721,0.328916560331681,0.52904036115752
TTO,2010,Trinidad and Tobago,0.386446785958367,0.337923575325501,0.524261605316433
TTO,2011,Trinidad and Tobago,0.384769273589993,0.343860403389959,0.520454435100017
TTO,2012,Trinidad and Tobago,0.374573131930209,0.340190680150332,0.517191225889938
TTO,2013,Trinidad and Tobago,0.373568285613854,0.34640435693118,0.513581964341337
TTO,2014,Trinidad and Tobago,0.373036964348084,0.355328575652365,0.50885419434786
TTO,2015,Trinidad and Tobago,0.373765778801013,0.359357094655187,0.507204342072913
TTO,2016,Trinidad and Tobago,0.367920809900233,0.347377576128177,0.510271616886028
TTO,2017,Trinidad and Tobago,0.367313506615646,0.348272531835311,0.509520487390168
TTO,2018,Trinidad and Tobago,0.364700093642464,0.34063239900536,0.512033847318552
TTO,2019,Trinidad and Tobago,0.372842690728015,0.335351456919507,0.518745616904254
TTO,2020,Trinidad and Tobago,0.37457124081302,0.336460903070066,0.519055168871477
TTO,2021,Trinidad and Tobago,0.374425098592601,0.339479027208034,0.517473035692284
TTO,2022,Trinidad and Tobago,0.373851852665081,0.340050253130443,0.516900799767319
TTO,2023,Trinidad and Tobago,0.371248722441038,0.338371787094176,0.516438467673431
TUN,2009,Tunisia,0.358136196625925,0.428228062243297,0.464954067191314
TUN,2010,Tunisia,0.359041892153873,0.426015453906726,0.466513219123574
TUN,2011,Tunisia,0.360884479264614,0.428488015455515,0.466198231904549
TUN,2012,Tunisia,0.358536472747598,0.420680784803016,0.468927843972291
TUN,2013,Tunisia,0.363302552301195,0.419680260733018,0.471811145784089
TUN,2014,Tunisia,0.36576446565425,0.434206136641288,0.465779164506481
TUN,2015,Tunisia,0.368216218103645,0.42828949833787,0.469963359882888
TUN,2016,Tunisia,0.368953899119578,0.416849982734066,0.476051958192756
TUN,2017,Tunisia,0.370562528743485,0.41915902143173,0.475701753655878
TUN,2018,Tunisia,0.373476642276695,0.418321810644982,0.477577415815857
TUN,2019,Tunisia,0.374378225582761,0.426934972565204,0.473721626508779
TUN,2020,Tunisia,0.375583586595581,0.437828444914891,0.468877570840345
TUN,2021,Tunisia,0.37561529692514,0.430714519057277,0.472450388933932
TUN,2022,Tunisia,0.37751279964421,0.432208468399653,0.472652165622279
TUN,2023,Tunisia,0.379160533010825,0.427891185422689,0.475634673794068
TUR,2009,Turkey,0.386581734996844,0.406096839632406,0.490242447682219
TUR,2010,Turkey,0.38347727671225,0.414106422746229,0.484685426983011
TUR,2011,Turkey,0.381153159151695,0.417450210548007,0.481851474301844
TUR,2012,Turkey,0.379637810801334,0.424092657348167,0.477772576726584
TUR,2013,Turkey,0.380239269633949,0.438426693780553,0.470906287926698
TUR,2014,Turkey,0.380631529917248,0.455733596257502,0.462448966829873
TUR,2015,Turkey,0.380782673370426,0.454484133277752,0.463149270046337
TUR,2016,Turkey,0.379381039952158,0.435215256303727,0.472082891824216
TUR,2017,Turkey,0.379914729538473,0.450745324412857,0.464584702562808
TUR,2018,Turkey,0.379286674377349,0.452952845428484,0.463166914474433
TUR,2019,Turkey,0.378492744768531,0.468523329256527,0.454984707756002
TUR,2020,Turkey,0.37713102785373,0.478415057700023,0.449357985076854
TUR,2021,Turkey,0.375629745653325,0.481949950354976,0.446839897649175
TUR,2022,Turkey,0.374869483464347,0.480984508753273,0.446942487355537
TUR,2023,Turkey,0.374649346747413,0.480612920334457,0.447018213206478
TUV,2009,Tuvalu,0.587069090808402,0.5497094766148,0.518679807096801
TUV,2010,Tuvalu,0.579658259856929,0.540104448489256,0.519776905683837
TUV,2011,Tuvalu,0.57862815478534,0.533345432631564,0.522641361076888
TUV,2012,Tuvalu,0.572377303353218,0.504313742689573,0.534031780331823
TUV,2013,Tuvalu,0.607552027949237,0.499106535907331,0.554222746020953
TUV,2014,Tuvalu,0.592334060239166,0.541228270996815,0.525552894621176
TUV,2015,Tuvalu,0.601385088566647,0.550426723971932,0.525479182297358
TUV,2016,Tuvalu,0.588514384576121,0.564131195006558,0.512191594784782
TUV,2017,Tuvalu,0.589804347991831,0.550584568217912,0.51960988988696
TUV,2018,Tuvalu,0.581056778989055,0.571837398411,0.504609690289028
TUV,2019,Tuvalu,0.587234397437979,0.582488619358144,0.502372889039918
TUV,2020,Tuvalu,0.579601682168662,0.598872818889472,0.490364431639595
TUV,2021,Tuvalu,0.591281612803505,0.615883569271462,0.487699021766021
TUV,2022,Tuvalu,0.574500590403418,0.6235097068986,0.475495441752409
TUV,2023,Tuvalu,0.576255343788702,0.630671118316392,0.472792112736155
TZA,2009,"Tanzania, United Republic of",0.543333182478748,0.301880432059632,0.620726375209558
TZA,2010,"Tanzania, United Republic of",0.543833179275633,0.288168909939597,0.627832134668018
TZA,2011,"Tanzania, United Republic of",0.544125738933504,0.291616875597646,0.626254431667929
TZA,2012,"Tanzania, United Republic of",0.540788743021267,0.29358481032535,0.623601966347959
TZA,2013,"Tanzania, United Republic of",0.539225946477019,0.29352075358625,0.622852596445385
TZA,2014,"Tanzania, United Republic of",0.535755759687608,0.295428127323836,0.620163816181886
TZA,2015,"Tanzania, United Republic of",0.5319430679062,0.29580222787582,0.61807042001519
TZA,2016,"Tanzania, United Republic of",0.526489494097618,0.306435060011214,0.610027217043202
TZA,2017,"Tanzania, United Republic of",0.524998528476549,0.300618974815466,0.612189776830542
TZA,2018,"Tanzania, United Republic of",0.520450905471502,0.295967399153461,0.612241753159021
TZA,2019,"Tanzania, United Republic of",0.518761208581183,0.298512334831046,0.610124436875069
TZA,2020,"Tanzania, United Republic of",0.518774219877417,0.297361839058411,0.610706190409503
TZA,2021,"Tanzania, United Republic of",0.518465262051293,0.299898550779796,0.609283355635748
TZA,2022,"Tanzania, United Republic of",0.516134485970766,0.306050713895835,0.605041886037466
TZA,2023,"Tanzania, United Republic of",0.516026748253955,0.312186765871623,0.601919991191166
UGA,2009,Uganda,0.56839676495714,0.27496695503581,0.646714904960665
UGA,2010,Uganda,0.564806560383452,0.265367215787163,0.649719672298145
UGA,2011,Uganda,0.561556232257149,0.271500548620005,0.645027841818572
UGA,2012,Uganda,0.554381052633244,0.260175357028401,0.647102847802421
UGA,2013,Uganda,0.553897078327776,0.257757903964413,0.648069587181682
UGA,2014,Uganda,0.548355268806589,0.263164434251304,0.642595417277643
UGA,2015,Uganda,0.547501550629929,0.265617385052808,0.64094208278856
UGA,2016,Uganda,0.544002374206679,0.292585235484537,0.625708569361071
UGA,2017,Uganda,0.541093205618046,0.297720695546005,0.62168625503602
UGA,2018,Uganda,0.534134912333105,0.292862935249716,0.620635988541694
UGA,2019,Uganda,0.531079098504703,0.285528230829415,0.622775433837644
UGA,2020,Uganda,0.535529791665836,0.282342538391407,0.626593626637215
UGA,2021,Uganda,0.53752987294397,0.281262676257211,0.62813359834338
UGA,2022,Uganda,0.538961362643405,0.284046753867913,0.627457304387746
UGA,2023,Uganda,0.535603099478039,0.283406890810305,0.626098104333867
UKR,2009,Ukraine,0.393883550457307,0.318821620323788,0.537530965066759
UKR,2010,Ukraine,0.388312714384106,0.315299169671968,0.536506772356069
UKR,2011,Ukraine,0.385168279632309,0.318090488297713,0.533538895667298
UKR,2012,Ukraine,0.379587590051605,0.318270920149696,0.530658334950955
UKR,2013,Ukraine,0.378345409080259,0.330693242954377,0.523826083062941
UKR,2014,Ukraine,0.365971531267553,0.354373111866534,0.50579920970051
UKR,2015,Ukraine,0.365371598133894,0.36139910298117,0.501986247576362
UKR,2016,Ukraine,0.364424804088554,0.398171036076033,0.483126884006261
UKR,2017,Ukraine,0.367912802404119,0.403923749871119,0.4819945262665
UKR,2018,Ukraine,0.369664291869611,0.411542069247009,0.479061111311301
UKR,2019,Ukraine,0.369554022931565,0.42244785429727,0.473553084317148
UKR,2020,Ukraine,0.367944131949858,0.42003901891829,0.473952556515784
UKR,2021,Ukraine,0.368094532020618,0.418516852866148,0.474788839577235
UKR,2022,Ukraine,0.364919147649086,0.405460155539789,0.479729496054649
UKR,2023,Ukraine,0.365102651375417,0.414040726485196,0.475530962445111
URY,2009,Uruguay,0.405278591865369,0.428159688154542,0.488559451855414
URY,2010,Uruguay,0.399970571962881,0.43936546711913,0.480302552421876
URY,2011,Uruguay,0.39892761885332,0.440246830526058,0.479340394163631
URY,2012,Uruguay,0.398605081446857,0.459261348360898,0.46967186654298
URY,2013,Uruguay,0.395770160634446,0.475734662161611,0.460017749236418
URY,2014,Uruguay,0.394418630019933,0.4948167975031,0.449800916258417
URY,2015,Uruguay,0.393747261204814,0.489888061532083,0.451929599836365
URY,2016,Uruguay,0.391574863070466,0.484974575164037,0.453300143953215
URY,2017,Uruguay,0.390644651728059,0.485371356921145,0.452636647403457
URY,2018,Uruguay,0.383987575322915,0.489937556353052,0.447025009484932
URY,2019,Uruguay,0.375626576138855,0.490788766748051,0.442418904695402
URY,2020,Uruguay,0.371738954870943,0.496153921076414,0.437792516897265
URY,2021,Uruguay,0.373815701751837,0.507714032504228,0.433050834623805
URY,2022,Uruguay,0.373671050086178,0.511292902228115,0.431189073929032
URY,2023,Uruguay,0.374668976606713,0.506872812356967,0.433898082124873
USA,2009,United States,0.314812301493412,0.718446860227309,0.298182720633052
USA,2010,United States,0.313211872231201,0.743429494364275,0.284891188933463
USA,2011,United States,0.312287329601153,0.745158112708845,0.283564608446154
USA,2012,United States,0.311226761464513,0.749563254483205,0.280831753490654
USA,2013,United States,0.310888380097752,0.749284514438075,0.280801932829839
USA,2014,United States,0.310315196548275,0.683961449398121,0.313176873575077
USA,2015,United States,0.310548399216006,0.682307995568143,0.314120201823932
USA,2016,United States,0.310518159341771,0.669964235340476,0.320276962000647
USA,2017,United States,0.307305605698839,0.669526151250922,0.318889727223959
USA,2018,United States,0.30970265586233,0.665879301749118,0.321911677056606
USA,2019,United States,0.310248851274995,0.651692611132112,0.329278120071442
USA,2020,United States,0.311741033207543,0.645656265782608,0.333042383712467
USA,2021,United States,0.310526150336051,0.648828698481644,0.330848725927204
USA,2022,United States,0.311794137223254,0.64766602617815,0.332064055522552
USA,2023,United States,0.312019243435194,0.647312557199093,0.332353343118051
UZB,2009,Uzbekistan,0.35679411061854,0.251356721633667,0.552718694492437
UZB,2010,Uzbekistan,0.354044950989855,0.238139131986725,0.557952909501565
UZB,2011,Uzbekistan,0.354600718437807,0.236795068729912,0.558902824853948
UZB,2012,Uzbekistan,0.354392809563666,0.24644810083337,0.553972354365148
UZB,2013,Uzbekistan,0.355648560588523,0.260905012898126,0.547371773845199
UZB,2014,Uzbekistan,0.356174375103511,0.286810564981337,0.534681905061087
UZB,2015,Uzbekistan,0.353469592143548,0.292456441981059,0.530506575081245
UZB,2016,Uzbekistan,0.351275618483288,0.330012958943667,0.510631329769811
UZB,2017,Uzbekistan,0.350539693270788,0.338834827691313,0.505852432789737
UZB,2018,Uzbekistan,0.355223466760842,0.374308915792832,0.490457275484005
UZB,2019,Uzbekistan,0.355007499668333,0.381851675529305,0.486577912069514
UZB,2020,Uzbekistan,0.356543026752724,0.382932665740594,0.486805180506065
UZB,2021,Uzbekistan,0.358322584952239,0.406749170884998,0.475786707033621
UZB,2022,Uzbekistan,0.35982365840373,0.41837987189896,0.470721893252385
UZB,2023,Uzbekistan,0.358858275756943,0.427919218579603,0.46546952858867
VCT,2009,Saint Vincent and the Grenadines,0.447627233969962,0.471499950660814,0.488063641654574
VCT,2010,Saint Vincent and the Grenadines,0.454033438886634,0.480426340022412,0.486803549432111
VCT,2011,Saint Vincent and the Grenadines,0.459326233176116,0.49244306431581,0.483441584430153
VCT,2012,Saint Vincent and the Grenadines,0.448835929210925,0.491677997683176,0.478578965763875
VCT,2013,Saint Vincent and the Grenadines,0.431704693137616,0.478178476335464,0.476763108401076
VCT,2014,Saint Vincent and the Grenadines,0.431268608420102,0.487803627172859,0.471732490623622
VCT,2015,Saint Vincent and the Grenadines,0.430432936370788,0.489080939961768,0.47067599820451
VCT,2016,Saint Vincent and the Grenadines,0.42961806879958,0.478164842767712,0.475726613015934
VCT,2017,Saint Vincent and the Grenadines,0.435464314146433,0.473853011706801,0.480805651219816
VCT,2018,Saint Vincent and the Grenadines,0.430420710697176,0.477671050680501,0.476374830008338
VCT,2019,Saint Vincent and the Grenadines,0.434379113929599,0.479948883632264,0.477215115148668
VCT,2020,Saint Vincent and the Grenadines,0.438132340635135,0.490850504360628,0.473640918137254
VCT,2021,Saint Vincent and the Grenadines,0.439040958062177,0.494792570791676,0.472124193635251
VCT,2022,Saint Vincent and the Grenadines,0.432391811492754,0.503570169460046,0.464410821016354
VCT,2023,Saint Vincent and the Grenadines,0.431453491155348,0.503914022868128,0.46376973414361
VEN,2009,"Venezuela, Bolivarian Republic o",0.375616967723353,0.231902441822961,0.571857262950196
VEN,2010,"Venezuela, Bolivarian Republic o",0.373576534641939,0.216998254974375,0.578289139833782
VEN,2011,"Venezuela, Bolivarian Republic o",0.374648340939896,0.219919934295629,0.577364203322134
VEN,2012,"Venezuela, Bolivarian Republic o",0.375170331514609,0.218323739439646,0.578423296037482
VEN,2013,"Venezuela, Bolivarian Republic o",0.374711982204887,0.215721945405392,0.579495018399748
VEN,2014,"Venezuela, Bolivarian Republic o",0.37256736338896,0.205358039560216,0.583604661914372
VEN,2015,"Venezuela, Bolivarian Republic o",0.373102070786943,0.199586584433362,0.586757743176791
VEN,2016,"Venezuela, Bolivarian Republic o",0.374410149670887,0.20991637121421,0.582246889228339
VEN,2017,"Venezuela, Bolivarian Republic o",0.374687570388418,0.201393874535493,0.586646847926463
VEN,2018,"Venezuela, Bolivarian Republic o",0.375346817671126,0.18857320215535,0.593386807757888
VEN,2019,"Venezuela, Bolivarian Republic o",0.375090180323712,0.189229323346653,0.59293042848853
VEN,2020,"Venezuela, Bolivarian Republic o",0.374505975813082,0.182375806267089,0.596065084772997
VEN,2021,"Venezuela, Bolivarian Republic o",0.374025045123676,0.183713545580239,0.595155749771719
VEN,2022,"Venezuela, Bolivarian Republic o",0.373338841577569,0.190475903764446,0.591431468906562
VEN,2023,"Venezuela, Bolivarian Republic o",0.373138028439569,0.191710938827557,0.590713544806006
VNM,2009,Viet Nam,0.482091092099732,0.366474729820935,0.557808181139398
VNM,2010,Viet Nam,0.476370641029745,0.347145047165724,0.564612796932011
VNM,2011,Viet Nam,0.474494977228409,0.354344382969704,0.560075297129353
VNM,2012,Viet Nam,0.472100077820776,0.354758182454516,0.55867094768313
VNM,2013,Viet Nam,0.4687621662145,0.36394725637252,0.55240745492099
VNM,2014,Viet Nam,0.464313975972798,0.37289543585335,0.545709270059724
VNM,2015,Viet Nam,0.467266633111145,0.377618811506349,0.544823910802398
VNM,2016,Viet Nam,0.47030878230909,0.398048642984866,0.536130069662112
VNM,2017,Viet Nam,0.470672387799729,0.399955571150886,0.535358408324422
VNM,2018,Viet Nam,0.466931755500082,0.404694243151879,0.531118756174102
VNM,2019,Viet Nam,0.470492856158352,0.412722819515853,0.528885018321249
VNM,2020,Viet Nam,0.476911223787016,0.422942294616903,0.526984464585057
VNM,2021,Viet Nam,0.46763469632405,0.424979042144967,0.521327827089542
VNM,2022,Viet Nam,0.467699325212405,0.429338810572454,0.519180257319976
VNM,2023,Viet Nam,0.467810375980305,0.429317148065854,0.519246613957226
VUT,2009,Vanuatu,0.597951138169729,0.373577690037828,0.612186724065951
VUT,2010,Vanuatu,0.600381924016249,0.36238352506695,0.61899919947465
VUT,2011,Vanuatu,0.589990835004549,0.360937737944469,0.61452654853004
VUT,2012,Vanuatu,0.60081526362832,0.358838888155793,0.620988187736264
VUT,2013,Vanuatu,0.606911388292021,0.361383352685156,0.622764017803433
VUT,2014,Vanuatu,0.597800755595714,0.370781240886134,0.61350975735479
VUT,2015,Vanuatu,0.596411373982685,0.353380682745217,0.621515345618734
VUT,2016,Vanuatu,0.581457598563506,0.36334971523682,0.609053941663343
VUT,2017,Vanuatu,0.585403363801086,0.376375748876232,0.604513807462427
VUT,2018,Vanuatu,0.584332525332211,0.369523948835901,0.607404288248155
VUT,2019,Vanuatu,0.580483843741016,0.366518410142642,0.606982716799187
VUT,2020,Vanuatu,0.551030620181952,0.365321602496115,0.592854508842919
VUT,2021,Vanuatu,0.559032012110377,0.376866796695586,0.591082607707396
VUT,2022,Vanuatu,0.558145943266205,0.376206823438162,0.590969559914022
VUT,2023,Vanuatu,0.563053414056388,0.372611604434162,0.595220904811113
WSM,2009,Samoa,0.497849349494801,0.374735166902962,0.56155709129592
WSM,2010,Samoa,0.498937980057668,0.391525415633108,0.55370628221228
WSM,2011,Samoa,0.507748228418192,0.403365680871956,0.552191273773118
WSM,2012,Samoa,0.493575872077625,0.406950294449759,0.543312788813933
WSM,2013,Samoa,0.51200531846839,0.413589228676606,0.549208044895892
WSM,2014,Samoa,0.500602405610053,0.429442503733128,0.535579950938462
WSM,2015,Samoa,0.502501941122815,0.429178470285755,0.53666173541853
WSM,2016,Samoa,0.50732788914515,0.426757282824466,0.540285303160342
WSM,2017,Samoa,0.498362483979893,0.43607437668439,0.531144053647752
WSM,2018,Samoa,0.488342397421761,0.432638165302369,0.527852116059696
WSM,2019,Samoa,0.488084481190999,0.434463332182695,0.526810574504152
WSM,2020,Samoa,0.488683518957759,0.431968706034575,0.528357406461592
WSM,2021,Samoa,0.492083987133876,0.427651195861386,0.532216395636245
WSM,2022,Samoa,0.513675104169268,0.43022824891933,0.541723427624969
WSM,2023,Samoa,0.513291206755282,0.430634645201257,0.541328280777012
YEM,2009,Yemen,0.516988300165212,0.296745163075628,0.610121568544792
YEM,2010,Yemen,0.515790305996504,0.298342843152086,0.608723731422209
YEM,2011,Yemen,0.514993221516355,0.288498945547741,0.613247137984307
YEM,2012,Yemen,0.518744139364548,0.298559524690165,0.610092307337192
YEM,2013,Yemen,0.514062601523573,0.280186104023355,0.616938248750109
YEM,2014,Yemen,0.52518380455782,0.277046220823405,0.624068791867208
YEM,2015,Yemen,0.52805840529864,0.266220003060173,0.630919201119234
YEM,2016,Yemen,0.543883888935742,0.256300444133773,0.643791722400985
YEM,2017,Yemen,0.520663640694321,0.251599312933439,0.634532163880441
YEM,2018,Yemen,0.527166727533479,0.244169121659742,0.641498802936869
YEM,2019,Yemen,0.524701750960728,0.24263169104481,0.641035029957959
YEM,2020,Yemen,0.528346463425989,0.241169884115933,0.643588289655028
YEM,2021,Yemen,0.527295610049665,0.238716635716402,0.644289487166632
YEM,2022,Yemen,0.536760354991548,0.241498119775084,0.647631117608232
YEM,2023,Yemen,0.534145476899263,0.24209547307575,0.646025001911757
ZAF,2009,South Africa,0.407433895857732,0.361562617582429,0.522935639137652
ZAF,2010,South Africa,0.406422016520693,0.351178441515828,0.527621787502433
ZAF,2011,South Africa,0.403822905231616,0.350324495655504,0.526749204788056
ZAF,2012,South Africa,0.401159295880016,0.35087469605706,0.525142299911478
ZAF,2013,South Africa,0.401917599563915,0.364064346926022,0.518926626318947
ZAF,2014,South Africa,0.39935232071188,0.371119260244869,0.514116530233506
ZAF,2015,South Africa,0.398014539067049,0.362667723069699,0.517673407998675
ZAF,2016,South Africa,0.396398148237373,0.381578751185942,0.507409698525716
ZAF,2017,South Africa,0.395716292250498,0.364199682638747,0.515758304805876
ZAF,2018,South Africa,0.397539192450871,0.358256409241192,0.519641391604839
ZAF,2019,South Africa,0.397174617695005,0.358329622739167,0.519422497477919
ZAF,2020,South Africa,0.396480621339519,0.355510249458361,0.520485185940579
ZAF,2021,South Africa,0.396159191866837,0.36100405390719,0.517577568979824
ZAF,2022,South Africa,0.395066723036513,0.355481552552048,0.519792585242232
ZAF,2023,South Africa,0.394647749939191,0.356825777743611,0.51891098609779
ZMB,2009,Zambia,0.505694513208793,0.311440553482191,0.597126979863301
ZMB,2010,Zambia,0.505610460469804,0.304205016920261,0.600702721774772
ZMB,2011,Zambia,0.502867877480326,0.311530816629089,0.595668530425619
ZMB,2012,Zambia,0.501552544274584,0.317825743228731,0.591863400522926
ZMB,2013,Zambia,0.499443430290279,0.318183725074954,0.590629852607663
ZMB,2014,Zambia,0.497722413226082,0.330020172970233,0.583851120127925
ZMB,2015,Zambia,0.497209141369562,0.31824958968436,0.589479775842601
ZMB,2016,Zambia,0.496988109886863,0.333313337203223,0.58183738634182
ZMB,2017,Zambia,0.495387105042532,0.331971720985401,0.581707692028566
ZMB,2018,Zambia,0.494953510406787,0.332568923147238,0.581192293629775
ZMB,2019,Zambia,0.489835319244313,0.324927159321258,0.582454079961528
ZMB,2020,Zambia,0.488454398332421,0.318957296234808,0.584748551048807
ZMB,2021,Zambia,0.488155859866661,0.325279358970145,0.581438250448258
ZMB,2022,Zambia,0.486409004727241,0.333745948604202,0.57633152806152
ZMB,2023,Zambia,0.484581650335907,0.33537516889059,0.574603240722659
ZWE,2009,Zimbabwe,0.514264430729419,0.170596839927773,0.671833795400823
ZWE,2010,Zimbabwe,0.518763969698638,0.161775822565092,0.678494073566773
ZWE,2011,Zimbabwe,0.511557169282433,0.160166714500429,0.675695227391002
ZWE,2012,Zimbabwe,0.506888747253479,0.17076386631953,0.668062440466975
ZWE,2013,Zimbabwe,0.510694715857151,0.175939399946553,0.667377657955299
ZWE,2014,Zimbabwe,0.512113336816543,0.182266632399674,0.664923352208435
ZWE,2015,Zimbabwe,0.516161147136235,0.192495251832617,0.661832947651809
ZWE,2016,Zimbabwe,0.519079573666197,0.207625604166646,0.655726984749776
ZWE,2017,Zimbabwe,0.518045813144562,0.209452793056612,0.654296510043975
ZWE,2018,Zimbabwe,0.513800278705801,0.213752035877676,0.650024121414063
ZWE,2019,Zimbabwe,0.505822383876541,0.21051899178164,0.647651696047451
ZWE,2020,Zimbabwe,0.507918458404159,0.212764560795671,0.647576948804244
ZWE,2021,Zimbabwe,0.505453254341861,0.218632068822908,0.643410592759476
ZWE,2022,Zimbabwe,0.502217314006228,0.220149370415239,0.641033971795495
ZWE,2023,Zimbabwe,0.498238873860639,0.220661284121452,0.638788794869594
