year,species_group,import_volume_kg,import_value_usd,export_volume_kg,export_value_usd,domestic_kg,domestic_value_usd,domestic_available_kg,domestic_available_value,import_dependence_volume,import_dependence_value,import_dependence_volume_simple,self_reliance_volume,supplier_hhi_volume,supplier_hhi_value,n_suppliers,weighted_ndgain_vulnerability_volume_raw,weighted_ndgain_vulnerability_value_raw,weighted_ndgain_combined_vuln_readiness_volume_raw,weighted_ndgain_combined_vuln_readiness_value_raw,share_with_ndgain_vulnerability,share_with_ndgain_vulnerability_value,share_with_ndgain_combined_vuln_readiness,share_with_ndgain_combined_vuln_readiness_value,weighted_ndgain_vulnerability_volume,weighted_ndgain_vulnerability_value,weighted_ndgain_combined_vuln_readiness_volume,weighted_ndgain_combined_vuln_readiness_value,exporter_metric_primary,exporter_metric_secondary,weighted_exporter_risk_volume,weighted_exporter_risk_value,share_with_exporter_risk,share_with_exporter_risk_value,weighted_secondary_exporter_risk_volume,weighted_secondary_exporter_risk_value,share_with_secondary_exporter_risk,share_with_secondary_exporter_risk_value,import_dependence_norm,concentration_norm,exporter_risk_norm,secondary_exporter_risk_norm,seafood_dependency_risk_index,seafood_dependency_risk_index_secondary
2009,catfish_other,8825898,34189235,525322,3626673,3562780.27910882,4251497,3037458.27910882,624824,0.743962989254758,0.982052538027812,0.71241643387279,0.256037010745242,0.790346766736559,0.788820177761215,10,0.399302530989931,0.398872644358307,0.443276337785285,0.442734064862245,1,1,1,1,0.399302530989931,0.398872644358307,0.443276337785285,0.442734064862245,ndgain_combined_vuln_readiness,ndgain_vulnerability,0.443276337785285,0.442734064862245,1,1,0.399302530989931,0.398872644358307,1,1,0.743962989254758,0.768554298412416,0.600990659772481,0.629413838363671,0.700429673202246,0.711302046004754
2009,clams,17336500,58350697,5648280,53754903,41684830.3601884,183564916,36036550.3601884,129810013,0.324817485285261,0.310110952493749,0.293732789386496,0.675182514714739,0.253866535885342,0.225996888319659,28,0.393133807090449,0.370156489921791,0.435233966045541,0.405715204135187,1,1,1,1,0.393133807090449,0.370156489921791,0.435233966045541,0.405715204135188,ndgain_combined_vuln_readiness,ndgain_vulnerability,0.435233966045541,0.405715204135188,1,1,0.393133807090449,0.370156489921791,1,1,0.324817485285261,0.176309468774097,0.572952387937801,0.599957811857976,0.320143378285949,0.325096217413657
2009,cod,46135942,269622342,79809512,237212224,231975549.888502,124022421,152166037.888502,0,0.232654974125526,1,0.165890095683268,0.767345025874474,0.444156797884249,0.384305187579022,30,0.364526864955225,0.357391799769299,0.39671372849646,0.387228852677367,0.994845233679199,0.993858361337133,0.994845233679199,0.993858361337133,0.36641565201766,0.359600335090471,0.398769291007515,0.389621768796502,ndgain_combined_vuln_readiness,ndgain_vulnerability,0.398769291007515,0.389621768796502,0.994845233679199,0.993858361337133,0.36641565201766,0.359600335090471,0.994845233679199,0.993858361337133,0.232654974125526,0.386379509231241,0.445824905627212,0.472377019325919,0.342213326854329,0.348876510664191
2009,crab,112812298,1169547256,18460049,165931810,161321973.418631,507825266,142861924.418631,341893456,0.441234540317818,0.773796316795257,0.411522052373102,0.558765459682182,0.268293291061663,0.193696788705835,44,0.342811067399198,0.360304468079828,0.383037385592952,0.406279260949786,0.993677870120153,0.995520931733946,0.993677870120153,0.995520931733946,0.344992152595434,0.361925557358466,0.385474404845743,0.408107200962767,ndgain_combined_vuln_readiness,ndgain_vulnerability,0.385474404845743,0.408107200962767,0.993677870120153,0.995520931733946,0.344992152595434,0.361925557358466,0.993677870120153,0.995520931733946,0.441234540317818,0.192235817351894,0.399474693988431,0.370078525000567,0.323591939087125,0.315451476907875
2009,crawfish_freshwater,7343665,71911930,68125,224300,0,0,0,0,1,1,1,0,0.777619550369172,0.764178632830034,6,0.391666277447407,0.391598895971784,0.437543406555936,0.437614938236677,1,1,1,1,0.391666277447407,0.391598895971784,0.437543406555936,0.437614938236677,ndgain_combined_vuln_readiness,ndgain_vulnerability,0.437543406555936,0.437614938236677,1,1,0.391666277447407,0.391598895971784,1,1,1,0.754504147715691,0.581003833818681,0.592950269817236,0.759650001847147,0.764821287923007
2009,eel_sturgeon_shad,777185,6599385,2031280,3824320,1824366.6558348,6638634,0,2814314,1,0.70104057926645,0.298739023019942,0,0.426831132108172,0.53142446304674,12,0.360481741870508,0.362590968181868,0.398190917870269,0.395401704780708,0.889480625591075,0.916765274339958,0.889480625591075,0.916765274339958,0.405272168385862,0.395511237533426,0.447666769139198,0.431300918400716,ndgain_combined_vuln_readiness,ndgain_vulnerability,0.447666769139198,0.431300918400716,0.889480625591075,0.916765274339958,0.405272168385862,0.395511237533426,0.889480625591075,0.916765274339958,1,0.367252921920388,0.616297103164569,0.657919214877394,0.609422468617862,0.622843987921593
2009,flatfish,26417668,128687373,100451150,128163243,256898507.430289,131510392,156447357.430289,3347149,0.144465394286514,0.974649440545557,0.0932444748693857,0.855534605713486,0.478885165881086,0.365151859857232,35,0.371402994904863,0.358743663061721,0.411316929912639,0.393792485421427,0.993632670378022,0.990587926602558,0.993632670378022,0.990587926602558,0.373782994437537,0.362152266777682,0.413952703221963,0.397534105601333,ndgain_combined_vuln_readiness,ndgain_vulnerability,0.413952703221963,0.397534105601333,0.993632670378022,0.990587926602558,0.373782994437537,0.362152266777682,0.993632670378022,0.990587926602558,0.144465394286514,0.424717727874023,0.49875912115755,0.507556521137415,0.31278915661947,0.31461750022329
2009,halibut,5524593,58275361,8418706,79352894,30603673.0873335,139973376,22184967.0873335,60620482,0.199374980425091,0.490137918446821,0.152916084780966,0.800625019574909,0.522501935976834,0.565483871609318,11,0.315396731292452,0.310203855792411,0.339308208326719,0.332391932293801,1,1,1,1,0.315396731292452,0.310203855792411,0.339308208326719,0.332391932293801,ndgain_combined_vuln_readiness,ndgain_vulnerability,0.339308208326719,0.332391932293801,1,1,0.315396731292452,0.310203855792411,1,1,0.199374980425091,0.472868256242502,0.238524614899584,0.228758613694264,0.282259135645602,0.278353118658032
2009,herring,19545637,69267680,56467005,78261054,143670203.172635,51663980,87203198.1726346,0,0.183099300038176,1,0.119753309356043,0.816900699961824,0.414086560305443,0.228262894482152,33,0.298577655893758,0.310280199825773,0.319421644495442,0.327320888424829,1,1,1,1,0.298577655893758,0.310280199825773,0.319421644495442,0.32732088842483,ndgain_combined_vuln_readiness,ndgain_vulnerability,0.319421644495442,0.32732088842483,1,1,0.298577655893758,0.310280199825773,1,1,0.183099300038176,0.35318361177238,0.169193713443788,0.148446520169244,0.222002134427745,0.212529432717726
2009,inland_freshwater_other,8624813,68651420,0,0,4032552.74253909,5664993,4032552.74253909,5664993,0.681406635111569,0.92377198022192,0.681406635111569,0.318593364888431,0.498865839751618,0.616868151359626,24,0.323828217136408,0.310919788753554,0.360800799287902,0.342407967456658,0.991400972983415,0.997248068576003,0.991400972983415,0.997248068576003,0.326636977329077,0.311777779823153,0.363930245299384,0.343352850956724,ndgain_combined_vuln_readiness,ndgain_vulnerability,0.363930245299384,0.343352850956724,0.991400972983415,0.997248068576003,0.326636977329077,0.311777779823153,0.991400972983415,0.997248068576003,0.681406635111569,0.446775298893437,0.324364885419723,0.282431462500668,0.46221402058688,0.441370052452698
2009,large_pelagics_other,17633086,102244042,1226144,5665551,1998215.91066944,8286956,772071.91066944,2621405,0.958051329175401,0.975002204491628,0.898212766541814,0.0419486708245991,0.240139940227002,0.252139446482298,20,0.369502480846612,0.375051321913715,0.457319679820827,0.464503919637254,0.821472486438278,0.830135647415035,0.821472486438278,0.830135647415035,0.449805059751535,0.451795225372612,0.556707238977246,0.5595518287688,ndgain_combined_vuln_readiness,ndgain_vulnerability,0.556707238977246,0.5595518287688,0.821472486438278,0.830135647415035,0.449805059751535,0.451795225372612,0.821472486438278,0.830135647415035,0.958051329175401,0.161156058005747,0.99644694368883,0.870566441405506,0.5358335028693,0.512246632215133
2009,lobster,45045149,786862160,24995597,335831266,47592234.1357509,329241272,22596637.1357509,0,0.665936717129238,1,0.486252390506226,0.334063282870762,0.607690565457385,0.540267947483138,40,0.312351540740966,0.31708572344665,0.343552236410177,0.350289360638812,0.994997951943727,0.994109338031963,0.994997951943727,0.994109338031963,0.313921792633631,0.318964636298845,0.345279340263011,0.352365023883872,ndgain_combined_vuln_readiness,ndgain_vulnerability,0.345279340263011,0.352365023883872,0.994997951943727,0.994109338031963,0.313921792633631,0.318964636298845,0.994997951943727,0.994109338031963,0.665936717129238,0.566911843410252,0.259341884457411,0.221715693158924,0.460900363898994,0.437436456519564
2009,mackerel,18555478,50493942,44217828,55431263,105183563.255619,56524116,60965735.2556193,1092853,0.233339976093597,0.9788152568889,0.149956536043206,0.766660023906404,0.117614452233147,0.112344393880014,39,0.363079900841793,0.368841882581178,0.402730716629739,0.40321275279859,0.953864352079747,0.978431947341327,0.953864352079747,0.978431947341327,0.380641020969236,0.376972444106536,0.42220963153896,0.412100968181008,ndgain_combined_vuln_readiness,ndgain_vulnerability,0.42220963153896,0.412100968181008,0.953864352079747,0.978431947341327,0.380641020969236,0.376972444106536,0.953864352079747,0.978431947341327,0.233339976093597,0.025894621348266,0.527545405622288,0.540304009043534,0.147170077865579,0.148347068275695
2009,misc_marine_fish_other,0,0,0,0,24913051.5380185,34242377,24913051.5380185,34242377,0,0,0,1,,,,,,,,,,,,,,,,,,,,,,,,,,0,,,,,
2009,mussels,25883015,72806516,677313,2631371,2050263.82075746,7192393,1372950.82075746,4561022,0.949627511650611,0.941047342103609,0.926601390623936,0.0503724883493893,0.35980043477989,0.373245412816324,14,0.306490825172945,0.306689275034832,0.313201065003722,0.308772367634472,0.999926592786814,0.999794427740506,0.999926592786814,0.999794427740506,0.306513325461972,0.306752334805403,0.313224057908916,0.308835855719145,ndgain_combined_vuln_readiness,ndgain_vulnerability,0.313224057908916,0.308835855719145,0.999926592786814,0.999794427740506,0.306513325461972,0.306752334805403,0.999926592786814,0.999794427740506,0.949627511650611,0.293254698618221,0.147586950780326,0.18633981819177,0.345103006211311,0.372993541199195
2009,other_groundfish,57974642,218477573,52766222,104324495,175180934.901289,89337586,122414712.901289,0,0.321386159575349,1,0.248652177959889,0.678613840424651,0.281608088852949,0.209985002437275,33,0.321819268695646,0.331430061047051,0.34360234480574,0.345334034626513,0.996215414318557,0.995998152176471,0.996215414318557,0.995998152176471,0.323041848249037,0.332761722823285,0.344907677463288,0.346721561552985,ndgain_combined_vuln_readiness,ndgain_vulnerability,0.344907677463288,0.346721561552985,0.996215414318557,0.995998152176471,0.323041848249037,0.332761722823285,0.996215414318557,0.995998152176471,0.321386159575349,0.206934625800171,0.258046149449543,0.265264505574301,0.257940323198664,0.260323370945026
2009,other_shellfish_specialty,5295321,34733968,1020214,17424241,1283214.62909948,7536724,263000.62909948,0,0.952683445354693,1,0.804939168616293,0.0473165546453075,0.571724313554299,0.271301774655578,23,0.383007176540476,0.358242456581651,0.425143335464777,0.400285253930435,0.957427321214332,0.919382058508259,0.957427321214332,0.919382058508259,0.400037859849975,0.389655696743654,0.444047632697128,0.435385104838697,ndgain_combined_vuln_readiness,ndgain_vulnerability,0.444047632697128,0.435385104838697,0.957427321214332,0.919382058508259,0.400037859849975,0.389655696743654,0.957427321214332,0.919382058508259,0.952683445354693,0.527207068646651,0.603679639727995,0.632925077761771,0.671808442540211,0.682486474440673
2009,oysters,9302812,47675848,2911581,19558055,14812888.4627947,124355383,11901307.4627947,104797328,0.438726635940858,0.312683510967201,0.385757486677702,0.561273364059142,0.299574531478695,0.311100130003098,10,0.361885660926881,0.362618606842564,0.375506818533069,0.37586674638967,0.991908145623065,0.99218495285076,0.991908145623065,0.99218495285076,0.364837875889771,0.365474809712325,0.378570153083273,0.378827299597443,ndgain_combined_vuln_readiness,ndgain_vulnerability,0.378570153083273,0.378827299597443,0.991908145623065,0.99218495285076,0.364837875889771,0.365474809712325,0.991908145623065,0.99218495285076,0.438726635940858,0.226768595702861,0.375404271233094,0.464843043709498,0.334265874049033,0.358944869016744
2009,pangasius_basa_swai,49859616,159621049,0,0,0,0,0,0,1,1,1,0,0.620340577588185,0.599742277662556,10,0.472760078467266,0.471499563190181,0.54819101121582,0.546327868751155,1,1,1,1,0.472760078467266,0.471499563190181,0.54819101121582,0.546327868751155,ndgain_combined_vuln_readiness,ndgain_vulnerability,0.54819101121582,0.546327868751155,1,1,0.472760078467266,0.471499563190181,1,1,1,0.580876764852821,0.966756658694803,0.980178032189476,0.825024905426312,0.828825281768722
2009,pollock,84595415,236151691,168104671,574778920,855364289.249025,264323460,687259618.249025,0,0.109600133905853,1,0.0899989804005343,0.890399866094147,0.881989350738137,0.848753052171643,15,0.392180732643481,0.391141379897398,0.431253898441791,0.4300288687402,0.99998585029697,0.999977548329307,0.99998585029697,0.999977548329307,0.392186281962904,0.391150161872024,0.431260000642729,0.430038523823523,ndgain_combined_vuln_readiness,ndgain_vulnerability,0.431260000642729,0.430038523823523,0.99998585029697,0.999977548329307,0.392186281962904,0.391150161872024,0.99998585029697,0.999977548329307,0.109600133905853,0.86972269834304,0.559097877622763,0.595433322558962,0.376322262410127,0.384304091608224
2009,reef_fish_other,1563646,8735427,151269,604064,13703632.4042911,44999456,13552363.4042911,44395392,0.103443042285758,0.164413558164801,0.102418123164671,0.896556957714242,0.201298686622821,0.218333340378048,18,0.255654387446487,0.292343767487357,0.293179827124288,0.344176294125591,0.804546553375892,0.885498671101023,0.804546553375892,0.885498671101023,0.317762081477767,0.330145913289581,0.364403807205561,0.388680757360872,ndgain_combined_vuln_readiness,ndgain_vulnerability,0.364403807205561,0.388680757360872,0.804546553375892,0.885498671101023,0.317762081477767,0.330145913289581,0.804546553375892,0.885498671101023,0.103443042285758,0.118277438625406,0.326015873198657,0.240053302658986,0.158591770358519,0.143208993921788
2009,sablefish,124123,1450153,9734101,92439538,20402256.8553165,122024951,10668155.8553165,29585413,0.0115010927408399,0.0467255212938601,0.00604699907508782,0.98849890725916,1,1,1,0.284199541231579,0.284199541231579,0.300956381254212,0.300956381254212,1,1,1,1,0.284199541231579,0.284199541231579,0.300956381254212,0.300956381254212,ndgain_combined_vuln_readiness,ndgain_vulnerability,0.300956381254212,0.300956381254212,1,1,0.284199541231579,0.284199541231579,1,1,0.0115010927408399,1,0.104817918962915,0.0797901605246447,0.106428566552322,0.0971768494432
2009,salmon,241898507,1681713144,184063919,745648846,320247403.79736,413651228,136183484.79736,0,0.639804360556929,1,0.430312668568354,0.360195639443072,0.211133225629763,0.220159140113267,31,0.306163359893291,0.306026779855512,0.340565073518133,0.341549604049137,0.955797139334969,0.964512536390095,0.955797139334969,0.964512536390095,0.320322532149777,0.317286471983958,0.356315225796861,0.354116293114721,ndgain_combined_vuln_readiness,ndgain_vulnerability,0.356315225796861,0.354116293114721,0.955797139334969,0.964512536390095,0.320322532149777,0.317286471983958,0.955797139334969,0.964512536390095,0.639804360556929,0.129134231744317,0.29781649972611,0.252279608146185,0.290856726036968,0.275205373137535
2009,scallops,25519794,233038548,11875773,165981209,26378525.4780848,377628987,14502752.4780848,211647778,0.63763543916362,0.524051526603496,0.491726789164653,0.36236456083638,0.253525782789649,0.258665940846503,20,0.379408016826041,0.364917589265276,0.414525779743624,0.378935741567975,0.999105909710713,0.997546457421285,0.999105909710713,0.997546457421285,0.379747545418781,0.365815132268235,0.414896734885342,0.379867763299512,ndgain_combined_vuln_readiness,ndgain_vulnerability,0.414896734885342,0.379867763299512,0.999105909710713,0.997546457421285,0.379747545418781,0.365815132268235,0.999105909710713,0.997546457421285,0.63763543916362,0.175933295995489,0.502050316498293,0.536037609716015,0.383315084532841,0.391776680848078
2009,sea_cucumber_urchin_other_inverts,1756585,5044547,996678,33329400,7002318.6041039,14437478,6005640.6041039,0,0.226299142744742,1,0.200548502346455,0.773700857255258,0.926854397039129,0.572689858287246,5,0.288081165965257,0.313784772337091,0.306711213895689,0.344828185758291,1,1,1,1,0.288081165965257,0.313784772337091,0.306711213895689,0.344828185758291,ndgain_combined_vuln_readiness,ndgain_vulnerability,0.306711213895689,0.344828185758291,1,1,0.288081165965257,0.313784772337091,1,1,0.226299142744742,0.919251255361976,0.124881100221677,0.0983251513758286,0.296167876997009,0.273481060105265
2009,sharks_rays_skates,451818,2991646,2775556,12984637,36520291.1383002,16008397,33744735.1383002,3023760,0.0132123842474043,0.497330687238733,0.0122205092035702,0.986787615752596,0.193396271838804,0.204098396626334,13,0.359131410169939,0.31873146182973,0.407688830701631,0.356832114037647,0.931903996742051,0.696100741865849,0.931903996742051,0.696100741865849,0.385373827588965,0.457881227041065,0.437479431493927,0.512615620953346,ndgain_combined_vuln_readiness,ndgain_vulnerability,0.437479431493927,0.512615620953346,0.931903996742051,0.696100741865849,0.385373827588965,0.457881227041065,0.931903996742051,0.696100741865849,0.0132123842474043,0.109553604962298,0.580780796356936,0.562903444438719,0.0943785655219774,0.0934000821504562
2009,shrimp,552200263,3778059603,5866996,53569640,139136722.521139,376511595,133269726.521139,322941955,0.80557905005551,0.921252906044373,0.798742544612659,0.19442094994449,0.171557810594563,0.17892825588876,50,0.444179055748591,0.446072245299981,0.517977054485698,0.517060313455432,0.997524267749217,0.998199243602563,0.997524267749217,0.998199243602563,0.445281453403457,0.446876961847896,0.519262609675096,0.517993092831176,ndgain_combined_vuln_readiness,ndgain_vulnerability,0.519262609675096,0.517993092831176,0.997524267749217,0.998199243602563,0.445281453403457,0.446876961847896,0.997524267749217,0.998199243602563,0.80557905005551,0.0854451383024239,0.865903028398991,0.848965949851409,0.39062040533436,0.388056769695927
2009,small_pelagics_other,43936745,122618234,94174008,72603203,785901874.919093,114197421,691727866.919093,41594218,0.0597238799965983,0.746704847936867,0.0529461318687285,0.940276120003402,0.144843426669584,0.122359741153368,49,0.370169725375233,0.366584169080823,0.435576149275671,0.441781562013281,0.999644739272334,0.999434195080643,0.999644739272334,0.999434195080643,0.370301278877022,0.366791701629984,0.4357309473691,0.442031665704248,ndgain_combined_vuln_readiness,ndgain_vulnerability,0.4357309473691,0.442031665704248,0.999644739272334,0.999434195080643,0.370301278877022,0.366791701629984,0.999644739272334,0.999434195080643,0.0597238799965983,0.0559539197137385,0.574685023271958,0.490931120567221,0.124299525160424,0.11794142324427
2009,snapper_grouper,17722654,89021387,0,0,8374480.8825909,49615029,8374480.8825909,49615029,0.67910343720615,0.642121237467651,0.67910343720615,0.32089656279385,0.173793839227397,0.18080721282986,33,0.412327250442996,0.410819949927566,0.500151588114852,0.497056358517692,1,1,1,1,0.412327250442996,0.410819949927566,0.500151588114852,0.497056358517692,ndgain_combined_vuln_readiness,ndgain_vulnerability,0.500151588114852,0.497056358517692,1,1,0.412327250442996,0.410819949927566,1,1,0.67910343720615,0.087913591603337,0.799275914546924,0.691607654733204,0.362712808872224,0.34563462890983
2009,squid_octopus,73165967,228010079,97168070,133150958,110340711.189838,81113365,13172641.1898384,0,0.847430466323075,1,0.398710105385427,0.152569533676925,0.188856996318218,0.191710477235933,37,0.373393512400532,0.377874839567248,0.415499596626739,0.42172471573062,0.896143503440609,0.907976686416569,0.896143503440609,0.907976686416569,0.416667097364366,0.416172403124768,0.46365296967672,0.464466458268883,ndgain_combined_vuln_readiness,ndgain_vulnerability,0.46365296967672,0.464466458268883,0.896143503440609,0.907976686416569,0.416667097364366,0.416172403124768,0.896143503440609,0.907976686416569,0.847430466323075,0.104542493083851,0.672030094722235,0.712330684006287,0.390476782455769,0.398131181579192
2009,swordfish,7272140,55853147,230551,1592755,4054144.19294346,19526708,3823593.19294346,17933953,0.655399681440146,0.756950022429395,0.642058761383607,0.344600318559854,0.115021765105378,0.133066099382623,29,0.393660444016059,0.384502973059447,0.447232240065909,0.432333941110923,0.998537981942042,0.999048039316388,0.998537981942042,0.999048039316388,0.394236825373867,0.384869353552356,0.447887059034142,0.432745898191996,ndgain_combined_vuln_readiness,ndgain_vulnerability,0.447887059034142,0.432745898191996,0.998537981942042,0.999048039316388,0.394236825373867,0.384869353552356,0.998537981942042,0.999048039316388,0.655399681440146,0.0230324365780003,0.61706510396791,0.605224790299883,0.210406441938867,0.209051974030073
2009,tilapia,183294841,696085981,2811912,9711872,57017.92168611,70701,0,0,1,1,0.99968902457809,0,0.521420361507742,0.371745836612183,23,0.374861055762343,0.396610582951307,0.422373585957053,0.4545102184746,0.914236271385292,0.945771819817759,0.914236271385292,0.945771819817759,0.410026453221262,0.419351237413407,0.461996093544892,0.480570692582255,ndgain_combined_vuln_readiness,ndgain_vulnerability,0.461996093544892,0.480570692582255,0.914236271385292,0.945771819817759,0.410026453221262,0.419351237413407,0.914236271385292,0.945771819817759,1,0.47167425719025,0.666253696305956,0.680621210040273,0.67987217703034,0.684724526435077
2009,toothfish,18919650,146211297,92511,518860,0,0,0,0,1,1,1,0,0.185501369453455,0.164367499345104,22,0.306339193613282,0.303647715285442,0.344544568606736,0.344204074117578,0.878655736231907,0.87005057481981,0.878655736231907,0.87005057481981,0.348645300976478,0.349000074332837,0.392126921158345,0.395613868985562,ndgain_combined_vuln_readiness,ndgain_vulnerability,0.392126921158345,0.395613868985562,0.878655736231907,0.87005057481981,0.348645300976478,0.349000074332837,0.878655736231907,0.87005057481981,1,0.100838064576395,0.422667486710956,0.387522527568149,0.349307395825784,0.339344242570791
2009,trout,5449551,32345281,438461,2040894,825064.10937335,1819804,386603.10937335,0,0.93375721371846,1,0.868507614412743,0.0662427862815399,0.276425173680058,0.319930138223729,22,0.342193550217573,0.338967356148823,0.40301354678098,0.395817691150175,0.996466864884832,0.996522645760907,0.996466864884832,0.996522645760907,0.343406853028798,0.340150178815054,0.404442496768379,0.397198892402434,ndgain_combined_vuln_readiness,ndgain_vulnerability,0.404442496768379,0.397198892402434,0.996466864884832,0.996522645760907,0.343406853028798,0.340150178815054,0.996466864884832,0.996522645760907,0.93375721371846,0.201212970952371,0.465603509557083,0.362508624513008,0.443917292406777,0.408384667992646
2009,tuna,276601165,1150798523,20237812,65167847,22000142.1192561,95072484,1762330.11925607,29904637,0.993668961088087,0.97467218009309,0.926322686489548,0.00633103891191289,0.205578942948713,0.164113795551169,68,0.449153773561532,0.450175859362223,0.528677929945584,0.528466683920431,0.996709504097714,0.995306191403584,0.996709504097714,0.995306191403584,0.450636591419017,0.452298863656603,0.530423285593306,0.530958903385485,ndgain_combined_vuln_readiness,ndgain_vulnerability,0.530423285593306,0.530958903385485,0.996709504097714,0.995306191403584,0.450636591419017,0.452298863656603,0.996709504097714,0.995306191403584,0.993668961088087,0.123002607481142,0.904812702731393,0.874537054977581,0.479996691291644,0.474582171598099
2010,catfish_other,5361144,23017315,425777,3103426,3709633.53045054,4005982,3283856.53045054,902556,0.620143860155507,0.962267522262139,0.59103466952008,0.379856139844493,0.861128357686732,0.848796848412691,10,0.394003570138382,0.394567735868808,0.419363114504097,0.419763093604214,0.999303879918167,0.999572495749396,0.999303879918167,0.999572495749396,0.394278034996368,0.394736487395038,0.419655244947551,0.419942620859641,ndgain_combined_vuln_readiness,ndgain_vulnerability,0.419655244947551,0.419942620859641,0.999303879918167,0.999572495749396,0.394278034996368,0.394736487395038,0.999303879918167,0.999572495749396,0.620143860155507,0.846693303100996,0.518639999612909,0.605421568718314,0.64817885667356,0.682483496628879
2010,clams,18367580,60088258,5801205,56358502,37659955.1221039,174641636,31858750.1221039,118283134,0.365696238513685,0.3368716099945,0.32783130580295,0.634303761486315,0.292765176761068,0.248122373831913,25,0.387476529049345,0.364885869719139,0.423582341454537,0.398480079676697,0.9994576313265,0.999243479483129,0.9994576313265,0.999243479483129,0.387686798223831,0.365162122356686,0.423812203917389,0.39878176626463,ndgain_combined_vuln_readiness,ndgain_vulnerability,0.423812203917389,0.39878176626463,0.9994576313265,0.999243479483129,0.387686798223831,0.365162122356686,0.9994576313265,0.999243479483129,0.365696238513685,0.219251440563166,0.533132483841899,0.573948017909291,0.34964932802178,0.358353653372503
2010,cod,50911974,281381488,88132105,269154010,252815805.06173,174460952,164683700.06173,0,0.236145619440503,1,0.167623699607841,0.763854380559497,0.464807950888377,0.384574045592064,31,0.364291272663124,0.356798284429465,0.386249575349456,0.377107499915669,0.996132461884114,0.996749302853925,0.996132461884114,0.996749302853925,0.365705653216133,0.357961910189321,0.387749210199307,0.378337360092375,ndgain_combined_vuln_readiness,ndgain_vulnerability,0.387749210199307,0.378337360092375,0.996132461884114,0.996749302853925,0.365705653216133,0.357961910189321,0.996132461884114,0.996749302853925,0.236145619440503,0.409177252539246,0.407405390670729,0.468986732476066,0.340177863274214,0.356520065363753
2010,crab,100922908,1184578532,20467716,196828085,165082852.000674,594501595,144615136.000674,397673510,0.411027579904167,0.748666142027959,0.379401212965254,0.588972420095833,0.235333523424497,0.177183756342076,40,0.349883125535905,0.368136717319733,0.388687816204367,0.410524672382792,0.991826454307084,0.994102071064715,0.991826454307084,0.994102071064715,0.352766478466581,0.370320843336989,0.391890954830313,0.412960282783745,ndgain_combined_vuln_readiness,ndgain_vulnerability,0.391890954830313,0.412960282783745,0.991826454307084,0.994102071064715,0.352766478466581,0.370320843336989,0.991826454307084,0.994102071064715,0.411027579904167,0.155850036764566,0.421844832864145,0.407201397195195,0.300084480548847,0.296571247614465
2010,crawfish_freshwater,8611034,85153601,3847,18444,0,0,0,0,1,1,1,0,0.901050392128977,0.903095272954956,5,0.389378971410444,0.389890496223179,0.415373238532712,0.415023613117393,1,1,1,1,0.389378971410444,0.389890496223179,0.415373238532712,0.415023613117393,ndgain_combined_vuln_readiness,ndgain_vulnerability,0.415373238532712,0.415023613117393,1,1,0.389378971410444,0.389890496223179,1,1,1,0.890765045408346,0.503711560124868,0.58202824634054,0.76556433829795,0.803345581684022
2010,eel_sturgeon_shad,598724,5382758,1943685,3645309,1119908.67531312,2402982,0,0,1,1,0.348372289553332,0,0.467060606594297,0.459647811864498,8,0.348453125263272,0.317314574918606,0.372411617993055,0.333557999989122,0.87666771333703,0.813064046349474,0.87666771333703,0.813064046349474,0.397474573275759,0.390270085540367,0.424803619806497,0.41024812434733,ndgain_combined_vuln_readiness,ndgain_vulnerability,0.424803619806497,0.41024812434733,0.87666771333703,0.813064046349474,0.397474573275759,0.390270085540367,0.87666771333703,0.813064046349474,1,0.411664061219353,0.53658887569987,0.620685230671497,0.60449800653588,0.634558192108096
2010,flatfish,30700803,148276974,114560145,162056984,279462197.245956,142499832,164902052.245956,0,0.15695477942485,1,0.0989828025124033,0.84304522057515,0.467001861672752,0.345360035190371,35,0.371262123134596,0.357118405871527,0.403394986379136,0.386799928548325,0.99320819067827,0.98825732712889,0.99320819067827,0.98825732712889,0.373800907623464,0.361361758793164,0.406153503530468,0.391395963308529,ndgain_combined_vuln_readiness,ndgain_vulnerability,0.406153503530468,0.391395963308529,0.99320819067827,0.98825732712889,0.373800907623464,0.361361758793164,0.99320819067827,0.98825732712889,0.15695477942485,0.411599210039286,0.471568624607579,0.507642057674315,0.312318703514371,0.320087630172121
2010,halibut,6235864,71302088,8566761,94294005,29071338.7247445,205226951,20504577.7247445,110932946,0.233199737842386,0.391264437111472,0.176617333539983,0.766800262157615,0.470961452399262,0.564000410699632,12,0.323099298515372,0.311095014217011,0.349610099254401,0.336886530303034,1,1,1,1,0.323099298515372,0.311095014217011,0.349610099254401,0.336886530303034,ndgain_combined_vuln_readiness,ndgain_vulnerability,0.349610099254401,0.336886530303034,1,1,0.323099298515372,0.311095014217011,1,1,0.233199737842386,0.415970381613565,0.274440290969886,0.265538834040856,0.298592878745761,0.295329051201531
2010,herring,23759544,66819968,46083231,82392897,117327461.596619,44993955,71244230.5966191,0,0.250090526412048,1,0.168403489035204,0.749909473587952,0.390878808329145,0.247719939150815,36,0.303475148813866,0.305810149896753,0.328788974032196,0.325080285671743,1,1,1,1,0.303475148813866,0.305810149896752,0.328788974032196,0.325080285671743,ndgain_combined_vuln_readiness,ndgain_vulnerability,0.328788974032196,0.325080285671743,1,1,0.303475148813866,0.305810149896752,1,1,0.250090526412048,0.327563523043886,0.201851210562282,0.171832342523566,0.254765946663153,0.241452975441293
2010,inland_freshwater_other,9248702,92894676,0,0,3225966.17195006,5246606,3225966.17195006,5246606,0.741398638626411,0.946540274458612,0.741398638626411,0.258601361373589,0.580113873456586,0.633598460523889,21,0.30437733064866,0.302550669318963,0.342124955817425,0.33950801149495,0.981105564867373,0.995647909897441,0.981105564867373,0.995647909897441,0.310239123645992,0.303873152659084,0.348713704282855,0.340992039575438,ndgain_combined_vuln_readiness,ndgain_vulnerability,0.348713704282855,0.340992039575438,0.981105564867373,0.995647909897441,0.310239123645992,0.303873152659084,0.981105564867373,0.995647909897441,0.741398638626411,0.536468683873715,0.271315172323699,0.204130727924751,0.476091118870409,0.433013577860519
2010,large_pelagics_other,21327471,126091828,1393775,6573960,1645099.24014051,7582809,251324.24014051,1008849,0.988353184812051,0.99206259932038,0.928388542381471,0.011646815187949,0.229777138857213,0.240416978736595,29,0.361716339573888,0.364108716414509,0.450046917702017,0.453802301339103,0.819323256845596,0.821508155151815,0.819323256845596,0.821508155151815,0.441481840716325,0.443219844052822,0.549291032497604,0.552401456386322,ndgain_combined_vuln_readiness,ndgain_vulnerability,0.549291032497604,0.552401456386322,0.819323256845596,0.821508155151815,0.441481840716325,0.443219844052822,0.819323256845596,0.821508155151815,0.988353184812051,0.14971609213396,0.970591683575608,0.830822571440044,0.523687737647496,0.497236474430146
2010,lobster,52477762,1030363931,35532946,435477523,56280124.2128009,451020552,20747178.2128009,15543029,0.716665139602613,0.985139185802913,0.482519142541254,0.283334860397387,0.598125636956675,0.532972573425444,42,0.311184572495244,0.31708483166987,0.350621764641556,0.359241633871085,0.994100205721425,0.994032386213255,0.994100205721425,0.994032386213255,0.313031393318559,0.31898843143109,0.352702637645173,0.361398319464829,ndgain_combined_vuln_readiness,ndgain_vulnerability,0.352702637645173,0.361398319464829,0.994100205721425,0.994032386213255,0.313031393318559,0.31898843143109,0.994100205721425,0.994032386213255,0.716665139602613,0.55635268554265,0.285221865717438,0.217463983039816,0.484488078370533,0.442606650863944
2010,mackerel,20254846,59756281,36300396,46741778,83948284.9199826,51141339,47647888.9199826,4399561,0.298292050001647,0.931423844456753,0.194378478085785,0.701707949998353,0.126164679588084,0.12365220160345,42,0.35374798384086,0.354694145169862,0.383460984571589,0.377462622133391,0.961800548866182,0.977565086421627,0.961800548866182,0.977565086421627,0.367797652286512,0.362834301364238,0.398690752488789,0.386125310095814,ndgain_combined_vuln_readiness,ndgain_vulnerability,0.398690752488789,0.386125310095814,0.961800548866182,0.977565086421627,0.367797652286512,0.362834301364238,0.961800548866182,0.977565086421627,0.298292050001647,0.0353336046546199,0.445551095312448,0.478976153476437,0.167459213304474,0.171546227585595
2010,misc_marine_fish_other,0,0,0,0,22547116.4576527,31355677,22547116.4576527,31355677,0,0,0,1,,,,,,,,,,,,,,,,,,,,,,,,,,0,,,,,
2010,mussels,25801745,70693439,484796,1799108,2819541.51172925,7071511,2334745.51172925,5272403,0.917020727558188,0.930595082458245,0.901487953360385,0.0829792724418125,0.404956651976619,0.4093478589628,11,0.299770945307477,0.29956208630843,0.30836929843897,0.30335099149034,0.999835282458609,0.999740428528311,0.999835282458609,0.999740428528311,0.299820330975255,0.299639864268975,0.308420100639663,0.303429753197932,ndgain_combined_vuln_readiness,ndgain_vulnerability,0.308420100639663,0.303429753197932,0.999835282458609,0.999740428528311,0.299820330975255,0.299639864268975,0.999835282458609,0.999740428528311,0.917020727558188,0.343104692379137,0.130838824213149,0.154380368195999,0.345287466395296,0.36486535463819
2010,other_groundfish,62896613,248549987,55873956,117823655,223440426.092929,119904462,167566470.092929,2080807,0.272914048340829,0.991697720113355,0.219659367852817,0.727085951659171,0.295911544711551,0.21864754576388,30,0.32321113590923,0.334940608038001,0.344016637013942,0.346305716832298,0.998371454437459,0.998453377509129,0.998371454437459,0.998453377509129,0.323738358576514,0.33545943714827,0.344577797657267,0.346842150703358,ndgain_combined_vuln_readiness,ndgain_vulnerability,0.344577797657267,0.346842150703358,0.998371454437459,0.998453377509129,0.323738358576514,0.33545943714827,0.998371454437459,0.998453377509129,0.272914048340829,0.222724858675623,0.256896083278356,0.268590384151782,0.249948588684521,0.253685131941522
2010,other_shellfish_specialty,5723516,35786716,661301,7685211,2080550.63689473,8250817,1419249.63689473,565606,0.801302505353971,0.984440993893045,0.733401733519463,0.198697494646029,0.508000000448979,0.278759584211794,27,0.387246046671013,0.363296097163225,0.419453411167734,0.396485271178918,0.966023507228773,0.929272163447465,0.966023507228773,0.929272163447465,0.400866069793585,0.390946927556131,0.43420621551024,0.426662162899635,ndgain_combined_vuln_readiness,ndgain_vulnerability,0.43420621551024,0.426662162899635,0.966023507228773,0.929272163447465,0.400866069793585,0.390946927556131,0.966023507228773,0.929272163447465,0.801302505353971,0.456858912668942,0.569369321919525,0.636879829903184,0.592912885230867,0.615477289378892
2010,oysters,10797235,55687390,3498077,22262169,13189850.5947539,120507610,9691773.59475391,98245441,0.526976937418269,0.361764216497779,0.450127005106506,0.473023062581731,0.26981656303741,0.29751144096676,13,0.359980745388921,0.359218634536963,0.367111329287512,0.363570732282729,0.995988973102836,0.99693925321334,0.995988973102836,0.99693925321334,0.361430452655979,0.360321487371601,0.368589752699609,0.364686946682925,ndgain_combined_vuln_readiness,ndgain_vulnerability,0.368589752699609,0.364686946682925,0.995988973102836,0.99693925321334,0.361430452655979,0.360321487371601,0.995988973102836,0.99693925321334,0.526976937418269,0.193917426290845,0.340609413692099,0.448572393454078,0.326503893709842,0.357887884560901
2010,pangasius_basa_swai,56972842,177854788,0,0,0,0,0,0,1,1,1,0,0.749328847785473,0.728444141835937,10,0.469192680452839,0.467921705159175,0.553329206389839,0.550958147881405,1,1,1,1,0.469192680452839,0.467921705159175,0.553329206389839,0.550958147881405,ndgain_combined_vuln_readiness,ndgain_vulnerability,0.553329206389839,0.550958147881405,1,1,0.469192680452839,0.467921705159175,1,1,1,0.723272759551683,0.984670045154774,0.963143492764207,0.893026359865635,0.886470663519459
2010,pollock,74094095,204458722,204799150,667454389,888563985.321553,289551036,683764835.321553,0,0.0977676610191325,1,0.0769682367131335,0.902232338980868,0.765447147578753,0.713565832586053,15,0.384107807989867,0.382033998978811,0.407865927694224,0.405060957461777,0.999209653616796,0.998984699708727,0.999209653616796,0.998984699708727,0.384411626328397,0.382422272423392,0.408188538028921,0.405472633945125,ndgain_combined_vuln_readiness,ndgain_vulnerability,0.408188538028921,0.405472633945125,0.999209653616796,0.998984699708727,0.384411626328397,0.382422272423392,0.999209653616796,0.998984699708727,0.0977676610191325,0.741066480859892,0.478663403648767,0.558308875724518,0.326107564803988,0.343275105419788
2010,reef_fish_other,1629787,10391280,137518,582145,14579578.2377692,49625007,14442060.2377692,49042862,0.101406327218564,0.174836880794881,0.100546010043778,0.898593672781436,0.440586290784235,0.544745431089315,24,0.32892526623093,0.336024389332241,0.399096888136306,0.412416509606572,0.996796513900283,0.997490876966072,0.996796513900283,0.997490876966072,0.329982360134774,0.336869636697109,0.400379498293701,0.413453916351558,ndgain_combined_vuln_readiness,ndgain_vulnerability,0.400379498293701,0.413453916351558,0.996796513900283,0.997490876966072,0.329982360134774,0.336869636697109,0.996796513900283,0.997490876966072,0.101406327218564,0.38243786469792,0.451438601569315,0.298405865991898,0.259661887717836,0.226192272981068
2010,sablefish,409982,2013050,9147975,78748678,19146631.9821223,133521543,9998656.98212226,54772865,0.0393886271494457,0.0354498118063256,0.0209638539869318,0.960611372850554,0.954137974261507,0.92839479313453,3,0.278480612651579,0.272884485416205,0.305432522700465,0.299219726606623,0.98213580108395,0.963981520578227,0.98213580108395,0.963981520578227,0.283545933611451,0.283080618861366,0.310988075542475,0.310399857486004,ndgain_combined_vuln_readiness,ndgain_vulnerability,0.310988075542475,0.310399857486004,0.98213580108395,0.963981520578227,0.283545933611451,0.283080618861366,0.98213580108395,0.963981520578227,0.0393886271494457,0.94937083221638,0.139791603408108,0.0766691449472684,0.173551859686871,0.142061299444921
2010,salmon,233998332,1821169386,212499893,897123935,357982554.101786,571965173,145482661.101786,0,0.616627278450376,1,0.395280215111145,0.383372721549624,0.21461094205151,0.202650710210771,33,0.299624938334048,0.294937487464809,0.325014091702559,0.319923048073711,0.958794355850365,0.962678324420285,0.958794355850365,0.962678324420285,0.312501775282466,0.306371796251274,0.338982066091013,0.33232601166788,ndgain_combined_vuln_readiness,ndgain_vulnerability,0.338982066091013,0.33232601166788,0.958794355850365,0.962678324420285,0.312501775282466,0.306371796251274,0.958794355850365,0.962678324420285,0.616627278450376,0.132973440444441,0.237387579090073,0.214935025160802,0.268997685566056,0.260234543202479
2010,scallops,23525711,238473762,11164986,161181235,26221950.3814769,458721227,15056964.3814769,297539992,0.609748047987736,0.44490231868192,0.472900842907957,0.390251952012264,0.267164109736832,0.229782993653022,16,0.379849301505826,0.364555042183717,0.411304560576904,0.38166836718544,0.99916780411015,0.997561006313139,0.99916780411015,0.997561006313139,0.380165673817039,0.36544636355732,0.411647131627913,0.382601529901453,ndgain_combined_vuln_readiness,ndgain_vulnerability,0.411647131627913,0.382601529901453,0.99916780411015,0.997561006313139,0.380165673817039,0.36544636355732,0.99916780411015,0.997561006313139,0.609748047987736,0.190989262934979,0.490721163552479,0.538034197889288,0.385180879009101,0.397182175878309
2010,sea_cucumber_urchin_other_inverts,2136776,5268966,945489,30928324,7689797.71503174,19966631,6744308.71503174,0,0.240598538192456,1,0.217448732586351,0.759401461807544,0.956373785530708,0.742164491388179,6,0.28373418486922,0.295736519474168,0.311040312217239,0.325896736309309,1,1,1,1,0.28373418486922,0.295736519474168,0.311040312217239,0.325896736309309,ndgain_combined_vuln_readiness,ndgain_vulnerability,0.311040312217239,0.325896736309309,1,1,0.28373418486922,0.295736519474168,1,1,0.240598538192456,0.951839045559731,0.139973717109659,0.0775680559909342,0.317663755121997,0.260923464223654
2010,sharks_rays_skates,198715,2746598,3290553,15582331,37087631.7741098,18709825,33797078.7741098,3127494,0.00584528195812669,0.467578308273006,0.00532943066811737,0.994154718041873,0.182349575921124,0.415606785662436,11,0.287921449762314,0.145270759272297,0.330091587271754,0.160653530459569,0.798641270160783,0.394986816417983,0.798641270160783,0.394986816417983,0.360514113807754,0.367786349402024,0.413316465858695,0.406731373762009,ndgain_combined_vuln_readiness,ndgain_vulnerability,0.413316465858695,0.406731373762009,0.798641270160783,0.394986816417983,0.360514113807754,0.367786349402024,0.798641270160783,0.394986816417983,0.00584528195812669,0.0973586569183563,0.496540994873418,0.444196820508795,0.0656213332312547,0.0632293176249263
2010,shrimp,560969104,4296542475,5111386,46225650,113038274.455797,381208351,107926888.455797,334982701,0.838649222490403,0.927673349864136,0.83228926259713,0.161350777509598,0.179039624051494,0.175059657782534,53,0.444235170170864,0.448013815995097,0.514310260300088,0.515333420181244,0.998485617133025,0.998638492454331,0.998485617133025,0.998638492454331,0.444908932635812,0.448624621802855,0.515090304231761,0.516036007098746,ndgain_combined_vuln_readiness,ndgain_vulnerability,0.515090304231761,0.516036007098746,0.998485617133025,0.998638492454331,0.444908932635812,0.448624621802855,0.998485617133025,0.998638492454331,0.838649222490403,0.0937046511071267,0.851357041470854,0.847187140849017,0.405961089784435,0.405297212923069
2010,small_pelagics_other,43181804,132335503,120560761,101445893,737173070.299502,120374081,616612309.299502,18928188,0.0654473920418238,0.874866282351923,0.0553361110722386,0.934552607958176,0.147400916437176,0.129533080053687,45,0.361652681113163,0.360426583229851,0.429180315476708,0.438060166809686,0.999685376738776,0.999617955885958,0.999685376738776,0.999617955885958,0.361766501269593,0.360564334711661,0.429315388084201,0.438227589080705,ndgain_combined_vuln_readiness,ndgain_vulnerability,0.429315388084201,0.438227589080705,0.999685376738776,0.999617955885958,0.361766501269593,0.360564334711661,0.999685376738776,0.999617955885958,0.0654473920418238,0.0587772485236482,0.552318338291136,0.450177045734053,0.128557382147035,0.120086719605651
2010,snapper_grouper,20338356,112978534,0,0,6681325.34521837,42664842,6681325.34521837,42664842,0.752723754960169,0.725880772465383,0.752723754960169,0.247276245039831,0.175381900316768,0.181515311431446,36,0.409030830963421,0.40816406562932,0.493544099235331,0.492031965789479,1,1,1,1,0.409030830963422,0.40816406562932,0.493544099235331,0.492031965789479,ndgain_combined_vuln_readiness,ndgain_vulnerability,0.493544099235331,0.492031965789479,1,1,0.409030830963422,0.40816406562932,1,1,0.752723754960169,0.0896667241797923,0.776240101811098,0.675867054060124,0.374186114183119,0.357307995221703
2010,squid_octopus,81595261,282652925,137407984,174072221,153932826.705467,98574911,16524842.705467,0,0.831585556054133,1,0.346435373355711,0.168414443945867,0.26536550157694,0.257576449351879,36,0.385014473772173,0.381787427947072,0.412855105148808,0.410284966876525,0.940950394165661,0.937079366859551,0.940950394165661,0.937079366859551,0.409176165034252,0.407422723676611,0.438763943039618,0.437833743209521,ndgain_combined_vuln_readiness,ndgain_vulnerability,0.438763943039618,0.437833743209521,0.940950394165661,0.937079366859551,0.409176165034252,0.407422723676611,0.940950394165661,0.937079366859551,0.831585556054133,0.189003697909496,0.585259013114174,0.676561032962783,0.451414096095593,0.473763290542666
2010,swordfish,7939385,68309995,252486,1673248,3532563.7697889,21930195,3280077.7697889,20256947,0.707643954341442,0.771280948144286,0.692069425981763,0.292356045658558,0.108211199951491,0.128297503229854,28,0.385903940529055,0.38156878293544,0.429579728546282,0.425443603785539,0.999191625044005,0.999270926604518,0.999191625044005,0.999270926604518,0.386216147990692,0.381847177553734,0.429927270985046,0.425754009707036,ndgain_combined_vuln_readiness,ndgain_vulnerability,0.429927270985046,0.425754009707036,0.999191625044005,0.999270926604518,0.386216147990692,0.381847177553734,0.999191625044005,0.999270926604518,0.707643954341442,0.0155139451828846,0.554451557154933,0.566925574863722,0.182585753002165,0.183944878640651
2010,tilapia,215441683,843087546,1314009,2979224,115526.34790004,128213,0,0,1,1,0.999464057137084,0,0.554918532848377,0.453698716052597,24,0.369017988216466,0.39311763022849,0.40239251038739,0.435984669722806,0.912540522624863,0.956075244883288,0.912540522624863,0.956075244883288,0.404385316670661,0.411178547224575,0.440958511332663,0.456015017705044,ndgain_combined_vuln_readiness,ndgain_vulnerability,0.440958511332663,0.456015017705044,0.912540522624863,0.956075244883288,0.404385316670661,0.411178547224575,0.912540522624863,0.956075244883288,1,0.508654406015774,0.592909977823514,0.65368444476039,0.670610768957436,0.692782625086164
2010,toothfish,9301526,141652692,267772,981927,0,0,0,0,1,1,1,0,0.173551396388698,0.154816170508608,20,0.312008300901606,0.309042609288902,0.346862397687141,0.343367988118856,0.895757104801943,0.885540848034148,0.895757104801943,0.885540848034148,0.34831797507271,0.348987412579509,0.387228184769837,0.387749462806955,ndgain_combined_vuln_readiness,ndgain_vulnerability,0.387228184769837,0.387749462806955,0.895757104801943,0.885540848034148,0.34831797507271,0.348987412579509,0.895757104801943,0.885540848034148,1,0.0876459479709245,0.405588929917983,0.385959526750719,0.328805680494831,0.323413295159832
2010,trout,7405523,56034289,302571,1470366,793314.00425046,1695426,490743.00425046,225060,0.937851257292206,0.995999598217889,0.903240666470234,0.0621487427077937,0.382490352064856,0.507159430085253,17,0.342355001089323,0.341540815095303,0.403277152695603,0.400019590225141,0.998331110442841,0.998632533733051,0.998331110442841,0.998632533733051,0.342927308894001,0.342008500182312,0.403951302806458,0.400567352567418,ndgain_combined_vuln_readiness,ndgain_vulnerability,0.403951302806458,0.400567352567418,0.998331110442841,0.998632533733051,0.342927308894001,0.342008500182312,0.998331110442841,0.998632533733051,0.937851257292206,0.318303126172804,0.463891050810638,0.360218772515186,0.517364891968205,0.475532718722909
2010,tuna,314665992,1303586406,18430695,66323228,21436478.75679,107100610,3005783.75679002,40777382,0.990538083688331,0.969667896172163,0.936220407102268,0.00946191631166904,0.249023009636203,0.193617241311035,68,0.445711943624937,0.445226411111562,0.522881585438499,0.521111144232252,0.995515864326387,0.994761200355751,0.995515864326387,0.994761200355751,0.44771957896073,0.447571146675541,0.52523681859385,0.523855518335345,ndgain_combined_vuln_readiness,ndgain_vulnerability,0.52523681859385,0.523855518335345,0.995515864326387,0.994761200355751,0.44771957896073,0.447571146675541,0.995515864326387,0.994761200355751,0.990538083688331,0.170962480733702,0.88673102529864,0.860608145580948,0.531522064425803,0.526250450161387
2011,catfish_other,3368839,24126859,331545,2876114,4222851.07107941,4613579,3891306.07107941,1737465,0.464018138345428,0.932823877399618,0.44375349473678,0.535981861654572,0.959803278116716,0.973905038503278,6,0.391524198081766,0.391802659991038,0.413946024287188,0.414036944041852,1,1,1,1,0.391524198081766,0.391802659991038,0.413946024287188,0.414036944041852,ndgain_combined_vuln_readiness,ndgain_vulnerability,0.413946024287188,0.414036944041852,1,1,0.391524198081766,0.391802659991038,1,1,0.464018138345428,0.955625017783019,0.498735836261647,0.592271832327015,0.604733945889355,0.640394876899746
2011,clams,20587206,65301523,6135068,63844146,34913989.9215276,204995151,28778921.9215276,141151005,0.417031006213925,0.316302850018867,0.370932655741472,0.582968993786075,0.320117491614508,0.239640078759273,26,0.387715143704817,0.369743786264428,0.420438829418618,0.401325322838254,0.995263854648367,0.995889483312664,0.995263854648367,0.995889483312664,0.389560157232676,0.371269897373086,0.422439564598838,0.402981786195102,ndgain_combined_vuln_readiness,ndgain_vulnerability,0.422439564598838,0.402981786195102,0.995263854648367,0.995889483312664,0.389560157232676,0.371269897373086,0.995263854648367,0.995889483312664,0.417031006213925,0.249446900002345,0.528347025572879,0.582893419505861,0.380208575433951,0.392866685774395
2011,cod,55155521,352459604,110841060,371349890,309416275.257104,196745927,198575215.257104,0,0.217378161643417,1,0.151288502199723,0.782621838356583,0.508681790739168,0.431944383258657,25,0.369339845219618,0.362940615896647,0.391377192127813,0.383795752588367,0.999310368222249,0.999518954801981,0.999310368222249,0.999518954801981,0.369594729489964,0.363115290763597,0.391647284540902,0.38398046454697,ndgain_combined_vuln_readiness,ndgain_vulnerability,0.391647284540902,0.38398046454697,0.999310368222249,0.999518954801981,0.369594729489964,0.363115290763597,0.999310368222249,0.999518954801981,0.217378161643417,0.457611571855695,0.420995320551904,0.487557304878286,0.347266902081636,0.36468076667475
2011,crab,93207660,1360196017,28931998,269924178,168448907.000952,692311063,139516909.000952,422386885,0.400506316974288,0.76304783102873,0.356221367070297,0.599493683025712,0.230652093900231,0.196157997529963,37,0.350442588175988,0.362419415673488,0.389600892594176,0.403000456370717,0.99370103272628,0.994825781790243,0.99370103272628,0.994825781790243,0.352664007216061,0.364304406165766,0.392070532044514,0.405096514130842,ndgain_combined_vuln_readiness,ndgain_vulnerability,0.392070532044514,0.405096514130842,0.99370103272628,0.994825781790243,0.352664007216061,0.364304406165766,0.99370103272628,0.994825781790243,0.400506316974288,0.150681994641814,0.422470896283,0.406712090829634,0.294321852940506,0.290615833057036
2011,crawfish_freshwater,2345626,23564524,6713,40747,0,0,0,0,1,1,1,0,0.715644499716513,0.62602509556648,7,0.379973808043686,0.376806395790033,0.408178724625354,0.404938290281974,0.998721023726715,0.999374059072867,0.998721023726715,0.999374059072867,0.380460407878287,0.377042402060747,0.408701444075183,0.405191916485846,ndgain_combined_vuln_readiness,ndgain_vulnerability,0.408701444075183,0.405191916485846,0.998721023726715,0.999374059072867,0.380460407878287,0.377042402060747,0.998721023726715,0.999374059072867,1,0.686087081801869,0.480451557643152,0.53944157070443,0.690785080724328,0.717972622957619
2011,eel_sturgeon_shad,502876,5254397,1379965,2942242,2233843.99270571,10769046,853878.99270571,7826804,0.370646139283511,0.401675427202747,0.183751352473156,0.629353860716489,0.379196383674737,0.5204747168804,9,0.40871159849487,0.39227751273648,0.446222731088912,0.415830541738509,1,1,1,1,0.40871159849487,0.39227751273648,0.446222731088912,0.415830541738509,ndgain_combined_vuln_readiness,ndgain_vulnerability,0.446222731088912,0.415830541738509,1,1,0.40871159849487,0.39227751273648,1,1,0.370646139283511,0.314666765248665,0.611262726154432,0.674342699881149,0.414647855368151,0.428446900730904
2011,flatfish,30827245,156228337,83176328,117146354,317517775.179582,177590917,234341447.179582,60444563,0.116255221333304,0.721033119508716,0.0884962988249629,0.883744778666696,0.471956656104324,0.362039413221656,33,0.37373241863177,0.36558646959507,0.404275212004848,0.39458943830062,0.999336398695375,0.998957353044089,0.999336398695375,0.998957353044089,0.373980592640951,0.365968045063216,0.404543667710518,0.395001285188202,ndgain_combined_vuln_readiness,ndgain_vulnerability,0.404543667710518,0.395001285188202,0.999336398695375,0.998957353044089,0.373980592640951,0.365968045063216,0.999336398695375,0.998957353044089,0.116255221333304,0.41706903206677,0.465956223715204,0.508500064406991,0.282697418571167,0.29105192401882
2011,halibut,5862992,85813570,8456751,82755654,22648109.2524256,211795536,14191358.2524256,129039882,0.292355121268058,0.39940512568539,0.205638917560268,0.707644878731942,0.407782854376881,0.500340800317658,12,0.321587764893093,0.314787725952705,0.34636155712969,0.337472030332765,0.999762237437814,0.999777238028904,0.999762237437814,0.999777238028904,0.321664244608055,0.314857864311174,0.34644392852579,0.337547223017503,ndgain_combined_vuln_readiness,ndgain_vulnerability,0.34644392852579,0.337547223017503,0.999762237437814,0.999777238028904,0.321664244608055,0.314857864311174,0.999762237437814,0.999777238028904,0.292355121268058,0.346224665237056,0.263402010418254,0.258686365585492,0.298741757601681,0.296948235997354
2011,herring,18622719,59344657,57596429,99067668,126443283.416114,37811877,68846854.4161135,0,0.212905108287282,1,0.128374110334838,0.787094891712718,0.438937852670832,0.299459873280494,35,0.298160490539442,0.3049514109751,0.323759970828104,0.326150429813466,1,1,1,1,0.298160490539442,0.3049514109751,0.323759970828104,0.326150429813466,ndgain_combined_vuln_readiness,ndgain_vulnerability,0.323759970828104,0.326150429813466,1,1,0.298160490539442,0.3049514109751,1,1,0.212905108287282,0.380618079189528,0.184318502120444,0.146454530588542,0.246271870580788,0.228100428979931
2011,inland_freshwater_other,10725077,103654622,0,0,4569680.0441754,7742266,4569680.0441754,7742266,0.701225718657908,0.930498363652672,0.701225718657908,0.298774281342092,0.470936686730458,0.573719596925364,20,0.305249577581183,0.301561316382461,0.343960751311065,0.337104599232912,0.959126260818454,0.990238438185612,0.959126260818454,0.990238438185612,0.318257970875183,0.304534044280288,0.358618844423623,0.34042770532174,ndgain_combined_vuln_readiness,ndgain_vulnerability,0.358618844423623,0.34042770532174,0.959126260818454,0.990238438185612,0.318257970875183,0.304534044280288,0.959126260818454,0.990238438185612,0.701225718657908,0.415943041669877,0.305847648664602,0.242421204265897,0.446819668340213,0.413511350122153
2011,large_pelagics_other,20787321,171836860,1494956,6893162,1749933.05510254,9670043,254977.05510254,2776881,0.987882642169841,0.984097007577428,0.922353759210237,0.0121173578301593,0.189804896279837,0.207765491182353,38,0.337761643336427,0.326424229859393,0.416423683829049,0.403488285333979,0.763836330809535,0.735907464789569,0.763836330809535,0.735907464789569,0.442191120941391,0.443566950299564,0.545173968600985,0.548286713533142,ndgain_combined_vuln_readiness,ndgain_vulnerability,0.545173968600985,0.548286713533142,0.763836330809535,0.735907464789569,0.442191120941391,0.443566950299564,0.763836330809535,0.735907464789569,0.987882642169841,0.105588922791787,0.956238286290612,0.834209427044208,0.463763552379525,0.443131819150772
2011,lobster,53179204,1077358486,41958332,513685012,60279889.9380593,474705509,18321557.9380593,0,0.743757165078448,1,0.468708167447839,0.256242834921552,0.648834231566187,0.572881921279492,42,0.308623256209215,0.315196367855654,0.345052033741285,0.354344083887248,0.995426294835101,0.994971032325446,0.995426294835101,0.994971032325446,0.31004129367543,0.316789491970411,0.34663745124238,0.35613507567057,ndgain_combined_vuln_readiness,ndgain_vulnerability,0.34663745124238,0.35613507567057,0.995426294835101,0.994971032325446,0.31004129367543,0.316789491970411,0.995426294835101,0.994971032325446,0.743757165078448,0.612332200254791,0.264076692304334,0.203186077953147,0.493608667854708,0.452311263397104
2011,mackerel,22775194,64696486,24423987,33824663,58425187.9317037,46853422,34001200.9317037,13028759,0.401138431339226,0.832374166205587,0.280481365459042,0.598861568660774,0.134441114847009,0.114832528920905,40,0.371805516811692,0.36895480702505,0.403838985807659,0.397886030166602,0.969727985632087,0.977634395784649,0.969727985632087,0.977634395784649,0.383412175703418,0.377395485076941,0.416445634024297,0.406988575567924,ndgain_combined_vuln_readiness,ndgain_vulnerability,0.416445634024297,0.406988575567924,0.969727985632087,0.977634395784649,0.383412175703418,0.377395485076941,0.969727985632087,0.977634395784649,0.401138431339226,0.0444703364632792,0.507450272693792,0.55353643906173,0.208410402562862,0.214537706864347
2011,misc_marine_fish_other,0,0,0,0,23826616.1652419,38233278,23826616.1652419,38233278,0,0,0,1,,,,,,,,,,,,,,,,,,,,,,,,,,0,,,,,
2011,mussels,28945124,91196795,517363,1989390,2067122.48837325,6921729,1549759.48837325,4932339,0.949179688160995,0.948690487526914,0.933344961347827,0.0508203118390049,0.378036288975209,0.394112744704837,13,0.301956664718028,0.301920351189704,0.3105021121198,0.301384959145791,0.999947314096841,0.999840312370627,0.999947314096841,0.999840312370627,0.301972574415841,0.301968571835086,0.310518472065948,0.301433094282032,ndgain_combined_vuln_readiness,ndgain_vulnerability,0.310518472065948,0.301433094282032,0.999947314096841,0.999840312370627,0.301972574415841,0.301968571835086,0.999947314096841,0.999840312370627,0.949179688160995,0.313386084157032,0.138154415976905,0.164657459676447,0.345088885334242,0.365878186854946
2011,other_groundfish,59885562,270466971,89385551,182646406,314122831.334851,168420680,224737280.334851,0,0.2104032181983,1,0.160118230144595,0.7895967818017,0.248252150256932,0.214508186752039,28,0.325894597988207,0.336055544839335,0.344155258473264,0.348910701209868,0.998526673257237,0.998790196086457,0.998526673257237,0.998790196086457,0.326375455675235,0.336462598607892,0.344663059776475,0.349333326034836,ndgain_combined_vuln_readiness,ndgain_vulnerability,0.344663059776475,0.349333326034836,0.998526673257237,0.998790196086457,0.326375455675235,0.336462598607892,0.998526673257237,0.998790196086457,0.2104032181983,0.17011149414464,0.257193334207925,0.281182680922356,0.209579394836759,0.215902763677086
2011,other_shellfish_specialty,6294044,40765046,1202791,13102787,1386782.92134921,11200856,183991.92134921,0,0.971597576243312,1,0.819448747439604,0.0284024237566884,0.596965136089289,0.315504012831124,29,0.384903700297824,0.366724851531912,0.412934148258883,0.399178077074758,0.974239614467265,0.945716411064518,0.974239614467265,0.945716411064518,0.395081142854469,0.387774651302834,0.423852758732957,0.422090673699354,ndgain_combined_vuln_readiness,ndgain_vulnerability,0.423852758732957,0.422090673699354,0.974239614467265,0.945716411064518,0.395081142854469,0.387774651302834,0.974239614467265,0.945716411064518,0.971597576243312,0.555071556063918,0.533273870858057,0.60925645689626,0.660077962471879,0.690046745767613
2011,oysters,12146670,73869980,4728711,27119961,14791038.4647395,141900889,10062327.4647395,114780928,0.546925633148677,0.391569702913913,0.450916974467207,0.453074366851323,0.289718493765799,0.312444666990526,12,0.357847732622253,0.359554608069464,0.362243230231332,0.362087126356438,0.991228048510415,0.993856069813475,0.991228048510415,0.993856069813475,0.361014534606859,0.361777342806735,0.36544893052179,0.364325516897426,ndgain_combined_vuln_readiness,ndgain_vulnerability,0.36544893052179,0.364325516897426,0.991228048510415,0.993856069813475,0.361014534606859,0.361777342806735,0.991228048510415,0.993856069813475,0.546925633148677,0.215888069188545,0.329659506269779,0.446586359830482,0.33890203352977,0.374990954247083
2011,pangasius_basa_swai,89005791,317104523,0,0,0,0,0,0,1,1,1,0,0.924346090615218,0.915791677291041,7,0.472589145687515,0.471945463604411,0.556999841390261,0.555818056739375,1,1,1,1,0.472589145687515,0.471945463604411,0.556999841390261,0.555818056739375,ndgain_combined_vuln_readiness,ndgain_vulnerability,0.556999841390261,0.555818056739375,1,1,0.472589145687515,0.471945463604411,1,1,1,0.916482222273184,0.99746704898377,0.979361817916786,0.970526804109555,0.964618835313624
2011,pollock,75977075,202835474,304776173,926764712,1282139848.78265,414212976,977363675.782651,0,0.0721296265653329,1,0.055942955771722,0.927870373434667,0.920345832534957,0.887654238816603,14,0.388735134127713,0.38767732460221,0.410359863046711,0.40885808837462,1,1,1,1,0.388735134127713,0.38767732460221,0.410359863046711,0.40885808837462,ndgain_combined_vuln_readiness,ndgain_vulnerability,0.410359863046711,0.40885808837462,1,1,0.388735134127713,0.38767732460221,1,1,0.0721296265653329,0.912066156164849,0.486233334890492,0.578953884710075,0.317439951928193,0.336455784232102
2011,reef_fish_other,1788343,13192948,451983,1651690,16425331.3202571,54377397,15973348.3202571,52725707,0.100685400267057,0.200139823848044,0.0981868330659136,0.899314599732943,0.535189379888792,0.772124538738411,18,0.320378099043453,0.333544697906975,0.394903839725103,0.420122704313448,0.968082744753104,0.981558784283846,0.968082744753104,0.981558784283846,0.33094082172197,0.339811230104096,0.407923642752065,0.428015836687736,ndgain_combined_vuln_readiness,ndgain_vulnerability,0.407923642752065,0.428015836687736,0.968082744753104,0.981558784283846,0.33094082172197,0.339811230104096,0.968082744753104,0.981558784283846,0.100685400267057,0.486874500323968,0.477739894263655,0.302982577541514,0.286104713731928,0.245810480290764
2011,sablefish,833155,1941365,13088243,104099568,19509579.3600862,184561218,6421336.3600862,80461650,0.114846783688236,0.0235593928207603,0.040955900286183,0.885153216311764,0.99443915473321,0.99489197403988,2,0.283209819704061,0.283186262183012,0.306731696150701,0.306701177904662,1,1,1,1,0.283209819704061,0.283186262183012,0.306731696150701,0.306701177904662,ndgain_combined_vuln_readiness,ndgain_vulnerability,0.306731696150701,0.306701177904662,1,1,0.283209819704061,0.283186262183012,1,1,0.114846783688236,0.993861131001138,0.124952507892497,0.075064180885602,0.242510105270961,0.204625190956411
2011,salmon,240314704,1989956677,228620166,1006085904,354132708.365883,665621493,125512542.365883,0,0.656907615239924,1,0.404265707951448,0.343092384760076,0.2129885175324,0.21188556120419,32,0.300361075163467,0.303756874198668,0.329408984962867,0.334376123763941,0.93537138701259,0.949321681137283,0.93537138701259,0.949321681137283,0.321114243319723,0.319972544854099,0.352169191335797,0.352226363737274,ndgain_combined_vuln_readiness,ndgain_vulnerability,0.352169191335797,0.352226363737274,0.93537138701259,0.949321681137283,0.321114243319723,0.319972544854099,0.93537138701259,0.949321681137283,0.656907615239924,0.131182372521216,0.283362101817495,0.256060076454829,0.290117447363985,0.280483434153166
2011,scallops,25765942,300379106,14576618,215693739,26958358.0477642,588275139,12381740.0477642,372581400,0.675426149555792,0.446354731550918,0.488691968914865,0.324573850444208,0.283515221431161,0.213649701414551,19,0.38163323874227,0.366384755578154,0.416949647899434,0.389907644432496,0.997248654832802,0.996537442254722,0.997248654832802,0.996537442254722,0.382686140405227,0.367657791913155,0.418099985273322,0.391262413131521,ndgain_combined_vuln_readiness,ndgain_vulnerability,0.418099985273322,0.391262413131521,0.997248654832802,0.996537442254722,0.382686140405227,0.367657791913155,0.997248654832802,0.996537442254722,0.675426149555792,0.209039995847243,0.513217868563673,0.550069576978733,0.416904269230256,0.426653155026292
2011,sea_cucumber_urchin_other_inverts,3124632,9054674,837060,30378444,8073982.74135145,28220613,7236922.74135145,0,0.301560149803586,1,0.279019510195501,0.698439850196414,0.688383078357261,0.514161289687736,5,0.27767525697601,0.276334862625608,0.295893718238638,0.290957894278365,1,1,1,1,0.27767525697601,0.276334862625608,0.295893718238638,0.290957894278365,ndgain_combined_vuln_readiness,ndgain_vulnerability,0.295893718238638,0.290957894278365,1,1,0.27767525697601,0.276334862625608,1,1,0.301560149803586,0.655991963808442,0.0871678616873262,0.0486363119987187,0.258350686939087,0.212688676327313
2011,sharks_rays_skates,233527,3377177,4378221,18321825,39227293.6614782,23002819,34849072.6614782,4680994,0.00665649074622083,0.419099693962811,0.00591794585326427,0.993343509253779,0.164592306198357,0.317036032772771,13,0.263719124455453,0.197110347498634,0.28954937189319,0.208050545938647,0.785065538460221,0.538771879590557,0.785065538460221,0.538771879590557,0.335919883800651,0.365851216378311,0.36882191066633,0.386157024558809,ndgain_combined_vuln_readiness,ndgain_vulnerability,0.36882191066633,0.386157024558809,0.785065538460221,0.538771879590557,0.335919883800651,0.365851216378311,0.785065538460221,0.538771879590557,0.00665649074622083,0.0777556024588928,0.341418790377256,0.326757897519025,0.0561161861927122,0.0553011766684921
2011,shrimp,576987253,5166113964,7461248,71081466,144840610.740092,526910317,137379362.740092,455828851,0.807690673509756,0.918919692711247,0.799341895740056,0.192309326490244,0.15992104098624,0.168450399100309,49,0.445764513556972,0.448972469806077,0.512574948454776,0.512537931293589,0.999061845825561,0.999081423671048,0.999061845825561,0.999081423671048,0.446183102096769,0.449385264472601,0.513056274340271,0.513009169373111,ndgain_combined_vuln_readiness,ndgain_vulnerability,0.513056274340271,0.513009169373111,0.999061845825561,0.999081423671048,0.446183102096769,0.449385264472601,0.999061845825561,0.999081423671048,0.807690673509756,0.0725987811807705,0.844265764809811,0.853271376426141,0.367184656863707,0.368485603537176
2011,small_pelagics_other,43833143,141274593,86434357,86544096,892171900.309439,152508553,805737543.309439,65964457,0.051594462599001,0.681698709775016,0.0468300286556351,0.948405537400999,0.140981625514157,0.11880420665145,45,0.361673599256377,0.362514919195718,0.428110967553055,0.439513960910436,0.999673283752433,0.999391206881764,0.999673283752433,0.999391206881764,0.361791802516496,0.362735750224193,0.428250884074917,0.439781696981084,ndgain_combined_vuln_readiness,ndgain_vulnerability,0.428250884074917,0.439781696981084,0.999673283752433,0.999391206881764,0.361791802516496,0.362735750224193,0.999673283752433,0.999391206881764,0.051594462599001,0.0516907024768898,0.54860713794536,0.45029786070511,0.113525213454818,0.10629311561458
2011,snapper_grouper,18333902,110707073,0,0,8322499.1969889,54382124,8322499.1969889,54382124,0.687786091772621,0.67058944505012,0.687786091772621,0.312213908227379,0.193821942245028,0.191583803376149,35,0.408210208563231,0.407465209460519,0.49073716516646,0.489069516143486,1,1,1,1,0.408210208563231,0.407465209460519,0.49073716516646,0.489069516143486,ndgain_combined_vuln_readiness,ndgain_vulnerability,0.49073716516646,0.489069516143486,1,1,0.408210208563231,0.407465209460519,1,1,0.687786091772621,0.110023521806795,0.766454234781835,0.671948532893502,0.387086822184804,0.370474494353126
2011,squid_octopus,85826040,378810007,150118318,211861045,150204116.440711,110742360,85798.4407114089,0,0.999001319931355,1,0.363623196689101,0.00099868006864523,0.262462904530924,0.23833516380434,34,0.394901615069397,0.390448077567619,0.427145669861585,0.423304953312171,0.960514373027114,0.953127505419887,0.960514373027114,0.953127505419887,0.411135560444392,0.409649365218574,0.44470513076802,0.444122062268773,ndgain_combined_vuln_readiness,ndgain_vulnerability,0.44470513076802,0.444122062268773,0.960514373027114,0.953127505419887,0.411135560444392,0.409649365218574,0.960514373027114,0.953127505419887,0.999001319931355,0.185799389541416,0.605971887616928,0.685917263534405,0.482711457443515,0.503068772139188
2011,swordfish,9256625,68612411,269203,1805456,3942996.37219103,26291852,3673793.37219103,24486396,0.715879775391327,0.736984857389204,0.701279585147939,0.284120224608673,0.112572727118425,0.135564640857638,24,0.38600582467099,0.381028239636302,0.427049777920117,0.413994976970699,0.999863017028345,0.99987987596005,0.999863017028345,0.99987987596005,0.386058708140064,0.381074015786598,0.427108284482144,0.414044713694428,ndgain_combined_vuln_readiness,ndgain_vulnerability,0.427108284482144,0.414044713694428,0.999863017028345,0.99987987596005,0.386058708140064,0.381074015786598,0.999863017028345,0.99987987596005,0.715879775391327,0.0203288326016535,0.54462367149826,0.566173790136652,0.19938065365488,0.20197646389513
2011,tilapia,196462331,864132236,1471412,5504649,39906.60312023,58867,0,0,1,1,0.999796915273805,0,0.551748648871389,0.456855306992669,26,0.374651038507224,0.391066679353371,0.408575833634564,0.433417410120374,0.928848594390342,0.957174929416706,0.928848594390342,0.957174929416706,0.403349954739534,0.40856343739768,0.43987344773099,0.452808986947135,ndgain_combined_vuln_readiness,ndgain_vulnerability,0.43987344773099,0.452808986947135,0.928848594390342,0.957174929416706,0.403349954739534,0.40856343739768,0.928848594390342,0.957174929416706,1,0.505155027496372,0.589127100184165,0.648740529457449,0.667643400102571,0.689443323320395
2011,toothfish,9877230,188560727,246457,797812,0,0,0,0,1,1,1,0,0.174998034788816,0.148973147085977,23,0.317612987001885,0.310642184896948,0.35792094533482,0.348052368778794,0.902398040746242,0.885638784156788,0.902398040746242,0.885638784156788,0.351965510407396,0.350754947111659,0.39663311440574,0.39299585226518,ndgain_combined_vuln_readiness,ndgain_vulnerability,0.39663311440574,0.39299585226518,0.902398040746242,0.885638784156788,0.351965510407396,0.350754947111659,0.902398040746242,0.885638784156788,1,0.0892429576342003,0.438377512969216,0.403376726685373,0.33947469578791,0.330188237051361
2011,trout,5026534,37926837,228268,1257600,772784.41358426,1842726,544516.41358426,585126,0.902259650665424,0.984806643068285,0.866745648631036,0.0977403493345761,0.322453035572474,0.374818491865576,16,0.332533492592283,0.332527846952169,0.385891734269909,0.38440474179175,1,1,1,1,0.332533492592283,0.332527846952169,0.385891734269909,0.38440474179175,ndgain_combined_vuln_readiness,ndgain_vulnerability,0.385891734269909,0.38440474179175,1,1,0.332533492592283,0.332527846952169,1,1,0.902259650665424,0.252025212778761,0.400929637407864,0.310587676446123,0.450071205939431,0.41335187814652
2011,tuna,294860741,1370560785,18556087,63296481,22605146.7975087,135972514,4049059.79750866,72676033,0.986453907544331,0.94964372298878,0.928795036990157,0.013546092455669,0.222579903416084,0.186650203310963,66,0.441885141353334,0.441390544293454,0.51745345426405,0.516644704073121,0.997832641273869,0.996719257511808,0.997832641273869,0.996719257511808,0.442844945209657,0.442843399449643,0.518577397511722,0.518345261395735,ndgain_combined_vuln_readiness,ndgain_vulnerability,0.518577397511722,0.518345261395735,0.997832641273869,0.996719257511808,0.442844945209657,0.442843399449643,0.997832641273869,0.996719257511808,0.986453907544331,0.141770737892416,0.863514160348269,0.837331477129435,0.494285215282914,0.489238100835953
2012,catfish_other,3786819,24465169,0,0,5466722.4587822,5765193,5466722.4587822,5765193,0.409229160194238,0.809291301242109,0.409229160194238,0.590770839805762,0.629428809643267,0.750377389963372,19,0.386651837899321,0.387463049918114,0.416561608008564,0.412355589705589,0.989896797285532,0.994407600454344,0.989896797285532,0.994407600454344,0.390598129986466,0.389642084132385,0.420813168757438,0.414674615838802,ndgain_combined_vuln_readiness,ndgain_vulnerability,0.420813168757438,0.414674615838802,0.989896797285532,0.994407600454344,0.390598129986466,0.389642084132385,0.989896797285532,0.994407600454344,0.409229160194238,0.590909675919525,0.522676891166306,0.587849801643568,0.501849687107442,0.521896859224193
2012,clams,21034848,63970475,6379768,74629055,35341837.2957912,199561428,28962069.2957912,124932373,0.420722899285047,0.338642194531657,0.373112535610006,0.579277100714953,0.377288264683182,0.27650169759844,20,0.384799730174377,0.364893687512573,0.413232496317238,0.393473292447359,0.999217726698096,0.999298879678477,0.999217726698096,0.999298879678477,0.385100984393005,0.365149701388615,0.413556010142815,0.393749358123927,ndgain_combined_vuln_readiness,ndgain_vulnerability,0.413556010142815,0.393749358123927,0.999217726698096,0.999298879678477,0.385100984393005,0.365149701388615,0.999217726698096,0.999298879678477,0.420722899285047,0.312560306255219,0.497376122615823,0.561600601817934,0.402907144865292,0.419552048871029
2012,cod,51382167,344354653,111059591,363573952,330584084.90285,194192164,219524493.90285,0,0.189667418397018,1,0.134520174868927,0.810332581602982,0.44855903198943,0.370731774863514,29,0.364067259139389,0.357077026197567,0.382491447187196,0.373917694595877,0.999946693567829,0.999888954600535,0.999946693567829,0.999888954600535,0.364086667300624,0.357116682362216,0.382511837528518,0.373959221046962,ndgain_combined_vuln_readiness,ndgain_vulnerability,0.382511837528518,0.373959221046962,0.999946693567829,0.999888954600535,0.364086667300624,0.357116682362216,0.999946693567829,0.999888954600535,0.189667418397018,0.391239334883184,0.389146239838716,0.461255977652759,0.306795765540701,0.324682651623709
2012,crab,96304526,1348997929,36209626,293548743,169407232.4663,718979455,133197606.4663,425430712,0.419623665214271,0.760243549856001,0.362439835391079,0.580376334785729,0.222303539115351,0.168423423725111,40,0.352897697958644,0.372509191223887,0.390264183130298,0.412663263266566,0.993599044348134,0.995415936624466,0.993599044348134,0.995415936624466,0.355171132627415,0.374224660785616,0.392778339864786,0.414563649308187,ndgain_combined_vuln_readiness,ndgain_vulnerability,0.392778339864786,0.414563649308187,0.993599044348134,0.995415936624466,0.355171132627415,0.374224660785616,0.993599044348134,0.995415936624466,0.419623665214271,0.141465646821407,0.42493853999728,0.418683764999744,0.293277690700484,0.291831630167309
2012,crawfish_freshwater,9263018,95108474,76281,252520,0,0,0,0,1,1,1,0,0.854066172232484,0.827111504838534,5,0.385474180668094,0.385053654715213,0.409341321420869,0.40835559836168,1,1,1,1,0.385474180668094,0.385053654715213,0.409341321420869,0.40835559836168,ndgain_combined_vuln_readiness,ndgain_vulnerability,0.409341321420869,0.40835559836168,1,1,0.385474180668094,0.385053654715213,1,1,1,0.838897036657798,0.482682374066439,0.563382636408875,0.739815399078114,0.778940059417834
2012,eel_sturgeon_shad,2938397,57665898,1541616,4142505,3103408.23513028,42117077,1561792.23513028,37974572,0.652949653108295,0.602944527562443,0.486344210984259,0.347050346891705,0.654298457788591,0.878724446231137,24,0.382880639111049,0.387324727340489,0.407970819478127,0.408103527435551,0.980812667587123,0.993202498988224,0.980812667587123,0.993202498988224,0.390370813677361,0.389975586786237,0.415951825420207,0.410896597472606,ndgain_combined_vuln_readiness,ndgain_vulnerability,0.415951825420207,0.410896597472606,0.980812667587123,0.993202498988224,0.390370813677361,0.389975586786237,0.980812667587123,0.993202498988224,0.652949653108295,0.618364407113669,0.505728698471183,0.586764352637375,0.588862537575595,0.618770072293466
2012,flatfish,26498363,147140627,81506387,124695521,314100209.776174,195026932,232593822.776174,70331411,0.102273879548384,0.676595613639304,0.0777993952940417,0.897726120451616,0.453548852251884,0.35097800706388,37,0.374865810816259,0.368437887363573,0.403881095513069,0.395061334114849,0.999299579374017,0.999306105987981,0.999299579374017,0.999306105987981,0.375128558596095,0.36869372172935,0.404164180441334,0.395335655158701,ndgain_combined_vuln_readiness,ndgain_vulnerability,0.404164180441334,0.395335655158701,0.999299579374017,0.999306105987981,0.375128558596095,0.36869372172935,0.999299579374017,0.999306105987981,0.102273879548384,0.396747823512064,0.464633210112312,0.513981670676516,0.266152067291106,0.275259492611353
2012,halibut,5880387,86154706,4956488,48763609,19726935.3806818,152503323,14770447.3806818,103739714,0.284752997946704,0.45369793383081,0.229636934021504,0.715247002053296,0.45150538161857,0.523325087596827,12,0.316393492565548,0.312093721353399,0.341554400827033,0.335021144799305,1,1,1,1,0.316393492565548,0.312093721353399,0.341554400827033,0.335021144799305,ndgain_combined_vuln_readiness,ndgain_vulnerability,0.341554400827033,0.335021144799305,1,1,0.316393492565548,0.312093721353399,1,1,0.284752997946704,0.394491943709789,0.246355558053531,0.233518208540554,0.302475081793383,0.297127191513313
2012,herring,16942873,52809956,38120084,55887341,124937050.119271,52792074,86816966.1192714,0,0.163289314476714,1,0.119416987460283,0.836710685523286,0.441209331187671,0.391460766210917,39,0.301560158292199,0.303883951262968,0.327367536070733,0.328660369766322,0.99726805483344,0.99786150172138,0.99726805483344,0.99786150172138,0.302386260976308,0.30453519926237,0.328264336237472,0.329364715643765,ndgain_combined_vuln_readiness,ndgain_vulnerability,0.328264336237472,0.329364715643765,0.99726805483344,0.99786150172138,0.302386260976308,0.30453519926237,0.99726805483344,0.99786150172138,0.163289314476714,0.38312566722329,0.200022155952616,0.166632837807928,0.232162660870351,0.218450579689568
2012,inland_freshwater_other,9391774,90077246,525028,1367671,4593870.57885987,8658118,4068842.57885987,7290447,0.69772242192456,0.925124579053136,0.671529577849864,0.30227757807544,0.584187244858397,0.626469470906083,25,0.307897617355419,0.301513464954197,0.34339406135166,0.335639332892668,0.990913644216737,0.996826845705296,0.990913644216737,0.996826845705296,0.310720938350582,0.302473259275901,0.346542873191633,0.336707758562811,ndgain_combined_vuln_readiness,ndgain_vulnerability,0.346542873191633,0.336707758562811,0.990913644216737,0.996826845705296,0.310720938350582,0.302473259275901,0.990913644216737,0.996826845705296,0.69772242192456,0.540965463089776,0.263746963067458,0.206431422029479,0.463461036799627,0.427112886103666
2012,large_pelagics_other,25261586,232655422,1569609,10572116,2724591.47450952,14991485,1154982.47450952,4419369,0.956278103432548,0.981358756106633,0.902645101247173,0.043721896567452,0.202536228401891,0.227938441587856,41,0.383149906174615,0.371545510486387,0.473740486573887,0.459404441174462,0.867694767858202,0.840718571347114,0.867694767858202,0.840718571347114,0.441572221439543,0.441938031523492,0.545975963118064,0.546442599023763,ndgain_combined_vuln_readiness,ndgain_vulnerability,0.545975963118064,0.546442599023763,0.867694767858202,0.840718571347114,0.441572221439543,0.441938031523492,0.867694767858202,0.840718571347114,0.956278103432548,0.119643617056534,0.959034294857174,0.831254144812771,0.478743210396585,0.456459786883715
2012,lobster,56364628,1109075038,49165901,511842437,70613213.0992342,469451605,21447312.0992342,0,0.724369909401022,1,0.443893418820616,0.275630090598978,0.693338986515284,0.626497751321588,44,0.305833767080711,0.311597499210165,0.341214257984601,0.349720146026856,0.996798417617518,0.996091828910138,0.996798417617518,0.996091828910138,0.30681606398583,0.312820053499581,0.342310192265502,0.351092274704731,ndgain_combined_vuln_readiness,ndgain_vulnerability,0.342310192265502,0.351092274704731,0.996798417617518,0.996091828910138,0.30681606398583,0.312820053499581,0.996798417617518,0.996091828910138,0.724369909401022,0.661463015329006,0.248990487958275,0.187785412795838,0.492284590044655,0.448101028004314
2012,mackerel,21837415,74263710,25608959,47514472,62939765.5747715,51496091,37330806.5747715,3981619,0.369073371123785,0.949113652522312,0.25758600193999,0.630926628876215,0.138251513554986,0.106747915972845,54,0.370690887342258,0.375011969350263,0.402161609532884,0.406616586087767,0.964880870744088,0.97187435155071,0.964880870744088,0.97187435155071,0.384183061952914,0.385864663216905,0.416799235767571,0.418383904708438,ndgain_combined_vuln_readiness,ndgain_vulnerability,0.416799235767571,0.418383904708438,0.964880870744088,0.97187435155071,0.384183061952914,0.385864663216905,0.964880870744088,0.97187435155071,0.369073371123785,0.0486768082098315,0.508683041100919,0.557217467126535,0.209071108241757,0.215519469295457
2012,misc_marine_fish_other,0,0,0,0,21079582.3010419,37006163,21079582.3010419,37006163,0,0,0,1,,,,,,,,,,,,,,,,,,,,,,,,,,0,,,,,
2012,mussels,34283267,108142228,422276,1767705,1610671.57925751,9452926,1188395.57925751,7685221,0.966497325108397,0.933649397734729,0.955126919947751,0.0335026748916032,0.356615102819792,0.358590340566692,17,0.30380624836058,0.304316385923558,0.314607240154147,0.306789957937485,0.999952250758366,0.999839341205361,0.999952250758366,0.999839341205361,0.303820755571251,0.304365284883357,0.314622263128612,0.306839254362238,ndgain_combined_vuln_readiness,ndgain_vulnerability,0.314622263128612,0.306839254362238,0.999952250758366,0.999839341205361,0.303820755571251,0.304365284883357,0.999952250758366,0.999839341205361,0.966497325108397,0.289738266370464,0.152461539931283,0.173482635513166,0.349506780224025,0.364883457911987
2012,other_groundfish,64156941,292700761,62270499,166436533,247716080.107183,158559077,185445581.107183,0,0.257036429193011,1,0.205714943768576,0.742963570806989,0.219529352574525,0.205792245050179,41,0.328452801890286,0.337966165057822,0.347918155282076,0.353045223776062,0.998204153779713,0.998558589330077,0.998204153779713,0.998558589330077,0.329043713800023,0.338454016288178,0.348544086863073,0.353554841496998,ndgain_combined_vuln_readiness,ndgain_vulnerability,0.348544086863073,0.353554841496998,0.998204153779713,0.998558589330077,0.329043713800023,0.338454016288178,0.998204153779713,0.998558589330077,0.257036429193011,0.13840309662706,0.270723831923421,0.293923773460862,0.212759515003333,0.218671273222972
2012,other_shellfish_specialty,7630727,48237216,2585486,22480982,1959342.1373757,12874128,0,0,1,1,0.795690509702429,0,0.295892044053031,0.168254763939631,32,0.399348475468584,0.379368054714002,0.440212044032512,0.419989142620473,0.986358442649043,0.956938207213285,0.986358442649043,0.956938207213285,0.404871553992139,0.396439448079689,0.446300274827316,0.438888466835836,ndgain_combined_vuln_readiness,ndgain_vulnerability,0.446300274827316,0.438888466835836,0.986358442649043,0.956938207213285,0.404871553992139,0.396439448079689,0.986358442649043,0.956938207213285,1,0.222703331015294,0.611533068347858,0.656006257125944,0.514496257166026,0.526677661068453
2012,oysters,8959824,52921094,3658451,26536736,15978868.0615364,164967850,12320417.0615364,138431114,0.421039591332201,0.276563801134712,0.359274013965591,0.578960408667799,0.300107437867784,0.330777162908719,12,0.353356846290108,0.351920646489435,0.371680502480316,0.3675971889751,0.994233480479081,0.995689242554207,0.994233480479081,0.995689242554207,0.355406303678126,0.353444258960421,0.373836236435347,0.369188671790925,ndgain_combined_vuln_readiness,ndgain_vulnerability,0.373836236435347,0.369188671790925,0.994233480479081,0.995689242554207,0.355406303678126,0.353444258960421,0.994233480479081,0.995689242554207,0.421039591332201,0.227356895206682,0.358900328601181,0.419806720868083,0.325088525325631,0.342525953656018
2012,pangasius_basa_swai,103972119,344469622,735975,4506126,0,0,0,0,1,1,1,0,0.985579266698396,0.977165960611059,7,0.471572878718946,0.47121799366583,0.557726381663184,0.557083580998862,1,1,1,1,0.471572878718946,0.47121799366583,0.557726381663184,0.557083580998862,ndgain_combined_vuln_readiness,ndgain_vulnerability,0.557726381663184,0.557083580998862,1,1,0.471572878718946,0.47121799366583,1,1,1,0.984080299242496,1,0.97450908220502,0.994665021702099,0.986140532296493
2012,pollock,58321546,158010585,315646087,940465697,1309543051.21797,466354820,993896964.217967,0,0.0554272191884542,1,0.0426369292096728,0.944572780811546,0.836196840197948,0.788885315305311,22,0.388154109767526,0.385799371448446,0.409337034254001,0.406578490324956,0.999124097293306,0.998350249763331,0.999124097293306,0.998350249763331,0.388494393057941,0.386436895808765,0.409695887991214,0.407250351689039,ndgain_combined_vuln_readiness,ndgain_vulnerability,0.409695887991214,0.407250351689039,0.999124097293306,0.998350249763331,0.388494393057941,0.386436895808765,0.999124097293306,0.998350249763331,0.0554272191884542,0.819170271535897,0.483918506168328,0.57780433166673,0.280084989678875,0.297138793454295
2012,reef_fish_other,4243385,33136107,786585,3685332,16753727.206621,59173528,15967142.206621,55488196,0.209959144391338,0.373894133756967,0.202093743093964,0.790040855608662,0.297486814666391,0.372750890606102,34,0.326723255137001,0.336722616996693,0.405295317320205,0.421853243622682,0.943137848675055,0.967980276017337,0.943137848675055,0.967980276017337,0.346421528513558,0.347861031200043,0.429730731185875,0.435807685419332,ndgain_combined_vuln_readiness,ndgain_vulnerability,0.429730731185875,0.435807685419332,0.943137848675055,0.967980276017337,0.346421528513558,0.347861031200043,0.943137848675055,0.967980276017337,0.209959144391338,0.224463870539225,0.553766356757115,0.37690388071707,0.296621483759951,0.260917945553619
2012,sablefish,691457,1997337,10143738,103698232,19559873.2284794,148494403,9416135.22847943,44796171,0.0684096651675096,0.0426840620711745,0.0341437817762512,0.93159033483249,0.994853194994418,0.9911496777816,2,0.282901643721482,0.283092847962353,0.30722199866794,0.307462468941157,1,1,1,1,0.282901643721482,0.283092847962353,0.30722199866794,0.307462468941157,ndgain_combined_vuln_readiness,ndgain_vulnerability,0.30722199866794,0.307462468941157,1,1,0.282901643721482,0.283092847962353,1,1,0.0684096651675096,0.9943182088017,0.126661858778586,0.073592622090106,0.205004268976435,0.171064166170341
2012,salmon,280796088,2031971086,174194459,892101215,288860677.418778,580713223,114666218.418778,0,0.710045138164568,1,0.492921536345795,0.289954861835432,0.258332990412688,0.255083343614182,39,0.307447428534041,0.311810957094969,0.340035980030454,0.345187327060446,0.956451914671974,0.965492517839892,0.956451914671974,0.965492517839892,0.321445776643652,0.322955332468643,0.355518113157914,0.357524600845937,ndgain_combined_vuln_readiness,ndgain_vulnerability,0.355518113157914,0.357524600845937,0.956451914671974,0.965492517839892,0.321445776643652,0.322955332468643,0.956451914671974,0.965492517839892,0.710045138164568,0.181240190259283,0.295037510943088,0.257643167955813,0.336103138321429,0.321257320459361
2012,scallops,15632229,224739993,13043602,193645134,26041496.821735,564925426,12997894.821735,371280292,0.546006335750897,0.377067691580329,0.375109944977537,0.453993664249103,0.19604322492148,0.25177448191036,16,0.37187668060923,0.355126228066873,0.396502485652662,0.36211473773496,0.997754766770625,0.995968220929864,0.997754766770625,0.995968220929864,0.372713509365494,0.356563814591712,0.397394729504524,0.363580614446593,ndgain_combined_vuln_readiness,ndgain_vulnerability,0.397394729504524,0.363580614446593,0.997754766770625,0.995968220929864,0.372713509365494,0.356563814591712,0.997754766770625,0.995968220929864,0.546006335750897,0.112475696378459,0.441032746010431,0.502449665790527,0.300314109170769,0.313653143775547
2012,sea_cucumber_urchin_other_inverts,6276739,31925641,4242965,71113261,8048524.8695852,28973263,3805559.8695852,0,0.622550380740522,1,0.43815870040108,0.377449619259478,0.648060430172742,0.446725346862785,23,0.305156046902993,0.357623448446014,0.336373815852521,0.404267694513412,0.997746281946724,0.993410938875119,0.997746281946724,0.993410938875119,0.305845336058378,0.359995480672849,0.337133619978232,0.40694910705451,ndgain_combined_vuln_readiness,ndgain_vulnerability,0.337133619978232,0.40694910705451,0.997746281946724,0.993410938875119,0.305845336058378,0.359995480672849,0.997746281946724,0.993410938875119,0.622550380740522,0.611477965843008,0.230943306646686,0.18315012873599,0.444651981155294,0.411579922605939
2012,sharks_rays_skates,252903,1357097,9784421,37010571,41163071.2216401,25390875,31378650.2216401,0,0.00799527605324742,1,0.00610641195222342,0.992004723946753,0.18985391273742,0.263446612546916,10,0.270857987163909,0.26349460392485,0.301325680884088,0.263272430574336,0.789476597746962,0.80790245649353,0.789476597746962,0.80790245649353,0.343085517590887,0.32614655619253,0.381677787212468,0.325871555975946,ndgain_combined_vuln_readiness,ndgain_vulnerability,0.381677787212468,0.325871555975946,0.789476597746962,0.80790245649353,0.343085517590887,0.32614655619253,0.789476597746962,0.80790245649353,0.00799527605324742,0.105643034279781,0.38623847453739,0.360974228529244,0.0688403845441565,0.0673054412115944
2012,shrimp,534799218,4463388515,11338733,110421678,142046869.108776,504667346,130708136.108776,394245668,0.803596255846315,0.91883998400297,0.790134165190279,0.196403744153685,0.137995470975133,0.144768309910429,55,0.451278548531504,0.452384909061599,0.513655115695156,0.512205032266628,0.999160223155001,0.999013249242095,0.999160223155001,0.999013249242095,0.451657840327673,0.452831741125358,0.514086833914597,0.51271095018531,ndgain_combined_vuln_readiness,ndgain_vulnerability,0.514086833914597,0.51271095018531,0.999160223155001,0.999013249242095,0.451657840327673,0.452831741125358,0.999160223155001,0.999013249242095,0.803596255846315,0.0483941512070849,0.847858624033662,0.879413579751988,0.320664887640178,0.324594619339427
2012,small_pelagics_other,43699660,162839326,116182655,106480413,907601887.583848,149722291,791419232.583848,43241878,0.0523274714391789,0.790170684367702,0.0459367065164459,0.947672528560821,0.112788037747919,0.121652787194903,43,0.375104413199358,0.371931234254436,0.444981864919926,0.45060577334489,0.999198437699515,0.999107623425069,0.999198437699515,0.999107623425069,0.375405323954441,0.372263433422126,0.445338831738389,0.45100824253563,ndgain_combined_vuln_readiness,ndgain_vulnerability,0.445338831738389,0.45100824253563,0.999198437699515,0.999107623425069,0.375405323954441,0.372263433422126,0.999198437699515,0.999107623425069,0.0523274714391789,0.0205665237592231,0.6081811712268,0.515303241857873,0.0868242826574618,0.0821582484515364
2012,snapper_grouper,20229983,128201898,0,0,8822767.58263901,60172086,8822767.58263901,60172086,0.696319026401885,0.680571145110994,0.696319026401885,0.303680973598115,0.19540509221619,0.199575675429152,42,0.40337657587004,0.403109154969109,0.483486262155492,0.48118780369399,0.999933613389591,0.999860251678957,0.999933613389591,0.999860251678957,0.403403356451502,0.403165496670371,0.483518361300569,0.481255058280378,ndgain_combined_vuln_readiness,ndgain_vulnerability,0.483518361300569,0.481255058280378,0.999933613389591,0.999860251678957,0.403403356451502,0.403165496670371,0.999933613389591,0.999860251678957,0.696319026401885,0.111771232777383,0.74128718311313,0.648995525834143,0.386403986285732,0.369652234077953
2012,squid_octopus,91464825,427552014,116241295,179119564,117533343.998216,100527853,1292048.99821554,0,0.986070584933248,1,0.437634575644445,0.0139294150667518,0.225731116469073,0.212148553118239,41,0.384716867962201,0.386886353159487,0.419733517184446,0.419971037545983,0.939947078016057,0.949020576944353,0.939947078016057,0.949020576944353,0.409296307164677,0.407669088066752,0.446550159047652,0.442531013287617,ndgain_combined_vuln_readiness,ndgain_vulnerability,0.446550159047652,0.442531013287617,0.939947078016057,0.949020576944353,0.409296307164677,0.407669088066752,0.939947078016057,0.949020576944353,0.986070584933248,0.145249504733013,0.612404244404335,0.677134718839459,0.444310883983013,0.459443997523119
2012,swordfish,8992566,77007381,167617,1087207,4094091.61937699,27298555,3926474.61937699,26211348,0.696070727304026,0.74606015542005,0.68715528911561,0.303929272695974,0.129557335787477,0.130356357804008,25,0.3920994878349,0.38476598122439,0.443487870458036,0.424820559337644,0.997447669552828,0.999507190096492,0.997447669552828,0.999507190096492,0.393102816121356,0.384955691201425,0.444622694498709,0.42503001833997,ndgain_combined_vuln_readiness,ndgain_vulnerability,0.444622694498709,0.42503001833997,0.997447669552828,0.999507190096492,0.393102816121356,0.384955691201425,0.997447669552828,0.999507190096492,0.696070727304026,0.0390789115220199,0.605684488500999,0.599809828122292,0.254456818879205,0.253631468069324
2012,tilapia,231030087,986127852,1437370,6446014,92029.3559493,122156,0,0,1,1,0.999601815017099,0,0.586445569719531,0.466833168359858,33,0.379674545479451,0.392078888947116,0.410860126432344,0.431343276117328,0.944678179513476,0.961688873381502,0.944678179513476,0.961688873381502,0.401908876179387,0.407698268951042,0.434920733157977,0.448526844862657,ndgain_combined_vuln_readiness,ndgain_vulnerability,0.434920733157977,0.448526844862657,0.944678179513476,0.961688873381502,0.401908876179387,0.407698268951042,0.944678179513476,0.961688873381502,1,0.543458530207139,0.571860358231479,0.64185929292358,0.677358836267834,0.703939628149299
2012,toothfish,7995577,163029409,545430,1693849,0,0,0,0,1,1,1,0,0.108833115201298,0.112107084143295,24,0.305789596320678,0.305261482322729,0.333441713210633,0.332661070548635,0.883783997077384,0.881352014224624,0.883783997077384,0.881352014224624,0.346000377164447,0.346355913864094,0.377288697592741,0.377444046396486,ndgain_combined_vuln_readiness,ndgain_vulnerability,0.377288697592741,0.377444046396486,0.883783997077384,0.881352014224624,0.346000377164447,0.346355913864094,0.883783997077384,0.881352014224624,1,0.0162005056001943,0.370936708858426,0.374892857772217,0.181806522942076,0.182450578641944
2012,trout,9385407,72415016,807239,5909347,915344.8667363,2366297,108105.8667363,0,0.988612659164861,1,0.911138052971436,0.0113873408351386,0.4473521094414,0.497579902044456,24,0.347323318931437,0.345870192937957,0.408996434258561,0.404981543790182,1,1,1,1,0.347323318931437,0.345870192937957,0.408996434258561,0.404981543790182,ndgain_combined_vuln_readiness,ndgain_vulnerability,0.408996434258561,0.404981543790182,1,1,0.347323318931437,0.345870192937957,1,1,0.988612659164861,0.389906958408267,0.481479987466812,0.381209984035108,0.570411751994867,0.527696005270251
2012,tuna,276178482,1715216385,20149225,73740049,27054946.4606244,163951001,6905721.46062439,90210952,0.975605415716582,0.950033462908621,0.910778483104683,0.0243945842834178,0.184474480265708,0.154110774164919,67,0.442429404404577,0.442452260392575,0.512805614952852,0.512415733939688,0.994878283095205,0.992608933128866,0.994878283095205,0.992608933128866,0.444707068113014,0.445746804834703,0.515445581300098,0.51623123350751,ndgain_combined_vuln_readiness,ndgain_vulnerability,0.515445581300098,0.51623123350751,0.994878283095205,0.992608933128866,0.444707068113014,0.445746804834703,0.994878283095205,0.992608933128866,0.975605415716582,0.0997044350834881,0.852595650595254,0.846223225648564,0.436091140891005,0.435001953067009
2013,catfish_other,6872401,26695874,0,0,3935469.46040325,4350346,3935469.46040325,4350346,0.63587003796709,0.8598751796515,0.63587003796709,0.36412996203291,0.804720227445592,0.815380064243291,16,0.389713233665417,0.390373990200918,0.41476301550661,0.414960998775043,0.998331587461209,0.999064574548112,0.998331587461209,0.999064574548112,0.390364522729838,0.390739497872286,0.415456167786263,0.415349527294304,ndgain_combined_vuln_readiness,ndgain_vulnerability,0.415456167786263,0.415349527294304,0.998331587461209,0.999064574548112,0.390364522729838,0.390739497872286,0.998331587461209,0.999064574548112,0.63587003796709,0.78442181281351,0.504000677941022,0.586734312985738,0.631126449802746,0.663926245287142
2013,clams,22289468,68455199,8220925,89648331,34653566.6661777,215030070,26432641.6661777,125381739,0.457481585931265,0.353158689496013,0.391434494678227,0.542518414068735,0.394714880607038,0.278462904036277,22,0.384014840673023,0.363218804347047,0.409237898276733,0.388460426886825,0.998485517913662,0.998911653152889,0.998485517913662,0.998911653152889,0.384597306404026,0.363614543088581,0.409858621817406,0.388883667199915,ndgain_combined_vuln_readiness,ndgain_vulnerability,0.409858621817406,0.388883667199915,0.998485517913662,0.998911653152889,0.384597306404026,0.363614543088581,0.998485517913662,0.998911653152889,0.457481585931265,0.331798337007294,0.484485848166825,0.559195509219294,0.418963613144191,0.439478026878527
2013,cod,61705397,359282825,101763073,308005556,311716918.437363,167056350,209953845.437363,0,0.227142638131399,1,0.165242928580015,0.772857361868601,0.395765077817227,0.313238025161509,26,0.358431214365855,0.350976595193,0.373272356305441,0.364128726430642,0.997724445399808,0.997959159333598,0.997724445399808,0.997959159333598,0.359248704407783,0.351694347319153,0.374123695201096,0.364873374852127,ndgain_combined_vuln_readiness,ndgain_vulnerability,0.374123695201096,0.364873374852127,0.997724445399808,0.997959159333598,0.359248704407783,0.351694347319153,0.997724445399808,0.997959159333598,0.227142638131399,0.332957697282039,0.359902501501931,0.43815441474814,0.300809025946211,0.321197117328066
2013,crab,108030434,1432839505,28935354,254973665,152279354.150176,712181445,123344000.150176,457207780,0.466907393622761,0.75809717374346,0.41500719111521,0.533092606377239,0.250738564834455,0.200843920844785,45,0.344148400683129,0.35798090211527,0.378591677195272,0.393913615440961,0.993706430911867,0.995051295015767,0.993706430911867,0.995051295015767,0.346328040130851,0.359761254428193,0.380989460687962,0.395872672508526,ndgain_combined_vuln_readiness,ndgain_vulnerability,0.380989460687962,0.395872672508526,0.993706430911867,0.995051295015767,0.346328040130851,0.359761254428193,0.993706430911867,0.995051295015767,0.466907393622761,0.172856359832493,0.383838748830885,0.376457468083942,0.314066520492026,0.312040293022705
2013,crawfish_freshwater,8903404,90292337,110046,674373,0,0,0,0,1,1,1,0,0.842985817516235,0.849735294448408,5,0.382609874321521,0.383550383899797,0.404560056570099,0.404016766117387,1,1,1,1,0.382609874321521,0.383550383899797,0.404560056570099,0.404016766117387,ndgain_combined_vuln_readiness,ndgain_vulnerability,0.404560056570099,0.404016766117387,1,1,0.382609874321521,0.383550383899797,1,1,1,0.826664931141355,0.466013360504556,0.54970540185601,0.727627817756227,0.768811444649988
2013,eel_sturgeon_shad,3073259,49872160,860365,4958557,2283735.07107438,36302594,1423370.07107438,31344037,0.683458419946057,0.614066674409786,0.573690946681156,0.316541580053943,0.52450715610632,0.805202170143784,29,0.370283007621333,0.381402287177045,0.391774434289237,0.398306654217138,0.952439739052257,0.985068543251385,0.952439739052257,0.985068543251385,0.388773160588396,0.387183500874124,0.411337765766766,0.404344100667817,ndgain_combined_vuln_readiness,ndgain_vulnerability,0.411337765766766,0.404344100667817,0.952439739052257,0.985068543251385,0.388773160588396,0.387183500874124,0.952439739052257,0.985068543251385,0.683458419946057,0.475081909580838,0.489642615533076,0.579135463339962,0.541734632282612,0.572910678480236
2013,flatfish,29508892,156323720,121187333,191972840,324042969.04153,196972319,202855636.04153,4999479,0.126993961809549,0.969009547101778,0.0834641116385857,0.873006038190451,0.428295526969912,0.327065249053387,33,0.363912347175715,0.360296741757258,0.389638447206914,0.384155112242882,0.991345388366327,0.992721386108263,0.991345388366327,0.992721386108263,0.367089363047746,0.362938430459042,0.393040056250237,0.386971730052955,ndgain_combined_vuln_readiness,ndgain_vulnerability,0.393040056250237,0.386971730052955,0.991345388366327,0.992721386108263,0.367089363047746,0.362938430459042,0.991345388366327,0.992721386108263,0.126993961809549,0.368869533746024,0.425850966753507,0.475594029891275,0.271209250655811,0.281382716273245
2013,halibut,6311224,86859781,4373031,44838604,14785746.4025587,116789091,10412715.4025587,71950487,0.377376636454113,0.546940585730892,0.299153095424287,0.622623363545887,0.454843772205263,0.546579508026524,11,0.318215308306166,0.31102656368381,0.341991575998315,0.333276223653564,0.999017781653765,0.99939147900914,0.999017781653765,0.99939147900914,0.318528172521009,0.311215945119106,0.342327816660265,0.333479152718007,ndgain_combined_vuln_readiness,ndgain_vulnerability,0.342327816660265,0.333479152718007,0.999017781653765,0.99939147900914,0.318528172521009,0.311215945119106,0.999017781653765,0.99939147900914,0.377376636454113,0.398177344309071,0.249051932217167,0.243711433326398,0.334487960259533,0.332079821015711
2013,herring,17804072,53431100,48442043,70706335,136106324.967477,50736711,87664281.9674767,0,0.168809612838845,1,0.115678163079277,0.831190387161155,0.408891392201744,0.415067094893919,33,0.298670706228042,0.300934973079632,0.32068574729215,0.324110715806341,0.99870928403345,0.999010800825736,0.99870928403345,0.999010800825736,0.29905670349014,0.301232952467474,0.32110019644256,0.324431643320018,ndgain_combined_vuln_readiness,ndgain_vulnerability,0.32110019644256,0.324431643320018,0.99870928403345,0.999010800825736,0.29905670349014,0.301232952467474,0.99870928403345,0.999010800825736,0.168809612838845,0.347448430359198,0.175045680662533,0.150734001166361,0.217343326059138,0.206775740654052
2013,inland_freshwater_other,8768556,82574505,390892,787873,3240347.31804091,5030769,2849455.31804091,4242896,0.754738118251257,0.951128507060468,0.730171254424794,0.245261881748743,0.607167165646117,0.690768936824006,21,0.306391275584208,0.297446196513612,0.340042493752827,0.327020218033376,0.986854506032692,0.995758848327338,0.986854506032692,0.995758848327338,0.310472591158293,0.298713084009505,0.344572063737997,0.328413067664626,ndgain_combined_vuln_readiness,ndgain_vulnerability,0.344572063737997,0.328413067664626,0.986854506032692,0.995758848327338,0.310472591158293,0.298713084009505,0.986854506032692,0.995758848327338,0.754738118251257,0.566334038648341,0.25687609300778,0.205245549295042,0.478847854214199,0.44433879474164
2013,large_pelagics_other,21919705,149919373,1967275,9063016,1825282.00523746,9674714,0,611698,1,0.995936400399357,0.923129795571804,0,0.202839721292379,0.232229751563876,37,0.37935597847211,0.379268552636896,0.468311762428688,0.468189740446927,0.860480786579929,0.858068723379733,0.860480786579929,0.858068723379733,0.440865135385416,0.442002536979842,0.544244298922748,0.545631984583748,ndgain_combined_vuln_readiness,ndgain_vulnerability,0.544244298922748,0.545631984583748,0.860480786579929,0.858068723379733,0.440865135385416,0.442002536979842,0.860480786579929,0.858068723379733,1,0.119978656606711,0.952997161408749,0.827877766506404,0.485361362002495,0.463116304860118
2013,lobster,58486806,1127811942,50878285,593337370,71443074.855105,525431523,20564789.855105,0,0.739856107487083,1,0.45014130402554,0.260143892512917,0.689383317568658,0.623531082912944,41,0.304196764442334,0.309727373520486,0.338158070399767,0.346793249002667,0.995919267672097,0.995410627599118,0.995919267672097,0.995410627599118,0.305443196368091,0.311155381440455,0.33954365717835,0.348392150322039,ndgain_combined_vuln_readiness,ndgain_vulnerability,0.33954365717835,0.348392150322039,0.995919267672097,0.995410627599118,0.305443196368091,0.311155381440455,0.995919267672097,0.995410627599118,0.739856107487083,0.6570961731852,0.239345464658688,0.18122988760199,0.488203027052773,0.444974722369307
2013,mackerel,19448258,62000108,20350085,44357971,43027599.8530994,34974854,22677514.8530994,0,0.461671245007653,1,0.311292372258882,0.538328754992347,0.161290545944705,0.109972674283573,50,0.35293140377272,0.358352953191767,0.371760651894512,0.378103144162647,0.95297393730585,0.965609156680823,0.95297393730585,0.965609156680823,0.370347383025492,0.371115943456425,0.390105791293218,0.391569551248183,ndgain_combined_vuln_readiness,ndgain_vulnerability,0.390105791293218,0.391569551248183,0.95297393730585,0.965609156680823,0.370347383025492,0.371115943456425,0.95297393730585,0.965609156680823,0.461671245007653,0.074110639743626,0.415621183654412,0.491151270640633,0.242272258309487,0.256139300940483
2013,misc_marine_fish_other,0,0,0,0,21953203.9272161,43839200,21953203.9272161,43839200,0,0,0,1,,,,,,,,,,,,,,,,,,,,,,,,,,0,,,,,
2013,mussels,32205814,105298626,473172,1727731,1849556.00091801,12576012,1376384.00091801,10848281,0.959014475440816,0.906598623414053,0.945689739947969,0.0409855245591841,0.357996155311771,0.351665138845146,16,0.304408689234566,0.304263664303905,0.317582362022455,0.308077477543013,0.99984751200513,0.999203038033944,0.99984751200513,0.999203038033944,0.304455114984578,0.304506344278718,0.317630796905784,0.308323199406192,ndgain_combined_vuln_readiness,ndgain_vulnerability,0.317630796905784,0.308323199406192,0.99984751200513,0.999203038033944,0.304455114984578,0.304506344278718,0.99984751200513,0.999203038033944,0.959014475440816,0.291262872778674,0.162950247814715,0.176511739748916,0.357044027015387,0.366686253218558
2013,other_groundfish,54049075,270668206,88161147,214116111,321971078.390164,163812952,233809931.390164,0,0.187762320442189,1,0.143739835518651,0.812237679557811,0.204736806551994,0.193460379869626,33,0.332190525731939,0.338777233543866,0.348634655518887,0.349656549737484,0.999090511724761,0.998951239954648,0.999090511724761,0.998951239954648,0.332492924148052,0.339132902582159,0.348952023292692,0.350023640546619,ndgain_combined_vuln_readiness,ndgain_vulnerability,0.348952023292692,0.350023640546619,0.999090511724761,0.998951239954648,0.332492924148052,0.339132902582159,0.999090511724761,0.998951239954648,0.187762320442189,0.122072934963637,0.272146028369331,0.310393959692374,0.184081414829233,0.192329999491041
2013,other_shellfish_specialty,8183747,56783843,3345385,30605546,2634667.24074939,13406116,0,0,1,1,0.756464562909278,0,0.247376660133664,0.138835881707963,33,0.399356911561208,0.381231635331815,0.43914874999503,0.423423959511147,0.982362846749784,0.95301448688494,0.982362846749784,0.95301448688494,0.406526888595704,0.400027114569814,0.447033142028919,0.444299604400734,ndgain_combined_vuln_readiness,ndgain_vulnerability,0.447033142028919,0.444299604400734,0.982362846749784,0.95301448688494,0.406526888595704,0.400027114569814,0.982362846749784,0.95301448688494,1,0.169145000937457,0.61408807705452,0.663910579114243,0.470070803229585,0.482454378213659
2013,oysters,9805060,65181142,3530129,24213664,16111819.6139223,194716761,12581690.6139223,170503097,0.437984956776274,0.276561310491365,0.378327180820518,0.562015043223726,0.277286539356676,0.287217785692098,9,0.345340841614035,0.343235232672646,0.350405983566972,0.347319229785589,0.989331120870244,0.986345099630197,0.989331120870244,0.986345099630197,0.349064973626083,0.347986959940626,0.354184737723347,0.352127495656244,ndgain_combined_vuln_readiness,ndgain_vulnerability,0.354184737723347,0.352127495656244,0.989331120870244,0.986345099630197,0.349064973626083,0.347986959940626,0.989331120870244,0.986345099630197,0.437984956776274,0.202163871543051,0.290388939091164,0.389526489634195,0.29515327293112,0.32551168193721
2013,pangasius_basa_swai,110912780,337168951,948010,4688278,0,0,0,0,1,1,1,0,0.9911034272784,0.987810650643239,3,0.468392226534544,0.468253354839591,0.551733228314074,0.551480262827771,1,1,1,1,0.468392226534544,0.468253354839591,0.551733228314074,0.551480262827771,ndgain_combined_vuln_readiness,ndgain_vulnerability,0.551733228314074,0.551480262827771,1,1,0.468392226534544,0.468253354839591,1,1,1,0.990178670353781,0.979105956776546,0.959321277307963,0.989724725157942,0.983012894457237
2013,pollock,60455977,162934219,360972486,969253796,1367256390.78866,417829452,1006283904.78866,0,0.0566735884090412,1,0.0423446475382421,0.943326411590959,0.80163767584866,0.770712933338914,14,0.389701079257521,0.387803922157619,0.410694670036442,0.408600434729077,1,1,1,1,0.389701079257522,0.387803922157619,0.410694670036442,0.408600434729077,ndgain_combined_vuln_readiness,ndgain_vulnerability,0.410694670036442,0.408600434729077,1,1,0.389701079257522,0.387803922157619,1,1,0.0566735884090412,0.781018844464649,0.487400578794902,0.583566330624389,0.278383028402052,0.295604347589498
2013,reef_fish_other,6902610,48438667,779893,3669233,18425523.0792903,65323028,17645630.0792903,61653795,0.281185534185128,0.439981685576257,0.272527389934001,0.718814465814872,0.168586029999844,0.233034551973451,31,0.340962559276168,0.350792080769596,0.420996728730173,0.437709123201152,0.961630455726167,0.981806146729843,0.961630455726167,0.981806146729843,0.354567138806656,0.357292610092123,0.437794712327679,0.445820312552589,ndgain_combined_vuln_readiness,ndgain_vulnerability,0.437794712327679,0.445820312552589,0.961630455726167,0.981806146729843,0.354567138806656,0.357292610092123,0.961630455726167,0.981806146729843,0.281185534185128,0.0821644550808831,0.581879965856566,0.41579965828927,0.237777151174627,0.212579000405315
2013,sablefish,268773,1384607,8670012,95568344,17848347.2001219,101502262,9178335.2001219,5933918,0.0284502933920596,0.189192084470573,0.0148353047852601,0.97154970660794,0.930542475497013,0.961275946515673,2,0.286136983817989,0.284484437229577,0.310295479060652,0.308192514473332,1,1,1,1,0.286136983817989,0.284484437229577,0.310295479060652,0.308192514473332,ndgain_combined_vuln_readiness,ndgain_vulnerability,0.310295479060652,0.308192514473332,1,1,0.286136983817989,0.284484437229577,1,1,0.0284502933920596,0.923322692243287,0.137376991269113,0.0890415650466307,0.153385657761513,0.132742812322419
2013,salmon,297573031,2564865392,246750602,1105281335,485433326.953047,756557513,238682724.953047,0,0.554908786892452,1,0.380039099271074,0.445091213107548,0.243797847454203,0.266488913059427,39,0.308711096407605,0.308493497417567,0.33957444110564,0.340101534783016,0.947582840596868,0.951384372689138,0.947582840596868,0.951384372689138,0.325787976714682,0.324257478126947,0.358358579912387,0.357480682409888,ndgain_combined_vuln_readiness,ndgain_vulnerability,0.358358579912387,0.357480682409888,0.947582840596868,0.951384372689138,0.325787976714682,0.324257478126947,0.947582840596868,0.951384372689138,0.554908786892452,0.165194187498737,0.304940283604754,0.278377433659621,0.303489535764761,0.294408354747722
2013,scallops,27614312,371882753,9618681,150569864,18801965.2838541,471598403,9183284.28385406,321028539,0.75043793042853,0.536696049398485,0.594927331873848,0.24956206957147,0.195737099169747,0.22690771741771,19,0.375368611353518,0.358202887378328,0.408697266844285,0.374201542830982,0.994440781287616,0.990207604491946,0.994440781287616,0.990207604491946,0.377467033147499,0.361745239839997,0.410982005700831,0.377902109753011,ndgain_combined_vuln_readiness,ndgain_vulnerability,0.410982005700831,0.377902109753011,0.994440781287616,0.990207604491946,0.377467033147499,0.361745239839997,0.994440781287616,0.990207604491946,0.75043793042853,0.112137750293483,0.488402322525065,0.52514802687781,0.345102505383909,0.353548868279227
2013,sea_cucumber_urchin_other_inverts,6483007,48979715,3243500,74396537,9230212.37209995,27845567,5986712.37209995,0,0.51989999185589,1,0.41258298802288,0.48010000814411,0.507432507169915,0.503094120680262,24,0.319105177258675,0.370715087661866,0.354779705227642,0.422015911845199,0.995964218456034,0.989414454534903,0.995964218456034,0.989414454534903,0.320398234540352,0.374681293529444,0.356217320515419,0.426530974871978,ndgain_combined_vuln_readiness,ndgain_vulnerability,0.356217320515419,0.426530974871978,0.995964218456034,0.989414454534903,0.320398234540352,0.374681293529444,0.995964218456034,0.989414454534903,0.51989999185589,0.456232431130476,0.297475170702291,0.252641091600403,0.413224023693336,0.391324150528041
2013,sharks_rays_skates,542468,1486951,8464602,34807895,34790029.0235075,19871850,26325427.0235075,0,0.0201901935200126,1,0.0153532313224023,0.979809806479987,0.436145576003859,0.235288131475396,13,0.264771225722063,0.247827543289804,0.283771240965632,0.248932996428654,0.877618587640193,0.778837365858055,0.877618587640193,0.778837365858055,0.301692819011502,0.318201917568207,0.323342332263788,0.319621280823374,ndgain_combined_vuln_readiness,ndgain_vulnerability,0.323342332263788,0.319621280823374,0.877618587640193,0.778837365858055,0.301692819011502,0.318201917568207,0.877618587640193,0.778837365858055,0.0201901935200126,0.377535558485437,0.182862480939892,0.163321610846191,0.111705438358054,0.107575655115688
2013,shrimp,505780940,5277534149,11040047,112159033,132249610.482315,583162014,121209563.482315,471002981,0.806680383819029,0.918065592976347,0.792722134727966,0.193319616180971,0.128618590646722,0.135640822158573,54,0.459524353580952,0.461201062410018,0.514439079886612,0.513586805302442,0.999145135836871,0.999111909678332,0.999145135836871,0.999111909678332,0.459917520587297,0.461611014684534,0.514879231690124,0.514043322201808,ndgain_combined_vuln_readiness,ndgain_vulnerability,0.514879231690124,0.514043322201808,0.999145135836871,0.999111909678332,0.459917520587297,0.461611014684534,0.999145135836871,0.999111909678332,0.806680383819029,0.038042588235553,0.850621175299682,0.918854048254151,0.296644236069009,0.304372932558162
2013,small_pelagics_other,39297501,158125687,101155678,117570333,678560756.917886,141374252,577405078.917886,23803919,0.0637219662762437,0.869158629409663,0.054742702429837,0.936278033723756,0.120583088718563,0.137633124376442,45,0.368635181753291,0.36557326797695,0.433951883491991,0.440656906497487,0.999625268792537,0.999707232892528,0.999625268792537,0.999707232892528,0.368773372644502,0.365680327148588,0.434114559765149,0.440785954126291,ndgain_combined_vuln_readiness,ndgain_vulnerability,0.434114559765149,0.440785954126291,0.999625268792537,0.999707232892528,0.368773372644502,0.365680327148588,0.999625268792537,0.999707232892528,0.0637219662762437,0.0291718336451183,0.569049780771812,0.483635276691455,0.101890662412986,0.0965139942301933
2013,snapper_grouper,20503323,134317290,0,0,8569820.89032377,64782683,8569820.89032377,64782683,0.705232398578813,0.674622341611267,0.705232398578813,0.294767601421187,0.198886445750503,0.216621588900311,35,0.400174582735326,0.398872923645581,0.481483864100715,0.477074433025864,0.997793138214718,0.999033117776573,0.997793138214718,0.999033117776573,0.401059665985808,0.399258960036585,0.4825487825685,0.477536154244447,ndgain_combined_vuln_readiness,ndgain_vulnerability,0.4825487825685,0.477536154244447,0.997793138214718,0.999033117776573,0.401059665985808,0.399258960036585,0.997793138214718,0.999033117776573,0.705232398578813,0.115614456650832,0.737906922546394,0.637804263329358,0.391845918610593,0.373259272583773
2013,squid_octopus,87606372,367391117,96858415,149357200,118621069.387692,102022807,21762654.3876924,0,0.801016292212862,1,0.424804630317391,0.198983707787138,0.265409232350146,0.26093115296833,42,0.3846069772422,0.382397161678624,0.416662521049037,0.411848955781929,0.963472120498267,0.960486850856549,0.963472120498267,0.960486850856549,0.39918848616325,0.398128471345139,0.432459343850611,0.428791873011741,ndgain_combined_vuln_readiness,ndgain_vulnerability,0.432459343850611,0.428791873011741,0.963472120498267,0.960486850856549,0.39918848616325,0.398128471345139,0.963472120498267,0.960486850856549,0.801016292212862,0.189051974291063,0.563279170402289,0.628869267477978,0.44019869706004,0.456661409397375
2013,swordfish,8093490,71383692,195921,1154391,3394761.95419053,22708061,3198840.95419053,21553670,0.716724477243252,0.768083905803137,0.70450143609949,0.283275522756748,0.117049749797303,0.122714662098053,27,0.389539417404579,0.382068867088713,0.442990554503513,0.431805153607352,0.999392104024346,0.999437616647791,0.999392104024346,0.999437616647791,0.389776360885767,0.382283857165801,0.443260010480052,0.432048130283176,ndgain_combined_vuln_readiness,ndgain_vulnerability,0.443260010480052,0.432048130283176,0.999392104024346,0.999437616647791,0.389776360885767,0.382283857165801,0.999392104024346,0.999437616647791,0.716724477243252,0.0252712207480573,0.600933737581211,0.583925804913256,0.221616290693762,0.21950548423052
2013,tilapia,232773232,1047549151,2154200,7636028,98276.68366131,125740,0,0,1,1,0.999577978928308,0,0.548680766429107,0.463352054904725,37,0.367742345579405,0.388240845803362,0.395954334902494,0.424259132509875,0.919938032221849,0.959527978272401,0.919938032221849,0.959527978272401,0.399746866309275,0.404616493312031,0.43041413772858,0.442153998754409,ndgain_combined_vuln_readiness,ndgain_vulnerability,0.43041413772858,0.442153998754409,0.919938032221849,0.959527978272401,0.399746866309275,0.404616493312031,0.919938032221849,0.959527978272401,1,0.50176825309185,0.556148929838543,0.631535566156536,0.653478688289244,0.681763371521884
2013,toothfish,10083950,168997457,190791,542882,0,0,0,0,1,1,1,0,0.110412338273358,0.117881821082266,20,0.277957825134719,0.297757107713328,0.302035141074131,0.328901805087887,0.780125546040986,0.840352970518367,0.780125546040986,0.840352970518367,0.356298837469573,0.354323859329799,0.387162223576592,0.391385306682507,ndgain_combined_vuln_readiness,ndgain_vulnerability,0.387162223576592,0.391385306682507,0.780125546040986,0.840352970518367,0.356298837469573,0.354323859329799,0.780125546040986,0.840352970518367,1,0.0179438814889742,0.405358968169558,0.42406862323987,0.193754616644896,0.196690859229002
2013,trout,9105710,79103876,981388,6670271,974597.18443703,2799080,0,0,1,1,0.903316717774067,0,0.404697708092634,0.483657111037166,24,0.343021041953923,0.34146536354293,0.401558129134174,0.396586409131689,1,1,1,1,0.343021041953923,0.34146536354293,0.401558129134174,0.396586409131689,ndgain_combined_vuln_readiness,ndgain_vulnerability,0.401558129134174,0.396586409131689,1,1,0.343021041953923,0.34146536354293,1,1,1,0.342818832495329,0.455547684432844,0.360666353496688,0.538517108202739,0.498184372609428
2013,tuna,275523895,1638503488,20593342,69312474,25310359.898787,146195369,4717017.89878704,76882895,0.983167989819921,0.955180421296372,0.915866097405355,0.0168320101800791,0.185202986085021,0.148497369508533,66,0.441875715283178,0.441635113555074,0.505192555763508,0.505896464544023,0.995693212017056,0.994253498958679,0.995693212017056,0.994253498958679,0.443787011852813,0.444187638280997,0.507377724048252,0.508820401511152,ndgain_combined_vuln_readiness,ndgain_vulnerability,0.507377724048252,0.508820401511152,0.995693212017056,0.994253498958679,0.443787011852813,0.444187638280997,0.995693212017056,0.994253498958679,0.983167989819921,0.100508665659077,0.824468528140472,0.841829901838192,0.433512648499879,0.436534455905805
2014,catfish_other,7721744,36819722,0,0,4973362.73851956,5586891,4973362.73851956,5586891,0.60824569332455,0.868254250816966,0.60824569332455,0.39175430667545,0.91022261664274,0.933947203905278,11,0.389426488296022,0.388947481570927,0.480501997494643,0.479782508868033,0.999824392002636,0.999632724005901,0.999824392002636,0.999632724005901,0.389494886713061,0.38909038512892,0.480586392308557,0.479958786208364,ndgain_combined_vuln_readiness,ndgain_vulnerability,0.480586392308557,0.479958786208364,0.999824392002636,0.999632724005901,0.389494886713061,0.38909038512892,0.999824392002636,0.999632724005901,0.60824569332455,0.900890679555086,0.731065404480012,0.582581748860985,0.737172495599537,0.683443583412186
2014,clams,23312367,71933353,7930025,83601790,30790733.2199444,203678265,22860708.2199444,120076475,0.504890932409247,0.374633703645628,0.430887821681727,0.495109067590754,0.378771981045756,0.262849307065978,20,0.382507207537495,0.362665462004719,0.456434828991913,0.422669653112874,0.993612617714881,0.994204454781914,0.993612617714881,0.994204454781914,0.384966133398334,0.364779558430235,0.459368994368878,0.425133533731339,ndgain_combined_vuln_readiness,ndgain_vulnerability,0.459368994368878,0.425133533731339,0.993612617714881,0.994204454781914,0.384966133398334,0.364779558430235,0.993612617714881,0.994204454781914,0.504890932409247,0.314198247960899,0.657094791045492,0.56095668023252,0.470626579915945,0.446454171045879
2014,cod,68347518,406957322,107313113,314153692,327825542.039446,163079491,220512429.039446,0,0.236611266811132,1,0.172519347966757,0.763388733188868,0.473173818008646,0.386324459900235,24,0.362509481108945,0.356459144806571,0.427041869764044,0.412439155555997,0.998852774726948,0.998668400909125,0.998852774726948,0.998668400909125,0.362925838803464,0.35693443838022,0.427532345676051,0.412989091454719,ndgain_combined_vuln_readiness,ndgain_vulnerability,0.427532345676051,0.412989091454719,0.998852774726948,0.998668400909125,0.362925838803464,0.35693443838022,0.998852774726948,0.998668400909125,0.236611266811132,0.418412712230946,0.546102084013135,0.455712951973853,0.378127307110191,0.355994991445018
2014,crab,104633200,1604436548,27872481,265116245,139055896.896729,702070375,111183415.896729,436954130,0.484824579262554,0.785952716102292,0.429371692588863,0.515175420737446,0.228877246617833,0.172139000770049,43,0.349143849696027,0.369893273725759,0.409125644488669,0.43810657107561,0.995947089451532,0.997056776096328,0.995947089451532,0.997056776096328,0.350564656891865,0.370985166134635,0.410790541808777,0.439399823138341,ndgain_combined_vuln_readiness,ndgain_vulnerability,0.410790541808777,0.439399823138341,0.995947089451532,0.997056776096328,0.350564656891865,0.370985166134635,0.995947089451532,0.997056776096328,0.484824579262554,0.148722660325375,0.487734818357681,0.396687567151495,0.327628629328611,0.305822983826633
2014,crawfish_freshwater,8125040,83788120,167435,645983,0,0,0,0,1,1,1,0,0.845727821166051,0.837086893959414,5,0.381505595941045,0.38217669317475,0.469943785627024,0.469047926191265,1,1,1,1,0.381505595941045,0.38217669317475,0.469943785627024,0.469047926191265,ndgain_combined_vuln_readiness,ndgain_vulnerability,0.469943785627024,0.469047926191265,1,1,0.381505595941045,0.38217669317475,1,1,1,0.829691953184416,0.693961884669832,0.544432406375096,0.831924980680839,0.767279535964718
2014,eel_sturgeon_shad,3623266,51516503,646726,2704465,2716602.35209671,4850475,2069876.35209671,2146010,0.636426383869639,0.960009140831701,0.571504927038701,0.363573616130361,0.605434817309301,0.773832300923457,24,0.366018533775541,0.375903702078716,0.44580593960062,0.45747673577104,0.951165605837386,0.979371134721625,0.951165605837386,0.979371134721625,0.384810522509701,0.383821504179376,0.468694343934085,0.467112741587052,ndgain_combined_vuln_readiness,ndgain_vulnerability,0.468694343934085,0.467112741587052,0.951165605837386,0.979371134721625,0.384810522509701,0.383821504179376,0.951165605837386,0.979371134721625,0.636426383869639,0.564421620843151,0.68960593259974,0.560213628908642,0.628035609315455,0.586005684804507
2014,flatfish,25758486,135466799,126372190,196767085,322100600.784232,173017842,195728410.784232,0,0.116298012993037,1,0.0740486219236737,0.883701987006963,0.425036830664907,0.302769413371241,30,0.366847330459471,0.360249862635387,0.438793478434034,0.422492414361561,0.993989320645631,0.994919168349139,0.993989320645631,0.994919168349139,0.369065665837527,0.362089578827943,0.441446874045913,0.424649989468591,ndgain_combined_vuln_readiness,ndgain_vulnerability,0.441446874045913,0.424649989468591,0.993989320645631,0.994919168349139,0.369065665837527,0.362089578827943,0.993989320645631,0.994919168349139,0.116298012993037,0.365272111274485,0.594612565934476,0.485030994214473,0.293409585241351,0.274148642897361
2014,halibut,6300043,100336042,3733915,37340206,11583350.7045233,112456164,7849435.70452329,75115958,0.445249124123987,0.571871748398422,0.352284533019396,0.554750875876013,0.517404275382009,0.56766645539785,12,0.313128665389579,0.310104806925716,0.352761512049853,0.346574044906481,1,1,1,1,0.313128665389579,0.310104806925716,0.352761512049853,0.346574044906481,ndgain_combined_vuln_readiness,ndgain_vulnerability,0.352761512049853,0.346574044906481,1,1,0.313128665389579,0.310104806925716,1,1,0.445249124123987,0.467240717785501,0.28542712066162,0.21792846301151,0.390133278686421,0.356576379223698
2014,herring,15747584,55356944,61306456,78060091,141006680.199675,42643373,79700224.1996753,0,0.164986334385556,1,0.100460322916259,0.835013665614445,0.452860702788312,0.391688902249608,32,0.305673042938477,0.305482444372001,0.330354357404246,0.328054904258049,1,1,1,1,0.305673042938477,0.305482444372001,0.330354357404246,0.328054904258049,ndgain_combined_vuln_readiness,ndgain_vulnerability,0.330354357404246,0.328054904258049,1,1,0.305673042938477,0.305482444372001,1,1,0.164986334385556,0.39598814414574,0.207308636049607,0.182327418757519,0.238368675743075,0.22838139087604
2014,inland_freshwater_other,9198495,89505551,554882,1227278,3991272.6617225,6874106,3436390.6617225,5646828,0.72802360435021,0.940654894188195,0.697396287479315,0.27197639564979,0.60432957875298,0.68626387067289,21,0.307060741296949,0.297656312184098,0.339320649371115,0.326240777716753,0.991891173501752,0.997773847568404,0.991891173501752,0.997773847568404,0.309570998815231,0.29832041891005,0.342094635415682,0.326968659793808,ndgain_combined_vuln_readiness,ndgain_vulnerability,0.342094635415682,0.326968659793808,0.991891173501752,0.997773847568404,0.309570998815231,0.29832041891005,0.991891173501752,0.997773847568404,0.72802360435021,0.563201497933013,0.248238988059157,0.200940391796132,0.466902735028995,0.435136487916578
2014,large_pelagics_other,26586732,201241094,1910206,12359646,3199342.56779291,14735724,1289136.56779291,2376078,0.953754389225298,0.988330660048652,0.892589318524963,0.0462456107747024,0.176209947751744,0.19637792320739,32,0.339503351104798,0.338354706593174,0.416536493498755,0.414947806058557,0.775865646067369,0.772587322547551,0.775865646067369,0.772587322547551,0.437580079522323,0.437950114787638,0.536866783070051,0.537088551609023,ndgain_combined_vuln_readiness,ndgain_vulnerability,0.536866783070051,0.537088551609023,0.775865646067369,0.772587322547551,0.437580079522323,0.437950114787638,0.775865646067369,0.772587322547551,0.953754389225298,0.0905808432541927,0.927276789155828,0.812191427783399,0.431082870424863,0.412455504071887
2014,lobster,61701896,1296378855,57587653,738109679,70103662.8529168,643784020,12516009.8529168,0,0.83136131760817,1,0.46812817711925,0.16863868239183,0.735559174429775,0.679110907999334,47,0.300174881877321,0.304643043340823,0.328873213505133,0.336536626597167,0.996414761711699,0.996272760866653,0.996414761711699,0.996272760866653,0.301254952668168,0.305782768843158,0.330056544867095,0.33779567184434,ndgain_combined_vuln_readiness,ndgain_vulnerability,0.330056544867095,0.33779567184434,0.996414761711699,0.996272760866653,0.301254952668168,0.305782768843158,0.996414761711699,0.996272760866653,0.83136131760817,0.70807179336178,0.206270366600912,0.161230772801665,0.495185572378959,0.456147201115148
2014,mackerel,20747070,63718453,28402778,63163987,51608065.6491623,44988758,23205287.6491623,0,0.472035429034497,1,0.286739425112807,0.527964570965503,0.165349381301505,0.114846232767469,51,0.353187784943249,0.35943649982263,0.39614165714228,0.395575627462044,0.966882600772061,0.979491953453421,0.966882600772061,0.979491953453421,0.365285076658972,0.366962177234183,0.409710193177495,0.403857965414981,ndgain_combined_vuln_readiness,ndgain_vulnerability,0.409710193177495,0.403857965414981,0.966882600772061,0.979491953453421,0.365285076658972,0.366962177234183,0.966882600772061,0.979491953453421,0.472035429034497,0.0785913719611098,0.483968378608272,0.466978454197242,0.261851752232471,0.25875103952575
2014,misc_marine_fish_other,0,0,0,0,24681530.2813002,45185541,24681530.2813002,45185541,0,0,0,1,,,,,,,,,,,,,,,,,,,,,,,,,,0,,,,,
2014,mussels,33900114,128378838,578344,2362895,2136738.93813611,10440865,1558394.93813611,8077970,0.956050184150298,0.940802000879282,0.940706838585372,0.0439498158497024,0.332554180860175,0.352207835796636,17,0.305480148255197,0.305874339658182,0.313338145430907,0.29950538804519,0.999954572424152,0.99990408855391,0.999954572424152,0.99990408855391,0.305494026108239,0.30590367932243,0.313352380269928,0.299534116795485,ndgain_combined_vuln_readiness,ndgain_vulnerability,0.313352380269928,0.299534116795485,0.999954572424152,0.99990408855391,0.305494026108239,0.30590367932243,0.999954572424152,0.99990408855391,0.956050184150298,0.26317632464839,0.148034323440652,0.181472602659022,0.333961684838488,0.357420555095613
2014,other_groundfish,46480203,274601150,95097882,231157371,359651007.45228,161655538,264553125.45228,0,0.149438014348135,1,0.114446272051434,0.850561985651865,0.201994945292937,0.207431655927932,31,0.335343390745752,0.340108279375533,0.378404830625163,0.376948512965863,0.995425299670055,0.996515899514623,0.995425299670055,0.996515899514623,0.336884536546243,0.341297393790897,0.380143874935256,0.378266431222487,ndgain_combined_vuln_readiness,ndgain_vulnerability,0.380143874935256,0.378266431222487,0.995425299670055,0.996515899514623,0.336884536546243,0.341297393790897,0.995425299670055,0.996515899514623,0.149438014348135,0.119046070112185,0.380890767319818,0.331364172221212,0.189230962799796,0.180645535897903
2014,other_shellfish_specialty,7835079,55422782,4256202,35648158,1513439.06523194,11332254,0,0,1,1,0.838109200338333,0,0.472117819285372,0.251632952594971,32,0.382910377470098,0.362649600204084,0.463576236286135,0.435074641218074,0.98118500145308,0.942116745420682,0.98118500145308,0.942116745420682,0.390252986850624,0.384930638338405,0.47246567731835,0.461805443256186,ndgain_combined_vuln_readiness,ndgain_vulnerability,0.47246567731835,0.461805443256186,0.98118500145308,0.942116745420682,0.390252986850624,0.384930638338405,0.98118500145308,0.942116745420682,1,0.417246947403096,0.70275400309798,0.586201722474636,0.664352895354014,0.625383981018195
2014,oysters,10186249,64188263,3733887,25432441,15508212.9073541,229390207,11774325.9073541,203957766,0.463842547063231,0.239378010703265,0.396437529485082,0.536157452936769,0.234027659447866,0.254642500814084,10,0.344222291742812,0.340453471464913,0.380345263911897,0.37219117862538,0.981262975212956,0.982884456617871,0.981262975212956,0.982884456617871,0.350795149147564,0.346381987396995,0.38760788241231,0.37867236186245,ndgain_combined_vuln_readiness,ndgain_vulnerability,0.38760788241231,0.37867236186245,0.981262975212956,0.982884456617871,0.350795149147564,0.346381987396995,0.981262975212956,0.982884456617871,0.463842547063231,0.154408434364524,0.406912676949225,0.397788181493112,0.307737868067648,0.305420248404006
2014,pangasius_basa_swai,100022874,310624296,701647,3996703,0,0,0,0,1,1,1,0,0.994873190790564,0.992001559317261,4,0.464163774322259,0.464140139587351,0.54559091123169,0.545585038517352,1,1,1,1,0.464163774322259,0.464140139587351,0.54559091123169,0.545585038517352,ndgain_combined_vuln_readiness,ndgain_vulnerability,0.54559091123169,0.545585038517352,1,1,0.464163774322259,0.464140139587351,1,1,1,0.994340283066884,0.95769188122473,0.939130164450152,0.983830495053676,0.977432873618083
2014,pollock,55813586,152317850,395560074,1082790561,1431368712.59795,410659515,1035808638.59795,0,0.051129030485392,1,0.0375297541213465,0.948870969514608,0.776181897489761,0.764781933774776,16,0.388663979885485,0.388347040178547,0.474097858605138,0.472994038436973,1,1,1,1,0.388663979885485,0.388347040178547,0.474097858605138,0.472994038436973,ndgain_combined_vuln_readiness,ndgain_vulnerability,0.474097858605138,0.472994038436973,1,1,0.388663979885485,0.388347040178547,1,1,0.051129030485392,0.752917057575772,0.708444307411609,0.578614118936925,0.301004833601791,0.281363596669427
2014,reef_fish_other,6837542,54435318,897195,3982836,17751120.5827971,65941808,16853925.5827971,61958972,0.288607785739913,0.467680313183748,0.278077019316362,0.711392214260088,0.229931290388634,0.249024243377421,30,0.359070694172135,0.363505646095604,0.436564069049084,0.443753887042817,0.992880336237788,0.996020781948955,0.992880336237788,0.996020781948955,0.361645488451027,0.364957893131826,0.439694546377369,0.445526735069228,ndgain_combined_vuln_readiness,ndgain_vulnerability,0.439694546377369,0.445526735069228,0.992880336237788,0.996020781948955,0.361645488451027,0.364957893131826,0.992880336237788,0.996020781948955,0.288607785739913,0.149886266992631,0.588503393030758,0.449599202269295,0.294175354700358,0.268925389345972
2014,sablefish,696009,3181067,6665103,81576848,16088327.6114877,110978420,9423224.61148767,29401572,0.068780801661686,0.0976307351899888,0.0414677693918288,0.931219198338314,0.982423727269472,0.982133691109596,3,0.282959300148159,0.282888406027574,0.300359642650854,0.299904056367951,1,1,1,1,0.282959300148159,0.282888406027574,0.300359642650854,0.299904056367951,ndgain_combined_vuln_readiness,ndgain_vulnerability,0.300359642650854,0.299904056367951,1,1,0.282959300148159,0.282888406027574,1,1,0.068780801661686,0.980596756319516,0.102737497948238,0.0738679349846504,0.190646523486726,0.170793451318017
2014,salmon,316115151,2916671373,211400497,936013392,326832150.255158,616766052,115431653.255158,0,0.73251649156714,1,0.491665724986918,0.26748350843286,0.248403996139499,0.284458025534585,36,0.306265842118858,0.306169153735437,0.341217897534352,0.337957970912212,0.946687174130416,0.954528443887189,0.946687174130416,0.954528443887189,0.323513247552107,0.32075435331042,0.360433633050727,0.354057517171436,ndgain_combined_vuln_readiness,ndgain_vulnerability,0.360433633050727,0.354057517171436,0.946687174130416,0.954528443887189,0.323513247552107,0.32075435331042,0.946687174130416,0.954528443887189,0.73251649156714,0.170279123693094,0.312174580382736,0.267515465512249,0.338942048506503,0.321940713712655
2014,scallops,27512304,394381940,9100888,141091948,15560830.0758665,432297434,6459942.07586646,291205486,0.809846482877812,0.575246751972957,0.638734668147005,0.190153517122188,0.244521532576774,0.257837564072119,20,0.366227329693072,0.348915491548376,0.416342198650499,0.372295915854472,0.987938669185976,0.987050083987112,0.987938669185976,0.987050083987112,0.370698446285972,0.353493198783753,0.421425146758907,0.377180369967259,ndgain_combined_vuln_readiness,ndgain_vulnerability,0.421425146758907,0.377180369967259,0.987938669185976,0.987050083987112,0.370698446285972,0.353493198783753,0.987938669185976,0.987050083987112,0.809846482877812,0.165993096288813,0.524810441581196,0.492827618759691,0.413204520882266,0.404634201241157
2014,sea_cucumber_urchin_other_inverts,9214735,44938787,1680064,46339212,7999961.45608352,24353042,6319897.45608352,0,0.593173673471201,1,0.535283036997356,0.406826326528799,0.328818173653656,0.25091090866717,25,0.293337448831417,0.341472398442785,0.32031272408989,0.415300927926872,0.995741602986955,0.984159252006513,0.995741602986955,0.984159252006513,0.294591938261376,0.346968641250477,0.321682576211578,0.421985493790921,ndgain_combined_vuln_readiness,ndgain_vulnerability,0.321682576211578,0.421985493790921,0.995741602986955,0.984159252006513,0.294591938261376,0.346968641250477,0.995741602986955,0.984159252006513,0.593173673471201,0.259051977050267,0.177076042203029,0.129414479485186,0.300775780054061,0.270925915492498
2014,sharks_rays_skates,262603,1264766,9369842,36722503,38538454.6806251,20773318,29168612.6806251,0,0.00892260118812809,1,0.00676793406410485,0.991077398811872,0.337299885268602,0.231598618484714,11,0.310839414056507,0.264698820955246,0.355843173889744,0.282968204061576,0.959387364196144,0.825400113538789,0.959387364196144,0.825400113538789,0.323997819501151,0.320691524768983,0.370906671454757,0.342825496895547,ndgain_combined_vuln_readiness,ndgain_vulnerability,0.370906671454757,0.342825496895547,0.959387364196144,0.825400113538789,0.323997819501151,0.320691524768983,0.959387364196144,0.825400113538789,0.00892260118812809,0.26841532272745,0.348686931118291,0.269829325624577,0.0941697647404213,0.0864561671345698
2014,shrimp,569597249,6708041529,14232218,154930418,148364176.144445,692325610,134131958.144445,537395192,0.809398335634358,0.925829841223728,0.79335355501224,0.190601664365642,0.132126514349921,0.141559442261695,53,0.458470416296336,0.460511042580745,0.550721643423328,0.551708482456218,0.999226358623091,0.99925744929001,0.999226358623091,0.99925744929001,0.458825382597089,0.460853249488354,0.551148034347502,0.552118458409508,ndgain_combined_vuln_readiness,ndgain_vulnerability,0.551148034347502,0.552118458409508,0.999226358623091,0.99925744929001,0.458825382597089,0.460853249488354,0.999226358623091,0.99925744929001,0.809398335634358,0.0419151441220736,0.977065784046197,0.913639023864722,0.321232165392258,0.31412509815892
2014,small_pelagics_other,41771210,168609664,80457965,108900350,593472320.402302,138006965,513014355.402302,29106615,0.0752925321150157,0.852785945865388,0.0657562147442039,0.924707467884984,0.116477931743046,0.118555545126289,47,0.370538089127574,0.366409170972087,0.43519154011346,0.434880115393129,0.99952460079562,0.999431011261608,0.99952460079562,0.999431011261608,0.370714326423408,0.366617772355852,0.435398528227368,0.43512769815314,ndgain_combined_vuln_readiness,ndgain_vulnerability,0.435398528227368,0.43512769815314,0.99952460079562,0.999431011261608,0.370714326423408,0.366617772355852,0.99952460079562,0.999431011261608,0.0752925321150157,0.0246399648943424,0.57352610416693,0.492903447368146,0.102089652554043,0.097062457089389
2014,snapper_grouper,19656739,135735985,0,0,9492791.09839214,74788081,9492791.09839214,74788081,0.674341539422766,0.644752818900999,0.674341539422766,0.325658460577234,0.166751967068436,0.186668255001402,37,0.398760226175735,0.398893542157326,0.512874206813111,0.512531347888954,0.991056349682417,0.996889277371804,0.991056349682417,0.996889277371804,0.402358782427979,0.400138261301162,0.517502568827152,0.514130665784861,ndgain_combined_vuln_readiness,ndgain_vulnerability,0.517502568827152,0.514130665784861,0.991056349682417,0.996889277371804,0.402358782427979,0.400138261301162,0.991056349682417,0.996889277371804,0.674341539422766,0.0801397499270062,0.859766964892883,0.644007622237639,0.359503301705791,0.326492318418551
2014,squid_octopus,91368138,376007252,121522366,172103380,122462468.326481,103704372,940102.326481372,0,0.989815618593136,1,0.427292142924091,0.0101843814068643,0.24615553792165,0.229555237370874,35,0.380001251638667,0.377806946650014,0.457100786122047,0.451578193082957,0.953229199001516,0.958277365884422,0.953229199001516,0.958277365884422,0.398646256363851,0.394256360528066,0.479528728873233,0.4712395483391,ndgain_combined_vuln_readiness,ndgain_vulnerability,0.479528728873233,0.4712395483391,0.953229199001516,0.958277365884422,0.398646256363851,0.394256360528066,0.953229199001516,0.958277365884422,0.989815618593136,0.167796948810217,0.727378052555869,0.626280087672958,0.494348079771577,0.470293513180367
2014,swordfish,9442226,82001319,156981,888522,2857782.07007447,18625535,2700801.07007447,17737013,0.777584200834866,0.822164531486249,0.767660146741906,0.222415799165134,0.123509453083835,0.12076650038383,28,0.399011477397653,0.391800185443356,0.459253742181033,0.444259990030083,0.997151942772817,0.997137948476171,0.997151942772817,0.997137948476171,0.400151130717459,0.392924756340992,0.460565458965029,0.445535134540815,ndgain_combined_vuln_readiness,ndgain_vulnerability,0.460565458965029,0.445535134540815,0.997151942772817,0.997137948476171,0.400151130717459,0.392924756340992,0.997151942772817,0.997137948476171,0.777584200834866,0.032402379833596,0.66126604806681,0.633465952945894,0.255407426136183,0.251776893874579
2014,tilapia,232853423,1122505136,2343651,8684805,98499.85110735,146352,0,0,1,1,0.999577166610596,0,0.567291906085204,0.489634006195871,38,0.374690343777649,0.388027700878278,0.462012565494484,0.479120992910909,0.941049026365397,0.966039844471589,0.941049026365397,0.966039844471589,0.398162405230694,0.401668422994005,0.490954830779551,0.495964007750614,ndgain_combined_vuln_readiness,ndgain_vulnerability,0.490954830779551,0.495964007750614,0.941049026365397,0.966039844471589,0.398162405230694,0.401668422994005,0.941049026365397,0.966039844471589,1,0.522313933251417,0.767213086501999,0.623969669499715,0.737251850158622,0.688174163465027
2014,toothfish,8772023,179385341,577152,1480184,0,0,0,0,1,1,1,0,0.119239096348043,0.121983701478635,21,0.279801904978001,0.277774492104057,0.313545627885502,0.310023854228474,0.789764003126759,0.788943975082111,0.789764003126759,0.788943975082111,0.354285462328286,0.35208392595323,0.397011799276926,0.392960544753773,ndgain_combined_vuln_readiness,ndgain_vulnerability,0.397011799276926,0.392960544753773,0.789764003126759,0.788943975082111,0.354285462328286,0.35208392595323,0.789764003126759,0.788943975082111,1,0.0276881395838273,0.439697729156876,0.414454636215318,0.230046695620377,0.225557320077438
2014,trout,9562588,95011936,1013234,7044942,931338.08011013,2605441,0,0,1,1,0.91124979602483,0,0.410362047292449,0.524163273363375,19,0.337927176946999,0.33613004819575,0.387810398964401,0.383170803018207,0.999937360053576,0.999968425019778,0.999937360053576,0.999968425019778,0.337948346013288,0.336140661830499,0.387834692908786,0.383182902010759,ndgain_combined_vuln_readiness,ndgain_vulnerability,0.387834692908786,0.383182902010759,0.999937360053576,0.999968425019778,0.337948346013288,0.336140661830499,0.999937360053576,0.999968425019778,1,0.34907195313518,0.407703410648306,0.336443926213916,0.522099287072994,0.48971403339623
2014,tuna,282576074,1536291397,16357660,57799083,26509992.4226437,134155088,10152332.4226437,76356005,0.965318253371059,0.952651766960773,0.914231033674634,0.0346817466289407,0.184829260569364,0.137797288416763,64,0.438930568959785,0.438352641800396,0.5102545953749,0.510926789537939,0.996428841317966,0.994185013977527,0.996428841317966,0.994185013977527,0.440503677492129,0.440916565465655,0.512083326191153,0.513915199238245,ndgain_combined_vuln_readiness,ndgain_vulnerability,0.512083326191153,0.513915199238245,0.996428841317966,0.994185013977527,0.440503677492129,0.440916565465655,0.996428841317966,0.994185013977527,0.965318253371059,0.100096093132405,0.840873757381055,0.826151783392415,0.433117915268316,0.430575350018686
2015,catfish_other,5196378,32353232,0,0,4767366.03164591,4956371,4767366.03164591,4956371,0.52152865263256,0.867155622106191,0.52152865263256,0.47847134736744,0.92497371988975,0.954009234340239,15,0.388456511252209,0.387567647648465,0.473762631880975,0.472777313896156,0.999633398494105,0.999760178519414,0.999633398494105,0.999760178519414,0.388598972220614,0.387660616991597,0.473936377670728,0.472890723249561,ndgain_combined_vuln_readiness,ndgain_vulnerability,0.473936377670728,0.472890723249561,0.999633398494105,0.999760178519414,0.388598972220614,0.387660616991597,0.999633398494105,0.999760178519414,0.52152865263256,0.917175090661235,0.707881333393291,0.578303703439212,0.696996014893912,0.651571579396363
2015,clams,24383886,72086836,8405197,100950058,30730194.06069,201043386,22324997.06069,100093328,0.52203958652399,0.418670968393316,0.442425709966477,0.47796041347601,0.426126952001575,0.307394982087979,19,0.377633242423843,0.356481531173289,0.448179491181806,0.414400194580245,0.997102266636253,0.997158357733997,0.997102266636253,0.997158357733997,0.378730703017853,0.357497410926164,0.449481970082918,0.415581127477037,ndgain_combined_vuln_readiness,ndgain_vulnerability,0.449481970082918,0.415581127477037,0.997102266636253,0.997158357733997,0.378730703017853,0.357497410926164,0.997102266636253,0.997158357733997,0.52203958652399,0.366475545601031,0.622625472349877,0.531182126280234,0.492030215758896,0.466656475585383
2015,cod,69684143,446494386,113231316,334994187,318640582.763732,181777870,205409266.763732,0,0.253310841069764,1,0.179448122606537,0.746689158930237,0.462595661740937,0.391795903434161,27,0.361545101832852,0.356641957813927,0.422015883026204,0.410070130664643,0.999004723355786,0.999218715820539,0.999004723355786,0.999218715820539,0.361905297723094,0.356920814399538,0.422436324033182,0.410390762474762,ndgain_combined_vuln_readiness,ndgain_vulnerability,0.422436324033182,0.410390762474762,0.999004723355786,0.999218715820539,0.361905297723094,0.356920814399538,0.999004723355786,0.999218715820539,0.253310841069764,0.406735006331669,0.528335727927893,0.450839807121954,0.378987689453498,0.359469897783461
2015,crab,107966867,1540221508,20759314,245295993,136577589.296212,657152200,115818275.296212,411856207,0.482457708729788,0.789016490565285,0.441502001865959,0.517542291270212,0.229285265451709,0.180488779640372,40,0.348486847409166,0.365376518550928,0.407025592996097,0.430892859560867,0.997496630146728,0.998344821841041,0.997496630146728,0.998344821841041,0.34936142827661,0.365982284434691,0.408047085769327,0.431607246448437,ndgain_combined_vuln_readiness,ndgain_vulnerability,0.408047085769327,0.431607246448437,0.997496630146728,0.998344821841041,0.34936142827661,0.365982284434691,0.997496630146728,0.998344821841041,0.482457708729788,0.149173090799532,0.478170255976109,0.390942078366314,0.325270066648228,0.304149694948836
2015,crawfish_freshwater,4912312,64271022,130262,471093,0,0,0,0,1,1,1,0,0.7870377736185,0.840918925854072,5,0.3784477179688,0.381682400362971,0.459978945353344,0.462524334134265,1,1,1,1,0.3784477179688,0.381682400362971,0.459978945353344,0.462524334134265,ndgain_combined_vuln_readiness,ndgain_vulnerability,0.459978945353344,0.462524334134265,1,1,0.3784477179688,0.381682400362971,1,1,1,0.764901351010478,0.659221274632886,0.529830855702813,0.795937342810516,0.740026987896987
2015,eel_sturgeon_shad,7655002,73764180,608222,3808500,2604490.64755803,3969793,1996268.64755803,161293,0.793160017944049,0.997818167494174,0.74613845566935,0.206839982055951,0.719492356857049,0.7959613621779,31,0.379949984422989,0.379751752417127,0.460680074378971,0.458566318426767,0.992779361782009,0.995842887428559,0.992779361782009,0.995842887428559,0.382713419566852,0.38133701330911,0.464030671983414,0.460480588068331,ndgain_combined_vuln_readiness,ndgain_vulnerability,0.464030671983414,0.460480588068331,0.992779361782009,0.995842887428559,0.382713419566852,0.38133701330911,0.992779361782009,0.995842887428559,0.793160017944049,0.690334905609008,0.673346885376831,0.55019983661119,0.717056154331592,0.670368658116623
2015,flatfish,27516006,138159719,114331908,168725492,251243983.215371,140790326,136912075.215371,0,0.167343715237783,1,0.0987085918515411,0.832656284762217,0.40257818065331,0.292291967319465,30,0.366254085210231,0.360176242807861,0.433651153373433,0.420741231086379,0.999781945097701,0.999820541036277,0.999781945097701,0.999820541036277,0.366333966127424,0.360240891264898,0.433745733757031,0.420816750424327,ndgain_combined_vuln_readiness,ndgain_vulnerability,0.433745733757031,0.420816750424327,0.999781945097701,0.999820541036277,0.366333966127424,0.360240891264898,0.999781945097701,0.999820541036277,0.167343715237783,0.340478990139489,0.567763935723861,0.47198696430204,0.318631843203324,0.299600989215087
2015,halibut,7236364,117717697,3059619,31190796,12906351.2811726,117745627,9846732.28117258,86554831,0.423597916963991,0.576277672541459,0.359254643626117,0.576402083036009,0.487400093481669,0.538369654702615,12,0.313284007783831,0.310252869518294,0.355450921694927,0.348730010198427,0.997260779032122,0.998589489904819,0.997260779032122,0.998589489904819,0.314144519037322,0.310691102454789,0.356427254704537,0.349222592190176,ndgain_combined_vuln_readiness,ndgain_vulnerability,0.356427254704537,0.349222592190176,0.997260779032122,0.998589489904819,0.314144519037322,0.310691102454789,0.997260779032122,0.998589489904819,0.423597916963991,0.434117742182451,0.298207068213668,0.222779225091546,0.379920820776249,0.344729683096026
2015,herring,16859351,53448736,42456312,56434792,113053377.720941,33840972,70597065.7209406,0,0.192774316992605,1,0.129774435238096,0.807225683007395,0.454215318210393,0.390437385516958,33,0.302091485735681,0.304202067495431,0.327688704982881,0.329921847225712,0.999983985148657,0.9999216071265,0.999983985148657,0.9999216071265,0.302096323763398,0.30422591663923,0.327693952952824,0.329947712775021,ndgain_combined_vuln_readiness,ndgain_vulnerability,0.327693952952824,0.329947712775021,0.999983985148657,0.9999216071265,0.302096323763398,0.30422591663923,0.999983985148657,0.9999216071265,0.192774316992605,0.397483565474878,0.198033617981175,0.165248370231224,0.24757251238303,0.233078301678196
2015,inland_freshwater_other,9251481,91721336,557762,1257817,3338294.6936416,5743987,2780532.6936416,4486170,0.768905458018969,0.953369854530893,0.73484081250728,0.231094541981031,0.441135095112193,0.552480946907249,26,0.313656712104799,0.301188179372393,0.357034745377279,0.338830263163169,0.99186141116217,0.997839510318515,0.99186141116217,0.997839510318515,0.31623038115505,0.301840302230819,0.35996434719538,0.339563887438184,ndgain_combined_vuln_readiness,ndgain_vulnerability,0.35996434719538,0.339563887438184,0.99186141116217,0.997839510318515,0.31623038115505,0.301840302230819,0.99186141116217,0.997839510318515,0.768905458018969,0.383043714656642,0.310538500280228,0.23273934177503,0.450552681193048,0.409257859641038
2015,large_pelagics_other,26239056,209104092,2677399,14330290,2962297.00960039,14493570,284898.00960039,163280,0.989258840914244,0.999219754143039,0.898556172769581,0.0107411590857559,0.228456753397913,0.234246476972338,34,0.35889399736856,0.35906685425544,0.440668149369326,0.440794793373455,0.820527041826505,0.823477744280586,0.820527041826505,0.823477744280586,0.437394478272961,0.436037108166331,0.537054998685226,0.535284403780149,ndgain_combined_vuln_readiness,ndgain_vulnerability,0.537054998685226,0.535284403780149,0.820527041826505,0.823477744280586,0.437394478272961,0.436037108166331,0.820527041826505,0.823477744280586,0.989258840914244,0.148258458811369,0.927932968794447,0.811305170688777,0.51437755391129,0.491855903555896
2015,lobster,65732280,1425636209,55185922,723543148,69736171.3865902,685756949,14550249.3865902,0,0.818761946119992,1,0.485222052272657,0.181238053880008,0.744076361131602,0.695861307707934,43,0.29994371357947,0.303839726319073,0.332279586720409,0.338904687453018,0.996481302641564,0.996466408493136,0.996481302641564,0.996466408493136,0.301002851517988,0.304917179073344,0.333452906581962,0.340106484839275,ndgain_combined_vuln_readiness,ndgain_vulnerability,0.333452906581962,0.340106484839275,0.996481302641564,0.996466408493136,0.301002851517988,0.304917179073344,0.996481302641564,0.996466408493136,0.818761946119992,0.717474301594409,0.218111166316717,0.160026974693204,0.504135522608512,0.454693834050107
2015,mackerel,23790757,65835511,34741177,89940323,70746417.7561626,50884137,36005240.7561626,0,0.39786537381673,1,0.251655045344468,0.60213462618327,0.166632476909389,0.120118265375043,50,0.355781945792132,0.367331934974223,0.39667905793636,0.409538049336507,0.975494558664106,0.983193735672531,0.975494558664106,0.983193735672531,0.364719559563057,0.373610939173609,0.406644049844412,0.416538505563577,ndgain_combined_vuln_readiness,ndgain_vulnerability,0.406644049844412,0.416538505563577,0.975494558664106,0.983193735672531,0.364719559563057,0.373610939173609,0.975494558664106,0.983193735672531,0.39786537381673,0.0800078393274747,0.473278825446705,0.464278076155018,0.246980076193948,0.245404367400706
2015,misc_marine_fish_other,0,0,0,0,19125701.415801,34692345,19125701.415801,34692345,0,0,0,1,,,,,,,,,,,,,,,,,,,,,,,,,,0,,,,,
2015,mussels,32312405,114329260,551961,2300290,2531558.43757047,13320698,1979597.43757047,11020408,0.942272328914756,0.912082671012739,0.927345853117249,0.0577276710852445,0.324307596008407,0.332399476610183,19,0.307223956253196,0.306844245894895,0.319980251984432,0.307110757621202,0.999967783270852,0.999946120529425,0.999967783270852,0.999946120529425,0.307233854323066,0.306860779391229,0.319990561033666,0.30712730547782,ndgain_combined_vuln_readiness,ndgain_vulnerability,0.319990561033666,0.30712730547782,0.999967783270852,0.999946120529425,0.307233854323066,0.306860779391229,0.999967783270852,0.999946120529425,0.942272328914756,0.25407254605643,0.17117713786959,0.189780386707454,0.344767759016118,0.356830390191612
2015,other_groundfish,42407463,225065781,76284503,182338550,255251517.163558,127390619,178967014.163558,0,0.191564373379268,1,0.142469960008255,0.808435626620732,0.208007493648228,0.197372807546039,26,0.325560032017432,0.331783930303321,0.365969517672241,0.366637614738626,0.98845703172576,0.990806527803531,0.98845703172576,0.990806527803531,0.329361845349041,0.334862479195445,0.370243223454327,0.370039563174262,ndgain_combined_vuln_readiness,ndgain_vulnerability,0.370243223454327,0.370039563174262,0.98845703172576,0.990806527803531,0.329361845349041,0.334862479195445,0.98845703172576,0.990806527803531,0.191564373379268,0.125683594612803,0.34637393987812,0.295442870683055,0.202789835094606,0.192319040549515
2015,other_shellfish_specialty,8653595,57214797,2801824,28347472,1331279.09099416,12361733,0,0,1,1,0.866670417787751,0,0.442712120100011,0.242587463279231,34,0.381652877125481,0.359197095890622,0.45771718561731,0.424451041310895,0.982875787461743,0.941456053754766,0.982875787461743,0.941456053754766,0.38830224733798,0.381533577120305,0.465691790820645,0.450845304587587,ndgain_combined_vuln_readiness,ndgain_vulnerability,0.465691790820645,0.450845304587587,0.982875787461743,0.941456053754766,0.38830224733798,0.381533577120305,0.982875787461743,0.941456053754766,1,0.384784663980652,0.679138075216739,0.576886824332579,0.639330285820573,0.605484167541499
2015,oysters,11805843,72015887,3796764,26743067,16257700.3632228,279401706,12460936.3632228,252658639,0.486502259871048,0.22180947759357,0.420682550567422,0.513497740128952,0.237671947889017,0.26226719153817,10,0.341553943861493,0.338799176528252,0.378686759962829,0.369021823262736,0.964278196821692,0.973425919200301,0.964278196821692,0.973425919200301,0.354206851287596,0.348048238541446,0.392715257081409,0.379095949659836,ndgain_combined_vuln_readiness,ndgain_vulnerability,0.392715257081409,0.379095949659836,0.964278196821692,0.973425919200301,0.354206851287596,0.348048238541446,0.964278196821692,0.973425919200301,0.486502259871048,0.158431529462655,0.42471861330331,0.414079263782395,0.319896329533688,0.317202537675311
2015,pangasius_basa_swai,108443317,318992777,1062198,4951373,0,0,0,0,1,1,1,0,0.996094607902647,0.994677526530696,3,0.467177942226388,0.46712642520873,0.54478120979869,0.544737635387241,1,1,1,1,0.467177942226388,0.46712642520873,0.54478120979869,0.544737635387241,ndgain_combined_vuln_readiness,ndgain_vulnerability,0.54478120979869,0.544737635387241,1,1,0.467177942226388,0.46712642520873,1,1,1,0.99568866074767,0.954869003892262,0.953522996926265,0.983306973294764,0.982844724750664
2015,pollock,55457062,152206606,378106439,1038943384,1482922812.09489,516078516,1104816373.09489,0,0.0477965454715978,1,0.0360490038473938,0.952203454528402,0.727541048028401,0.69864356954838,17,0.390165222535695,0.388360348691979,0.47056504182741,0.467274156360562,0.999478641692198,0.999501421114403,0.999478641692198,0.999501421114403,0.390368744523759,0.388554073548964,0.470810502794443,0.467507245602083,ndgain_combined_vuln_readiness,ndgain_vulnerability,0.470810502794443,0.467507245602083,0.999478641692198,0.999501421114403,0.390368744523759,0.388554073548964,0.999478641692198,0.999501421114403,0.0477965454715978,0.699220220402482,0.696983537029395,0.586754472304854,0.285590880843202,0.269663581821275
2015,reef_fish_other,6974060,48562800,838335,3567721,16692488.1543397,61924383,15854153.1543397,58356662,0.305501790825631,0.454199816306595,0.29468006717833,0.694498209174369,0.25956732086132,0.250675910500952,30,0.341818810584597,0.353884703564786,0.413129994159391,0.428652708104949,0.95100888148367,0.970100694358645,0.95100888148367,0.970100694358645,0.359427569226615,0.36479172277961,0.43441234062385,0.441864139050371,ndgain_combined_vuln_readiness,ndgain_vulnerability,0.43441234062385,0.441864139050371,0.95100888148367,0.970100694358645,0.359427569226615,0.36479172277961,0.95100888148367,0.970100694358645,0.305501790825631,0.182602823557266,0.57008793977933,0.439008504983059,0.316826160426287,0.290400968895325
2015,sablefish,1406221,4335230,6663922,82262598,15999313.7376141,115152245,9335391.73761413,32889647,0.130913395814002,0.116460559426429,0.0807915999823375,0.869086604185998,0.990744552082552,0.988686785755119,2,0.282402345611922,0.28250680633217,0.304128759899933,0.304339422820832,1,1,1,1,0.282402345611922,0.28250680633217,0.304128759899933,0.304339422820832,ndgain_combined_vuln_readiness,ndgain_vulnerability,0.304128759899933,0.304339422820832,1,1,0.282402345611922,0.28250680633217,1,1,0.130913395814002,0.989782491767874,0.115877842292707,0.0712084436783136,0.246703182414414,0.209741860736347
2015,salmon,344612123,2713227453,260128031,1051134697,483928488.906335,502302630,223800457.906335,0,0.606271104081678,1,0.415926652294212,0.393728895918322,0.248192197467259,0.256234637605138,37,0.30505726790079,0.30629248889441,0.338708992775356,0.338223407600619,0.96213450389846,0.967215723878347,0.96213450389846,0.967215723878347,0.317063016308772,0.316674430876947,0.352039129043752,0.349687664551615,ndgain_combined_vuln_readiness,ndgain_vulnerability,0.352039129043752,0.349687664551615,0.96213450389846,0.967215723878347,0.317063016308772,0.316674430876947,0.96213450389846,0.967215723878347,0.606271104081678,0.17004530954423,0.282908663202891,0.23671522456007,0.307816992797945,0.290058706421755
2015,scallops,22355983,350195310,7631225,136523977,16287021.4812043,444155473,8655796.48120432,307631496,0.720886817009309,0.532351839125267,0.578526004904039,0.279113182990691,0.255940002060491,0.254649240801467,17,0.367117465508275,0.351639662888129,0.419511884664466,0.38045130498682,0.99679808309033,0.991566200586753,0.99679808309033,0.991566200586753,0.368296721007044,0.354630545777023,0.420859441627207,0.383687246259192,ndgain_combined_vuln_readiness,ndgain_vulnerability,0.420859441627207,0.383687246259192,0.99679808309033,0.991566200586753,0.368296721007044,0.354630545777023,0.99679808309033,0.991566200586753,0.720886817009309,0.178598462013817,0.522838213142352,0.481359236541865,0.406790410649447,0.395735219018364
2015,sea_cucumber_urchin_other_inverts,7100447,42623717,1125226,31921641,5487893.88265195,19465127,4362667.88265195,0,0.619416892588739,1,0.564049469758573,0.380583107411261,0.406450915026392,0.202530829144761,29,0.291037041079404,0.342032897128989,0.316769900382405,0.410746056863557,0.979749443943458,0.961612850423158,0.979749443943458,0.961612850423158,0.297052519783007,0.355686695512105,0.323317254570125,0.427142853470405,ndgain_combined_vuln_readiness,ndgain_vulnerability,0.323317254570125,0.427142853470405,0.979749443943458,0.961612850423158,0.297052519783007,0.355686695512105,0.979749443943458,0.961612850423158,0.619416892588739,0.344754277050586,0.182775052104883,0.141163903791027,0.33921095905155,0.311223313808893
2015,sharks_rays_skates,162162,967320,8944122,34263752,35333575.1107716,16212701,26389453.1107716,0,0.00610742507841691,1,0.00456849225285675,0.993892574921583,0.334604606312323,0.219804052222009,8,0.317394520799228,0.2591498621474,0.366386221570895,0.278905386161402,0.974661141327808,0.82425981061076,0.974661141327808,0.82425981061076,0.325646019258378,0.31440312728019,0.375911387081418,0.338370720701205,ndgain_combined_vuln_readiness,ndgain_vulnerability,0.375911387081418,0.338370720701205,0.974661141327808,0.82425981061076,0.325646019258378,0.31440312728019,0.974661141327808,0.82425981061076,0.00610742507841691,0.265439882190234,0.366134965322202,0.277699578293791,0.0840404772015304,0.0766419444913274
2015,shrimp,585326329,5434714728,19410346,205275329,151254570.598738,487134980,131844224.598738,281859651,0.816160571656006,0.950694308809237,0.794653145796836,0.183839428343994,0.144606230919481,0.14867513268483,52,0.462191290427185,0.462990776023083,0.554167584780205,0.553969803863318,0.999439246137175,0.999402417944171,0.999439246137175,0.999402417944171,0.46245061139389,0.463267616437712,0.55447851074696,0.554301044220871,ndgain_combined_vuln_readiness,ndgain_vulnerability,0.55447851074696,0.554301044220871,0.999439246137175,0.999402417944171,0.46245061139389,0.463267616437712,0.999439246137175,0.999402417944171,0.816160571656006,0.0556920685801225,0.988676886547903,0.930949708743442,0.355528521645957,0.348469730922976
2015,small_pelagics_other,41683116,174584096,37734031,62774721,761528160.584738,183418831,723794129.584738,120644110,0.0544537623298767,0.591353036233943,0.0518955811691751,0.945546237670123,0.128714557517977,0.138797043918338,48,0.367062481985455,0.365851310595567,0.432120004930981,0.435653163278649,0.999438189793681,0.999164849471741,0.999438189793681,0.999164849471741,0.367268817355509,0.366157106896818,0.432362910827118,0.43601730335988,ndgain_combined_vuln_readiness,ndgain_vulnerability,0.432362910827118,0.43601730335988,0.999438189793681,0.999164849471741,0.367268817355509,0.366157106896818,0.999438189793681,0.999164849471741,0.0544537623298767,0.0381485304120744,0.562942974139043,0.476450934971183,0.105355376239846,0.0996570351339103
2015,snapper_grouper,22856698,159570393,0,0,9191488.28428831,74820122,9191488.28428831,74820122,0.713197863905501,0.680788610409427,0.713197863905501,0.286802136094499,0.166820820430345,0.180436356676003,33,0.398714586366929,0.39678913055667,0.516050782926661,0.513217963469957,0.99999212484673,0.9999830795679,0.99999212484673,0.9999830795679,0.398717726330136,0.396795844513815,0.516054846937676,0.513226647486598,ndgain_combined_vuln_readiness,ndgain_vulnerability,0.516054846937676,0.513226647486598,0.99999212484673,0.9999830795679,0.398717726330136,0.396795844513815,0.99999212484673,0.9999830795679,0.713197863905501,0.0802157602723066,0.854719744844904,0.626621361047411,0.365677151109871,0.32972988499947
2015,squid_octopus,97776814,392361943,73709751,113034893,53114176.4760646,58050974,0,0,1,1,0.647996369375745,0,0.234499162161153,0.211935436004851,36,0.377971754254082,0.379524020232737,0.448370133513346,0.450390546967125,0.948462229501567,0.957818579769853,0.948462229501567,0.957818579769853,0.39851007504296,0.396237897498219,0.472733778496348,0.470225318739741,ndgain_combined_vuln_readiness,ndgain_vulnerability,0.472733778496348,0.470225318739741,0.948462229501567,0.957818579769853,0.39851007504296,0.396237897498219,0.948462229501567,0.957818579769853,1,0.154928947569011,0.703688689276534,0.625629813700073,0.47771738580338,0.459356644107195
2015,swordfish,10890015,87854532,148457,963328,2802165.74881166,16815604,2653708.74881166,15852276,0.804063579704622,0.847143342797707,0.795345547928524,0.195936420295379,0.158322272843831,0.146698580207697,30,0.403457334012874,0.393644576218905,0.47274824541108,0.454932259391143,0.99978053290101,0.999810459408059,0.99978053290101,0.999810459408059,0.40354589906065,0.393719201989508,0.472852020872353,0.45501850386771,ndgain_combined_vuln_readiness,ndgain_vulnerability,0.472852020872353,0.45501850386771,0.99978053290101,0.999810459408059,0.40354589906065,0.393719201989508,0.99978053290101,0.999810459408059,0.804063579704622,0.0708338286034313,0.70410091989557,0.649676175339886,0.342285634929719,0.333228917805251
2015,tilapia,227397833,990285318,1850719,6537597,67322.63314777,99361,0,0,1,1,0.999704031006594,0,0.559655360095413,0.433615101064801,37,0.375695477451976,0.386915467726105,0.4597761459202,0.475090435711963,0.945325670715605,0.962127299760694,0.945325670715605,0.962127299760694,0.397424389382738,0.402145815654894,0.486367989533335,0.493791659201573,ndgain_combined_vuln_readiness,ndgain_vulnerability,0.486367989533335,0.493791659201573,0.945325670715605,0.962127299760694,0.397424389382738,0.402145815654894,0.945325670715605,0.962127299760694,1,0.513883604194234,0.751221895608851,0.62044559957322,0.728133478464436,0.683160619042761
2015,toothfish,10782683,223003650,846533,6441740,0,0,0,0,1,1,1,0,0.126912107400783,0.11034054345795,21,0.301216866053092,0.288146146307153,0.339285661998404,0.320592397725953,0.843831818110576,0.811496636938454,0.843831818110576,0.811496636938454,0.356963152595438,0.355079901987329,0.402077350861334,0.39506312550531,ndgain_combined_vuln_readiness,ndgain_vulnerability,0.402077350861334,0.39506312550531,0.843831818110576,0.811496636938454,0.356963152595438,0.355079901987329,0.843831818110576,0.811496636938454,1,0.0361587240758835,0.457357856904311,0.42724076779918,0.254774767422454,0.249054997914814
2015,trout,12505038,104791429,616144,4358188,812116.76876407,2402830,195972.76876407,0,0.984570301345935,1,0.939017246336363,0.0154296986540654,0.348845861113223,0.427879831942863,22,0.32191867848761,0.324555383925786,0.359315747409189,0.363638597859565,0.999581448692919,0.999696139271085,0.999581448692919,0.999696139271085,0.322053474390266,0.324654033537062,0.35946620245808,0.363749126934417,ndgain_combined_vuln_readiness,ndgain_vulnerability,0.35946620245808,0.363749126934417,0.999581448692919,0.999696139271085,0.322053474390266,0.324654033537062,0.999581448692919,0.999696139271085,0.984570301345935,0.281161448500353,0.308801808914865,0.260544961134336,0.44051507971232,0.416257170080488
2015,tuna,262250898,1447931797,16139757,61308201,26214014.7829637,139977295,10074257.7829637,78669094,0.963006510529668,0.948467805525472,0.909125811766623,0.0369934894703324,0.170587205269688,0.12350441657965,66,0.439500018947851,0.436978310779837,0.510757677763808,0.50874356337273,0.993439400920565,0.988579983508712,0.993439400920565,0.988579983508712,0.442402444014794,0.442026257935037,0.514130683049734,0.514620538408106,ndgain_combined_vuln_readiness,ndgain_vulnerability,0.514130683049734,0.514620538408106,0.993439400920565,0.988579983508712,0.442402444014794,0.442026257935037,0.993439400920565,0.988579983508712,0.963006510529668,0.0843736431154262,0.848011496098082,0.83521850739095,0.409964188507243,0.407892178872998
2016,catfish_other,5565733,38422843,0,0,5019399.64252034,5207930,5019399.64252034,5207930,0.525806637286955,0.880636311440093,0.525806637286955,0.474193362713045,0.905311380348974,0.950585988414065,12,0.390005410328321,0.388077927064332,0.473182319468549,0.471727454514769,1,1,1,1,0.390005410328322,0.388077927064332,0.473182319468549,0.471727454514769,ndgain_combined_vuln_readiness,ndgain_vulnerability,0.473182319468549,0.471727454514769,1,1,0.390005410328322,0.388077927064332,1,1,0.525806637286955,0.895468943329132,0.705252446102819,0.585019529735593,0.692479728427128,0.65065232427452
2016,clams,25211969,73568713,8846428,113609423,25566893.1459719,225621597,16720465.1459719,112012174,0.601252217131829,0.396423975492692,0.496505197921218,0.398747782868171,0.405160742704722,0.302696760801148,19,0.378811111933222,0.357070330707756,0.448308792409927,0.414852583115293,0.999299856349974,0.999322850734116,0.999299856349974,0.999322850734116,0.37907651995154,0.357312284458869,0.448622892879633,0.415133690589119,ndgain_combined_vuln_readiness,ndgain_vulnerability,0.448622892879633,0.415133690589119,0.999299856349974,0.999322850734116,0.37907651995154,0.357312284458869,0.999299856349974,0.999322850734116,0.601252217131829,0.343329997379294,0.619630455340945,0.532833422874278,0.503848997586856,0.479129928922268
2016,cod,72305155,481857752,105333477,312025000,322905534.464225,177571643,217572057.464225,0,0.249433732252836,1,0.182953439589455,0.750566267747164,0.465235255864371,0.382006205190636,24,0.361097408928308,0.35535041513617,0.419832786561452,0.406505089994086,0.999528885596055,0.999768120364285,0.999528885596055,0.999768120364285,0.361267607301786,0.355432832771954,0.420030669059745,0.406599372108372,ndgain_combined_vuln_readiness,ndgain_vulnerability,0.420030669059745,0.406599372108372,0.999528885596055,0.999768120364285,0.361267607301786,0.355432832771954,0.999528885596055,0.999768120364285,0.249433732252836,0.409648973859358,0.519948847755176,0.447794797123365,0.375931939663917,0.357669603460987
2016,crab,107558680,1588814562,21265381,248701900,146803917.728374,709502506,125538536.728374,460800606,0.461432708247808,0.775177012156069,0.42285572234507,0.538567291752192,0.215366421287421,0.205939794740985,41,0.349691816044777,0.353579438715407,0.408928430532859,0.414778800069996,0.99602148334286,0.996646996366087,0.99602148334286,0.996646996366087,0.351088627999405,0.354768980395874,0.410561857722595,0.416174233788228,ndgain_combined_vuln_readiness,ndgain_vulnerability,0.410561857722595,0.416174233788228,0.99602148334286,0.996646996366087,0.351088627999405,0.354768980395874,0.99602148334286,0.996646996366087,0.461432708247808,0.13380744819652,0.486937552727576,0.399189560608073,0.310947672949605,0.291019850461078
2016,crawfish_freshwater,6983846,74479386,77168,336793,0,0,0,0,1,1,1,0,0.760185189679376,0.823838248040549,6,0.376675269495996,0.381264854359143,0.45797220406213,0.460413013936869,1,1,1,1,0.376675269495996,0.381264854359143,0.45797220406213,0.460413013936869,ndgain_combined_vuln_readiness,ndgain_vulnerability,0.45797220406213,0.460413013936869,1,1,0.376675269495996,0.381264854359143,1,1,1,0.735257567165652,0.652225134732156,0.521367307966579,0.782730658147354,0.726431106448758
2016,eel_sturgeon_shad,7369372,70380730,1542123,7029938,2198611.65895833,17352501,656488.65895833,10322563,0.91820333209678,0.872092418831038,0.770211599713613,0.0817966679032197,0.706931420810636,0.724793950348623,28,0.375299326398688,0.370411516785628,0.450443696925741,0.443444314172467,0.986393684563624,0.978493473994942,0.986393684563624,0.978493473994942,0.380476205669057,0.37855287401492,0.456657117715646,0.453190875522139,ndgain_combined_vuln_readiness,ndgain_vulnerability,0.456657117715646,0.453190875522139,0.986393684563624,0.978493473994942,0.380476205669057,0.37855287401492,0.986393684563624,0.978493473994942,0.91820333209678,0.676468319291181,0.647640324471947,0.539517006102616,0.738198915483754,0.69459313789348
2016,flatfish,26935711,135191318,125355446,194092971,254937136.827834,140199462,129581690.827834,0,0.172094033541578,1,0.0955597930328221,0.827905966458422,0.388199015742242,0.283993715855225,41,0.363260503811845,0.357039028565838,0.427139510127719,0.413548655544525,0.992622507718471,0.992632803535505,0.992622507718471,0.992632803535505,0.365960373643747,0.359688927561286,0.430314149443873,0.416617961920632,ndgain_combined_vuln_readiness,ndgain_vulnerability,0.430314149443873,0.416617961920632,0.992622507718471,0.992632803535505,0.365960373643747,0.359688927561286,0.992622507718471,0.992632803535505,0.172094033541578,0.324605178611365,0.55580033880127,0.470203037791332,0.314301669808063,0.297259376685859
2016,halibut,7719581,127443823,2822802,30053816,13247351.5923141,125340433,10424549.5923141,95286617,0.425458853524238,0.572188619570814,0.368178843806165,0.574541146475762,0.503598744591013,0.541121066727122,12,0.31006836808222,0.308226543767981,0.353073793321307,0.348429631682865,0.999523031107517,0.999580513211692,0.999523031107517,0.999580513211692,0.310216331622344,0.308355894992027,0.353242278899852,0.348575854648613,ndgain_combined_vuln_readiness,ndgain_vulnerability,0.353242278899852,0.348575854648613,0.999523031107517,0.999580513211692,0.310216331622344,0.308355894992027,0.999523031107517,0.999580513211692,0.425458853524238,0.452000166948414,0.287103227171687,0.204021894645189,0.380783462208804,0.339800733755588
2016,herring,17885922,51404309,25874189,33230612,89114128.2199345,36438913,63239939.2199345,3208301,0.220471274277271,0.941253476074482,0.167158071077875,0.779528725722729,0.549354627180194,0.492640432671425,35,0.296725716001817,0.298317281394416,0.324784977248817,0.325672396802785,1,1,1,1,0.296725716001817,0.298317281394416,0.324784977248817,0.325672396802785,ndgain_combined_vuln_readiness,ndgain_vulnerability,0.324784977248817,0.325672396802785,1,1,0.296725716001817,0.298317281394416,1,1,0.220471274277271,0.502512158501176,0.187892001280428,0.139603396140213,0.27508629846986,0.249152274764719
2016,inland_freshwater_other,10256381,97515290,804681,2319475,4020596.95485063,7714748,3215915.95485063,5395273,0.761294160481464,0.947573185465908,0.718385994041223,0.238705839518536,0.542249048866346,0.593835775475493,24,0.304122825862057,0.299375008621332,0.344837268840916,0.338811872877068,0.993486103919111,0.997627223382097,0.993486103919111,0.997627223382097,0.30611683914083,0.300087048152523,0.3470982306452,0.339617709837997,ndgain_combined_vuln_readiness,ndgain_vulnerability,0.3470982306452,0.339617709837997,0.993486103919111,0.997627223382097,0.30611683914083,0.300087048152523,0.993486103919111,0.997627223382097,0.761294160481464,0.494667988714548,0.265683116201434,0.184446572234421,0.4642409225992,0.411066701417191
2016,large_pelagics_other,21526729,200005679,2261075,9877256,2548469.72190118,14859937,287394.72190118,4982681,0.986825291468727,0.975692858853059,0.894145433591672,0.0131747085312731,0.232130941932429,0.237916264909248,44,0.330857710900603,0.321736353801093,0.403913870495628,0.393145566998609,0.767026704335805,0.746115139060627,0.767026704335805,0.746115139060627,0.4313509673527,0.431215420995431,0.526596881454591,0.526923455129977,ndgain_combined_vuln_readiness,ndgain_vulnerability,0.526596881454591,0.526923455129977,0.767026704335805,0.746115139060627,0.4313509673527,0.431215420995431,0.767026704335805,0.746115139060627,0.986825291468727,0.152314561977055,0.891472638026295,0.782447043666815,0.511717070689668,0.489942992501339
2016,lobster,61348735,1347764128,55602365,749997943,75075899.3215816,728362719,19473534.3215816,0,0.759057318174291,1,0.449689568933629,0.240942681825709,0.754980625964438,0.736877239383145,43,0.29749092285277,0.299882276683349,0.332883109426757,0.336398605038818,0.996376942409652,0.996745086244053,0.996376942409652,0.996745086244053,0.298572668826834,0.300861555097672,0.334093549597513,0.337497129086875,ndgain_combined_vuln_readiness,ndgain_vulnerability,0.334093549597513,0.337497129086875,0.996376942409652,0.996745086244053,0.298572668826834,0.300861555097672,0.996376942409652,0.996745086244053,0.759057318174291,0.729512013511598,0.220344652109251,0.148422706625649,0.495986487386275,0.434779563637718
2016,mackerel,26733897,67541863,32315262,86855723,67824515.4150726,52221958,35509253.4150726,0,0.429507452976323,1,0.282723623601559,0.570492547023677,0.161087058574431,0.116014241495424,52,0.360684149166962,0.368051470894733,0.411213555434466,0.415258808777991,0.974795219716751,0.981039196386988,0.974795219716751,0.981039196386988,0.37001017431309,0.3751648988646,0.421846093535372,0.423284625433238,ndgain_combined_vuln_readiness,ndgain_vulnerability,0.421846093535372,0.423284625433238,0.974795219716751,0.981039196386988,0.37001017431309,0.3751648988646,0.974795219716751,0.981039196386988,0.429507452976323,0.0738860008175084,0.526277996243975,0.489541078819393,0.255612855760617,0.249521133766437
2016,misc_marine_fish_other,0,0,0,0,18198368.1027256,33440994,18198368.1027256,33440994,0,0,0,1,,,,,,,,,,,,,,,,,,,,,,,,,,0,,,,,
2016,mussels,35877614,119937580,572654,2148630,2015868.36493273,13994993,1443214.36493273,11846363,0.961329519516003,0.910107690433879,0.946801712613295,0.0386704804839969,0.32415733708474,0.332015196618089,18,0.308543185864458,0.308080190414961,0.3261942368941,0.313268465587039,0.99998564564522,0.999939343448484,0.99998564564522,0.999939343448484,0.308547614866388,0.308098878630465,0.326198919269116,0.313287468524513,ndgain_combined_vuln_readiness,ndgain_vulnerability,0.326198919269116,0.313287468524513,0.99998564564522,0.999939343448484,0.308547614866388,0.308098878630465,0.99998564564522,0.999939343448484,0.961329519516003,0.253906668423796,0.192821453935258,0.196053672076815,0.361049914280409,0.363056142403808
2016,other_groundfish,48568067,224164609,67578710,171274500,362391189.803732,148206964,294812479.803732,0,0.14144093907498,1,0.118182194940058,0.85855906092502,0.208746085925396,0.19879986981478,30,0.33211787761906,0.337074035266351,0.377949161870393,0.376063361249169,0.988433243596044,0.993245798225,0.988433243596044,0.993245798225,0.336004358180804,0.33936618294155,0.38237196524812,0.378620641457754,ndgain_combined_vuln_readiness,ndgain_vulnerability,0.38237196524812,0.378620641457754,0.988433243596044,0.993245798225,0.336004358180804,0.33936618294155,0.988433243596044,0.993245798225,0.14144093907498,0.126498960086138,0.388658600477239,0.327161267749467,0.190872541523387,0.180222076637642
2016,other_shellfish_specialty,8176636,54799338,2601180,25444995,1018107.57893691,10846586,0,0,1,1,0.889272868765023,0,0.386190398374562,0.19392540243373,34,0.384566785329012,0.359888874037003,0.461646705014418,0.428408493263236,0.979820796718846,0.93488853825205,0.979820796718846,0.93488853825205,0.392486857409867,0.38495377717421,0.471154221833572,0.458245529530426,ndgain_combined_vuln_readiness,ndgain_vulnerability,0.471154221833572,0.458245529530426,0.979820796718846,0.93488853825205,0.392486857409867,0.38495377717421,0.979820796718846,0.93488853825205,1,0.322387774907891,0.698181851179217,0.596868588341152,0.608297044987311,0.57732331430904
2016,oysters,11979040,74463990,3555373,23470180,14369140.8615932,231915023,10813767.8615932,208444843,0.525562277045522,0.263208430823367,0.454643911203047,0.474437722954478,0.239437096236379,0.268701687288485,10,0.344412155317912,0.339794881359875,0.386242036903892,0.37573391811496,0.972690549493115,0.98011509992951,0.972690549493115,0.98011509992951,0.354081938492557,0.346688752560095,0.397086244032256,0.383356932407207,ndgain_combined_vuln_readiness,ndgain_vulnerability,0.397086244032256,0.383356932407207,0.972690549493115,0.98011509992951,0.354081938492557,0.346688752560095,0.972690549493115,0.98011509992951,0.525562277045522,0.160380156685341,0.439957267307332,0.413482797696126,0.333473840850956,0.326646058202098
2016,pangasius_basa_swai,131274980,367257012,1079503,4796611,0,0,0,0,1,1,1,0,0.999696244808044,0.999734751679571,3,0.470299760690897,0.470300785396312,0.536122098865841,0.536123044056606,1,1,1,1,0.470299760690897,0.470300785396312,0.536122098865841,0.536123044056606,ndgain_combined_vuln_readiness,ndgain_vulnerability,0.536122098865841,0.536123044056606,1,1,0.470299760690897,0.470300785396312,1,1,1,0.99966467088335,0.924680582610758,0.968429867283076,0.97412650596649,0.989253296941833
2016,pollock,47659501,123639864,379841460,990954478,1524427440.18551,423492761,1144585980.18551,0,0.0399745704656475,1,0.0303160720640933,0.960025429534353,0.743694286490153,0.702384075535353,16,0.388171163630131,0.386113754902364,0.467645779048305,0.463668616281343,1,1,1,1,0.388171163630131,0.386113754902364,0.467645779048305,0.463668616281342,ndgain_combined_vuln_readiness,ndgain_vulnerability,0.467645779048305,0.463668616281342,1,1,0.388171163630131,0.386113754902364,1,1,0.0399745704656475,0.717052512089556,0.685950301119974,0.576260891767629,0.269903887290348,0.254674016781799
2016,reef_fish_other,8059612,53015995,915228,4387281,15696589.3650227,63960882,14781361.3650227,59573601,0.352857641887626,0.470878277243308,0.339263499082244,0.647142358112374,0.2806188684637,0.260943258176531,30,0.342289426019274,0.351222899555469,0.420467951683071,0.430545713059664,0.962396825058079,0.974208840181157,0.962396825058079,0.974208840181157,0.355663502940814,0.360521158369039,0.436896652955704,0.441943960372606,ndgain_combined_vuln_readiness,ndgain_vulnerability,0.436896652955704,0.441943960372606,0.962396825058079,0.974208840181157,0.355663502940814,0.360521158369039,0.962396825058079,0.974208840181157,0.352857641887626,0.20584258060034,0.578749044579861,0.421034862769462,0.347702924999643,0.312716599174836
2016,sablefish,1747342,4532914,5577050,80818282,15324186.4005138,117296710,9747136.40051376,36478428,0.152015771322159,0.11052830214627,0.102354162966886,0.847984228677841,0.962903146635456,0.943851386529955,2,0.283965706953619,0.284981576583719,0.312382373462986,0.314372879774944,1,1,1,1,0.283965706953619,0.284981576583719,0.312382373462986,0.314372879774944,ndgain_combined_vuln_readiness,ndgain_vulnerability,0.312382373462986,0.314372879774944,1,1,0.283965706953619,0.284981576583719,1,1,0.152015771322159,0.959047103066329,0.144652570468435,0.0786735878263414,0.276281356866082,0.225520407260172
2016,salmon,353051898,3210504447,198443775,960324049,254762038.379613,420869669,56318263.3796126,0,0.862427043559269,1,0.580855220436242,0.137572956440731,0.245395861595978,0.25883277661574,33,0.303949927610839,0.302068343241423,0.34255092578984,0.338612690706285,0.958720485337824,0.959088145439968,0.958720485337824,0.959088145439968,0.317037063731601,0.314953682492712,0.357300100528399,0.353056903389157,ndgain_combined_vuln_readiness,ndgain_vulnerability,0.357300100528399,0.353056903389157,0.958720485337824,0.959088145439968,0.317037063731601,0.314953682492712,0.958720485337824,0.959088145439968,0.862427043559269,0.166958307700619,0.301250087023438,0.23659129944792,0.351360168880839,0.324172664027058
2016,scallops,23152481,328484391,8271486,149514567,18508628.4589522,490106764,10237142.4589522,340592197,0.693403476935363,0.490951853481981,0.555733663857696,0.306596523064637,0.288791038877794,0.239055261750363,17,0.370776470036109,0.352107579834769,0.431136823176479,0.389045195598621,0.994624895707721,0.98705530881679,0.994624895707721,0.98705530881679,0.372780202502657,0.356725278400913,0.433466752176664,0.394147310817851,ndgain_combined_vuln_readiness,ndgain_vulnerability,0.433466752176664,0.394147310817851,0.994624895707721,0.98705530881679,0.372780202502657,0.356725278400913,0.994624895707721,0.98705530881679,0.693403476935363,0.214864209723543,0.566791316993925,0.502768129519499,0.438723698821638,0.421540472948746
2016,sea_cucumber_urchin_other_inverts,6189858,42024520,1076024,38011544,5286023.95916056,24912291,4209999.95916056,0,0.595186782772139,1,0.539379720184293,0.404813217227861,0.37473916789301,0.103174679779207,32,0.30131181414194,0.333427863161042,0.339851968455609,0.392786480663856,0.957509687621267,0.910183483356859,0.957509687621267,0.910183483356859,0.314682783931394,0.366330382014099,0.354933190597685,0.431546482490778,ndgain_combined_vuln_readiness,ndgain_vulnerability,0.354933190597685,0.431546482490778,0.957509687621267,0.910183483356859,0.314682783931394,0.366330382014099,0.957509687621267,0.910183483356859,0.595186782772139,0.309746242833288,0.292998284421776,0.225349472235887,0.378014217426307,0.346342103474217
2016,sharks_rays_skates,300970,1641920,10665767,38585999,37822461.8461344,20595811,27156694.8461344,0,0.010961238025395,1,0.00789461980271637,0.989038761974605,0.226038080289354,0.176515705592268,12,0.313804067031236,0.265333139723435,0.374926509114197,0.29068867869873,0.946087649931887,0.809097276359384,0.946087649931887,0.809097276359384,0.331686040985555,0.327937254859303,0.396291516056879,0.359275314838178,ndgain_combined_vuln_readiness,ndgain_vulnerability,0.396291516056879,0.359275314838178,0.946087649931887,0.809097276359384,0.331686040985555,0.327937254859303,0.946087649931887,0.809097276359384,0.010961238025395,0.145588375999824,0.437186592221757,0.306541044209564,0.0886919863636674,0.0787937277560641
2016,shrimp,604843886,5704642323,11943281,118343446,131960300.196881,508155116,120017019.196881,389811670,0.834427517974248,0.936038294743429,0.820901804483477,0.165572482025752,0.152261649342464,0.157433129359622,58,0.461572064591027,0.462995701026518,0.548307684994348,0.549041511904236,0.999631805817741,0.999570393749295,0.999631805817741,0.999570393749295,0.46174207533687,0.46319469236165,0.548509643053833,0.54927748494514,ndgain_combined_vuln_readiness,ndgain_vulnerability,0.548509643053833,0.54927748494514,0.999631805817741,0.999570393749295,0.46174207533687,0.46319469236165,0.999631805817741,0.999570393749295,0.834427517974248,0.0641432317712356,0.967867510863602,0.927566406586319,0.372779300510711,0.367531716013016
2016,small_pelagics_other,50424492,172271365,48996867,83600941,797630112.098442,181058653,748633245.098442,97457712,0.0631049418069621,0.638682958901016,0.0594590156769513,0.936895058193038,0.109465286635196,0.121780292305056,47,0.371086414319109,0.369803125669429,0.446236468398307,0.444192738170497,0.999754504219894,0.999489816546122,0.999754504219894,0.999489816546122,0.371177536838073,0.369991889409474,0.446346044468691,0.444419473632525,ndgain_combined_vuln_readiness,ndgain_vulnerability,0.446346044468691,0.444419473632525,0.999754504219894,0.999489816546122,0.371177536838073,0.369991889409474,0.999754504219894,0.999489816546122,0.0631049418069621,0.016898388283732,0.61169263590929,0.49511530487294,0.0867255978836943,0.080823626979413
2016,snapper_grouper,25951766,176884122,0,0,9145792.0281574,75022372,9145792.0281574,75022372,0.739417995382468,0.702181667456338,0.739417995382468,0.260582004617532,0.175241792854952,0.184248563753534,33,0.395776806402704,0.394611579742344,0.51600812455534,0.514222434440201,0.999947171225264,0.999904988645618,0.999947171225264,0.999904988645618,0.395797715911078,0.39464907588555,0.516035386072506,0.514271296052559,ndgain_combined_vuln_readiness,ndgain_vulnerability,0.516035386072506,0.514271296052559,0.999947171225264,0.999904988645618,0.395797715911078,0.39464907588555,0.999947171225264,0.999904988645618,0.739417995382468,0.089512053205761,0.854651898064696,0.612678136208335,0.38387243903922,0.343558980887339
2016,squid_octopus,96070291,447304188,58544070,141407215,64272126.4835681,98134547,5728056.48356808,0,0.943731341174348,1,0.599157057176373,0.0562686588256521,0.272813294359614,0.254614015491864,40,0.364643136807449,0.368104770398584,0.432291851080948,0.436677427288759,0.928904129165175,0.946815212917255,0.928904129165175,0.946815212917255,0.392551960270821,0.388782061564481,0.465378328621983,0.46120660222949,ndgain_combined_vuln_readiness,ndgain_vulnerability,0.465378328621983,0.46120660222949,0.928904129165175,0.946815212917255,0.392551960270821,0.388782061564481,0.928904129165175,0.946815212917255,0.943731341174348,0.197225653750735,0.678045246058827,0.597179458405869,0.501599181641234,0.480808585890757
2016,swordfish,10367996,87356260,140106,913051,2613672.26431157,17167763,2473566.26431157,16254712,0.807378088942812,0.843117850491741,0.798664377251349,0.192621911057188,0.0941580170841789,0.103789733142789,35,0.391977788925458,0.387335277796818,0.450461557539019,0.440003786519709,0.999179204930249,0.998998240080333,0.999179204930249,0.998998240080333,0.39229978665621,0.387723683843198,0.450831597891856,0.440445006674213,ndgain_combined_vuln_readiness,ndgain_vulnerability,0.450831597891856,0.440445006674213,0.999179204930249,0.998998240080333,0.39229978665621,0.387723683843198,0.999179204930249,0.998998240080333,0.807378088942812,0,0.627330705160201,0.595975314275404,0,0
2016,tilapia,199448434,762890847,1413740,5755398,75422.43209886,95702,0,0,1,1,0.999621987899354,0,0.552345649558466,0.42017371032711,39,0.371483354249853,0.384745389715369,0.454082919781662,0.471892508396483,0.937324000247603,0.958273324257094,0.937324000247603,0.958273324257094,0.396323314192021,0.401498591243416,0.484446060979673,0.492440409694509,ndgain_combined_vuln_readiness,ndgain_vulnerability,0.484446060979673,0.492440409694509,0.937324000247603,0.958273324257094,0.396323314192021,0.401498591243416,0.937324000247603,0.958273324257094,1,0.505814083599243,0.744521439949968,0.615187899515476,0.722142173353669,0.677640832464922
2016,toothfish,12411319,243512560,1162650,6109360,0,0,0,0,1,1,1,0,0.175904040331913,0.12458074129499,17,0.311742600962057,0.295276164744313,0.35429251674835,0.328411437866459,0.87408026495814,0.829475337945608,0.87408026495814,0.829475337945608,0.356652144499552,0.355979438129691,0.405331788111377,0.395926705524299,ndgain_combined_vuln_readiness,ndgain_vulnerability,0.405331788111377,0.395926705524299,0.87408026495814,0.829475337945608,0.356652144499552,0.355979438129691,0.87408026495814,0.829475337945608,1,0.0902431381956944,0.468703862689482,0.425755685492823,0.348420934065789,0.337436104340496
2016,trout,14426225,120977955,993394,6765918,867185.60403629,2721267,0,0,1,1,0.943296781438182,0,0.309626115917227,0.31812723289024,25,0.302026854398148,0.304726670854732,0.323702581051843,0.328601528300251,0.999731045370497,0.999593669772315,0.999731045370497,0.999593669772315,0.302108107772344,0.304850540844403,0.32378966578144,0.328735103309626,ndgain_combined_vuln_readiness,ndgain_vulnerability,0.32378966578144,0.328735103309626,0.999731045370497,0.999593669772315,0.302108107772344,0.304850540844403,0.999731045370497,0.999593669772315,1,0.237864995105964,0.184422028194679,0.165304639580528,0.352680225285209,0.340046669732089
2016,tuna,254997847,1418270404,17984284,59339123,25352023.7187487,157051190,7367739.71874865,97712067,0.971918040735096,0.935545384680111,0.909570053826841,0.0280819592649044,0.164115749257364,0.116041287616675,71,0.43718024788288,0.434110797926439,0.507283257282299,0.50450700118208,0.992021316948609,0.986152047631673,0.992021316948609,0.986152047631673,0.440696424979674,0.440206760173537,0.511363262679342,0.511591495848633,ndgain_combined_vuln_readiness,ndgain_vulnerability,0.511363262679342,0.511591495848633,0.992021316948609,0.986152047631673,0.440696424979674,0.440206760173537,0.992021316948609,0.986152047631673,0.971918040735096,0.0772295096634822,0.838363386418892,0.827072164202864,0.397754475292512,0.395960722954447
2017,catfish_other,6070906,39379020,0,0,5451833.28923695,5678036,5451833.28923695,5678036,0.526863087640163,0.873981202855331,0.526863087640163,0.473136912359837,0.920454357065788,0.948800465646956,10,0.389022804955182,0.387749182805575,0.467883046635652,0.466826451485589,1,1,1,1,0.389022804955182,0.387749182805575,0.467883046635652,0.466826451485589,ndgain_combined_vuln_readiness,ndgain_vulnerability,0.467883046635652,0.466826451485589,1,1,0.389022804955182,0.387749182805575,1,1,0.526863087640163,0.912185961310645,0.686777491571602,0.580327530160403,0.691086490409508,0.653358346445987
2017,clams,23793738,73060720,7536277,115974293,22785176.2483846,213368362,15248899.2483846,97394069,0.609429579478126,0.428622278251155,0.510826376783251,0.390570420521874,0.388287349150972,0.288122565981348,17,0.376825979149326,0.355777130381121,0.442799840554126,0.411682413770736,1,1,1,1,0.376825979149325,0.355777130381121,0.442799840554126,0.411682413770736,ndgain_combined_vuln_readiness,ndgain_vulnerability,0.442799840554126,0.411682413770736,1,1,0.376825979149325,0.355777130381121,1,1,0.609429579478126,0.324702693862806,0.599329438514865,0.522086955597999,0.491313099844012,0.46922818176194
2017,cod,75534920,527104459,92788418,295501591,299286444.972921,198853583,206498026.972921,0,0.267823035608859,1,0.201522450582445,0.732176964391141,0.475319786371394,0.401457291020712,25,0.35981535390577,0.355231113259283,0.417024307459486,0.405713081223575,0.991173036259256,0.99481713168357,0.991173036259256,0.99481713168357,0.363019715774084,0.357081821317362,0.420738147834772,0.407826793791709,ndgain_combined_vuln_readiness,ndgain_vulnerability,0.420738147834772,0.407826793791709,0.991173036259256,0.99481713168357,0.363019715774084,0.357081821317362,0.991173036259256,0.99481713168357,0.267823035608859,0.420781743919939,0.522415344312831,0.45616122013756,0.389021478991889,0.37182711733906
2017,crab,107894024,1938451834,19891148,216141897,126072268.897849,635026659,106181120.897849,418884762,0.504000705226588,0.822305918165961,0.461152000417031,0.495999294773412,0.225284423402793,0.212233944459491,38,0.347472235956309,0.355244956524846,0.408016438376519,0.417314963287078,0.995825950471548,0.996786328197206,0.995825950471548,0.996786328197206,0.348928681555017,0.356390277911761,0.409726657739049,0.418660400410824,ndgain_combined_vuln_readiness,ndgain_vulnerability,0.409726657739049,0.418660400410824,0.995825950471548,0.996786328197206,0.348928681555017,0.356390277911761,0.995825950471548,0.996786328197206,0.504000705226588,0.144756380021745,0.484025779318837,0.388875686822582,0.328079517072811,0.304995348839032
2017,crawfish_freshwater,6718419,68523675,345465,947803,0,0,0,0,1,1,1,0,0.717791018765535,0.792811263461916,5,0.373596866903651,0.379142422894894,0.450334620260852,0.453405045689027,1,1,1,1,0.373596866903652,0.379142422894894,0.450334620260852,0.453405045689027,ndgain_combined_vuln_readiness,ndgain_vulnerability,0.450334620260852,0.453405045689027,1,1,0.373596866903652,0.379142422894894,1,1,1,0.688456721418387,0.625598082699467,0.506667751002633,0.755191948587975,0.703936204715251
2017,eel_sturgeon_shad,7521721,62583333,2564768,11901128,2042954.63330728,15873268,0,3972140,1,0.940318356688713,0.786406281652349,0,0.787636253566768,0.793406993940314,24,0.380448160453671,0.373864109163945,0.454535519945626,0.446269412353935,0.986100521409927,0.971442876013011,0.986100521409927,0.971442876013011,0.385810728413069,0.384854445274596,0.460942378669195,0.459388218672734,ndgain_combined_vuln_readiness,ndgain_vulnerability,0.460942378669195,0.459388218672734,0.986100521409927,0.971442876013011,0.385810728413069,0.384854445274596,0.986100521409927,0.971442876013011,1,0.765562040136787,0.662580110319495,0.564989672071024,0.797516349941887,0.756264358668632
2017,flatfish,27365871,144204503,115811638,183194141,246469918.531604,158468199,130658280.531604,0,0.173175244003932,1,0.0999353336786593,0.826824755996068,0.418464151956784,0.322478418558172,33,0.365203394341519,0.361314434713381,0.426228991387665,0.416672263687855,0.992657131212816,0.992221740814848,0.992657131212816,0.992221740814848,0.367904871539399,0.364146863398353,0.429381886237903,0.419938655391353,ndgain_combined_vuln_readiness,ndgain_vulnerability,0.429381886237903,0.419938655391353,0.992657131212816,0.992221740814848,0.367904871539399,0.364146863398353,0.992657131212816,0.992221740814848,0.173175244003932,0.358016233503214,0.552550172054901,0.479488131837994,0.324778108873356,0.309781489198838
2017,halibut,7876930,124615326,2124154,24610170,14423048.0468059,125122618,12298894.0468059,100512448,0.390414288988957,0.553531551375798,0.353225908270715,0.609585711011044,0.532391832843784,0.571337909885407,16,0.305032737398297,0.304307840587044,0.343138801562766,0.341167931800778,0.999963183626108,0.999949364173713,0.999963183626108,0.999949364173713,0.305043968011077,0.304323250246279,0.343151435154304,0.341185207995701,ndgain_combined_vuln_readiness,ndgain_vulnerability,0.343151435154304,0.341185207995701,0.999963183626108,0.999949364173713,0.305043968011077,0.304323250246279,0.999963183626108,0.999949364173713,0.390414288988957,0.483786161410814,0.251923328861245,0.179323548258934,0.362367447884778,0.323548077090568
2017,herring,15956567,51309916,31223691,33844896,82812294.5807835,37208391,51588603.5807835,3363495,0.236235497857187,0.938480242251576,0.161554631131888,0.763764502142813,0.489393552257273,0.43501495473277,32,0.296692836006946,0.299416015461195,0.323103904853421,0.326027272671528,1,1,1,1,0.296692836006946,0.299416015461195,0.323103904853421,0.326027272671528,ndgain_combined_vuln_readiness,ndgain_vulnerability,0.323103904853421,0.326027272671528,1,1,0.296692836006946,0.299416015461195,1,1,0.236235497857187,0.436318411629441,0.182031246975454,0.139446392193171,0.265724468482214,0.243137525912124
2017,inland_freshwater_other,9633301,86662987,691131,2034221,3107761.81469754,6843997,2416630.81469754,4809776,0.799448590094931,0.94741849002637,0.756083000304138,0.200551409905069,0.46093096477487,0.556390363505376,21,0.313201025305825,0.30372935381439,0.359483258374126,0.345797399721468,0.994143648163802,0.998123293396292,0.994143648163802,0.998123293396292,0.315046045794602,0.304300436452993,0.36160092058939,0.346447580183037,ndgain_combined_vuln_readiness,ndgain_vulnerability,0.36160092058939,0.346447580183037,0.994143648163802,0.998123293396292,0.315046045794602,0.304300436452993,0.994143648163802,0.998123293396292,0.799448590094931,0.404897271939288,0.316244116879856,0.227084069414415,0.467791811654077,0.418897099537868
2017,large_pelagics_other,23018044,245886557,1337828,6167925,2249326.91466329,12551529,911498.91466329,6383604,0.961909054514169,0.974695366369549,0.910978988583337,0.0380909454858308,0.152247813829239,0.182263041310035,42,0.334981175660703,0.32020640336586,0.408966157580092,0.3913529254041,0.771524939304139,0.739448114684854,0.771524939304139,0.739448114684854,0.434180618921835,0.433034308975592,0.530075097700602,0.529250014479908,ndgain_combined_vuln_readiness,ndgain_vulnerability,0.530075097700602,0.529250014479908,0.771524939304139,0.739448114684854,0.434180618921835,0.433034308975592,0.771524939304139,0.739448114684854,0.961909054514169,0.0641279581214309,0.903598808733315,0.795958799579464,0.3819903204543,0.366176670105362
2017,lobster,58890732,1326389395,47984520,649266631,64255958.1835394,615067743,16271438.1835394,0,0.783515588442883,1,0.478216116992089,0.216484411557117,0.746199409182641,0.701870815124268,47,0.300507014927465,0.304588120672036,0.33787878787338,0.344039286398442,0.998566990133524,0.997089594492724,0.998566990133524,0.997089594492724,0.300938262426722,0.305477183148217,0.33836366634571,0.34504350290956,ndgain_combined_vuln_readiness,ndgain_vulnerability,0.33836366634571,0.34504350290956,0.998566990133524,0.997089594492724,0.300938262426722,0.305477183148217,0.998566990133524,0.997089594492724,0.783515588442883,0.719818030513006,0.235231640428893,0.159718557909555,0.510021753260673,0.448272311153982
2017,mackerel,27207086,72409505,41148900,108326284,79496226.8204566,73520234,38347326.8204566,0,0.415030580390004,1,0.254978831311262,0.584969419609996,0.168478656856156,0.114480956294209,53,0.352732955571815,0.36454037240835,0.396824541956858,0.407846131195924,0.971836050358351,0.983476561537052,0.971836050358351,0.983476561537052,0.362955207765496,0.370665033276053,0.408324574716624,0.414698374263756,ndgain_combined_vuln_readiness,ndgain_vulnerability,0.408324574716624,0.414698374263756,0.971836050358351,0.983476561537052,0.362955207765496,0.370665033276053,0.971836050358351,0.983476561537052,0.415030580390004,0.082045921003513,0.479137670911305,0.455853190528562,0.25362913266792,0.249452214470383
2017,misc_marine_fish_other,0,0,0,0,18458045.1986269,35201070,18458045.1986269,35201070,0,0,0,1,,,,,,,,,,,,,,,,,,,,,,,,,,0,,,,,
2017,mussels,35881839,121845170,881996,3651515,1652171.65237355,11530943,770175.65237355,7879428,0.978986812602846,0.939260339816201,0.955982011416915,0.0210131873971539,0.321345083620918,0.335815838569845,19,0.309274144285745,0.308083801914599,0.327378900875659,0.313011446844245,0.999948943531016,0.999812524370067,0.999948943531016,0.999812524370067,0.309289935537746,0.308141570949722,0.327395616539801,0.313070139865929,ndgain_combined_vuln_readiness,ndgain_vulnerability,0.327395616539801,0.313070139865929,0.999948943531016,0.999812524370067,0.309289935537746,0.308141570949722,0.999948943531016,0.999812524370067,0.978986812602846,0.250802094428705,0.196993522134178,0.199598297793175,0.364351013521492,0.365949881858115
2017,other_groundfish,48521968,237719409,120130822,248396542,461028500.264441,165099539,340897678.264441,0,0.124600719212432,1,0.0952250483946541,0.875399280787568,0.206513730903214,0.20425201913538,31,0.330973040655579,0.333976800063981,0.374106576072299,0.369167494211343,0.98793134276829,0.991769430993327,0.98793134276829,0.991769430993327,0.335016236784387,0.3367484312654,0.378676695309628,0.372231168530366,ndgain_combined_vuln_readiness,ndgain_vulnerability,0.378676695309628,0.372231168530366,0.98793134276829,0.991769430993327,0.335016236784387,0.3367484312654,0.98793134276829,0.991769430993327,0.124600719212432,0.124034562250441,0.375775711400384,0.322442928832377,0.179747968624977,0.170806885926701
2017,other_shellfish_specialty,7997657,64146354,1323031,17357056,907335.33266684,9928658,0,0,1,1,0.898109363964482,0,0.308944627200061,0.151706389261911,37,0.390864480536068,0.377445279524117,0.4688162230455,0.453499801219697,0.972603101133245,0.935890432681489,0.972603101133245,0.935890432681489,0.401874598261763,0.40330071378406,0.482022134722017,0.484565057386408,ndgain_combined_vuln_readiness,ndgain_vulnerability,0.482022134722017,0.484565057386408,0.972603101133245,0.935890432681489,0.401874598261763,0.40330071378406,0.972603101133245,0.935890432681489,1,0.237112668839331,0.736070860255482,0.641695613811572,0.558845117948638,0.533860689687355
2017,oysters,12086318,77821307,3511185,23765096,15871818.4478469,290674764,12360633.4478469,266909668,0.494389577603733,0.225745037851618,0.432300558463395,0.505610422396267,0.246054977403251,0.267489295043205,10,0.345942511943641,0.340666091069829,0.38404892023488,0.373376191079712,0.977198680359064,0.983431208627735,0.977198680359064,0.983431208627735,0.354014509942366,0.346405613408577,0.393010068427195,0.379666811266561,ndgain_combined_vuln_readiness,ndgain_vulnerability,0.393010068427195,0.379666811266561,0.977198680359064,0.983431208627735,0.354014509942366,0.346405613408577,0.977198680359064,0.983431208627735,0.494389577603733,0.167685935498518,0.425746419642109,0.413160822325853,0.328024022301345,0.324759371783556
2017,pangasius_basa_swai,104920446,342543936,1487085,6177879,0,0,0,0,1,1,1,0,1,1,1,0.470672387799729,0.470672387799729,0.535358408324422,0.535358408324422,1,1,1,1,0.470672387799729,0.470672387799729,0.535358408324422,0.535358408324422,ndgain_combined_vuln_readiness,ndgain_vulnerability,0.535358408324422,0.535358408324422,1,1,0.470672387799729,0.470672387799729,1,1,1,1,0.922018113914852,0.970209184071013,0.973299464477189,0.989969452538718
2017,pollock,46705608,124458174,398207357,1007929518,1540318989.90145,463233871,1142111632.90145,0,0.0392874584865409,1,0.0294296686149411,0.960712541513459,0.694845647200086,0.629718247760835,17,0.389767200817008,0.387793911072025,0.463838878058054,0.459460869245303,0.999657364486081,0.99958897034758,0.999657364486081,0.99958897034758,0.38990079467617,0.387953371411431,0.463997860203342,0.459649798942398,ndgain_combined_vuln_readiness,ndgain_vulnerability,0.463997860203342,0.459649798942398,0.999657364486081,0.99958897034758,0.38990079467617,0.387953371411431,0.999657364486081,0.99958897034758,0.0392874584865409,0.663126286311383,0.673232493050934,0.58451998372366,0.25981950388428,0.247865746490365
2017,reef_fish_other,9422473,62920452,1090437,7362545,16205180.2634776,68662285,15114743.2634776,61299740,0.384007415463215,0.506523544900011,0.367668194318367,0.615992584536785,0.235403394388375,0.217648879629429,33,0.358299309382989,0.361046063845896,0.440601494147652,0.442145137491644,0.987345042007549,0.992232477923076,0.987345042007549,0.992232477923076,0.362891688456212,0.363872451143336,0.446248753375807,0.445606395002444,ndgain_combined_vuln_readiness,ndgain_vulnerability,0.446248753375807,0.445606395002444,0.987345042007549,0.992232477923076,0.362891688456212,0.363872451143336,0.987345042007549,0.992232477923076,0.384007415463215,0.155927170486778,0.611353448142588,0.45554988201802,0.332035555332562,0.301022609241331
2017,sablefish,1755722,4630293,5732684,86475955,17245236.2700141,147233530,11512552.2700141,60757575,0.132324819661581,0.0708127232409535,0.0924017607454437,0.86767518033842,0.963026900861773,0.927793915202383,3,0.285020739409644,0.286863698824511,0.314584309054415,0.3177648643929,1,1,1,1,0.285020739409644,0.286863698824511,0.314584309054415,0.3177648643929,ndgain_combined_vuln_readiness,ndgain_vulnerability,0.314584309054415,0.3177648643929,1,1,0.285020739409644,0.286863698824511,1,1,0.132324819661581,0.959183720962884,0.152329219928676,0.0837114310651434,0.268395631459371,0.219841304382625
2017,salmon,371601815,3732757465,259695469,1307362944,457559897.554745,787999517,197864428.554745,0,0.652544060698615,1,0.448165670668814,0.347455939301385,0.233115917884654,0.260867966221871,35,0.30648676908671,0.305829580219545,0.34408696835938,0.342043349950571,0.965863990734275,0.96953221577711,0.965863990734275,0.96953221577711,0.317318765402684,0.315440348698897,0.356247848206657,0.352792144896818,ndgain_combined_vuln_readiness,ndgain_vulnerability,0.356247848206657,0.352792144896818,0.965863990734275,0.96953221577711,0.317318765402684,0.315440348698897,0.965863990734275,0.96953221577711,0.652544060698615,0.153401921550581,0.297581599966333,0.237936441818587,0.309990871532559,0.287718111601926
2017,scallops,18752294,264467192,7461548,138679072,23644808.6322756,516110580,16183260.6322756,377431508,0.536768177788581,0.412007676600685,0.44230130918721,0.463231822211419,0.269914133623385,0.233041853016799,18,0.366323649028504,0.35195822369855,0.42381853459904,0.392113791800335,0.994456571553326,0.991174954510048,0.994456571553326,0.991174954510048,0.368365657694144,0.355091926099493,0.42618103869236,0.395605024134374,ndgain_combined_vuln_readiness,ndgain_vulnerability,0.42618103869236,0.395605024134374,0.994456571553326,0.991174954510048,0.368365657694144,0.355091926099493,0.994456571553326,0.991174954510048,0.536768177788581,0.194025138880694,0.541390997064295,0.48168841335631,0.383458701924939,0.368810820721057
2017,sea_cucumber_urchin_other_inverts,10192442,60514743,1088809,36362748,4369186.31993459,25403503,3280377.31993459,0,0.756518866464654,1,0.699952077889994,0.243481133535347,0.354363815700766,0.116029557334447,32,0.288605805414209,0.351242252000226,0.302799154306365,0.398659448077058,0.996938908261632,0.987999221941668,0.996938908261632,0.987999221941668,0.289491966882357,0.355508632192995,0.303728896321598,0.403501783426095,ndgain_combined_vuln_readiness,ndgain_vulnerability,0.303728896321598,0.403501783426095,0.996938908261632,0.987999221941668,0.289491966882357,0.355508632192995,0.996938908261632,0.987999221941668,0.756518866464654,0.287252968535427,0.114483790380045,0.10506181034866,0.291928231376652,0.283689365664053
2017,sharks_rays_skates,420380,1961190,9156259,30110569,36663206.3006856,17399340,27506947.3006856,0,0.0150526398560767,1,0.0113360125579933,0.984947360143923,0.171705763163752,0.15540375291861,14,0.269922094000895,0.289791905662074,0.323050078580499,0.326071622511683,0.718411913031067,0.835246967402444,0.718411913031067,0.835246967402444,0.375720515076177,0.346953556219791,0.449672496684404,0.390389471901635,ndgain_combined_vuln_readiness,ndgain_vulnerability,0.449672496684404,0.390389471901635,0.718411913031067,0.835246967402444,0.375720515076177,0.346953556219791,0.718411913031067,0.835246967402444,0.0150526398560767,0.0856084698458715,0.623289708823529,0.516808298363481,0.0929550782130852,0.0873278888766289
2017,shrimp,665176946,6546284004,8293483,96305523,135783199.824452,544345085,127489716.824452,448039562,0.839163518785845,0.935942402753862,0.830474461766526,0.160836481214155,0.174138244381006,0.1813322655189,51,0.459403917552753,0.460547302415313,0.544887168138992,0.544983624119203,0.99957887897095,0.999583853985202,0.99957887897095,0.999583853985202,0.459597463709619,0.460739037129476,0.545116728256548,0.545210511300707,ndgain_combined_vuln_readiness,ndgain_vulnerability,0.545116728256548,0.545210511300707,0.99957887897095,0.999583853985202,0.459597463709619,0.460739037129476,0.99957887897095,0.999583853985202,0.839163518785845,0.0882937960541175,0.956038728201384,0.917325757472162,0.41376214688885,0.408100184263168
2017,small_pelagics_other,55710826,184029244,33304138,50111977,648876238.873197,116149996,615572100.873197,66038019,0.0829915729564258,0.735918975527796,0.0790687606648387,0.917008427043574,0.115800220408284,0.13342662244864,46,0.363747715279759,0.364644991728758,0.438670365419516,0.438907892259011,0.998982603488952,0.998981335814214,0.998982603488952,0.998981335814214,0.364118167833321,0.365016821291817,0.439117121647021,0.439355447918636,ndgain_combined_vuln_readiness,ndgain_vulnerability,0.439117121647021,0.439355447918636,0.998982603488952,0.998981335814214,0.364118167833321,0.365016821291817,0.998982603488952,0.998981335814214,0.0829915729564258,0.0238918086512624,0.586490306334761,0.461406394585206,0.105159364776412,0.0970783108256455
2017,snapper_grouper,26164616,177222190,0,0,8716436.45926361,73029200,8716436.45926361,73029200,0.750109705851243,0.708176645891957,0.750109705851243,0.249890294148757,0.180844438508642,0.183160786412074,37,0.395736569304842,0.394529759358713,0.517254981064686,0.515708465779146,0.999559863595934,0.99910385375556,0.999559863595934,0.99910385375556,0.39591082407128,0.394883632843276,0.517482744058822,0.516171030509626,ndgain_combined_vuln_readiness,ndgain_vulnerability,0.517482744058822,0.516171030509626,0.999559863595934,0.99910385375556,0.39591082407128,0.394883632843276,0.999559863595934,0.99910385375556,0.750109705851243,0.0956970675452996,0.859697849430246,0.613218234455426,0.395175263645426,0.353085181932547
2017,squid_octopus,102648869,580361181,72456696,189226273,93869139.7561987,116489248,21412443.7561987,0,0.827404343219568,1,0.522338230728496,0.172595656780432,0.265412446652229,0.239921270376606,39,0.36426431940614,0.366688820402971,0.433004804889735,0.434767845566318,0.922081762050393,0.94154372637132,0.922081762050393,0.94154372637132,0.395045574479362,0.389454902765035,0.469594804615679,0.461760652627255,ndgain_combined_vuln_readiness,ndgain_vulnerability,0.469594804615679,0.461760652627255,0.922081762050393,0.94154372637132,0.395045574479362,0.389454902765035,0.922081762050393,0.94154372637132,0.827404343219568,0.189055522704741,0.692745225607322,0.609086615772394,0.476753147264313,0.456732665774733
2017,swordfish,11151859,85787535,86846,536518,2915373.33251626,17849124,2828527.33251626,17312606,0.797678886316787,0.832079705885174,0.792754305637122,0.202321113683213,0.10666841168787,0.0994708482368746,34,0.396896386506644,0.391129151061537,0.464382032154631,0.448991530287444,0.993011479072682,0.992027594684939,0.993011479072682,0.992027594684939,0.399689625821127,0.39427245084423,0.467650215472122,0.452599839654703,ndgain_combined_vuln_readiness,ndgain_vulnerability,0.467650215472122,0.452599839654703,0.993011479072682,0.992027594684939,0.399689625821127,0.39427245084423,0.993011479072682,0.992027594684939,0.797678886316787,0.0138107913296551,0.685965767907754,0.631262239393403,0.196237966373667,0.190876365669417
2017,tilapia,184227729,681943501,2855163,9264907,62720.48496175,90119,0,0,1,1,0.999659665028019,0,0.545284549128725,0.415912551493683,37,0.36922481553191,0.38422829506815,0.447610622559857,0.467731559582602,0.932607332960175,0.959057621402569,0.932607332960175,0.959057621402569,0.395905975090244,0.400631084612244,0.479956147394962,0.487699121663379,ndgain_combined_vuln_readiness,ndgain_vulnerability,0.479956147394962,0.487699121663379,0.932607332960175,0.959057621402569,0.395905975090244,0.400631084612244,0.932607332960175,0.959057621402569,1,0.498019014963748,0.728868169785866,0.61319508028023,0.713342834638007,0.67341305099875
2017,toothfish,11533799,265849637,1871715,18832168,0,0,0,0,1,1,1,0,0.122352590621811,0.122458338162378,16,0.30699478198904,0.30872271478147,0.335916874787941,0.337589690180525,0.86163076016844,0.865359786065835,0.86163076016844,0.865359786065835,0.356295058371669,0.356756484126687,0.389861748578094,0.390114835027521,ndgain_combined_vuln_readiness,ndgain_vulnerability,0.389861748578094,0.390114835027521,0.86163076016844,0.865359786065835,0.356295058371669,0.356756484126687,0.86163076016844,0.865359786065835,1,0.0311252669553647,0.414770372947405,0.424050577820778,0.234588618332255,0.236325316447738
2017,trout,12931814,135236725,1742479,10364334,781141.39940914,2536361,0,0,1,1,0.943036247354615,0,0.269511096039656,0.321214410760727,24,0.313322346603256,0.311001315322228,0.344533240681034,0.340151805303925,0.999970615104733,0.999899894056145,0.999970615104733,0.999899894056145,0.313331553818148,0.311032451519357,0.344543365051731,0.340185859930519,ndgain_combined_vuln_readiness,ndgain_vulnerability,0.344543365051731,0.340185859930519,0.999970615104733,0.999899894056145,0.313331553818148,0.311032451519357,0.999970615104733,0.999899894056145,1,0.193580207434227,0.256776040238166,0.218897267423414,0.367681531574174,0.348631879329299
2017,tuna,262402354,1582496417,12132634,57559217,24902216.1234839,153461960,12769582.1234839,95902743,0.953594169872928,0.94286058687017,0.913324678014064,0.0464058301270722,0.165150957480432,0.124152656950787,68,0.435247701932737,0.432608665031634,0.504167069488794,0.50171155229053,0.992240001017674,0.98673492668009,0.992240001017674,0.98673492668009,0.438651638198755,0.438424396800429,0.508110002591816,0.508456261884393,ndgain_combined_vuln_readiness,ndgain_vulnerability,0.508110002591816,0.508456261884393,0.992240001017674,0.98673492668009,0.438651638198755,0.438424396800429,0.992240001017674,0.98673492668009,0.953594169872928,0.0783723229163366,0.827021484597543,0.817308184715583,0.395379698697759,0.393825698083967
2018,catfish_other,27916145,141167007,0,0,5255639.62066374,6107590,5255639.62066374,6107590,0.841562952347465,0.958529236376047,0.841562952347465,0.158437047652535,0.670359141920076,0.650077238440377,6,0.449920566846203,0.448367868955504,0.516707890461858,0.515352873794573,0.999749786369142,0.999638768285284,0.999749786369142,0.999638768285284,0.450033171279996,0.448529892177557,0.516837210176779,0.515539102868705,ndgain_combined_vuln_readiness,ndgain_vulnerability,0.516837210176779,0.515539102868705,0.999749786369142,0.999638768285284,0.450033171279996,0.448529892177557,0.999749786369142,0.999638768285284,0.841562952347465,0.636094523882807,0.857447312517884,0.871655687631805,0.771386267137755,0.775623712384161
2018,clams,25696645,79772047,6978307,118538681,22802766.1069008,211831465,15824459.1069008,93292784,0.61888154356014,0.460937363987025,0.529834165271828,0.381118456439861,0.413766054599796,0.303352256658939,18,0.379675387325538,0.358908923360331,0.44591787665926,0.416197517384963,0.999441250015323,0.999584315543514,0.999441250015323,0.999584315543514,0.379887649543899,0.359058178264009,0.446167172560092,0.416370596169928,ndgain_combined_vuln_readiness,ndgain_vulnerability,0.446167172560092,0.416370596169928,0.999441250015323,0.999584315543514,0.379887649543899,0.359058178264009,0.999441250015323,0.999584315543514,0.61888154356014,0.35282979100486,0.611069031410617,0.536706615314305,0.511000138369026,0.489369136329271
2018,cod,75224590,591701188,73143011,253367917,233661481.967382,189082720,160518470.967382,0,0.319095670054137,1,0.243535066249098,0.680904329945863,0.414306251455143,0.359893494917917,28,0.357717523129746,0.353032735610992,0.407891961301172,0.395951327664842,0.99507639722596,0.996176558293474,0.99507639722596,0.996176558293474,0.359487496766056,0.354387716386103,0.409910196280686,0.397471034997186,ndgain_combined_vuln_readiness,ndgain_vulnerability,0.409910196280686,0.397471034997186,0.99507639722596,0.996176558293474,0.359487496766056,0.354387716386103,0.99507639722596,0.996176558293474,0.319095670054137,0.353426138784644,0.484665653188026,0.439294662577231,0.379507713120814,0.36727539508259
2018,crab,104389880,2115525759,19757720,229780401,125119175.620489,675220053,105361455.620489,445439652,0.497683982279267,0.826065728929128,0.454839917831463,0.502316017720733,0.18842571312886,0.187266609987904,44,0.35168489694767,0.359185545162522,0.41768303209259,0.425065472851694,0.992854709671091,0.994050244509455,0.992854709671091,0.994050244509455,0.354215872193601,0.361335402457221,0.420688976971221,0.427609645688942,ndgain_combined_vuln_readiness,ndgain_vulnerability,0.420688976971221,0.427609645688942,0.992854709671091,0.994050244509455,0.354215872193601,0.361335402457221,0.992854709671091,0.994050244509455,0.497683982279267,0.104066380033792,0.522243919006566,0.414122339149474,0.300178212863579,0.277841803836449
2018,crawfish_freshwater,7181261,99038835,250984,1600415,0,0,0,0,1,1,1,0,0.516238441500226,0.743909501623344,7,0.372275770623571,0.37909393331068,0.452692201379575,0.454009534116189,1,1,1,1,0.372275770623571,0.37909393331068,0.452692201379575,0.454009534116189,ndgain_combined_vuln_readiness,ndgain_vulnerability,0.452692201379575,0.454009534116189,1,1,0.372275770623571,0.37909393331068,1,1,1,0.465953700950589,0.633817362088456,0.500359437050391,0.665940813631211,0.615471981307526
2018,eel_sturgeon_shad,6910440,84605080,3470921,16483417,3343938.74350151,24627282,0,8143865,1,0.912194526848796,0.673901381337152,0,0.785320157013729,0.878543794351751,22,0.377176432818004,0.377590456287289,0.45079869115316,0.451518859848702,0.984638315360527,0.984168905696916,0.984638315360527,0.984168905696916,0.383060893461068,0.383664281711793,0.457831758241197,0.458781879040336,ndgain_combined_vuln_readiness,ndgain_vulnerability,0.457831758241197,0.458781879040336,0.984638315360527,0.984168905696916,0.383060893461068,0.383664281711793,0.984638315360527,0.984168905696916,1,0.763005196231647,0.651735495825523,0.551859045291113,0.792257374075792,0.749523441932269
2018,flatfish,30036553,173536746,100204394,163653397,236699233.160547,160709662,136494839.160547,0,0.180365711295098,1,0.112607885999673,0.819634288704902,0.440545522201151,0.359442837117502,34,0.368448548355795,0.365772548046019,0.429530404355777,0.422201758114101,0.994511953485475,0.994050885338141,0.994511953485475,0.994050885338141,0.370481769539813,0.367961593758449,0.431900695462129,0.424728516760471,ndgain_combined_vuln_readiness,ndgain_vulnerability,0.431900695462129,0.424728516760471,0.994511953485475,0.994050885338141,0.370481769539813,0.367961593758449,0.994511953485475,0.994050885338141,0.180365711295098,0.382392858412218,0.561331544020029,0.491792974304529,0.33829408156042,0.323704465542067
2018,halibut,8594209,136772197,1994832,25195056,12354118.4464305,96915482,10359286.4464305,71720426,0.453436624621055,0.656004970497206,0.410257526381391,0.546563375378945,0.509967043759166,0.535578338851186,14,0.306033258445437,0.306325019956798,0.347235946804186,0.346152836344918,0.993583353628007,0.996549320619599,0.993583353628007,0.996549320619599,0.308009647432172,0.307385709486352,0.349478426280267,0.347351434778662,ndgain_combined_vuln_readiness,ndgain_vulnerability,0.349478426280267,0.347351434778662,0.993583353628007,0.996549320619599,0.308009647432172,0.307385709486352,0.993583353628007,0.996549320619599,0.453436624621055,0.459030420887026,0.273981237004024,0.19348484532112,0.384910384989804,0.342769106807454
2018,herring,14595216,51180942,25229504,27714759,67021395.1973751,33011393,41791891.1973751,5296634,0.258839595173973,0.906217044442559,0.17882653770939,0.741160404826027,0.41455531711995,0.384823710365705,35,0.302659041685408,0.304734427113429,0.331923349982866,0.333756634632505,1,1,1,1,0.302659041685408,0.304734427113429,0.331923349982867,0.333756634632505,ndgain_combined_vuln_readiness,ndgain_vulnerability,0.331923349982867,0.333756634632505,1,1,0.302659041685408,0.304734427113429,1,1,0.258839595173973,0.353701093654813,0.212778644381672,0.167935382050209,0.269069858749267,0.248658384098207
2018,inland_freshwater_other,9771349,87843893,971661,2700797,2879051.46989614,4811138,1907390.46989614,2110341,0.836678395402796,0.976539836913068,0.7724142032699,0.163321604597204,0.46967849695249,0.556505741331762,25,0.317785334336539,0.30764589580049,0.366326183728556,0.352550389237664,0.998502663245372,0.999356927407577,0.998502663245372,0.999356927407577,0.318261879546381,0.307843861750727,0.366875519928919,0.352777250618767,ndgain_combined_vuln_readiness,ndgain_vulnerability,0.366875519928919,0.352777250618767,0.998502663245372,0.999356927407577,0.318261879546381,0.307843861750727,0.998502663245372,0.999356927407577,0.836678395402796,0.414554068977401,0.334633051747151,0.242439868405235,0.487793703826855,0.438108075939962
2018,large_pelagics_other,26151651,265781003,1300117,5639591,2536801.96536767,12065076,1236684.96536767,6425485,0.95484629051829,0.976394813190492,0.911574110725661,0.0451537094817096,0.155501500642164,0.202658303698608,39,0.399804219841329,0.393530582213644,0.490818904246612,0.482078641314496,0.926021458454,0.910207017316433,0.926021458454,0.910207017316433,0.431744012183913,0.432352832626902,0.530029730699803,0.529636260919862,ndgain_combined_vuln_readiness,ndgain_vulnerability,0.530029730699803,0.529636260919862,0.926021458454,0.910207017316433,0.431744012183913,0.432352832626902,0.926021458454,0.910207017316433,0.95484629051829,0.0677198503877315,0.903440644905294,0.784323856303396,0.388016052868932,0.37015330096091
2018,lobster,56841088,1403048743,50855912,689159379,70240030.8630336,691961797,19384118.8630336,2802418,0.745699360345926,0.998006604057568,0.447281929121686,0.254300639654074,0.75675865601376,0.689476326071862,44,0.301088298567091,0.305757722272134,0.342271621839102,0.349872989382725,0.998485602527523,0.996677444726523,0.998485602527523,0.996677444726523,0.30154495748855,0.306777005830638,0.342790743274305,0.351039336983016,ndgain_combined_vuln_readiness,ndgain_vulnerability,0.342790743274305,0.351039336983016,0.998485602527523,0.996677444726523,0.30154495748855,0.306777005830638,0.998485602527523,0.996677444726523,0.745699360345926,0.731474861428625,0.250665841977121,0.162615563208099,0.515172625019822,0.445972857563953
2018,mackerel,27484588,74378689,44904138,113573219,87496134.7526405,78236061,42591996.7526405,0,0.392207869390558,1,0.239036486656359,0.607792130609442,0.190734758188564,0.124293640337804,52,0.347585483284345,0.356410549276794,0.390071434736465,0.398308467212707,0.968014073923903,0.976781561718573,0.968014073923903,0.976781561718573,0.359070691891273,0.364882552297278,0.402960499484565,0.407776398350429,ndgain_combined_vuln_readiness,ndgain_vulnerability,0.402960499484565,0.407776398350429,0.968014073923903,0.976781561718573,0.359070691891273,0.364882552297278,0.968014073923903,0.976781561718573,0.392207869390558,0.106615439476004,0.460436794557269,0.437304394307914,0.268020991113461,0.263455184069254
2018,misc_marine_fish_other,0,0,0,0,14345038.7774209,28779460,14345038.7774209,28779460,0,0,0,1,,,,,,,,,,,,,,,,,,,,,,,,,,0,,,,,
2018,mussels,30967562,102651018,599000,2717256,1429640.14283629,10796165,830640.14283629,8078909,0.973877763934417,0.927039516606924,0.955871493577342,0.0261222360655828,0.337460981238863,0.316206940333502,18,0.307207410084653,0.30663503820104,0.334720918104159,0.32256050589064,0.999978687376165,0.999919562414861,0.999978687376165,0.999919562414861,0.307213957620169,0.306659705167183,0.334728052037219,0.322586453965996,ndgain_combined_vuln_readiness,ndgain_vulnerability,0.334728052037219,0.322586453965996,0.999978687376165,0.999919562414861,0.307213957620169,0.306659705167183,0.999978687376165,0.999919562414861,0.973877763934417,0.268593163866743,0.222556729896746,0.189685378758085,0.387566929363075,0.367460859894638
2018,other_groundfish,52264357,288802028,110614273,230980760,386376165.044373,152177001,275761892.044373,0,0.159329801051775,1,0.119150772382842,0.840670198948225,0.194643872644944,0.202833429722442,25,0.328766351622884,0.332200871041523,0.370981309913492,0.365520502407823,0.986244640874468,0.990008726670022,0.986244640874468,0.990008726670022,0.333351724305826,0.335553477552576,0.376155463399584,0.369209374181258,ndgain_combined_vuln_readiness,ndgain_vulnerability,0.376155463399584,0.369209374181258,0.986244640874468,0.990008726670022,0.333351724305826,0.335553477552576,0.986244640874468,0.990008726670022,0.159329801051775,0.110930888009088,0.366985893180126,0.314494781940653,0.186494612910799,0.177141771087054
2018,other_shellfish_specialty,9016448,87020807,969606,13415987,1187578.30662394,11620325,217972.30662394,0,0.976395669745768,1,0.883616694926294,0.0236043302542321,0.216119710282725,0.116516442341994,32,0.398190479466703,0.382383328132251,0.474418686442152,0.456672046878234,0.975292487684729,0.936338190934037,0.975292487684729,0.936338190934037,0.408278013513646,0.408381642268386,0.486437343087084,0.487721264923183,ndgain_combined_vuln_readiness,ndgain_vulnerability,0.486437343087084,0.487721264923183,0.975292487684729,0.936338190934037,0.408278013513646,0.408381642268386,0.975292487684729,0.936338190934037,0.976395669745768,0.134639038042776,0.751463684207491,0.672272305597414,0.46227628452911,0.445431256213849
2018,oysters,13714595,87713065,3566704,25292492,14422934.6487134,271718453,10856230.6487134,246425961,0.558165818116013,0.262504700663131,0.487412902668487,0.441834181883987,0.261148210626615,0.275249336499435,9,0.351499775858659,0.345952612492424,0.394776701673327,0.383586239867237,0.980457899048423,0.983216171957963,0.980457899048423,0.983216171957963,0.358505731046489,0.351858138992464,0.402645235513401,0.3901341849406,ndgain_combined_vuln_readiness,ndgain_vulnerability,0.402645235513401,0.3901341849406,0.980457899048423,0.983216171957963,0.358505731046489,0.351858138992464,0.980457899048423,0.983216171957963,0.558165818116013,0.184348039384209,0.459337683845998,0.434606672398197,0.361557975038874,0.354949075932008
2018,pangasius_basa_swai,93068072,404861553,813009,3889594,0,0,0,0,1,1,1,0,0.997227820598762,0.997113737388817,2,0.466817745823668,0.466813047195348,0.531021948762403,0.531017959083101,1,1,1,1,0.466817745823668,0.466813047195348,0.531021948762403,0.531017959083101,ndgain_combined_vuln_readiness,ndgain_vulnerability,0.531021948762403,0.531017959083101,1,1,0.466817745823668,0.466813047195348,1,1,1,0.996939665577969,0.906899833395796,0.951803037505375,0.966961982023589,0.982664621814402
2018,pollock,48747571,137204446,415690420,1129999405,1528930306.98077,288316454,1113239886.98077,0,0.041951890844597,1,0.0308983041978067,0.958048109155403,0.638640271459222,0.577686586872679,18,0.38939675050592,0.388513640717036,0.46166090623418,0.459038005160137,0.999567814363509,0.99949579622223,0.999567814363509,0.99949579622223,0.38956511495308,0.388709629580726,0.461860515715134,0.459269570612655,ndgain_combined_vuln_readiness,ndgain_vulnerability,0.461860515715134,0.459269570612655,0.999567814363509,0.99949579622223,0.38956511495308,0.388709629580726,0.999567814363509,0.99949579622223,0.041951890844597,0.601078625901623,0.665781028768504,0.582917092918063,0.25605784155675,0.244960769959004
2018,reef_fish_other,10550958,71294618,666458,5221207,14662126.6060007,63611575,13995668.6060007,58390368,0.429833319639151,0.549752289752339,0.418471526387091,0.570166680360849,0.23934314538794,0.199619100375518,27,0.352784045955113,0.354946754987509,0.426394505372237,0.427490938772799,0.986496581637421,0.990422278439026,0.986496581637421,0.990422278439026,0.357613044507007,0.358379211286452,0.432231102782427,0.431624922095405,ndgain_combined_vuln_readiness,ndgain_vulnerability,0.432231102782427,0.431624922095405,0.986496581637421,0.990422278439026,0.357613044507007,0.358379211286452,0.986496581637421,0.990422278439026,0.429833319639151,0.160276440087734,0.56248344927416,0.430344040645384,0.338397000285562,0.309500854908782
2018,sablefish,357354,4281781,6565480,84732799,17652104.9971651,119751845,11086624.9971651,35019046,0.0312263767775634,0.108948877844224,0.0198425727311549,0.968773623222437,0.864480422201645,0.949322025163934,2,0.291952648566555,0.287263160193542,0.330187644139973,0.321145776249125,1,1,1,1,0.291952648566555,0.287263160193542,0.330187644139973,0.321145776249125,ndgain_combined_vuln_readiness,ndgain_vulnerability,0.330187644139973,0.321145776249125,1,1,0.291952648566555,0.287263160193542,1,1,0.0312263767775634,0.850393798969076,0.206727420461297,0.116811712936763,0.176405960522858,0.145839787975305
2018,salmon,402880697,4100264771,178565181,1098384108,261624352.069977,705533599,83059171.0699771,0,0.829075207597463,1,0.606286886102462,0.170924792402537,0.251238557839068,0.272065562219896,35,0.308254997771519,0.305718955039997,0.349005068215079,0.344386126554033,0.972983133515578,0.973954727568982,0.972983133515578,0.973954727568982,0.316814328176207,0.313894420742821,0.358695907660861,0.353595620828938,ndgain_combined_vuln_readiness,ndgain_vulnerability,0.358695907660861,0.353595620828938,0.972983133515578,0.973954727568982,0.316814328176207,0.313894420742821,0.972983133515578,0.973954727568982,0.829075207597463,0.173408324760199,0.306116315677775,0.235527723815369,0.353061300194636,0.323520621840161
2018,scallops,21080128,243506693,6438693,122700113,26514525.1711971,541488518,20075832.1711971,418788405,0.512201098268942,0.367670987955886,0.442909583229342,0.487798901731058,0.265281251328756,0.21072101017539,16,0.363726817465615,0.345996798852417,0.432092483106273,0.397785635002825,0.991171305980685,0.98563925304509,0.991171305980685,0.98563925304509,0.366966653767016,0.351037966257405,0.435941275235719,0.403581364859286,ndgain_combined_vuln_readiness,ndgain_vulnerability,0.435941275235719,0.403581364859286,0.991171305980685,0.98563925304509,0.366966653767016,0.351037966257405,0.991171305980685,0.98563925304509,0.512201098268942,0.188910690243951,0.57541829326861,0.475008085717964,0.38185067992796,0.358205855488637
2018,sea_cucumber_urchin_other_inverts,8552072,48583973,931582,32223606,4143645.22502238,27084018,3212063.22502238,0,0.726961381896537,1,0.673618658041978,0.273038618103463,0.381449318219024,0.117208259019184,33,0.28405882398782,0.338763394077755,0.295793372232268,0.389264673553533,0.996625496137076,0.975779934671049,0.996625496137076,0.975779934671049,0.285020627195304,0.347171920676928,0.296794907795118,0.398926704395454,ndgain_combined_vuln_readiness,ndgain_vulnerability,0.296794907795118,0.398926704395454,0.996625496137076,0.975779934671049,0.285020627195304,0.347171920676928,0.996625496137076,0.975779934671049,0.726961381896537,0.317153881751077,0.0903096957851352,0.0837108952349404,0.275109286404689,0.268238504692822
2018,sharks_rays_skates,91976,563040,8402936,29841452,37507065.0099099,17227059,29104129.0099099,0,0.0031502832302042,1,0.00244623260406451,0.996849716769796,0.446931147036032,0.264200000944059,9,0.313333927184144,0.243778933575296,0.37829545100016,0.301113696465813,0.983550056536488,0.741776783177039,0.983550056536488,0.741776783177039,0.318574459024008,0.32864190293364,0.384622468867832,0.405935725267835,ndgain_combined_vuln_readiness,ndgain_vulnerability,0.384622468867832,0.405935725267835,0.983550056536488,0.741776783177039,0.318574459024008,0.32864190293364,0.983550056536488,0.741776783177039,0.0031502832302042,0.38944223893919,0.396504573567813,0.243932454153624,0.0786466603139724,0.0668889040027908
2018,shrimp,696920226,6238303847,9532326,113036029,139515416.81182,509778507,129983090.81182,396742478,0.842807389728489,0.940205017634146,0.833202448974059,0.157192610271511,0.194436144249606,0.194967184009192,57,0.457904888463546,0.458196124712503,0.543021205325789,0.541871504009952,0.999560783302621,0.999443592828254,0.999560783302621,0.999443592828254,0.458106096310217,0.458451210253783,0.54325981410716,0.542173173051767,ndgain_combined_vuln_readiness,ndgain_vulnerability,0.54325981410716,0.542173173051767,0.999560783302621,0.999443592828254,0.458106096310217,0.458451210253783,0.999560783302621,0.999443592828254,0.842807389728489,0.110701567223282,0.949564933482731,0.910204388715453,0.445795408142948,0.43954870997402
2018,small_pelagics_other,59956256,195290475,33774638,49469094,736803722.733197,163889582,703029084.733197,114420488,0.0785811375384808,0.630557191480497,0.0752500848440292,0.921418862461519,0.126212628514284,0.144968647093614,48,0.36560772185126,0.357602475907726,0.450965215447956,0.437969246899015,0.99955222354111,0.999565437075208,0.99955222354111,0.999565437075208,0.365771505720855,0.357757944246345,0.451167237515938,0.438159654840148,ndgain_combined_vuln_readiness,ndgain_vulnerability,0.451167237515938,0.438159654840148,0.99955222354111,0.999565437075208,0.365771505720855,0.357757944246345,0.99955222354111,0.999565437075208,0.0785811375384808,0.0353865376463607,0.628500851893408,0.469301182134726,0.120453868186548,0.109278823417896
2018,snapper_grouper,27101011,190427713,0,0,7694911.06181875,68714782,7694911.06181875,68714782,0.778855951908735,0.734837846644951,0.778855951908735,0.221144048091265,0.191854241141502,0.189708856746168,34,0.396011169477707,0.395460019886745,0.52500383864443,0.524082422976941,1,1,1,1,0.396011169477707,0.395460019886745,0.52500383864443,0.524082422976941,ndgain_combined_vuln_readiness,ndgain_vulnerability,0.52500383864443,0.524082422976941,1,1,0.396011169477707,0.395460019886745,1,1,0.778855951908735,0.107851287420845,0.885918782919743,0.613697389787972,0.420622140130178,0.372173617921784
2018,squid_octopus,105127518,652965788,64219697,148349267,73141259.8246761,101462625,8921562.82467613,0,0.921774355740833,1,0.589713573418845,0.0782256442591672,0.265609798619266,0.211260089972088,42,0.369997960559827,0.364851690470598,0.439220370873595,0.432662872254648,0.938160035320152,0.944898802263129,0.938160035320152,0.944898802263129,0.394386828078392,0.38612779442279,0.468172118122371,0.457893343941569,ndgain_combined_vuln_readiness,ndgain_vulnerability,0.468172118122371,0.457893343941569,0.938160035320152,0.944898802263129,0.394386828078392,0.38612779442279,0.938160035320152,0.944898802263129,0.921774355740833,0.189273388481289,0.687785286931802,0.605941062208367,0.493237044382006,0.472840702882415
2018,swordfish,11683145,85525722,167276,907574,2366989.68262603,14060619,2199713.68262603,13153045,0.841551820636271,0.866708458163041,0.831532598363418,0.158448179363729,0.193059084449414,0.15097160534969,30,0.404097350872907,0.399765596013885,0.485769087449693,0.469445336191612,0.994568500176964,0.993464188469522,0.994568500176964,0.993464188469522,0.406304192019962,0.402395577670236,0.488421951191154,0.472533727576848,ndgain_combined_vuln_readiness,ndgain_vulnerability,0.488421951191154,0.472533727576848,0.994568500176964,0.993464188469522,0.406304192019962,0.402395577670236,0.994568500176964,0.993464188469522,0.841551820636271,0.109181368528407,0.758382660761666,0.662847189611862,0.411502613210577,0.393442199186364
2018,tilapia,190527579,697877766,1802770,5766887,49740.48570183,71238,0,0,1,1,0.999739001021548,0,0.575061426783815,0.433902916445194,34,0.370525043388588,0.381038766743871,0.447716373379808,0.46236154901616,0.941077816351196,0.957499071549444,0.941077816351196,0.957499071549444,0.393724128813503,0.397952100493703,0.475748514735711,0.482884592533294,ndgain_combined_vuln_readiness,ndgain_vulnerability,0.475748514735711,0.482884592533294,0.941077816351196,0.957499071549444,0.393724128813503,0.397952100493703,0.941077816351196,0.957499071549444,1,0.530891059113482,0.714199020920542,0.602776633482109,0.723782737171841,0.683996595344429
2018,toothfish,7687512,207176522,218659,1497178,0,0,0,0,1,1,1,0,0.112974595212833,0.114483531473712,18,0.295251752010195,0.297556267101038,0.334440670699939,0.33692509714625,0.832458277788705,0.840003946006971,0.832458277788705,0.840003946006971,0.354674534313582,0.354231987260889,0.401750669821349,0.401099421910876,ndgain_combined_vuln_readiness,ndgain_vulnerability,0.401750669821349,0.401099421910876,0.832458277788705,0.840003946006971,0.354674534313582,0.354231987260889,0.832458277788705,0.840003946006971,1,0.0207724729958811,0.456218942651309,0.416312478274431,0.21161860097035,0.205259158359066
2018,trout,15927380,164684403,1571019,12389747,660860.49628676,1875619,0,0,1,1,0.960160904561596,0,0.254853826438331,0.279491235090577,24,0.319817139640598,0.322539686277401,0.358361575287611,0.36251792090037,1,1,1,1,0.319817139640598,0.322539686277401,0.358361575287611,0.36251792090037,ndgain_combined_vuln_readiness,ndgain_vulnerability,0.358361575287611,0.36251792090037,1,1,0.319817139640598,0.322539686277401,1,1,1,0.177399383540259,0.304950726437725,0.249866328610783,0.378204994302817,0.353904931175156
2018,tuna,273001372,1774199584,11571965,51603381,23499484.8944055,148158144,11927519.8944055,96554763,0.958138608495955,0.948387257175247,0.920743956221433,0.0418613915040454,0.166680051357591,0.12372016435534,67,0.43678131693885,0.434372029248089,0.503349344968299,0.501853604248833,0.991931373883352,0.986986256671335,0.991931373883352,0.986986256671335,0.440334209037947,0.44009936948163,0.507443718608997,0.508470711579472,ndgain_combined_vuln_readiness,ndgain_vulnerability,0.507443718608997,0.508470711579472,0.991931373883352,0.986986256671335,0.440334209037947,0.44009936948163,0.991931373883352,0.986986256671335,0.958138608495955,0.0800603589159891,0.824698606218636,0.825342561362122,0.398456006504314,0.398559689246693
2019,catfish_other,35690220,140242391,0,0,5206695.64316363,5769327,5206695.64316363,5769327,0.872687327117932,0.960487232949345,0.872687327117932,0.127312672882068,0.771526831483751,0.72664022989786,5,0.458898864208012,0.456002696658117,0.515442695523601,0.512051201233926,0.999068204118663,0.998756845210946,0.999068204118663,0.998756845210946,0.459326863087224,0.456570284193452,0.515923430851554,0.512688552463214,ndgain_combined_vuln_readiness,ndgain_vulnerability,0.515923430851554,0.512688552463214,0.999068204118663,0.998756845210946,0.459326863087224,0.456570284193452,0.999068204118663,0.998756845210946,0.872687327117932,0.747778119335101,0.854261586472549,0.916033623274618,0.823014399022499,0.842392087889999
2019,clams,22040955,70417349,6338448,101245988,26232621.1419811,215779052,19894173.1419811,114533064,0.525596462359081,0.3807363706725,0.456584259164344,0.474403537640919,0.318079896118502,0.260790879917607,20,0.380032969580242,0.356154622758909,0.428790508384657,0.402296579432621,0.999402748202153,0.999689025498532,0.999402748202153,0.999689025498532,0.380260080597028,0.356265412217864,0.429046757331834,0.402421722327102,ndgain_combined_vuln_readiness,ndgain_vulnerability,0.429046757331834,0.402421722327102,0.999402748202153,0.999689025498532,0.380260080597028,0.356265412217864,0.999402748202153,0.999689025498532,0.525596462359081,0.247197506030289,0.551381805847504,0.538484995924501,0.415320131876238,0.412056442176495
2019,cod,69791227,569591703,65095051,217883475,211468019.233624,123810623,146372968.233624,0,0.32286210454313,1,0.248138427214687,0.67713789545687,0.394446453706609,0.33529808931249,28,0.360361627234095,0.354393499779468,0.391787722521463,0.379971407650107,0.998780606049525,0.999368942703858,0.998780606049525,0.999368942703858,0.360801586506002,0.354617283603625,0.39226604936904,0.380211342792052,ndgain_combined_vuln_readiness,ndgain_vulnerability,0.39226604936904,0.380211342792052,0.998780606049525,0.999368942703858,0.360801586506002,0.354617283603625,0.998780606049525,0.999368942703858,0.32286210454313,0.331502008392048,0.423152532008237,0.445569519880211,0.356451182984993,0.362637660158149
2019,crab,109384414,2186522759,16830112,194482596,128938276.411961,650755037,112108164.411961,456272441,0.493851373189364,0.827352327187517,0.458976079075474,0.506148626810636,0.219139693305913,0.223653914825516,43,0.339482499194515,0.341917969808089,0.401563651047778,0.404582131107118,0.988216374226771,0.989578706690242,0.988216374226771,0.989578706690242,0.3435305344542,0.345518721751473,0.406351950363078,0.408842801862914,ndgain_combined_vuln_readiness,ndgain_vulnerability,0.406351950363078,0.408842801862914,0.988216374226771,0.989578706690242,0.3435305344542,0.345518721751473,0.988216374226771,0.989578706690242,0.493851373189364,0.137972934108695,0.472260473531941,0.363099210735423,0.318070887973463,0.291388107980896
2019,crawfish_freshwater,7003140,53935109,90819,405092,0,0,0,0,1,1,1,0,0.423636132477092,0.513494576406841,7,0.376768404963579,0.378106222515942,0.44395617479161,0.433008442285482,1,1,1,1,0.376768404963579,0.378106222515943,0.44395617479161,0.433008442285482,ndgain_combined_vuln_readiness,ndgain_vulnerability,0.44395617479161,0.433008442285482,1,1,0.376768404963579,0.378106222515943,1,1,1,0.363725817092683,0.603360788312104,0.521812035408828,0.60318482026152,0.574684397894108
2019,eel_sturgeon_shad,5704587,72486456,3205895,11642899,2653020.9488167,22858747,0,11215848,1,0.866003115039701,0.682562167899689,0,0.750651602782511,0.850028048228494,20,0.373171150063616,0.376889575480218,0.414448069771919,0.419014537170774,0.971785862850369,0.98155880320594,0.971785862850369,0.98155880320594,0.384005534891255,0.383970450113872,0.426480859225808,0.426886841422236,ndgain_combined_vuln_readiness,ndgain_vulnerability,0.426480859225808,0.426886841422236,0.971785862850369,0.98155880320594,0.384005534891255,0.383970450113872,0.971785862850369,0.98155880320594,1,0.724733008714323,0.54243626702824,0.556369764762332,0.732558401592768,0.738777830160336
2019,flatfish,23878995,137880958,108526969,183225306,241193652.251507,161347978,132666683.251507,0,0.152536916168557,1,0.0900847192179095,0.847463083831443,0.321517795593425,0.237115997773384,33,0.360803474860606,0.357739914091202,0.401353483876674,0.395215345840894,0.988115957141412,0.986143938744609,0.988115957141412,0.986143938744609,0.365142848117137,0.362766427938112,0.406180550952519,0.400768417584167,ndgain_combined_vuln_readiness,ndgain_vulnerability,0.406180550952519,0.400768417584167,0.988115957141412,0.986143938744609,0.365142848117137,0.362766427938112,0.988115957141412,0.986143938744609,0.152536916168557,0.250992758999087,0.471662920543708,0.466299304381746,0.262354970597061,0.261356701679166
2019,halibut,9217560,133043635,1990748,27258507,13847325.9311834,101200354,11856577.9311834,73941847,0.437387286260512,0.64276795509745,0.399636054021755,0.562612713739489,0.480154921325938,0.577693117076032,13,0.298022112344331,0.295015582931217,0.334370023472722,0.328271971989927,0.99326611380886,0.99588566563143,0.99326611380886,0.99588566563143,0.300042564828382,0.296234390264233,0.336636898031807,0.32962817250893,ndgain_combined_vuln_readiness,ndgain_vulnerability,0.336636898031807,0.32962817250893,0.99326611380886,0.99588566563143,0.300042564828382,0.296234390264233,0.99326611380886,0.99588566563143,0.437387286260512,0.426119468430101,0.229211575583907,0.155441548170149,0.349578482431612,0.307129510971916
2019,herring,14304089,49171576,16873331,17763995,37999854.5645634,32241152,21126523.5645634,14477157,0.403721188109135,0.772546030099295,0.273480124540575,0.596278811890865,0.430736425990044,0.390309994889248,38,0.298691203948943,0.303279758643391,0.329624379374384,0.333537811265657,0.999944071936353,0.999804765257066,0.999944071936353,0.999804765257066,0.298707910103951,0.303338980951359,0.329642815658759,0.333602942150309,ndgain_combined_vuln_readiness,ndgain_vulnerability,0.329642815658759,0.333602942150309,0.999944071936353,0.999804765257066,0.298707910103951,0.303338980951359,0.999944071936353,0.999804765257066,0.403721188109135,0.371564152748198,0.20482797468163,0.149068491833146,0.313209462213563,0.281730415726098
2019,inland_freshwater_other,9056723,85176963,916564,2640553,2187774.43005429,1885466,1271210.43005429,0,0.876915315279331,1,0.805435997147653,0.123084684720669,0.422242153255306,0.549268882289269,28,0.31265742018215,0.304325533560708,0.361267495113747,0.349449857832301,0.986212562755867,0.995649574873901,0.986212562755867,0.995649574873901,0.317028429762101,0.305655263900706,0.36631808269023,0.350976755929975,ndgain_combined_vuln_readiness,ndgain_vulnerability,0.36631808269023,0.350976755929975,0.986212562755867,0.995649574873901,0.317028429762101,0.305655263900706,0.986212562755867,0.995649574873901,0.876915315279331,0.362186940281852,0.332689647819191,0.236550071725853,0.472762742091789,0.421959894634907
2019,large_pelagics_other,18453226,147538339,795442,4302735,2441134.3450186,13172300,1645692.3450186,8869565,0.918120352709106,0.943292092195034,0.883167787636984,0.0818796472908939,0.187959044600395,0.189597367800655,41,0.376959879650491,0.371209190334158,0.462939719863441,0.456250934737713,0.87417658029008,0.862244375680548,0.87417658029008,0.862244375680548,0.431217088343186,0.430515061395642,0.529572320171083,0.529143416421366,ndgain_combined_vuln_readiness,ndgain_vulnerability,0.529572320171083,0.529143416421366,0.87417658029008,0.862244375680548,0.431217088343186,0.430515061395642,0.87417658029008,0.862244375680548,0.918120352709106,0.10355120350492,0.901845965977323,0.781807763368801,0.440956461504229,0.420453767251186
2019,lobster,54280301,1484156512,38271499,562025060,60186911.666872,682716867,21915412.666872,120691807,0.712379980287523,0.924795505238025,0.474199552302974,0.287620019712477,0.756317025937344,0.678978900768233,49,0.299655692018778,0.305502517396919,0.342330193880339,0.351872553376563,0.998408759745087,0.996796387064601,0.998408759745087,0.996796387064601,0.300133276169658,0.306484374704219,0.342875791642436,0.353003439762426,ndgain_combined_vuln_readiness,ndgain_vulnerability,0.342875791642436,0.353003439762426,0.998408759745087,0.996796387064601,0.300133276169658,0.306484374704219,0.998408759745087,0.996796387064601,0.712379980287523,0.730987325981224,0.250962347702287,0.155874700263926,0.507469611284123,0.432977898509184
2019,mackerel,27699701,81577253,32069939,82416236,72539712.4274677,67047361,40469773.4274677,0,0.40633584507788,1,0.27633542588558,0.59366415492212,0.141022376625507,0.118438094184966,52,0.346056522078709,0.358744692332508,0.376740393914725,0.390829211814785,0.956716500297241,0.97247349086393,0.956716500297241,0.97247349086393,0.36171271423791,0.368899199518338,0.393784777201685,0.401891892670081,ndgain_combined_vuln_readiness,ndgain_vulnerability,0.393784777201685,0.401891892670081,0.956716500297241,0.97247349086393,0.36171271423791,0.368899199518338,0.956716500297241,0.97247349086393,0.40633584507788,0.0517356894747537,0.428447301411166,0.449920209432615,0.208061118809021,0.211480482517935
2019,misc_marine_fish_other,0,0,0,0,15224039.5555109,32480161,15224039.5555109,32480161,0,0,0,1,,,,,,,,,,,,,,,,,,,,,,,,,,0,,,,,
2019,mussels,35757854,125332105,820829,2978909,1211644.55699903,6954633,390815.55699903,3975724,0.989188660003578,0.969253802876855,0.967225831988742,0.010811339996422,0.324411538397061,0.322513577176374,19,0.308947455107483,0.307375114490967,0.34779170492343,0.337095407199786,0.999991610234775,0.999971276314237,0.999991610234775,0.999971276314237,0.308950047125845,0.307383943690774,0.347794622838662,0.337105090100463,ndgain_combined_vuln_readiness,ndgain_vulnerability,0.347794622838662,0.337105090100463,0.999991610234775,0.999971276314237,0.308950047125845,0.307383943690774,0.999991610234775,0.999971276314237,0.989188660003578,0.254187292767904,0.268110961401298,0.197975310246142,0.406988850217363,0.367858954586949
2019,other_groundfish,42260547,241351495,118091731,247748295,449123424.202947,178540862,331031693.202947,0,0.113210354913953,1,0.0860031044491396,0.886789645086047,0.166544813911231,0.178315828805028,31,0.32474768390241,0.326739079533817,0.360388725941695,0.352724715362733,0.979185409029372,0.986071654538539,0.979185409029372,0.986071654538539,0.331650860917463,0.331354296647665,0.36804952628832,0.357706981778926,ndgain_combined_vuln_readiness,ndgain_vulnerability,0.36804952628832,0.357706981778926,0.979185409029372,0.986071654538539,0.331650860917463,0.331354296647665,0.979185409029372,0.986071654538539,0.113210354913953,0.0799110641726337,0.338726012195355,0.306373057274977,0.145249241037369,0.140469233355405
2019,other_shellfish_specialty,8277729,79914397,1122178,16102952,908921.9987771,10611015,0,0,1,1,0.901060571594796,0,0.163204332936888,0.0840802214767473,36,0.401824515980452,0.394308102034216,0.467122043733721,0.467459464036532,0.984460472189897,0.965450393125034,0.984460472189897,0.965450393125034,0.408167242191663,0.408418811408729,0.474495479432124,0.484187967983967,ndgain_combined_vuln_readiness,ndgain_vulnerability,0.474495479432124,0.484187967983967,0.984460472189897,0.965450393125034,0.408167242191663,0.408418811408729,0.984460472189897,0.965450393125034,1,0.0762233558997291,0.709830540378069,0.671743365892937,0.378222692672221,0.371333231676335
2019,oysters,10961781,75339425,3623587,23598483,14284924.1806248,264052053,10661337.1806248,240453570,0.506947282460964,0.238572185554654,0.434186596689554,0.493052717539036,0.238415913171773,0.2690342342712,12,0.342222428817889,0.333551476202166,0.37009952871846,0.355170624586218,0.9796304998248,0.983735686859835,0.9796304998248,0.983735686859835,0.349338274869038,0.339066154311113,0.377795024536955,0.361042736713102,ndgain_combined_vuln_readiness,ndgain_vulnerability,0.377795024536955,0.361042736713102,0.9796304998248,0.983735686859835,0.349338274869038,0.339066154311113,0.9796304998248,0.983735686859835,0.506947282460964,0.15925282644026,0.372701926005619,0.390831519456845,0.311031132575708,0.31599473247058
2019,pangasius_basa_swai,54117348,211365764,865898,3754025,0,0,0,0,1,1,1,0,0.977400325166542,0.972113478834014,2,0.469503882698385,0.469269169568102,0.527731551767767,0.527457799481782,1,1,1,1,0.469503882698385,0.469269169568102,0.527731551767767,0.527457799481782,ndgain_combined_vuln_readiness,ndgain_vulnerability,0.527731551767767,0.527457799481782,1,1,0.469503882698385,0.469269169568102,1,1,1,0.975051195175662,0.895428460476824,0.964629502146829,0.955768627511962,0.979781691261898
2019,pollock,55972858,165640941,380235815,1120210703,1523899553.92123,393456866,1143663738.92123,0,0.0466581781046442,1,0.0354287204318818,0.953341821895356,0.574574784318206,0.562642982968137,18,0.393516159703108,0.391829104735285,0.440836775037401,0.438322153350616,0.999806191779594,0.999800133953598,0.999806191779594,0.999800133953598,0.393592441153693,0.391907433724619,0.440922229390016,0.438409776579365,ndgain_combined_vuln_readiness,ndgain_vulnerability,0.440922229390016,0.438409776579365,0.999806191779594,0.999800133953598,0.393592441153693,0.391907433724619,0.999806191779594,0.999800133953598,0.0466581781046442,0.530353832450567,0.592783487404575,0.602147817010335,0.244791609889328,0.246073890012234
2019,reef_fish_other,12416598,80392104,413987,3605943,14313265.9926795,61999063,13899278.9926795,58393120,0.471829154827484,0.579255497689005,0.464521555493157,0.528170845172516,0.234655299090474,0.188399899990514,30,0.348130392613364,0.351690342758701,0.420186718797252,0.423982060660308,0.977122799658973,0.982919466817289,0.977122799658973,0.982919466817289,0.356281106873021,0.35780178807271,0.430024474860173,0.431349744280851,ndgain_combined_vuln_readiness,ndgain_vulnerability,0.430024474860173,0.431349744280851,0.977122799658973,0.982919466817289,0.356281106873021,0.35780178807271,0.977122799658973,0.982919466817289,0.471829154827484,0.155101314198363,0.554790440852729,0.423983958578184,0.343697526532572,0.31423162549052
2019,sablefish,320161,5109471,6209178,68010104,18597161.5249135,88933828,12387983.5249135,20923724,0.0251933710206352,0.196267534584211,0.0169242237942689,0.974806628979365,0.912574702859068,0.975370277917882,2,0.288523855827944,0.285119473072975,0.32594076543246,0.319469619589801,1,1,1,1,0.288523855827944,0.285119473072975,0.32594076543246,0.319469619589801,ndgain_combined_vuln_readiness,ndgain_vulnerability,0.32594076543246,0.319469619589801,1,1,0.288523855827944,0.285119473072975,1,1,0.0251933710206352,0.90348725407988,0.19192144735989,0.100439022014486,0.163472212637294,0.131735734127127
2019,salmon,426449257,4254115922,206737634,1086048631,380446854.118116,707172352,173709220.118116,0,0.710561082212409,1,0.528505778035129,0.289438917787591,0.241038545588568,0.266020764548818,34,0.306278451294141,0.304804809839249,0.345518480819992,0.343252002853429,0.963366267513511,0.968019733713312,0.963366267513511,0.968019733713312,0.317925239467496,0.31487458284556,0.358657441589469,0.354591947766104,ndgain_combined_vuln_readiness,ndgain_vulnerability,0.358657441589469,0.354591947766104,0.963366267513511,0.968019733713312,0.317925239467496,0.31487458284556,0.963366267513511,0.968019733713312,0.710561082212409,0.162148069171617,0.305982210689718,0.240832391843131,0.327896256857959,0.30274434007181
2019,scallops,15998662,208877165,5853178,113547258,27685405.3819043,574576379,21832227.3819043,461029121,0.422899441736431,0.311800574744868,0.366235631406138,0.577100558263569,0.169064112706124,0.245400805155702,16,0.357900577399695,0.335388715647473,0.406126880610537,0.36878608770428,0.989353734706065,0.975427213405544,0.989353734706065,0.975427213405544,0.361751883926558,0.343837767737193,0.410497142087604,0.378076480372865,ndgain_combined_vuln_readiness,ndgain_vulnerability,0.410497142087604,0.378076480372865,0.989353734706065,0.975427213405544,0.361751883926558,0.343837767737193,0.989353734706065,0.975427213405544,0.422899441736431,0.0826922322377119,0.486711933392316,0.450107247044579,0.257231770745157,0.250614355511577
2019,sea_cucumber_urchin_other_inverts,8749087,50329762,804047,24562546,3738567.73414047,26885786,2934520.73414047,2323240,0.748834366839828,0.955876399981904,0.700618906132994,0.251165633160172,0.466964385540963,0.15146943588118,31,0.275654267165969,0.326103379204677,0.284770401890208,0.364434657988447,0.995485928988933,0.976610340418459,0.995485928988933,0.976610340418459,0.276904232534896,0.333913502354427,0.286061704738946,0.373162809060873,ndgain_combined_vuln_readiness,ndgain_vulnerability,0.286061704738946,0.373162809060873,0.995485928988933,0.976610340418459,0.276904232534896,0.333913502354427,0.995485928988933,0.976610340418459,0.748834366839828,0.411557838439718,0.0528903281303683,0.0449546240606504,0.25355040126236,0.240176404172829
2019,sharks_rays_skates,168835,810933,9416961,30758183,33973075.5993021,15411292,24556114.5993021,0,0.00682852756976968,1,0.00494509525203465,0.99317147243023,0.20860621014796,0.20174800275467,9,0.281471192126057,0.252918802186888,0.355450628254598,0.316078322216759,0.783652678650754,0.717813925441436,0.783652678650754,0.717813925441436,0.359178498069677,0.352345911973427,0.453581845552537,0.440334620176642,ndgain_combined_vuln_readiness,ndgain_vulnerability,0.453581845552537,0.440334620176642,0.783652678650754,0.717813925441436,0.359178498069677,0.352345911973427,0.783652678650754,0.717813925441436,0.00682852756976968,0.12634454487899,0.636918945298589,0.43781917527401,0.081907293691052,0.0722868744422391
2019,shrimp,699945826,6005824721,8315985,102922751,125355592.953249,489383484,117039607.953249,386460733,0.856742111806186,0.939542635293583,0.848109320940898,0.143257888193814,0.245525741566094,0.245383255862641,52,0.456684006169723,0.456529597454569,0.541092218467906,0.539868479108147,0.999581613334744,0.999513898068022,0.999581613334744,0.999513898068022,0.456875156642949,0.456751625302063,0.541318698993218,0.540131037849167,ndgain_combined_vuln_readiness,ndgain_vulnerability,0.541318698993218,0.540131037849167,0.999581613334744,0.999513898068022,0.456875156642949,0.456751625302063,0.999581613334744,0.999513898068022,0.856742111806186,0.167101688083253,0.942797587357937,0.904326577995316,0.512959571706092,0.505885325991125
2019,small_pelagics_other,47938629,182765090,56670191,88555607,697981875.78679,152251364,641311684.78679,63695757,0.0695518421117892,0.741558313317003,0.0642677452789725,0.930448157888211,0.10429360158283,0.135333370478008,50,0.371200104152601,0.358786931561887,0.453037711936582,0.438257249808545,0.997227768028159,0.998666714742952,0.997227768028159,0.998666714742952,0.372232017652881,0.359265935537098,0.454297128962207,0.438842351846431,ndgain_combined_vuln_readiness,ndgain_vulnerability,0.454297128962207,0.438842351846431,0.997227768028159,0.998666714742952,0.372232017652881,0.359265935537098,0.997227768028159,0.998666714742952,0.0695518421117892,0.0111891308747091,0.639412651300769,0.500150513991853,0.0792432122117671,0.0730132874845379
2019,snapper_grouper,26751198,198889265,0,0,8099543.57858569,74574551,8099543.57858569,74574551,0.767593364969814,0.727296458848508,0.767593364969814,0.232406635030186,0.193988951601493,0.197562489592477,36,0.396461127343004,0.395379366904097,0.527570643719749,0.525844649556873,1,1,1,1,0.396461127343004,0.395379366904097,0.527570643719749,0.525844649556873,ndgain_combined_vuln_readiness,ndgain_vulnerability,0.527570643719749,0.525844649556873,1,1,0.396461127343004,0.395379366904097,1,1,0.767593364969814,0.110207891000997,0.894867483723108,0.615845965574894,0.423026470456633,0.373484000004552
2019,squid_octopus,89546759,537348900,48683556,104508766,54039801.5602745,87155523,5356245.56027453,0,0.943560843146197,1,0.623643039087981,0.0564391568538033,0.18416243285165,0.149418033945983,36,0.366009769333496,0.36113984378176,0.423140618114308,0.418242144428198,0.932090038010197,0.934882788445273,0.932090038010197,0.934882788445273,0.392676409367967,0.386294248054713,0.453969681960787,0.447373884295958,ndgain_combined_vuln_readiness,ndgain_vulnerability,0.453969681960787,0.447373884295958,0.932090038010197,0.934882788445273,0.392676409367967,0.386294248054713,0.932090038010197,0.934882788445273,0.943560843146197,0.0993599518072182,0.638271066662014,0.597773710306892,0.391136921547344,0.382683171355154
2019,swordfish,10456415,80031465,106816,652634,2397575.41613513,15232997,2290759.41613513,14580363,0.820292769099046,0.845892809512147,0.813476178329374,0.179707230900954,0.180287136846283,0.16954608855408,29,0.403428819018277,0.399335752249019,0.488939142428163,0.474184712112565,0.995579651343218,0.994678967828466,0.995579651343218,0.994678967828466,0.40522003284617,0.401471997664562,0.491110019945159,0.476721361815643,ndgain_combined_vuln_readiness,ndgain_vulnerability,0.491110019945159,0.476721361815643,0.995579651343218,0.994678967828466,0.40522003284617,0.401471997664562,0.995579651343218,0.994678967828466,0.820292769099046,0.095081836994199,0.767754125408425,0.657670264549241,0.39122764486898,0.371556518164589
2019,tilapia,173919903,600927259,1928483,7675449,46587.11154559,91443,0,0,1,1,0.999732206406442,0,0.492239815233436,0.340492846783629,34,0.360167837757084,0.373433111384623,0.41490030342394,0.438915601743247,0.916362068118219,0.938831972673085,0.916362068118219,0.938831972673085,0.393040971781711,0.39776352132679,0.452768963119515,0.46751241384925,ndgain_combined_vuln_readiness,ndgain_vulnerability,0.452768963119515,0.46751241384925,0.916362068118219,0.938831972673085,0.393040971781711,0.39776352132679,0.916362068118219,0.938831972673085,1,0.439460530265852,0.634084977985927,0.599514517692215,0.653164310764028,0.641071583575194
2019,toothfish,8370105,211845627,153791,1082801,0,0,0,0,1,1,1,0,0.0995371026805671,0.107586111287244,18,0.260923992878283,0.263643855849514,0.297065403889185,0.299861882473141,0.741659871650356,0.752712709996133,0.741659871650356,0.752712709996133,0.351810854074752,0.350258275631972,0.4005412929085,0.398374942379651,ndgain_combined_vuln_readiness,ndgain_vulnerability,0.4005412929085,0.398374942379651,0.741659871650356,0.752712709996133,0.351810854074752,0.350258275631972,0.741659871650356,0.752712709996133,1,0.00593821626490904,0.452002669177466,0.402638233423581,0.138973609224524,0.133718144223373
2019,trout,17492118,169590519,1852328,14464921,338824.4285426,1512839,0,0,1,1,0.980997951740328,0,0.279729332571825,0.283277299999989,23,0.314013537975075,0.318592060870223,0.352124817878431,0.360084847253623,1,1,1,1,0.314013537975075,0.318592060870223,0.352124817878431,0.360084847253623,ndgain_combined_vuln_readiness,ndgain_vulnerability,0.352124817878431,0.360084847253623,1,1,0.314013537975075,0.318592060870223,1,1,1,0.204860581632913,0.283207401798629,0.222153782665501,0.387127776993295,0.357029447596166
2019,tuna,282753967,1875553090,8853427,42826788,22436711.6212023,142153223,13583284.6212023,99326435,0.954162750221611,0.949705066186253,0.926482972145259,0.045837249778389,0.184165809306653,0.136992418280041,68,0.4371245742928,0.43333632925768,0.501827024834222,0.499961025558363,0.990874345540128,0.985942048166709,0.990874345540128,0.985942048166709,0.441150360043404,0.43951501009967,0.506448700678263,0.507089667681793,ndgain_combined_vuln_readiness,ndgain_vulnerability,0.506448700678263,0.507089667681793,0.990874345540128,0.985942048166709,0.441150360043404,0.43951501009967,0.990874345540128,0.985942048166709,0.954162750221611,0.0993636792288512,0.821229656495207,0.829239731350784,0.427010199700788,0.428394028197585
2020,catfish_other,33895533,105976960,0,0,4486108.37155712,4962424,4486108.37155712,4962424,0.883118381308165,0.955269050349153,0.883118381308165,0.116881618691835,0.674034235352362,0.605903980216279,6,0.45794557207461,0.452231901790054,0.505102826088147,0.498514958549059,1,1,1,1,0.45794557207461,0.452231901790054,0.505102826088147,0.498514958549059,ndgain_combined_vuln_readiness,ndgain_vulnerability,0.505102826088147,0.498514958549059,1,1,0.45794557207461,0.452231901790054,1,1,0.883118381308165,0.640151626006133,0.816537508602246,0.909437875865162,0.772845422306802,0.801108989157205
2020,clams,13755522,50531720,4204169,73217068,15755825.8069905,175101108,11551656.8069905,101884040,0.543542293074579,0.331538680776844,0.466109582319438,0.456457706925421,0.236876018889517,0.236823482249651,19,0.383117670026911,0.360999335799862,0.43065693395581,0.407646143289148,0.999443496219191,0.999627046140523,0.999443496219191,0.999627046140523,0.383330995175027,0.361134022127203,0.430896729614979,0.407798233214113,ndgain_combined_vuln_readiness,ndgain_vulnerability,0.430896729614979,0.407798233214113,0.999443496219191,0.999627046140523,0.383330995175027,0.361134022127203,0.999443496219191,0.999627046140523,0.543542293074579,0.157552867384157,0.557831399007334,0.553148797170961,0.362844771948154,0.361826642321568
2020,cod,68397714,530555695,44479759,139396492,173338738.890167,164567781,128858979.890167,25171289,0.3467447043297,0.95470565632998,0.282943317742304,0.6532552956703,0.36250873098056,0.309274088085033,24,0.358362912204773,0.350419586132084,0.387018633869686,0.371995193687214,0.998975185047851,0.999196250263603,0.998975185047851,0.999196250263603,0.358730544630703,0.350701462339994,0.387415663234064,0.372294425233357,ndgain_combined_vuln_readiness,ndgain_vulnerability,0.387415663234064,0.372294425233357,0.998975185047851,0.999196250263603,0.358730544630703,0.350701462339994,0.998975185047851,0.999196250263603,0.3467447043297,0.296244509481206,0.406242539613388,0.435680170742968,0.346855443924132,0.355038933571601
2020,crab,117241533,2257917537,13648940,167148112,113434574.480727,667743246,99785634.4807267,500595134,0.54021592946612,0.818527158036027,0.5082517399848,0.45978407053388,0.252495148122294,0.26300866904288,44,0.334504938156228,0.33572338448917,0.396415455393008,0.3996491624134,0.989134678066688,0.988475949376534,0.989134678066688,0.988475949376534,0.338179365837253,0.339637382883137,0.400769949920087,0.40430843326585,ndgain_combined_vuln_readiness,ndgain_vulnerability,0.400769949920087,0.40430843326585,0.989134678066688,0.988475949376534,0.338179365837253,0.339637382883137,0.989134678066688,0.988475949376534,0.54021592946612,0.174795531697971,0.452799840416905,0.337547059725636,0.349677744842538,0.317061868029048
2020,crawfish_freshwater,3941306,22957517,68133,132692,0,0,0,0,1,1,1,0,0.420452952320026,0.453108687016666,7,0.360110898054971,0.367073639968241,0.420624032715302,0.416825050621086,1,1,1,1,0.360110898054971,0.367073639968241,0.420624032715302,0.416825050621086,ndgain_combined_vuln_readiness,ndgain_vulnerability,0.420624032715302,0.416825050621086,1,1,0.360110898054971,0.367073639968241,1,1,1,0.36021176031777,0.522017502625865,0.442271441111851,0.57290285182946,0.542103562611334
2020,eel_sturgeon_shad,3556291,33661267,980050,4696626,2258782.95480068,6883700,1278732.95480068,2187074,0.73552706940965,0.938990928478392,0.611564191211029,0.26447293059035,0.526206357962503,0.590360943457852,24,0.370776248295244,0.373890161952176,0.407514244002926,0.409729689672306,0.947714908594375,0.956146956678725,0.947714908594375,0.956146956678725,0.391231840855146,0.39103838519857,0.429996658602048,0.428521668986475,ndgain_combined_vuln_readiness,ndgain_vulnerability,0.429996658602048,0.428521668986475,0.947714908594375,0.956146956678725,0.391231840855146,0.39103838519857,0.947714908594375,0.956146956678725,0.73552706940965,0.476957735484505,0.554693464508934,0.590875809039739,0.579487228383532,0.591822659272567
2020,flatfish,23598260,124202828,114292791,176278102,243685266.891383,118315475,129392475.891383,0,0.154246333037797,1,0.0882892420436733,0.845753666962203,0.395896072694515,0.30940287973988,26,0.3643006806194,0.359190101620092,0.398307292658483,0.391222257448844,0.989017113973657,0.984440845421007,0.989017113973657,0.984440845421007,0.368346184785133,0.364867125628539,0.40273043512682,0.397405551860796,ndgain_combined_vuln_readiness,ndgain_vulnerability,0.40273043512682,0.397405551860796,0.989017113973657,0.984440845421007,0.368346184785133,0.364867125628539,0.989017113973657,0.984440845421007,0.154246333037797,0.333102308461206,0.459634716860457,0.481595429048162,0.286903010203377,0.291401387703521
2020,halibut,9041818,120136738,1781626,20165017,12140753.5850986,70344009,10359127.5850986,50178992,0.466050376789099,0.705376643719285,0.426851761773848,0.533949623210902,0.521784104126025,0.612089124659536,14,0.300133011349523,0.296672621208524,0.341111410633052,0.33374167024466,0.999976885179507,0.999970183974864,0.999976885179507,0.999970183974864,0.300139949030567,0.296681467070604,0.341119295544335,0.333751621391392,ndgain_combined_vuln_readiness,ndgain_vulnerability,0.341119295544335,0.333751621391392,0.999976885179507,0.999970183974864,0.300139949030567,0.296681467070604,0.999976885179507,0.999970183974864,0.466050376789099,0.47207580914428,0.244838642324218,0.155906563574881,0.377666262814775,0.324914931295992
2020,herring,15810489,57328413,8887946,15405646,19268949.0613936,12392320,10381003.0613936,0,0.603649802116649,1,0.450705309826503,0.396350197883351,0.370303440194821,0.355844275475504,42,0.302703987067631,0.305149783280345,0.338033002962224,0.3381479851599,0.999968375424694,0.999901008946471,0.999968375424694,0.999901008946471,0.302713560255413,0.305179993369405,0.338043693450464,0.338181462099117,ndgain_combined_vuln_readiness,ndgain_vulnerability,0.338043693450464,0.338181462099117,0.999968375424694,0.999901008946471,0.302713560255413,0.305179993369405,0.999968375424694,0.999901008946471,0.603649802116649,0.304849442086749,0.234116112907044,0.168195711490997,0.350563952930416,0.313975042931914
2020,inland_freshwater_other,8117725,68596222,407139,1720869,1892114.75862563,1170303,1484975.75862563,0,0.845358530276834,1,0.81097452064653,0.154641469723166,0.294116754834913,0.459349217582263,29,0.323963767727844,0.308522805518356,0.377163799136679,0.356822975153878,0.986916531417361,0.995757331941692,0.986916531417361,0.995757331941692,0.328258527864138,0.309837342514715,0.382163827568087,0.358343306855783,ndgain_combined_vuln_readiness,ndgain_vulnerability,0.382163827568087,0.358343306855783,0.986916531417361,0.995757331941692,0.328258527864138,0.309837342514715,0.986916531417361,0.995757331941692,0.845358530276834,0.220743508825994,0.387932966169268,0.290174463536116,0.41676879025221,0.378322952547016
2020,large_pelagics_other,19621856,167065252,674961,5528315,876579.04842662,5060039,201618.04842662,0,0.989829328202812,1,0.957236781912583,0.010170671797188,0.237904353976758,0.248207120840455,36,0.37129729961789,0.366023608700968,0.454083311573591,0.448483840885293,0.856605562694987,0.84509760892708,0.856605562694987,0.84509760892708,0.433451889396729,0.433114003441171,0.530096150840988,0.530688805822891,ndgain_combined_vuln_readiness,ndgain_vulnerability,0.530096150840988,0.530688805822891,0.856605562694987,0.84509760892708,0.433451889396729,0.433114003441171,0.856605562694987,0.84509760892708,0.989829328202812,0.158688093071015,0.903672206692552,0.792479072401396,0.521641171322234,0.499302975028056
2020,lobster,48463732,1233828424,32871406,458286061,56808648.6815478,569265196,23937242.6815478,110979135,0.669379552045609,0.917475824509401,0.460365118431246,0.330620447954391,0.730054951451954,0.63362329126131,52,0.302214763669656,0.309867215404465,0.349929059372142,0.362128208327583,0.997710844884996,0.995529080143804,0.997710844884996,0.995529080143804,0.302908167450552,0.311258828682036,0.350731939184722,0.363754525659133,ndgain_combined_vuln_readiness,ndgain_vulnerability,0.350731939184722,0.363754525659133,0.997710844884996,0.995529080143804,0.302908167450552,0.311258828682036,0.997710844884996,0.995529080143804,0.669379552045609,0.701995432272726,0.27835138261539,0.169124972516715,0.507613741454468,0.429937000559179
2020,mackerel,31117970,87323775,33025140,86581734,72239593.9430419,51176202,39214453.9430419,0,0.44244131305926,1,0.301071047080293,0.55755868694074,0.131245669948854,0.111017542149541,58,0.35739791898068,0.365103615950307,0.390921694257601,0.401795509793454,0.986728922227253,0.991353912494049,0.986728922227253,0.991353912494049,0.362204766607995,0.368287865058987,0.396179422181331,0.40529976704547,ndgain_combined_vuln_readiness,ndgain_vulnerability,0.396179422181331,0.40529976704547,0.986728922227253,0.991353912494049,0.362204766607995,0.368287865058987,0.986728922227253,0.991353912494049,0.44244131305926,0.0409427400850795,0.436795797235488,0.452269789003947,0.19926774644288,0.201593589798939
2020,misc_marine_fish_other,0,0,0,0,11744631.82197,25815986,11744631.82197,25815986,0,0,0,1,,,,,,,,,,,,,,,,,,,,,,,,,,0,,,,,
2020,mussels,31600108,114158728,455940,1824542,1008963.15675771,5111302,553023.15675771,3286760,0.982800332755727,0.972014591143765,0.96905881949512,0.0171996672442732,0.332677795967685,0.323406146122559,19,0.311445337875645,0.309256248612545,0.353880889498815,0.342227771523408,1,1,1,1,0.311445337875645,0.309256248612545,0.353880889498815,0.342227771523408,ndgain_combined_vuln_readiness,ndgain_vulnerability,0.353880889498815,0.342227771523408,1,1,0.311445337875645,0.309256248612545,1,1,0.982800332755727,0.263312788965392,0.289329627312053,0.209890473197705,0.421479754596932,0.378712806603821
2020,other_groundfish,44477035,243636910,110740319,227453611,374048590.369842,128625985,263308271.369842,0,0.144506687224878,1,0.106270756923657,0.855493312775122,0.17715223986452,0.186175326319427,32,0.324879970884232,0.326423265323964,0.360745702215707,0.351088496569267,0.967546128018651,0.976912266700477,0.967546128018651,0.976912266700477,0.335777242527469,0.334137748547738,0.372845998520448,0.359385902436325,ndgain_combined_vuln_readiness,ndgain_vulnerability,0.372845998520448,0.359385902436325,0.967546128018651,0.976912266700477,0.335777242527469,0.334137748547738,0.967546128018651,0.976912266700477,0.144506687224878,0.091621082203753,0.355448043536845,0.326076776886604,0.16757909092197,0.162829995405353
2020,other_shellfish_specialty,6376717,68290348,830237,15284865,573680.9499575,7104928,0,0,1,1,0.917460704539801,0,0.159662625498589,0.0928786475459309,35,0.392508494273589,0.38031661950802,0.454759075579975,0.45244245267444,0.984181358526653,0.965906909714386,0.984181358526653,0.965906909714386,0.398817241225932,0.393740448156104,0.462068369452519,0.468412067585504,ndgain_combined_vuln_readiness,ndgain_vulnerability,0.462068369452519,0.468412067585504,0.984181358526653,0.965906909714386,0.398817241225932,0.393740448156104,0.984181358526653,0.965906909714386,1,0.0723135046176125,0.666505673161877,0.627096550641895,0.363921533104992,0.356602683700757
2020,oysters,11107554,72243779,2116868,15105764,9973640.74109018,195465267,7856772.74109018,180359503,0.585707795043056,0.285996992707324,0.52689395152495,0.414292204956944,0.278224648876919,0.279306074633522,9,0.361006373486068,0.353581146028472,0.398075656469532,0.379227193040569,0.994610514610147,0.996167849968092,0.994610514610147,0.996167849968092,0.362962554872617,0.354941334474704,0.400232704784509,0.380686039057289,ndgain_combined_vuln_readiness,ndgain_vulnerability,0.400232704784509,0.380686039057289,0.994610514610147,0.996167849968092,0.362962554872617,0.354941334474704,0.994610514610147,0.996167849968092,0.585707795043056,0.203199493139241,0.450926832597738,0.455888273405609,0.377198451421801,0.378576816754677
2020,pangasius_basa_swai,59138657,160072853,545775,1781097,0,0,0,0,1,1,1,0,1,1,1,0.476911223787016,0.476911223787016,0.526984464585057,0.526984464585057,1,1,1,1,0.476911223787016,0.476911223787016,0.526984464585057,0.526984464585057,ndgain_combined_vuln_readiness,ndgain_vulnerability,0.526984464585057,0.526984464585057,1,1,0.476911223787016,0.476911223787016,1,1,1,1,0.892823876382615,1,0.962916433554963,1
2020,pollock,48449885,146340537,323894863,942517977,1468847446.68202,458724343,1144952583.68202,0,0.0405981102532052,1,0.0319317011823188,0.959401889746795,0.486096018615444,0.448439271889337,18,0.396788503053733,0.394865960110721,0.439004417920804,0.436538957678952,1,1,1,1,0.396788503053733,0.394865960110721,0.439004417920804,0.436538957678952,ndgain_combined_vuln_readiness,ndgain_vulnerability,0.439004417920804,0.436538957678952,1,1,0.396788503053733,0.394865960110721,1,1,0.0405981102532052,0.432678114862432,0.586097385214632,0.617409204223549,0.217543866811398,0.221350895020579
2020,reef_fish_other,9016736,66277205,361658,2944023,13390828.3020535,51575960,13029170.3020535,48631937,0.408998200230948,0.576779217444683,0.402396970882448,0.591001799769052,0.266545555165233,0.240038846352259,27,0.348054495133902,0.349910568972219,0.420183184696574,0.423472490107891,0.98160243351918,0.988678430238572,0.98160243351918,0.988678430238572,0.354577864977451,0.353917470302031,0.428058417897518,0.428321764848967,ndgain_combined_vuln_readiness,ndgain_vulnerability,0.428058417897518,0.428321764848967,0.98160243351918,0.988678430238572,0.354577864977451,0.353917470302031,0.98160243351918,0.988678430238572,0.408998200230948,0.190306412522585,0.547936139491728,0.415850876397974,0.349382854145714,0.318691744480432
2020,sablefish,250463,3436159,6690284,68230001,18704041.4950566,73623252,12013757.4950566,5393251,0.0204222518749524,0.389171983178944,0.0132139038541114,0.979577748125048,0.935902594653351,0.967161863882687,3,0.286776687404801,0.285116440922207,0.325455433296308,0.32203720320979,1,1,1,1,0.286776687404801,0.285116440922207,0.325455433296308,0.32203720320979,ndgain_combined_vuln_readiness,ndgain_vulnerability,0.325455433296308,0.32203720320979,1,1,0.286776687404801,0.285116440922207,1,1,0.0204222518749524,0.929239970595837,0.190229424806854,0.0920961880312182,0.153403900325439,0.120454876976485
2020,salmon,444895707,4113773660,142096221,868501021,226969416.008434,410983712,84873195.0084344,0,0.83979204010151,1,0.662180089074835,0.16020795989849,0.264209486385882,0.268607891423541,34,0.31216831990276,0.307604545117522,0.354561743783388,0.347765759689199,0.971824378606557,0.971755348834627,0.971824378606557,0.971755348834627,0.321218860912257,0.316545255435348,0.364841376269829,0.357873779759746,ndgain_combined_vuln_readiness,ndgain_vulnerability,0.364841376269829,0.357873779759746,0.971824378606557,0.971755348834627,0.321218860912257,0.316545255435348,0.971824378606557,0.971755348834627,0.83979204010151,0.187727520372067,0.327541378455988,0.256559631732202,0.372381951322112,0.343264854771974
2020,scallops,16556349,195408070,3265813,65011705,22259192.8040944,488365712,18993379.8040944,423354007,0.465723637196724,0.315804858221781,0.426539170406571,0.534276362803276,0.170377533735795,0.229524881015579,16,0.36428223235214,0.336464431951825,0.42102504515053,0.380619381474513,0.994446360124445,0.976166577971934,0.994446360124445,0.976166577971934,0.36631662295647,0.34467931964118,0.423376324790251,0.389912326506078,ndgain_combined_vuln_readiness,ndgain_vulnerability,0.423376324790251,0.389912326506078,0.994446360124445,0.976166577971934,0.36631662295647,0.34467931964118,0.994446360124445,0.976166577971934,0.465723637196724,0.0841421772109443,0.531612870244165,0.471904149620812,0.275156116218947,0.26444291798659
2020,sea_cucumber_urchin_other_inverts,10006584,49333803,518586,17416758,2852316.73560834,18006381,2333730.73560834,589623,0.81088563901257,0.988189452382535,0.778183470402737,0.18911436098743,0.632138409822573,0.265974556620366,30,0.26638391946388,0.302033984146313,0.269770969852771,0.334771767353291,0.995865821942833,0.985534543120465,0.995865821942833,0.985534543120465,0.267489769800707,0.306467171805052,0.270890880988842,0.339685472914338,ndgain_combined_vuln_readiness,ndgain_vulnerability,0.270890880988842,0.339685472914338,0.995865821942833,0.985534543120465,0.267489769800707,0.306467171805052,0.995865821942833,0.985534543120465,0.81088563901257,0.593900926303597,0,0,0,0
2020,sharks_rays_skates,158815,618552,7148528,24856237,32766324.850383,17703509,25617796.850383,0,0.00616120539510085,1,0.004823517856619,0.993838794604899,0.297899327670677,0.234605033842487,10,0.334027187018164,0.310762292233961,0.435476838521111,0.408316303801448,0.874325473034663,0.808294209702661,0.874325473034663,0.808294209702661,0.382039866525679,0.384466804912877,0.4980717729859,0.505158021547193,ndgain_combined_vuln_readiness,ndgain_vulnerability,0.4980717729859,0.505158021547193,0.874325473034663,0.808294209702661,0.382039866525679,0.384466804912877,0.874325473034663,0.808294209702661,0.00616120539510085,0.224919262331686,0.792025015951521,0.54698358045237,0.103151863652405,0.0911777510217614
2020,shrimp,747376551,6453016300,6955990,86795773,128543318.113262,465149133,121587328.113262,378353360,0.860077811016338,0.944615299884094,0.853247628412183,0.139922188983662,0.219594781335721,0.215919866906428,56,0.457541920168428,0.457027874211723,0.535148194899755,0.533173553235814,0.999225171034299,0.999188575116415,0.999225171034299,0.999188575116415,0.457896711804032,0.457399019157595,0.535563164752768,0.53360653485624,ndgain_combined_vuln_readiness,ndgain_vulnerability,0.535563164752768,0.53360653485624,0.999225171034299,0.999188575116415,0.457896711804032,0.457399019157595,0.999225171034299,0.999188575116415,0.860077811016338,0.138475326400498,0.922731960101481,0.909204565143423,0.478992339804421,0.476640106486298
2020,small_pelagics_other,65332915,234460224,31095967,61169999,599535972.687966,230346396,568440005.687966,169176397,0.103085683952985,0.58086955395457,0.0982643588981739,0.896914316047015,0.100577595042876,0.152886969327921,51,0.377573874975558,0.363503118426802,0.458435085757983,0.441360970073842,0.997079634361944,0.998380288163505,0.997079634361944,0.998380288163505,0.378679758329611,0.364092843915675,0.459777805061024,0.442077007435428,ndgain_combined_vuln_readiness,ndgain_vulnerability,0.459777805061024,0.442077007435428,0.997079634361944,0.998380288163505,0.378679758329611,0.364092843915675,0.997079634361944,0.998380288163505,0.103085683952985,0.0070868629184456,0.658520035449287,0.530938862339164,0.078356277199394,0.0729287832751076
2020,snapper_grouper,27003540,195781346,0,0,7439203.80633969,67746829,7439203.80633969,67746829,0.784012451267881,0.742923772761679,0.784012451267881,0.215987548732119,0.206786323945,0.211626350541839,33,0.392519255946238,0.392450148806313,0.525934301214309,0.525654864753008,0.998741498336885,0.998968032429402,0.998741498336885,0.998968032429402,0.393013864548399,0.392855563007265,0.526597024445365,0.526197883904915,ndgain_combined_vuln_readiness,ndgain_vulnerability,0.526597024445365,0.526197883904915,0.998741498336885,0.998968032429402,0.393013864548399,0.392855563007265,0.998741498336885,0.998968032429402,0.784012451267881,0.124335490057859,0.89147313653772,0.599385079027761,0.442937153525075,0.38803836495705
2020,squid_octopus,65388255,369743742,48298109,109924208,62692834.8780595,82129230,14394725.8780595,0,0.819576484613173,1,0.510522318807978,0.180423515386827,0.154632256551587,0.128095888036274,41,0.375784472448723,0.367362228393396,0.431078085056228,0.420934516293063,0.960691075178562,0.954489671930675,0.960691075178562,0.954489671930675,0.391160574047049,0.384878159708446,0.448716654285671,0.44100478891681,ndgain_combined_vuln_readiness,ndgain_vulnerability,0.448716654285671,0.44100478891681,0.960691075178562,0.954489671930675,0.391160574047049,0.384878159708446,0.960691075178562,0.954489671930675,0.819576484613173,0.0667602524589851,0.619957337494017,0.590535505757813,0.323710227723642,0.31850615158124
2020,swordfish,8164243,61323702,66776,395554,2184476.81352439,14869419,2117700.81352439,14473865,0.794036920262211,0.809045783751872,0.78891332909897,0.205963079737789,0.135837295337123,0.127820276126305,29,0.393109603127749,0.386574468986721,0.468906220772359,0.448178316758756,0.993008169894012,0.992465621204669,0.993008169894012,0.992465621204669,0.395877511430452,0.389509178683179,0.472207817607792,0.451580696784994,ndgain_combined_vuln_readiness,ndgain_vulnerability,0.472207817607792,0.451580696784994,0.993008169894012,0.992465621204669,0.395877511430452,0.389509178683179,0.993008169894012,0.992465621204669,0.794036920262211,0.0460116433539353,0.701855021939961,0.613059164597999,0.294884503792372,0.281883903356825
2020,tilapia,191282220,617092031,1604375,5681598,56973.01604148,84001,0,0,1,1,0.999702240742509,0,0.500416270380843,0.343768255643787,33,0.358039120545258,0.374602667466867,0.407061469073147,0.436240673453637,0.91344650851501,0.944770236386345,0.91344650851501,0.944770236386345,0.391965065504845,0.396501342908183,0.445632519560348,0.461742608575621,ndgain_combined_vuln_readiness,ndgain_vulnerability,0.445632519560348,0.461742608575621,0.91344650851501,0.944770236386345,0.391965065504845,0.396501342908183,0.91344650851501,0.944770236386345,1,0.448486889500259,0.609205060603356,0.59437700070727,0.648890005122369,0.643582039987305
2020,toothfish,6470578,144948544,457559,1322811,0,0,0,0,1,1,1,0,0.127351642247657,0.122771981539401,15,0.251445817245405,0.258148580909271,0.285532207559899,0.293454385025168,0.711565952840689,0.733146412288212,0.711565952840689,0.733146412288212,0.353369657783079,0.352110542427082,0.401273004167789,0.400267095503165,ndgain_combined_vuln_readiness,ndgain_vulnerability,0.401273004167789,0.400267095503165,0.711565952840689,0.733146412288212,0.353369657783079,0.352110542427082,0.711565952840689,0.733146412288212,1,0.0366439465044788,0.454553647900705,0.410081614598983,0.255385241397158,0.246769139347356
2020,trout,17944842,163848940,1560099,11707225,413997.38483796,1765683,0,0,1,1,0.977449697327824,0,0.281348935316287,0.282154119560008,22,0.31190041940547,0.317542930494378,0.351072069575439,0.360857257741785,0.999974978882511,0.999970997676274,0.999974978882511,0.999970997676274,0.311908223697781,0.317552140244349,0.351080854010735,0.360867723744331,ndgain_combined_vuln_readiness,ndgain_vulnerability,0.351080854010735,0.360867723744331,0.999974978882511,0.999970997676274,0.311908223697781,0.317552140244349,0.999974978882511,0.999970997676274,1,0.206648534471275,0.279567810934732,0.212100780753715,0.386580400659312,0.352580426637342
2020,tuna,325293612,1892456523,9758197,41512113,21720890.6982198,116978411,11962693.6982198,75466298,0.964529369811327,0.961651799961519,0.937406389273853,0.0354706301886735,0.231986416436487,0.177613752679304,68,0.435623942947026,0.432999750758028,0.49888098033072,0.496635779588117,0.994772049197204,0.99088062220175,0.994772049197204,0.99088062220175,0.437913332304202,0.436984780059476,0.501502812361208,0.501206470749813,ndgain_combined_vuln_readiness,ndgain_vulnerability,0.501502812361208,0.501206470749813,0.994772049197204,0.99088062220175,0.437913332304202,0.436984780059476,0.994772049197204,0.99088062220175,0.964529369811327,0.152155013735012,0.803986713047039,0.813782729799193,0.490474987924195,0.492458983501829
2021,catfish_other,9478675,35575778,0,0,5691268.825627,6768000,5691268.825627,6768000,0.624832570835722,0.84016541934449,0.624832570835722,0.375167429164278,0.795539057255972,0.783918897009439,5,0.39099819568091,0.390888974251772,0.426744180386405,0.426718508952314,0.997748630478416,0.996372475677131,0.997748630478416,0.996372475677131,0.391880463412341,0.392312095921884,0.427707107131566,0.428272076325993,ndgain_combined_vuln_readiness,ndgain_vulnerability,0.427707107131566,0.428272076325993,0.997748630478416,0.996372475677131,0.391880463412341,0.392312095921884,0.997748630478416,0.996372475677131,0.624832570835722,0.774286303129949,0.546711358161919,0.593973020642698,0.641910448003355,0.659898769602883
2021,clams,21836685,72317742,5163598,97083682,28638109.4770109,241931593,23474511.4770109,144847911,0.481926912061991,0.333007273484449,0.432625535700709,0.518073087938009,0.289521994636036,0.228657615910124,21,0.386345157160171,0.368241871629408,0.430979792893051,0.412578965285004,0.997381928621492,0.998121885498029,0.997381928621492,0.998121885498029,0.387359291434274,0.36893477337757,0.432111090571612,0.413355293856863,ndgain_combined_vuln_readiness,ndgain_vulnerability,0.432111090571612,0.413355293856863,0.997381928621492,0.998121885498029,0.387359291434274,0.36893477337757,0.997381928621492,0.998121885498029,0.481926912061991,0.215671144897699,0.562065048446744,0.572384153351375,0.3880192461739,0.390379444308975
2021,cod,71756736,573690866,32514929,101670293,150542148.896976,123579172,118027219.896976,21908879,0.378096955882578,0.963215432538508,0.322793953884454,0.621903044117422,0.314008546328116,0.277954742708144,22,0.351375695516297,0.343145083487102,0.378594862546182,0.363552558966213,0.99628685730633,0.996147928909156,0.99628685730633,0.996147928909156,0.352685266235785,0.344472014174508,0.38000587859785,0.364958404686266,ndgain_combined_vuln_readiness,ndgain_vulnerability,0.38000587859785,0.364958404686266,0.99628685730633,0.996147928909156,0.352685266235785,0.344472014174508,0.99628685730633,0.996147928909156,0.378096955882578,0.242702958562661,0.380409668093669,0.406813603923541,0.326820983371531,0.334213949696036
2021,crab,137234242,3756152027,16271016,222992044,118620822.179851,938186676,102349806.179851,715194632,0.572802083621949,0.840049388575041,0.536374929454328,0.427197916378051,0.22933670195347,0.257070496894041,45,0.335176558587003,0.33183996580287,0.396498053276427,0.394163907651848,0.990761190636372,0.990096872348985,0.990761190636372,0.990096872348985,0.338302066890324,0.335159089045081,0.400195382120038,0.398106406211245,ndgain_combined_vuln_readiness,ndgain_vulnerability,0.400195382120038,0.398106406211245,0.990761190636372,0.990096872348985,0.338302066890324,0.335159089045081,0.990761190636372,0.990096872348985,0.572802083621949,0.149229873883923,0.450796713890731,0.338132964611386,0.33776426575695,0.306889920316653
2021,crawfish_freshwater,5397351,26873352,205031,413061,0,0,0,0,1,1,1,0,0.507692945530481,0.42915399120305,8,0.369882049517179,0.370437258768676,0.419066430060811,0.410068475291135,1,1,1,1,0.369882049517179,0.370437258768676,0.419066430060811,0.410068475291135,ndgain_combined_vuln_readiness,ndgain_vulnerability,0.419066430060811,0.410068475291135,1,1,0.369882049517179,0.370437258768676,1,1,1,0.456519940834682,0.516587203200484,0.488929275236367,0.61782830160761,0.606599337168469
2021,eel_sturgeon_shad,8069451,79612185,1151165,5819444,1800093.11374662,20294638,648928.11374662,14475194,0.925567802766981,0.846151586388648,0.817611320948513,0.0744321972330189,0.727783361057031,0.748766600280986,23,0.382617567402062,0.381648962898668,0.417529706273198,0.41628122577858,0.982270665005587,0.982319314562212,0.982270665005587,0.982319314562212,0.389523561105112,0.388518231537325,0.425065840962301,0.423773837699713,ndgain_combined_vuln_readiness,ndgain_vulnerability,0.425065840962301,0.423773837699713,0.982270665005587,0.982319314562212,0.389523561105112,0.388518231537325,0.982270665005587,0.982319314562212,0.925567802766981,0.699487720731679,0.537503062246472,0.582718670802384,0.703379584507009,0.722574152817569
2021,flatfish,22159874,117935233,81576059,123501437,185824720.720888,107149631,104248661.720888,0,0.175303620705879,1,0.106545746956587,0.824696379294121,0.268994970624507,0.194303832785776,28,0.360371321615074,0.354895786467363,0.398219344865544,0.388993312173072,0.990759830132608,0.988069443166318,0.990759830132608,0.988069443166318,0.363732269572173,0.359181015992238,0.401933276616841,0.393690256148924,ndgain_combined_vuln_readiness,ndgain_vulnerability,0.401933276616841,0.393690256148924,0.990759830132608,0.988069443166318,0.363732269572173,0.359181015992238,0.990759830132608,0.988069443166318,0.175303620705879,0.193010433207726,0.45685556815639,0.4595637072492,0.249105623270562,0.249596868287587
2021,halibut,10344838,162855704,2917659,36853492,12916445.5257746,122245551,9998786.52577456,85392059,0.508505157814602,0.656020831897688,0.444723438779182,0.491494842185398,0.512130815744782,0.579246855671955,16,0.296382421729501,0.292863259989156,0.335115118129543,0.328256636964939,0.996417150273402,0.996712242882202,0.996417150273402,0.996712242882202,0.297448133693984,0.293829299359543,0.336320102516895,0.329339425003666,ndgain_combined_vuln_readiness,ndgain_vulnerability,0.336320102516895,0.329339425003666,0.996417150273402,0.996712242882202,0.297448133693984,0.293829299359543,0.996417150273402,0.996712242882202,0.508505157814602,0.461419106801815,0.228107125422868,0.143052983937525,0.376857008231035,0.322573945254096
2021,herring,18804887,60670672,33398359,47112393,40138723.1188767,14014588,6740364.1188767,0,0.736140228666772,1,0.319031816376271,0.263859771333228,0.355582093204033,0.310645268851248,48,0.309199600426132,0.308519003000345,0.34954209494148,0.342796788052554,0.999402761633186,0.997481056415528,0.999402761633186,0.997481056415528,0.309384376645958,0.309298107483881,0.349750979645355,0.343662454387257,ndgain_combined_vuln_readiness,ndgain_vulnerability,0.349750979645355,0.343662454387257,0.999402761633186,0.997481056415528,0.309384376645958,0.309298107483881,0.999402761633186,0.997481056415528,0.736140228666772,0.288597880259815,0.274931444926151,0.200049259747714,0.387994915501177,0.348977059636736
2021,inland_freshwater_other,10390506,98068140,489817,1877711,1956563.88410945,1168673,1466746.88410945,0,0.876299603420357,1,0.841536178018436,0.123700396579643,0.428938729972136,0.566793652126831,31,0.315204941939679,0.30242162875424,0.364622448301607,0.348069322115573,0.988214529687005,0.997171935758137,0.988214529687005,0.997171935758137,0.318964083678787,0.303279322160539,0.368970944413348,0.349056476254459,ndgain_combined_vuln_readiness,ndgain_vulnerability,0.368970944413348,0.349056476254459,0.988214529687005,0.997171935758137,0.318964083678787,0.303279322160539,0.988214529687005,0.997171935758137,0.876299603420357,0.369579594677571,0.341938369532094,0.245792935242658,0.480215468764237,0.43017318200485
2021,large_pelagics_other,26352986,258013888,141205,1775524,1306417.69319446,10469175,1165212.69319446,8693651,0.957656650924516,0.967403804809582,0.952767684087278,0.042343349075484,0.210059686582377,0.227969761677651,32,0.394263070878013,0.389033702431026,0.481365528523328,0.476092928521501,0.910031978918821,0.897933420545176,0.910031978918821,0.897933420545176,0.433240897035754,0.433254508106877,0.52895451992272,0.530209609786485,ndgain_combined_vuln_readiness,ndgain_vulnerability,0.52895451992272,0.530209609786485,0.910031978918821,0.897933420545176,0.433240897035754,0.433254508106877,0.910031978918821,0.897933420545176,0.957656650924516,0.127949103358095,0.899692117353596,0.791471571226334,0.479490857076831,0.459438584623318
2021,lobster,62037760,2158748865,40720911,745085083,63763228.5030787,985476370,23042317.5030787,240391287,0.729169058382147,0.899801065477729,0.493142070966173,0.270830941617853,0.747868225198863,0.69878229509975,53,0.298037262705708,0.3025113069238,0.341493733615081,0.348902700871564,0.996945134705057,0.996610724332679,0.996945134705057,0.996610724332679,0.298950516262744,0.303540087957972,0.342540147624183,0.350089249847462,ndgain_combined_vuln_readiness,ndgain_vulnerability,0.342540147624183,0.350089249847462,0.996945134705057,0.996610724332679,0.298950516262744,0.303540087957972,0.996945134705057,0.996610724332679,0.729169058382147,0.721660312111447,0.2497921856496,0.150226950788404,0.508448105862852,0.429176863826482
2021,mackerel,30739863,91960399,35623299,94130945,74379354.2599546,50211512,38756055.2599546,0,0.442326164898135,1,0.292428575870974,0.557673835101865,0.139589059714805,0.114005426411726,59,0.349995465907171,0.359643077821632,0.381726799608574,0.395617397235942,0.985758459626186,0.988799602750745,0.985758459626186,0.988799602750745,0.355051952625286,0.363716851039523,0.387241718172351,0.400098661180054,ndgain_combined_vuln_readiness,ndgain_vulnerability,0.387241718172351,0.400098661180054,0.985758459626186,0.988799602750745,0.355051952625286,0.363716851039523,0.985758459626186,0.988799602750745,0.442326164898135,0.0501533860071133,0.405636111673665,0.418114673343368,0.207998322918663,0.210109698354647
2021,misc_marine_fish_other,0,0,0,0,11573761.3082291,27729357,11573761.3082291,27729357,0,0,0,1,,,,,,,,,,,,,,,,,,,,,,,,,,0,,,,,
2021,mussels,41330270,142423133,613611,2174099,1026959.43403746,5455004,413348.43403746,3280905,0.99009792515494,0.977482401688826,0.975754801535432,0.00990207484505989,0.318504112927974,0.313659048199124,20,0.310132245231,0.308584648004169,0.349375701783851,0.341058324133792,1,1,1,1,0.310132245231,0.308584648004169,0.349375701783852,0.341058324133792,ndgain_combined_vuln_readiness,ndgain_vulnerability,0.349375701783852,0.341058324133792,1,1,0.310132245231,0.308584648004169,1,1,0.99009792515494,0.247665818183483,0.273623106660417,0.20362037708458,0.406348814465264,0.36823224835029
2021,other_groundfish,43550765,247300555,110716265,249131643,343919068.726679,146808214,233202803.726679,0,0.157362975301,1,0.112397820963582,0.842637024699,0.156072736518546,0.162488410500737,30,0.325709881967826,0.323357881022823,0.363388495253673,0.348425917596105,0.971016858142446,0.977436298111017,0.971016858142446,0.977436298111017,0.335431747900762,0.33082246039741,0.374235001386933,0.35646918195024,ndgain_combined_vuln_readiness,ndgain_vulnerability,0.374235001386933,0.35646918195024,0.971016858142446,0.977436298111017,0.335431747900762,0.33082246039741,0.971016858142446,0.977436298111017,0.157362975301,0.0683504635489178,0.360290550350748,0.324427019327716,0.157072069113487,0.151677215183619
2021,other_shellfish_specialty,9052833,104449433,1045378,20205370,764367.55356654,10930110,0,0,1,1,0.922139967560421,0,0.186333272953739,0.0927706100486047,40,0.389511490050853,0.36547040434627,0.444888668495184,0.429168451012045,0.979313878870846,0.923603893570202,0.979313878870846,0.923603893570202,0.397739170714053,0.395700372086501,0.454286085486854,0.464667217191007,ndgain_combined_vuln_readiness,ndgain_vulnerability,0.454286085486854,0.464667217191007,0.979313878870846,0.923603893570202,0.397739170714053,0.395700372086501,0.979313878870846,0.923603893570202,1,0.101756440535971,0.639374150224972,0.621948699304996,0.402197154387472,0.398509632737829
2021,oysters,15572358,109590400,2426223,17386968,14175231.030603,233284250,11749008.030603,215897282,0.569969963528077,0.336695998222139,0.523483028623929,0.430030036471923,0.219911001435554,0.255012052313123,8,0.344478229334868,0.33188617162572,0.380414386658364,0.358435105345112,0.985435539049385,0.982673719595877,0.985435539049385,0.982673719595877,0.349569520972599,0.337737913416681,0.386036804624822,0.364754951920886,ndgain_combined_vuln_readiness,ndgain_vulnerability,0.386036804624822,0.364754951920886,0.985435539049385,0.982673719595877,0.349569520972599,0.337737913416681,0.985435539049385,0.982673719595877,0.569969963528077,0.138824416093619,0.401435398914274,0.391935733467201,0.316697399417967,0.314179295801017
2021,pangasius_basa_swai,107166761,315303655,474749,1985303,0,0,0,0,1,1,1,0,1,1,1,0.46763469632405,0.46763469632405,0.521327827089542,0.521327827089542,1,1,1,1,0.46763469632405,0.46763469632405,0.521327827089542,0.521327827089542,ndgain_combined_vuln_readiness,ndgain_vulnerability,0.521327827089542,0.521327827089542,1,1,0.46763469632405,0.46763469632405,1,1,1,1,0.8731030347078,0.955704025130241,0.955773898136307,0.985011131357535
2021,pollock,46003308,136376301,311755553,899564667,1467109873.11182,493269324,1155354320.11182,0,0.0382927672189535,1,0.0304030845638377,0.961707232781046,0.454780146087067,0.424122341732173,20,0.396466079684292,0.393476361471953,0.436246478985177,0.432474362705748,0.99995839429634,0.999620278599579,0.99995839429634,0.999620278599579,0.396482575620839,0.39362582962322,0.436264630082093,0.43263864485785,ndgain_combined_vuln_readiness,ndgain_vulnerability,0.436264630082093,0.43263864485785,0.99995839429634,0.999620278599579,0.396482575620839,0.39362582962322,0.99995839429634,0.999620278599579,0.0382927672189535,0.398107104554901,0.576545611350276,0.615948382387628,0.206371688151565,0.210969820273152
2021,reef_fish_other,13416607,111542798,317943,1998438,13567460.7996705,60706508,13249517.7996705,58708070,0.503132986168496,0.655167279382094,0.497204761698822,0.496867013831504,0.259615077340517,0.2423212660073,31,0.349259588482869,0.349417256103954,0.41836344383419,0.418774161251821,0.988141711238915,0.993382369698132,0.988141711238915,0.993382369698132,0.353450911453757,0.351744974304441,0.423384054205802,0.421563915392497,ndgain_combined_vuln_readiness,ndgain_vulnerability,0.423384054205802,0.421563915392497,0.988141711238915,0.993382369698132,0.353450911453757,0.351744974304441,0.988141711238915,0.993382369698132,0.503132986168496,0.182655544098042,0.531639817450952,0.410469605748556,0.365576033764475,0.335376183374678
2021,sablefish,340667,4946924,8106287,86359282,23708055.2843866,113265025,15601768.2843866,26905743,0.0213685672184373,0.155306430070675,0.0141657006127588,0.978631432781563,0.98356974253647,0.994494636227355,2,0.283272751234885,0.28270941405448,0.318946730388089,0.317862375319303,1,1,1,1,0.283272751234885,0.28270941405448,0.318946730388089,0.317862375319303,ndgain_combined_vuln_readiness,ndgain_vulnerability,0.318946730388089,0.317862375319303,1,1,0.283272751234885,0.28270941405448,1,1,0.0213685672184373,0.981861894487776,0.16753801146047,0.0753646827187506,0.152047653349955,0.116501422453411
2021,salmon,486038037,5254132060,200628857,1212475520,371987593.646426,792063440,171358736.646426,0,0.739337423735838,1,0.566460976968514,0.260662576264162,0.25783228766995,0.278794291988011,35,0.306150627079295,0.304243231135834,0.345080534325598,0.34256094579131,0.966089357734773,0.966437526124914,0.966089357734773,0.966437526124914,0.316896801137669,0.314808999973073,0.357193184629134,0.354457413470753,ndgain_combined_vuln_readiness,ndgain_vulnerability,0.357193184629134,0.354457413470753,0.966089357734773,0.966437526124914,0.316896801137669,0.314808999973073,0.966089357734773,0.966437526124914,0.739337423735838,0.180687441819509,0.300877344113255,0.235921537151548,0.342546905563071,0.315873177668361
2021,scallops,25127632,324451622,3230072,74824759,19745753.1137436,675239632,16515681.1137436,600414873,0.603401365577397,0.350809142458988,0.55996738236501,0.396598634422603,0.159654140467557,0.210871659717531,20,0.367008690281492,0.341291865377327,0.417584971548036,0.377410895851115,0.989151783184345,0.967344789541536,0.989151783184345,0.967344789541536,0.371033744790908,0.35281304977006,0.422164705808564,0.390151370981163,ndgain_combined_vuln_readiness,ndgain_vulnerability,0.422164705808564,0.390151370981163,0.989151783184345,0.967344789541536,0.371033744790908,0.35281304977006,0.989151783184345,0.967344789541536,0.603401365577397,0.07230413760748,0.527388780203573,0.49442868922575,0.284424350595238,0.278371242130195
2021,sea_cucumber_urchin_other_inverts,9435602,51802358,651744,18320041,2979816.1077069,26764082,2328072.1077069,8444041,0.802096514542028,0.859841564970547,0.759990675959824,0.197903485457973,0.530044169014248,0.144971858819414,32,0.271998913764965,0.324725851594275,0.277927242114828,0.362130545556251,0.994370364498206,0.982995175625017,0.994370364498206,0.982995175625017,0.273538837716895,0.330343281072367,0.279500729343517,0.368395038486327,ndgain_combined_vuln_readiness,ndgain_vulnerability,0.279500729343517,0.368395038486327,0.994370364498206,0.982995175625017,0.273538837716895,0.330343281072367,0.994370364498206,0.982995175625017,0.802096514542028,0.481194468959136,0.0300166762288281,0.0288846620107224,0.226275023614954,0.223394005571208
2021,sharks_rays_skates,154598,781401,7050355,23054510,24239631.0690064,9176241,17189276.0690064,0,0.0089136947941906,1,0.00633748250714023,0.991086305205809,0.207450393641716,0.198338743293432,9,0.315912181722578,0.28151343778163,0.417195930655201,0.373835368644336,0.807526617420665,0.719711134231976,0.807526617420665,0.719711134231976,0.391209620720167,0.391147815271805,0.516634277626382,0.51942418404193,ndgain_combined_vuln_readiness,ndgain_vulnerability,0.516634277626382,0.51942418404193,0.807526617420665,0.719711134231976,0.391209620720167,0.391147815271805,0.807526617420665,0.719711134231976,0.0089136947941906,0.125068586678726,0.85673982495125,0.590769706562862,0.098480819159607,0.0870044380806486
2021,shrimp,896695981,8027768529,16067281,154908498,135831067.880851,573112837,119763786.880851,418204339,0.882175575792303,0.95048476409574,0.868447932644402,0.117824424207697,0.237154540303322,0.224437749141471,55,0.45897900954581,0.45797285850246,0.535537915722857,0.533642155751925,0.999689077451101,0.999495075252188,0.999689077451101,0.999495075252188,0.45912176085395,0.458204217151252,0.535704478324714,0.533911741003104,ndgain_combined_vuln_readiness,ndgain_vulnerability,0.535704478324714,0.533911741003104,0.999689077451101,0.999495075252188,0.45912176085395,0.458204217151252,0.999689077451101,0.999495075252188,0.882175575792303,0.157860339790004,0.923224624264787,0.915054247812505,0.504713762778738,0.503220472783235
2021,small_pelagics_other,57180337,212902838,22249842,41311810,567887884.117828,219984835,545638042.117828,178673025,0.0948549994173675,0.543707766788475,0.0914785539692655,0.905145000582633,0.102587380863497,0.143161055476365,53,0.374967727331655,0.36087611698109,0.456907001907381,0.439620791929347,0.999043290003695,0.999107898223508,0.999043290003695,0.999107898223508,0.375326806239066,0.361198342664247,0.457344548008216,0.440013328601473,ndgain_combined_vuln_readiness,ndgain_vulnerability,0.457344548008216,0.440013328601473,0.999043290003695,0.999107898223508,0.375326806239066,0.361198342664247,0.999043290003695,0.999107898223508,0.0948549994173675,0.00930555653005207,0.650036925628197,0.514928315058917,0.0830960158965846,0.0768864454968258
2021,snapper_grouper,31130813,277929126,0,0,7755239.75421349,75142597,7755239.75421349,75142597,0.800565004547211,0.787174695380519,0.800565004547211,0.199434995452789,0.172532274934573,0.174390853608164,31,0.393465593653537,0.393005117577003,0.527819334147995,0.528143129750106,0.998680182236166,0.998917205964229,0.998680182236166,0.998917205964229,0.393985582824444,0.393431122449879,0.528516880114857,0.528715619869921,ndgain_combined_vuln_readiness,ndgain_vulnerability,0.528516880114857,0.528715619869921,0.998680182236166,0.998917205964229,0.393985582824444,0.393431122449879,0.998680182236166,0.998917205964229,0.800565004547211,0.0865208936310446,0.898166365461538,0.604025092061515,0.396239829909901,0.347155613962082
2021,squid_octopus,106609296,674846630,58099974,142007007,77231489.1050226,117289552,19131515.1050226,0,0.847849596826258,1,0.579900134451109,0.152150403173742,0.121963921418998,0.120858818127627,43,0.364917913852771,0.361679866757523,0.423886456778037,0.421448389575011,0.943277516812417,0.954434129722186,0.943277516812417,0.954434129722186,0.386861668330572,0.378946912620151,0.449376190169846,0.441568858919248,ndgain_combined_vuln_readiness,ndgain_vulnerability,0.449376190169846,0.441568858919248,0.943277516812417,0.954434129722186,0.386861668330572,0.378946912620151,0.943277516812417,0.954434129722186,0.847849596826258,0.0306961974154856,0.622256689849721,0.570007973192988,0.25300221528896,0.245712985773997
2021,swordfish,9077462,76014970,93059,573767,2250894.52989401,16988951,2157835.52989401,16415184,0.807941398600918,0.822404450391806,0.801304405987382,0.192058601399082,0.163567253488805,0.151256032958641,28,0.397773948187505,0.393237610002294,0.475697146649509,0.462396356881478,0.995925513100468,0.995420994048935,0.995925513100468,0.995420994048935,0.399401303566543,0.395046530416016,0.4776432980099,0.464523412351042,ndgain_combined_vuln_readiness,ndgain_vulnerability,0.4776432980099,0.464523412351042,0.995925513100468,0.995420994048935,0.399401303566543,0.395046530416016,0.995925513100468,0.995420994048935,0.807941398600918,0.0766240003374581,0.720804839481127,0.629885483339543,0.35469423172463,0.339105963736605
2021,tilapia,193465850,674475841,1126531,5982840,42082.93931149,66736,0,0,1,1,0.999782526025304,0,0.472354361852212,0.32741777626845,43,0.357569512076827,0.370312862515313,0.407063046858025,0.431852586728193,0.914557726854636,0.936398626322332,0.914557726854636,0.936398626322332,0.390975333297534,0.395464978381805,0.445092786278241,0.461184558145153,ndgain_combined_vuln_readiness,ndgain_vulnerability,0.445092786278241,0.461184558145153,0.914557726854636,0.936398626322332,0.390975333297534,0.395464978381805,0.914557726854636,0.936398626322332,1,0.417508077458117,0.607323378312153,0.589650970071578,0.632938665590887,0.626738874215646
2021,toothfish,9876100,234207403,167381,829648,0,0,0,0,1,1,1,0,0.115382016029221,0.112703508752426,17,0.24356749333199,0.242086806108486,0.273461792071743,0.270877314568099,0.709487955772015,0.702711361348386,0.709487955772015,0.702711361348386,0.343300391994613,0.344503902205256,0.385435425431826,0.385474505561332,ndgain_combined_vuln_readiness,ndgain_vulnerability,0.385435425431826,0.385474505561332,0.709487955772015,0.702711361348386,0.343300391994613,0.344503902205256,0.709487955772015,0.702711361348386,1,0.0234301338923641,0.399338799324675,0.362000266691217,0.210719839134663,0.203936308433105
2021,trout,19871926,192595127,1247778,8377491,412376.24570758,2108013,0,0,1,1,0.979670178411247,0,0.282056950237638,0.287289822223008,20,0.307567674127501,0.309979704820923,0.341434759428489,0.345517459461158,1,1,1,1,0.307567674127501,0.309979704820923,0.341434759428489,0.345517459461158,ndgain_combined_vuln_readiness,ndgain_vulnerability,0.341434759428489,0.345517459461158,1,1,0.307567674127501,0.309979704820923,1,1,1,0.207430144216357,0.245938449995904,0.191374396289953,0.370879447203344,0.34112894227801
2021,tuna,268962157,1771768066,5609600,30852987,17722547.8922261,153400918,12112947.8922261,122547931,0.956904942197315,0.935307556292573,0.938181048413836,0.0430950578026845,0.169869514551392,0.127777452564211,61,0.432522445407477,0.426590218936628,0.497899551527379,0.491784557597964,0.990633355160072,0.984313721116587,0.990633355160072,0.984313721116587,0.436612035274734,0.433388471363288,0.502607295558835,0.499621763923084,ndgain_combined_vuln_readiness,ndgain_vulnerability,0.502607295558835,0.499621763923084,0.990633355160072,0.984313721116587,0.436612035274734,0.433388471363288,0.990633355160072,0.984313721116587,0.956904942197315,0.0835813518197782,0.807837293588954,0.80756895845582,0.401267539557676,0.401223105650187
2022,catfish_other,9125128,42407087,0,0,6598404.12405867,8605777,6598404.12405867,8605777,0.580348482007906,0.831301826143304,0.580348482007906,0.419651517992094,0.684689560181113,0.676612324510292,3,0.398162993745588,0.398712882314751,0.43463154740053,0.435298446626028,1,1,1,1,0.398162993745588,0.398712882314751,0.43463154740053,0.435298446626028,ndgain_combined_vuln_readiness,ndgain_vulnerability,0.43463154740053,0.435298446626028,1,1,0.398162993745588,0.398712882314751,1,1,0.580348482007906,0.651914521775716,0.570852164487096,0.623972479693621,0.599976702468562,0.618037719316726
2022,clams,22036176,76115483,4184794,104924171,24159862.3148182,216237166,19975068.3148182,111312995,0.524530428922035,0.406104151365941,0.477014410842488,0.475469571077965,0.306544556626207,0.239534357585317,24,0.379115062058329,0.361163012839401,0.420674311145462,0.403618728561575,0.999416096513297,0.99874321233697,0.999416096513297,0.99874321233697,0.379336557997178,0.361617489238613,0.420920087852382,0.404126629924366,ndgain_combined_vuln_readiness,ndgain_vulnerability,0.420920087852382,0.404126629924366,0.999416096513297,0.99874321233697,0.379336557997178,0.361617489238613,0.999416096513297,0.99874321233697,0.524530428922035,0.23446312220855,0.523049645217645,0.534075120134458,0.40067850782635,0.403474283848127
2022,cod,82857739,785963580,33231585,104723531,183289951.756522,185430357,150058366.756522,80706826,0.355740702133389,0.906877141020089,0.311322404355558,0.644259297866611,0.29809387512072,0.28932748377572,26,0.352845403431416,0.349583483583421,0.381582703443596,0.374455946236442,0.986996483213234,0.984239564891798,0.986996483213234,0.984239564891798,0.357494083750637,0.355181295340278,0.386609992977207,0.380452035859387,ndgain_combined_vuln_readiness,ndgain_vulnerability,0.386609992977207,0.380452035859387,0.986996483213234,0.984239564891798,0.357494083750637,0.355181295340278,0.986996483213234,0.984239564891798,0.355740702133389,0.225134032074878,0.403433716246116,0.429775995900661,0.318504544051056,0.325291179759337
2022,crab,109121121,3133693979,13585494,159694249,85743266.5013117,596966892,72157772.5013117,437272643,0.601951605575144,0.877547821280084,0.559984933107726,0.398048394424857,0.247752880342881,0.232460968724461,50,0.337589039111819,0.337725015348044,0.39904353450919,0.405900815723276,0.991193565542642,0.993729974550269,0.991193565542642,0.993729974550269,0.340588408609171,0.33985592061957,0.402588907334894,0.40846188211941,ndgain_combined_vuln_readiness,ndgain_vulnerability,0.402588907334894,0.40846188211941,0.991193565542642,0.993729974550269,0.340588408609171,0.33985592061957,0.991193565542642,0.993729974550269,0.601951605575144,0.169560327469361,0.459141305858006,0.349050383411258,0.360532203562993,0.329047034460172
2022,crawfish_freshwater,5540566,22720381,188183,611027,0,0,0,0,1,1,1,0,0.63355411971208,0.484721317905199,8,0.378900398112436,0.378934623754288,0.425437305281296,0.42768834987088,1,1,1,1,0.378900398112436,0.378934623754288,0.425437305281296,0.42768834987088,ndgain_combined_vuln_readiness,ndgain_vulnerability,0.425437305281296,0.42768834987088,1,1,0.378900398112436,0.378934623754288,1,1,1,0.595463792582935,0.538798105287245,0.531992430532032,0.684584622669472,0.681690022264632
2022,eel_sturgeon_shad,5870521,50981500,1157490,7313398,1465318.35788338,21500275,307828.35788338,14186877,0.950176278476289,0.782304276198255,0.800252120255511,0.049823721523711,0.518082178644489,0.543473730206979,26,0.382013948429509,0.380194404206482,0.416470728894215,0.413825541407559,0.971418720757494,0.970466934083932,0.971418720757494,0.970466934083932,0.393253640543001,0.391764408300386,0.428724215412957,0.426419001898491,ndgain_combined_vuln_readiness,ndgain_vulnerability,0.428724215412957,0.426419001898491,0.971418720757494,0.970466934083932,0.393253640543001,0.391764408300386,0.971418720757494,0.970466934083932,0.950176278476289,0.467989085906283,0.55025732189026,0.600530023779301,0.625463416759364,0.64395899106996
2022,flatfish,26733481,154068963,113571740,187067698,237910964.807281,145943313,124339224.807281,0,0.176957716201251,1,0.101016595751523,0.823042283798749,0.210450615423945,0.181884426361175,31,0.357320769184246,0.355396613664882,0.393092610700337,0.389035011444434,0.986365673815543,0.985013983640559,0.986365673815543,0.985013983640559,0.362259939361056,0.360803622656558,0.398526247552536,0.394953795484792,ndgain_combined_vuln_readiness,ndgain_vulnerability,0.398526247552536,0.394953795484792,0.986365673815543,0.985013983640559,0.362259939361056,0.360803622656558,0.986365673815543,0.985013983640559,0.176957716201251,0.128380667415558,0.444977578659639,0.452533242208055,0.216223264903781,0.217440217426564
2022,halibut,9884606,175884813,2953599,29402106,12789432.4046966,139283742,9835833.40469664,109881636,0.50123660011581,0.615484475576067,0.435943779558587,0.49876339988419,0.614000000212732,0.675745531134794,14,0.291780358938387,0.28817430117461,0.33109525067758,0.324093351571153,0.999793618481101,0.999859589923776,0.999793618481101,0.999859589923776,0.291840589442512,0.288214769432355,0.331163596723676,0.324138863933745,ndgain_combined_vuln_readiness,ndgain_vulnerability,0.331163596723676,0.324138863933745,0.999793618481101,0.999859589923776,0.291840589442512,0.288214769432355,0.999793618481101,0.999859589923776,0.50123660011581,0.573877114256982,0.210129902306843,0.116276623900229,0.392448957685076,0.322194432526791
2022,herring,21367118,72747771,34015870,50777077,48670794.691392,19581393,14654924.691392,0,0.593167860663993,1,0.305079308890171,0.406832139336007,0.300336932381845,0.285200176547964,43,0.300945689463957,0.307264476511018,0.341519518480923,0.342579611612631,0.979377003487321,0.993571129485191,0.979377003487321,0.993571129485191,0.30728278118882,0.309252621571466,0.348710983885527,0.344796262135893,ndgain_combined_vuln_readiness,ndgain_vulnerability,0.348710983885527,0.344796262135893,0.979377003487321,0.993571129485191,0.30728278118882,0.309252621571466,0.979377003487321,0.993571129485191,0.593167860663993,0.227610244596961,0.271305688151336,0.190014015425157,0.33210552867251,0.294929592657187
2022,inland_freshwater_other,10761862,109912442,324931,1313636,2344892.47672911,2061944,2019961.47672911,748308,0.841966095024963,0.993237819190634,0.821092820431447,0.158033904975037,0.395613468162427,0.559176685130292,33,0.323198379884369,0.302891694662292,0.376608231797112,0.349616833913616,0.986713358710602,0.995999952398474,0.986713358710602,0.995999952398474,0.327550424883992,0.304108141705124,0.381679470002563,0.351020934360189,ndgain_combined_vuln_readiness,ndgain_vulnerability,0.381679470002563,0.351020934360189,0.986713358710602,0.995999952398474,0.327550424883992,0.304108141705124,0.986713358710602,0.995999952398474,0.841966095024963,0.332790328516118,0.386244341280144,0.286793229347035,0.476550734421663,0.431530402132445
2022,large_pelagics_other,29921490,339042324,360106,5149450,889460.16454988,7876571,529354.16454988,2727121,0.982616108713133,0.992020582764501,0.971131686630902,0.0173838912868676,0.216188929203907,0.248539782530859,37,0.405744550849646,0.402190627565214,0.498335423389052,0.494550386290112,0.940938636411489,0.932750092286413,0.940938636411489,0.932750092286413,0.431212552177746,0.43118797938614,0.529615220488322,0.53020674066924,ndgain_combined_vuln_readiness,ndgain_vulnerability,0.529615220488322,0.53020674066924,0.940938636411489,0.932750092286413,0.431212552177746,0.43118797938614,0.940938636411489,0.932750092286413,0.982616108713133,0.134715451945517,0.901995530160061,0.78178610290683,0.492419480685179,0.469493675200195
2022,lobster,52033024,1557975633,31982243,543639072,57799650.0340459,584270799,25817407.0340459,40631727,0.668371687977484,0.974583047709727,0.47374813057789,0.331628312022516,0.735329378174868,0.65284630207912,55,0.298822697236031,0.305545390004665,0.343162897402463,0.353040413009927,0.997593240016187,0.995487897338636,0.997593240016187,0.995487897338636,0.299543626850541,0.306930290987483,0.343990800696379,0.354640587749741,ndgain_combined_vuln_readiness,ndgain_vulnerability,0.343990800696379,0.354640587749741,0.997593240016187,0.995487897338636,0.299543626850541,0.306930290987483,0.997593240016187,0.995487897338636,0.668371687977484,0.707818110866112,0.254849624735017,0.15305908940891,0.494016253819168,0.416805025784733
2022,mackerel,32762701,103386285,32677900,86998683,64969153.2602921,51631789,32291253.2602921,0,0.503623513321124,1,0.33523052691441,0.496376486678876,0.130053046099728,0.113012237784888,56,0.35581218812867,0.359363778068314,0.392010983610453,0.395728535448841,0.992166702006651,0.994318134170311,0.992166702006651,0.994318134170311,0.358621376235508,0.361417302690731,0.395105966384089,0.397989860437423,ndgain_combined_vuln_readiness,ndgain_vulnerability,0.395105966384089,0.397989860437423,0.992166702006651,0.994318134170311,0.358621376235508,0.361417302690731,0.992166702006651,0.994318134170311,0.503623513321124,0.0396261485916185,0.433053388103012,0.435158885110017,0.205215314547528,0.205547361259392
2022,misc_marine_fish_other,0,0,0,0,10662405.786387,26207417,10662405.786387,26207417,0,0,0,1,,,,,,,,,,,,,,,,,,,,,,,,,,0,,,,,
2022,mussels,38456219,136227879,555802,2772347,1103265.01048071,8802213,547463.01048071,6029866,0.985963812074624,0.957613091645731,0.972111238604922,0.0140361879253759,0.34496587352239,0.311960892088704,22,0.309630773214506,0.307575139211889,0.353823287699623,0.343560459783151,0.999988298381596,0.999968207682364,0.999988298381596,0.999968207682364,0.309634396438058,0.307584918049303,0.353827428053167,0.343571382713681,ndgain_combined_vuln_readiness,ndgain_vulnerability,0.353827428053167,0.343571382713681,0.999988298381596,0.999968207682364,0.309634396438058,0.307584918049303,0.999988298381596,0.999968207682364,0.985963812074624,0.276878154433606,0.289143243668736,0.201243119246542,0.428964058065031,0.380151669687533
2022,other_groundfish,50171221,340108689,105971240,276457984,381975436.364621,172848044,276004196.364621,0,0.153816683689302,1,0.116097672271634,0.846183316310698,0.163825402850973,0.188798088234242,33,0.32615786319445,0.328301004862692,0.361708337948201,0.354468774708029,0.96387159881957,0.972637726406337,0.96387159881957,0.972637726406337,0.338383103718263,0.337536778545168,0.37526610223932,0.36444070087401,ndgain_combined_vuln_readiness,ndgain_vulnerability,0.37526610223932,0.36444070087401,0.96387159881957,0.972637726406337,0.338383103718263,0.337536778545168,0.96387159881957,0.972637726406337,0.153816683689302,0.076908983112641,0.363885296642482,0.338519920323876,0.162672824270537,0.158801614787538
2022,other_shellfish_specialty,9782674,115000972,1013569,13269281,777958.08815648,11849854,0,0,1,1,0.926334135905658,0,0.156437683849102,0.0926531674645669,45,0.388290055735089,0.379944432515266,0.440738263014462,0.449202373148106,0.971783788358888,0.943145150112296,0.971783788358888,0.943145150112296,0.399564245037282,0.402848312871065,0.453535311346122,0.476281273454697,ndgain_combined_vuln_readiness,ndgain_vulnerability,0.453535311346122,0.476281273454697,0.971783788358888,0.943145150112296,0.399564245037282,0.402848312871065,0.971783788358888,0.943145150112296,1,0.0687533454394004,0.63675671221968,0.630663538632531,0.352443189063507,0.351315398813324
2022,oysters,19254418,153116707,2836767,18625607,11744560.1543755,262466421,8907793.15437551,243840814,0.683696954562763,0.385725673150805,0.621130732249064,0.316303045437237,0.243218702901688,0.273262768287149,9,0.338004567495259,0.322660161467338,0.370927918631441,0.349908949956446,0.981849827920013,0.965453580450891,0.981849827920013,0.965453580450891,0.344252815332565,0.334205774364261,0.377784777349535,0.362429594795257,ndgain_combined_vuln_readiness,ndgain_vulnerability,0.377784777349535,0.362429594795257,0.981849827920013,0.965453580450891,0.344252815332565,0.334205774364261,0.981849827920013,0.965453580450891,0.683696954562763,0.1645548435917,0.372666201043415,0.366548145238625,0.347401301025519,0.345489707579517
2022,pangasius_basa_swai,129355400,548400056,497063,2786080,0,0,0,0,1,1,1,0,0.999963481124554,0.999973712966724,2,0.467700197986052,0.467699953449508,0.519182271571898,0.519181707212279,1,1,1,1,0.467700197986052,0.467699953449508,0.519182271571898,0.519181707212279,ndgain_combined_vuln_readiness,ndgain_vulnerability,0.519182271571898,0.519181707212279,1,1,0.467700197986052,0.467699953449508,1,1,1,0.999959685159074,0.865622944159039,0.956016799493876,0.9530238080615,0.98510533640463
2022,pollock,54902992,189749651,274374446,886367151,1229807457.80716,521638982,955433011.807161,0,0.0543413199105187,1,0.0427356934850504,0.945658680089481,0.430888493744912,0.432158467413887,18,0.392447337940942,0.388042614665134,0.433699352872541,0.428524195498475,1,1,1,1,0.392447337940942,0.388042614665134,0.433699352872541,0.428524195498475,ndgain_combined_vuln_readiness,ndgain_vulnerability,0.433699352872541,0.428524195498475,1,1,0.392447337940942,0.388042614665134,1,1,0.0543413199105187,0.371732027231536,0.567602237174062,0.596679880507391,0.225493877100704,0.229280534614719
2022,reef_fish_other,14724926,131418202,406167,2908522,13114351.9591369,64927047,12708184.9591369,62018525,0.536757425066868,0.67938598857703,0.528926289741191,0.463242574933132,0.257102307780178,0.241643927357311,29,0.345423397378635,0.34455819079333,0.41248119001376,0.411311946830439,0.993286689522243,0.995434536533988,0.993286689522243,0.995434536533988,0.347758004836226,0.34613847334758,0.415269019875982,0.41319838897954,ndgain_combined_vuln_readiness,ndgain_vulnerability,0.415269019875982,0.41319838897954,0.993286689522243,0.995434536533988,0.347758004836226,0.34613847334758,0.993286689522243,0.995434536533988,0.536757425066868,0.179881583950764,0.503348220662055,0.383285635294876,0.364931288518649,0.333244074379947
2022,sablefish,549293,8180473,12317037,131337914,31403817.7390838,169457041,19086780.7390838,38119127,0.0279736676129242,0.176685608514976,0.0171905954473511,0.972026332387076,0.969527346741441,0.988879973924583,3,0.282968833889395,0.281995042353466,0.319965073560348,0.318471069270014,1,1,1,1,0.282968833889395,0.281995042353466,0.319965073560348,0.318471069270014,ndgain_combined_vuln_readiness,ndgain_vulnerability,0.319965073560348,0.318471069270014,1,1,0.282968833889395,0.281995042353466,1,1,0.0279736676129242,0.966359857642643,0.171088280412063,0.0739134591707118,0.166610685365635,0.125951672767607
2022,salmon,499125165,6255242531,204056804,1373738098,324316290.195921,827175473,120259486.195921,0,0.805840383736146,1,0.606145296487706,0.194159616263854,0.265954552681099,0.284070476374219,39,0.305823448157921,0.302392565856081,0.345980108262971,0.341618056371531,0.963322957278662,0.961481575365635,0.963322957278662,0.961481575365635,0.317467206451569,0.314506875226482,0.359152769742296,0.355303798974639,ndgain_combined_vuln_readiness,ndgain_vulnerability,0.359152769742296,0.355303798974639,0.963322957278662,0.961481575365635,0.317467206451569,0.314506875226482,0.963322957278662,0.961481575365635,0.805840383736146,0.189653978107664,0.307709082543663,0.238645256727754,0.360952815115116,0.331630600335629
2022,scallops,24963600,372617829,3553913,80430081,14550815.4919951,484137644,10996902.4919951,403707563,0.694194971428916,0.479976351205063,0.63175931338418,0.305805028571084,0.208409344621366,0.297583641872598,21,0.359470012477478,0.344243587128872,0.394074063921453,0.363418627007493,0.993976229389992,0.986667946047208,0.993976229389992,0.986667946047208,0.361648500083434,0.348895075093887,0.396462261641104,0.368329211933378,ndgain_combined_vuln_readiness,ndgain_vulnerability,0.396462261641104,0.368329211933378,0.993976229389992,0.986667946047208,0.361648500083434,0.348895075093887,0.993976229389992,0.986667946047208,0.694194971428916,0.126127216106083,0.437781865762946,0.44961358299462,0.337170326975876,0.340180878855398
2022,sea_cucumber_urchin_other_inverts,2847385,48548952,881295,22794039,3186184.30673158,24316673,2304889.30673158,1522634,0.552646235523566,0.969590857377675,0.471923807492061,0.447353764476434,0.646238713198258,0.17694776637225,32,0.299103770863249,0.356627967292635,0.341941476995886,0.401945285263433,0.98364674956144,0.98035399404708,0.98364674956144,0.98035399404708,0.304076408524305,0.363774686958136,0.347626296887923,0.410000150664077,ndgain_combined_vuln_readiness,ndgain_vulnerability,0.347626296887923,0.410000150664077,0.98364674956144,0.98035399404708,0.304076408524305,0.363774686958136,0.98364674956144,0.98035399404708,0.552646235523566,0.609466889950257,0.267524123473833,0.174703393693322,0.448318603669803,0.388955178647947
2022,sharks_rays_skates,227593,1161493,8252080,29612741,28207501.5395835,11408887,19955421.5395835,0,0.0112764621733606,1,0.00800394736452082,0.988723537826639,0.296983686910788,0.279633937267169,10,0.386623390687413,0.395074639558066,0.508100716021902,0.516153198985197,0.938214268452896,0.964434568266877,0.938214268452896,0.964434568266877,0.412084321980042,0.409643798094078,0.54156148878417,0.535187368815224,ndgain_combined_vuln_readiness,ndgain_vulnerability,0.54156148878417,0.535187368815224,0.938214268452896,0.964434568266877,0.412084321980042,0.409643798094078,0.938214268452896,0.964434568266877,0.0112764621733606,0.223908445017896,0.943644029971845,0.690447656756255,0.133562286717089,0.120353308583831
2022,shrimp,841505124,7837287891,10469099,118228740,129804201.936394,443035055,119335102.936394,324806315,0.875801304326225,0.960205517505393,0.866361622945136,0.124198695673775,0.23610798013232,0.219283800562532,56,0.457419105420327,0.455828647304116,0.534144049006931,0.531619078835795,0.999667246232953,0.99948121428528,0.999667246232953,0.99948121428528,0.457571364015396,0.456065247439467,0.534321846614208,0.531895018373058,ndgain_combined_vuln_readiness,ndgain_vulnerability,0.534321846614208,0.531895018373058,0.999667246232953,0.99948121428528,0.457571364015396,0.456065247439467,0.999667246232953,0.99948121428528,0.875801304326225,0.156704994607578,0.918404329331783,0.907651009944354,0.501388208645432,0.499423653327812
2022,small_pelagics_other,60885158,252609044,16864245,49037605,658901434.469469,229603402,642037189.469469,180565797,0.0866171892516826,0.583157238349399,0.0845877912106046,0.913382810748317,0.111117619253525,0.162661082215723,50,0.376183830693237,0.365239007282393,0.456961552132802,0.44413115702106,0.999522707980819,0.999646536804121,0.999522707980819,0.999646536804121,0.376363465971857,0.365368151476886,0.457179760383765,0.444288196546903,ndgain_combined_vuln_readiness,ndgain_vulnerability,0.457179760383765,0.444288196546903,0.999522707980819,0.999646536804121,0.376363465971857,0.365368151476886,0.999522707980819,0.999646536804121,0.0866171892516826,0.018722473112534,0.649462423434207,0.519878427442624,0.101743602363824,0.0944690829725323
2022,snapper_grouper,28196083,274852341,0,0,7459869.92830926,81602535,7459869.92830926,81602535,0.79078192235366,0.771071907009066,0.79078192235366,0.20921807764634,0.180032283597746,0.180778480903786,32,0.390329716383369,0.39155639498871,0.524079699911362,0.52637268327709,0.994346342362519,0.998474173447189,0.994346342362519,0.998474173447189,0.392549054342538,0.392154755126893,0.527059513957857,0.527177064039434,ndgain_combined_vuln_readiness,ndgain_vulnerability,0.527059513957857,0.527177064039434,0.994346342362519,0.998474173447189,0.392549054342538,0.392154755126893,0.994346342362519,0.998474173447189,0.79078192235366,0.0948004929481691,0.893085522422328,0.597165582424078,0.406056804386553,0.355075493358038
2022,squid_octopus,107335476,792567909,76374101,198365403,90979339.5079107,155644239,14605238.5079107,0,0.880226726841401,1,0.541237807801195,0.119773273158599,0.106032902537285,0.114217996826194,46,0.37422568649404,0.372097111500531,0.436658383379183,0.434952774866762,0.96119194552228,0.967735806976762,0.96119194552228,0.967735806976762,0.38933502120713,0.384502783526193,0.45428843366131,0.449454046994053,ndgain_combined_vuln_readiness,ndgain_vulnerability,0.45428843366131,0.449454046994053,0.96119194552228,0.967735806976762,0.38933502120713,0.384502783526193,0.96119194552228,0.967735806976762,0.880226726841401,0.013109223989467,0.639382336709734,0.581818381484397,0.194675241997706,0.188648341313718
2022,swordfish,8790038,81945853,86390,607917,2825735.3155416,22920423,2739345.3155416,22312506,0.762403136354313,0.785988325406119,0.756732914909691,0.237596863645687,0.144541567191163,0.136434950044648,26,0.390918417510479,0.388853186552262,0.46934011843298,0.45595379600586,0.993140302692662,0.991322709155276,0.993140302692662,0.991322709155276,0.393618521421996,0.392256913879851,0.472581887131634,0.459944871427778,ndgain_combined_vuln_readiness,ndgain_vulnerability,0.472581887131634,0.459944871427778,0.993140302692662,0.991322709155276,0.393618521421996,0.392256913879851,0.993140302692662,0.991322709155276,0.762403136354313,0.0556206833611356,0.703159147555382,0.60227235185529,0.31009269954715,0.294490512005604
2022,tilapia,182199416,756603800,1509080,7228796,172860.87706041,256571,0,0,1,1,0.99905215375922,0,0.430252468387188,0.329279932676261,40,0.358910048114099,0.37053654449967,0.410376144591665,0.431751623667842,0.919031776698999,0.939063981703502,0.919031776698999,0.939063981703502,0.390530618433283,0.394580722633511,0.446530963342382,0.459768058492273,ndgain_combined_vuln_readiness,ndgain_vulnerability,0.446530963342382,0.459768058492273,0.919031776698999,0.939063981703502,0.390530618433283,0.394580722633511,0.919031776698999,0.939063981703502,1,0.371029890026904,0.612337322056075,0.587527429929028,0.6101920467265,0.60183718156339
2022,toothfish,11727095,362220129,199902,1002919,0,0,0,0,1,1,1,0,0.119037198227181,0.123022524308308,15,0.262061972360889,0.263219339206492,0.293441974555466,0.295139176778722,0.755647754196585,0.758298382694243,0.755647754196585,0.758298382694243,0.346804408410525,0.347118423583169,0.38833169678041,0.389212457146604,ndgain_combined_vuln_readiness,ndgain_vulnerability,0.38833169678041,0.389212457146604,0.755647754196585,0.758298382694243,0.346804408410525,0.347118423583169,0.755647754196585,0.758298382694243,1,0.0274652551021294,0.409436124592208,0.378732155183125,0.224038814024677,0.21829239485256
2022,trout,21110461,245015258,899702,8919013,407913.80397152,2246064,0,0,1,1,0.981043465982559,0,0.278713824581413,0.304736997248733,25,0.31123913738739,0.30953946949538,0.350345377629066,0.347177793767686,0.999734870782784,0.999821664167543,0.999734870782784,0.999821664167543,0.311321677860144,0.309594681320597,0.350438289058326,0.347239719052045,ndgain_combined_vuln_readiness,ndgain_vulnerability,0.350438289058326,0.347239719052045,0.999734870782784,0.999821664167543,0.311321677860144,0.309594681320597,0.999734870782784,0.999821664167543,1,0.203739516359317,0.277327624657586,0.209299989208854,0.383727391062339,0.349366687593468
2022,tuna,325358026,2369353041,8131575,45696432,21552445.089289,172254377,13420870.089289,126557945,0.960384574587693,0.949293886797291,0.937873177994268,0.039615425412307,0.178295903903357,0.136321755193307,63,0.433552639170046,0.428131411558235,0.497245919741901,0.491819389276214,0.99044822087776,0.981929741891935,0.99044822087776,0.981929741891935,0.437733775508043,0.436010228932808,0.502041307420623,0.50087024386144,ndgain_combined_vuln_readiness,ndgain_vulnerability,0.502041307420623,0.50087024386144,0.99044822087776,0.981929741891935,0.437733775508043,0.436010228932808,0.99044822087776,0.981929741891935,0.960384574587693,0.0928836247447326,0.805864078499184,0.81292533533105,0.415797661883208,0.417008585698547
2023,catfish_other,8028038,27793421,0,0,5452238.34722336,6324836,5452238.34722336,6324836,0.595539571535089,0.814620190005603,0.595539571535089,0.404460428464911,0.762132634477719,0.71782123788024,3,0.392868328190306,0.395113765644623,0.42683700941947,0.429552532354607,1,1,1,1,0.392868328190306,0.395113765644623,0.42683700941947,0.429552532354607,ndgain_combined_vuln_readiness,ndgain_vulnerability,0.42683700941947,0.429552532354607,1,1,0.392868328190306,0.395113765644623,1,1,0.595539571535089,0.73740743969869,0.543677920145879,0.598690134191295,0.620373557343232,0.640629224822445
2023,clams,21833566,67749407,4391851,116680784,22046540.9899681,193489552,17654689.9899681,76808768,0.552912896572256,0.468665345284001,0.497573217061472,0.447087103427744,0.289878380077454,0.239016591139646,23,0.376766706895388,0.356456514891324,0.416814401225959,0.398395083786791,0.999700873416647,0.999802802702022,0.999700873416647,0.999802802702022,0.376879441555076,0.356526821017085,0.416939118800032,0.398473661716196,ndgain_combined_vuln_readiness,ndgain_vulnerability,0.416939118800032,0.398473661716196,0.999700873416647,0.999802802702022,0.376879441555076,0.356526821017085,0.999700873416647,0.999802802702022,0.552912896572256,0.216064574930906,0.509170717947517,0.522342241791143,0.393279433587748,0.396641798530824
2023,cod,63317143,643508594,45068291,158729001,170069848.818651,153895246,125001557.818651,0,0.336223342263675,1,0.2712967955352,0.663776657736325,0.296084519846598,0.27465082560567,23,0.359914373278862,0.356427358346931,0.388026500339777,0.381639320878719,0.989864751162257,0.990593166810139,0.989864751162257,0.990593166810139,0.363599545146209,0.359812050283652,0.391999512947777,0.385263429696023,ndgain_combined_vuln_readiness,ndgain_vulnerability,0.391999512947777,0.385263429696023,0.989864751162257,0.990593166810139,0.363599545146209,0.359812050283652,0.989864751162257,0.990593166810139,0.336223342263675,0.222915813763054,0.422223301070516,0.458929940156872,0.316303243598521,0.325215855106091
2023,crab,112211860,1730532956,19024727,214841081,119257508.924371,704258336,100232781.924371,489417255,0.528193410686003,0.779536832594305,0.484780601949382,0.471806589313997,0.347350993339512,0.270134424213923,54,0.329250315243031,0.345285174582359,0.381918275077823,0.403194504640215,0.987074886736571,0.989620883013106,0.987074886736571,0.989620883013106,0.333561637183968,0.34890651613077,0.386919250210596,0.407423197672027,ndgain_combined_vuln_readiness,ndgain_vulnerability,0.386919250210596,0.407423197672027,0.987074886736571,0.989620883013106,0.333561637183968,0.34890651613077,0.987074886736571,0.989620883013106,0.528193410686003,0.279511196246754,0.404511885554525,0.315497128520467,0.39087793766165,0.359801138252984
2023,crawfish_freshwater,4121744,16580219,94098,176999,0,0,0,0,1,1,1,0,0.837536265066099,0.645185460424052,8,0.381898384221956,0.378602847293158,0.416359513573903,0.410590304713604,0.999943227915174,0.999786673505338,0.999943227915174,0.999786673505338,0.381920066620375,0.378683630544648,0.416383152513558,0.410677913193261,ndgain_combined_vuln_readiness,ndgain_vulnerability,0.416383152513558,0.410677913193261,0.999943227915174,0.999786673505338,0.381920066620375,0.378683630544648,0.999943227915174,0.999786673505338,1,0.820648923324413,0.507232442227925,0.546411528721164,0.746657575333034,0.765406981667707
2023,eel_sturgeon_shad,6811318,54297456,582375,3911728,1698150.95014334,21879275,1115775.95014334,17967547,0.859245272332976,0.751365858242613,0.800439844120386,0.140754727667024,0.703200032746103,0.693958438272064,23,0.382845776140849,0.382390221691985,0.415725872812738,0.414685495753647,0.987333728949375,0.986881466417138,0.987333728949375,0.986881466417138,0.387757214116686,0.387473303232909,0.42105912177751,0.420197875697432,ndgain_combined_vuln_readiness,ndgain_vulnerability,0.42105912177751,0.420197875697432,0.987333728949375,0.986881466417138,0.387757214116686,0.387473303232909,0.987333728949375,0.986881466417138,0.859245272332976,0.672349070973145,0.523534361805378,0.574284258019916,0.671252192624108,0.692276555392972
2023,flatfish,24205243,143098152,108474516,175823175,201228757.068624,125147223,92754241.0686239,0,0.206954084935925,1,0.107371749570303,0.793045915064075,0.25787913013434,0.203219618518947,30,0.361134502390483,0.356643257184207,0.394335128767406,0.390060224370673,0.987128945575965,0.984065643279586,0.987128945575965,0.984065643279586,0.365843291303519,0.36241815738595,0.399476816615201,0.39637622452779,ndgain_combined_vuln_readiness,ndgain_vulnerability,0.399476816615201,0.39637622452779,0.987128945575965,0.984065643279586,0.365843291303519,0.36241815738595,0.987128945575965,0.984065643279586,0.206954084935925,0.180739153337935,0.448291565458449,0.469643962596315,0.255954206536262,0.259955092778567
2023,halibut,10227606,174515161,2156180,24891110,11140037.6448122,92486394,8983857.64481223,67595284,0.532369953122328,0.720808063443938,0.478649221692871,0.467630046877672,0.637582527931232,0.68480159265928,16,0.291196580630727,0.289298286186735,0.32774643000106,0.323570983372039,0.99714429750227,0.99823399297669,0.99714429750227,0.99823399297669,0.292030532953094,0.289810092846127,0.328685056738555,0.324143422933499,ndgain_combined_vuln_readiness,ndgain_vulnerability,0.328685056738555,0.324143422933499,0.99714429750227,0.99823399297669,0.292030532953094,0.289810092846127,0.99714429750227,0.99823399297669,0.532369953122328,0.599910934904806,0.201488921747275,0.117183615552549,0.400728744399721,0.334494567793812
2023,herring,16024660,62116385,13937263,21517078,27036716.1296817,21598929,13099453.1296817,81851,0.550219672909749,0.998684030203043,0.372135343555692,0.449780327090251,0.389250120497027,0.319844548670342,46,0.30410156698453,0.307713798985257,0.344156950957007,0.342817675988635,0.999582705654909,0.998489239191881,0.999582705654909,0.998489239191881,0.304228519825468,0.308179384320959,0.344300625661107,0.34333637512818,ndgain_combined_vuln_readiness,ndgain_vulnerability,0.344300625661107,0.34333637512818,0.999582705654909,0.998489239191881,0.304228519825468,0.308179384320959,0.999582705654909,0.998489239191881,0.550219672909749,0.325765540765701,0.25592977333587,0.175429734277191,0.357976092487447,0.315632334625871
2023,inland_freshwater_other,11645406,122213612,311906,1465340,1846725.13093684,1550279,1534819.13093684,84939,0.883551372173887,0.999305478279951,0.863125764713153,0.116448627826113,0.355682219095902,0.477818983872834,29,0.339887895477265,0.309953910592586,0.397732434975623,0.359380180684508,0.993715289960693,0.99783493020401,0.993715289960693,0.99783493020401,0.342037501999903,0.310626438512445,0.400247876825318,0.360159952118565,ndgain_combined_vuln_readiness,ndgain_vulnerability,0.400247876825318,0.360159952118565,0.993715289960693,0.99783493020401,0.342037501999903,0.310626438512445,0.993715289960693,0.99783493020401,0.883551372173887,0.288708413767599,0.450979727168923,0.355969891241754,0.486350561873542,0.449470821884226
2023,large_pelagics_other,25393681,241855707,319935,6182145,1001430.34826912,6958229,681495.34826912,776084,0.973864209424058,0.996801391949499,0.962060006678669,0.0261357905759421,0.180769777449453,0.207478649958619,27,0.408593371380714,0.405695423067665,0.504073988945555,0.500111961726764,0.956905735722206,0.948101017934632,0.956905735722206,0.948101017934632,0.426994380039259,0.427903161576013,0.526774968659912,0.527488054823759,ndgain_combined_vuln_readiness,ndgain_vulnerability,0.526774968659912,0.527488054823759,0.956905735722206,0.948101017934632,0.426994380039259,0.427903161576013,0.956905735722206,0.948101017934632,0.973864209424058,0.0956146458198801,0.892093506799169,0.761644078017811,0.436325975278703,0.413928152629536
2023,lobster,48535096,1448455442,34475674,630601045,57870699.835698,699101818,23395025.835698,68500773,0.674753424036502,0.954843276079659,0.456132070803205,0.325246575963498,0.700962796751392,0.661100376131661,46,0.302930952201408,0.306100137182563,0.348166098520338,0.352705794505789,0.997595677981146,0.995306879450421,0.997595677981146,0.995306879450421,0.303661051152964,0.307543475788675,0.349005219454166,0.354368890427586,ndgain_combined_vuln_readiness,ndgain_vulnerability,0.349005219454166,0.354368890427586,0.997595677981146,0.995306879450421,0.303661051152964,0.307543475788675,0.997595677981146,0.995306879450421,0.674753424036502,0.669879284810762,0.272331487147442,0.172720037339735,0.497446639000656,0.427393706492599
2023,mackerel,27603718,88412832,37356923,100574440,73902788.7971912,59327918,36545865.7971912,0,0.4303023708972,1,0.271940379695579,0.5696976291028,0.148599273978348,0.107197901829699,56,0.34333502567339,0.349924178181882,0.372504083748841,0.383281455887799,0.990203566055848,0.991166429325553,0.990203566055848,0.991166429325553,0.346731760461087,0.353042806766559,0.376189398340171,0.386697374474846,ndgain_combined_vuln_readiness,ndgain_vulnerability,0.376189398340171,0.386697374474846,0.990203566055848,0.991166429325553,0.346731760461087,0.353042806766559,0.990203566055848,0.991166429325553,0.4303023708972,0.0601001696994964,0.367104201201647,0.378385256868479,0.211744886228256,0.213892003230278
2023,misc_marine_fish_other,0,0,0,0,10365382.6162941,24680909,10365382.6162941,24680909,0,0,0,1,,,,,,,,,,,,,,,,,,,,,,,,,,0,,,,,
2023,mussels,38683241,168904075,814956,2313516,899819.30709594,9900192,84863.30709594,7586676,0.997811001888983,0.957013747422946,0.977267565971026,0.0021889981110168,0.313630397573537,0.352878826713061,21,0.308690646237987,0.306959098146115,0.34763292532024,0.335626978974729,0.999988367055387,0.999987596510031,0.999988367055387,0.999987596510031,0.308694237260952,0.306962905557435,0.34763696936185,0.335631141972232,ndgain_combined_vuln_readiness,ndgain_vulnerability,0.34763696936185,0.335631141972232,0.999988367055387,0.999987596510031,0.308694237260952,0.306962905557435,0.999988367055387,0.999987596510031,0.997811001888983,0.242285503022168,0.267561331120381,0.196753802802547,0.401420630220163,0.3623260984174
2023,other_groundfish,39941422,253067402,93727414,235058045,336439095.584531,137512852,242711681.584531,0,0.14130898084427,1,0.106119791365209,0.85869101915573,0.144129042642865,0.171520794832938,34,0.317152695142353,0.322907151611985,0.350950017053778,0.347644399245842,0.943376828196052,0.963578343448596,0.943376828196052,0.963578343448596,0.33618876960209,0.335112504143999,0.372014667484332,0.360784778538754,ndgain_combined_vuln_readiness,ndgain_vulnerability,0.372014667484332,0.360784778538754,0.943376828196052,0.963578343448596,0.33618876960209,0.335112504143999,0.943376828196052,0.963578343448596,0.14130898084427,0.0551652788247173,0.352549758512286,0.328041843343681,0.140072216540531,0.136748196847276
2023,other_shellfish_specialty,9290117,76093360,1167266,12788724,822510.83792262,9316798,0,0,1,1,0.91866497500895,0,0.213290465101389,0.0880243198586431,38,0.383062378127287,0.368015291108465,0.432214511797435,0.430565052377017,0.966000320555704,0.918823258691691,0.966000320555704,0.918823258691691,0.396544773304967,0.400528923954843,0.447426882372873,0.468604868568626,ndgain_combined_vuln_readiness,ndgain_vulnerability,0.447426882372873,0.468604868568626,0.966000320555704,0.918823258691691,0.396544773304967,0.400528923954843,0.966000320555704,0.918823258691691,1,0.131515706120988,0.615460781420011,0.616245380058801,0.43257292678419,0.432756665547841
2023,oysters,14758969,120549998,2898639,20463508,9997412.61001714,253908942,7098773.61001714,233445434,0.675228419664716,0.34054111184124,0.596168262086738,0.324771580335284,0.257388657867542,0.313590146591776,13,0.338038988550517,0.324192805193219,0.372570414716151,0.354381072019811,0.997455987609974,0.989090933041741,0.997455987609974,0.989090933041741,0.338901157293666,0.327768453195939,0.373520655892673,0.358289678108752,ndgain_combined_vuln_readiness,ndgain_vulnerability,0.373520655892673,0.358289678108752,0.997455987609974,0.989090933041741,0.338901157293666,0.327768453195939,0.997455987609974,0.989090933041741,0.675228419664716,0.180197698783996,0.357800114220698,0.340993657209674,0.351787288672497,0.346190716910667
2023,pangasius_basa_swai,82927618,268396295,628114,3052828,0,0,0,0,1,1,1,0,0.999990497782583,0.999941424155941,2,0.467809731850985,0.467806405186672,0.519246050590691,0.51924314103311,1,1,1,1,0.467809731850985,0.467806405186672,0.519246050590691,0.51924314103311,ndgain_combined_vuln_readiness,ndgain_vulnerability,0.519246050590691,0.51924314103311,1,1,0.467809731850985,0.467806405186672,1,1,1,0.999989510071739,0.865845298151634,0.956539830266742,0.953114878390585,0.985294747605937
2023,pollock,42773798,144245886,326517861,1004954247,1436919783.73308,532449228,1110401922.73308,0,0.0370921770472313,1,0.0289071997932852,0.962907822952769,0.444724959950351,0.406205574593663,22,0.39474797622155,0.390085055863184,0.434059968199842,0.429377861215397,1,1,1,1,0.39474797622155,0.390085055863184,0.434059968199842,0.429377861215397,ndgain_combined_vuln_readiness,ndgain_vulnerability,0.434059968199842,0.429377861215397,1,1,0.39474797622155,0.390085055863184,1,1,0.0370921770472313,0.387006729074015,0.568859457171075,0.607665566246919,0.201373324983901,0.205852030874837
2023,reef_fish_other,15102907,139202327,951213,6284279,13048864.5607181,59198876,12097651.5607181,52914597,0.555242531740174,0.724570871226316,0.536481584024857,0.444757468259826,0.264961051789492,0.242326341148686,28,0.344578935412651,0.343538960628419,0.411066765315676,0.410457004912812,0.99030180083874,0.994032377059329,0.99030180083874,0.994032377059329,0.347953457340792,0.345601379348145,0.415092414219101,0.412921162716126,ndgain_combined_vuln_readiness,ndgain_vulnerability,0.415092414219101,0.412921162716126,0.99030180083874,0.994032377059329,0.347953457340792,0.345601379348145,0.99030180083874,0.994032377059329,0.555242531740174,0.188557207467371,0.502732517039367,0.384218932723793,0.374760905832586,0.342637486020213
2023,sablefish,533544,7731557,11195916,101407256,30458744.4284177,113389558,19262828.4284177,11982302,0.0269516044886132,0.392188916436909,0.0172153792783749,0.973048395511387,0.968405703539329,0.987719456285746,2,0.28326845962456,0.282232163744846,0.32130258477622,0.319382262517776,1,1,1,1,0.28326845962456,0.282232163744846,0.32130258477622,0.319382262517776,ndgain_combined_vuln_readiness,ndgain_vulnerability,0.32130258477622,0.319382262517776,1,1,0.28326845962456,0.282232163744846,1,1,0.0269516044886132,0.965121624900878,0.175751270916124,0.0753441900221178,0.165966989085608,0.125142688234211
2023,salmon,500753796,6264117160,202495683,964618999,388612697.025463,453040475,186117014.025463,0,0.729036361264845,1,0.563045493536109,0.270963638735155,0.288479380026802,0.280232791215027,45,0.304302305031833,0.300565340011706,0.344636783287483,0.338039487942928,0.961674814742693,0.958369997664603,0.961674814742693,0.958369997664603,0.316429525206244,0.313621399609896,0.358371434921788,0.35272336234093,ndgain_combined_vuln_readiness,ndgain_vulnerability,0.358371434921788,0.35272336234093,0.961674814742693,0.958369997664603,0.316429525206244,0.313621399609896,0.961674814742693,0.958369997664603,0.729036361264845,0.214520155399643,0.304985100265767,0.233690266560447,0.362659149286788,0.331858265399447
2023,scallops,23091958,368362296,3178013,66479756,12561830.6396475,363248957,9383817.63964752,296769201,0.711051777676668,0.553818752624791,0.647671927193774,0.288948222323332,0.218564083302179,0.304074654648029,22,0.353162155334363,0.333772162535293,0.385022224115263,0.354604837419707,0.990548441149945,0.982415065085814,0.990548441149945,0.982415065085814,0.35653193792761,0.33974658410408,0.38869600730307,0.360952157618564,ndgain_combined_vuln_readiness,ndgain_vulnerability,0.38869600730307,0.360952157618564,0.990548441149945,0.982415065085814,0.35653193792761,0.33974658410408,0.990548441149945,0.982415065085814,0.711051777676668,0.137337492150175,0.410706227218288,0.425181691904042,0.342300244225133,0.346275393657754
2023,sea_cucumber_urchin_other_inverts,2355262,46961840,874542,19095116,2825024.53629781,24937796,1950482.53629781,5842680,0.547004584258293,0.889352653901598,0.454658633937889,0.452995415741707,0.603123364334482,0.245707392135938,28,0.297150004071418,0.349715309930994,0.339163828228112,0.381135584409552,0.972453170814967,0.965548581571761,0.972453170814967,0.965548581571761,0.305567417526533,0.362193385817742,0.348771373683604,0.394734756680107,ndgain_combined_vuln_readiness,ndgain_vulnerability,0.348771373683604,0.394734756680107,0.972453170814967,0.965548581571761,0.305567417526533,0.362193385817742,0.972453170814967,0.965548581571761,0.547004584258293,0.561869903194364,0.271516226240012,0.181823051082032,0.43699269264774,0.382318422520293
2023,sharks_rays_skates,143337,591259,8381627,30231124,30147552.3934631,16485842,21765925.3934631,0,0.00654230148992904,1,0.0047320168826384,0.993457698510071,0.302713672012084,0.268566533976111,9,0.315258403470025,0.313052693679778,0.412732165718503,0.404478336749745,0.780070742376358,0.792711823414105,0.780070742376358,0.792711823414105,0.404140786654351,0.394913617323761,0.529095815670746,0.510246378069285,ndgain_combined_vuln_readiness,ndgain_vulnerability,0.529095815670746,0.510246378069285,0.780070742376358,0.792711823414105,0.404140786654351,0.394913617323761,0.780070742376358,0.792711823414105,0.00654230148992904,0.230234035142183,0.900184719377034,0.652516799270132,0.110682061259755,0.099425379824212
2023,shrimp,788193510,6441062351,9773952,105952225,123658427.205733,311194356,113884475.205733,205242131,0.873753182015898,0.96911936075817,0.864387602679586,0.126246817984102,0.252036228800168,0.225788870852723,51,0.459273234916885,0.457015335691174,0.536724030068814,0.533222269336544,0.999547888944176,0.999142159212425,0.999547888944176,0.999142159212425,0.459480971343971,0.457407718688816,0.536966798695115,0.533680081878296,ndgain_combined_vuln_readiness,ndgain_vulnerability,0.536966798695115,0.533680081878296,0.999547888944176,0.999142159212425,0.459480971343971,0.457407718688816,0.999547888944176,0.999142159212425,0.873753182015898,0.174288909869019,0.927625475510303,0.916769499441137,0.520807300863243,0.518767658797125
2023,small_pelagics_other,56921314,238203379,23687025,106946339,621544452.288575,220684165,597857427.288575,113737826,0.0869321351025866,0.676827196178975,0.0838971055406049,0.913067864897413,0.101523235943389,0.158210469993095,54,0.375374130745691,0.365191333749329,0.453826612668741,0.443113800087085,0.998727734921931,0.999339157149404,0.998727734921931,0.999339157149404,0.375852314519966,0.365432827420703,0.454404735945594,0.443406822315518,ndgain_combined_vuln_readiness,ndgain_vulnerability,0.454404735945594,0.443406822315518,0.998727734921931,0.999339157149404,0.375852314519966,0.365432827420703,0.998727734921931,0.999339157149404,0.0869321351025866,0.00813079874649038,0.639787803550524,0.51743764861046,0.0767567371169064,0.0715139106412299
2023,snapper_grouper,26123343,249959797,0,0,7531141.99022262,85964509,7531141.99022262,85964509,0.776221743033341,0.744095596940818,0.776221743033341,0.223778256966659,0.164607254488795,0.18035522160253,35,0.393485742484665,0.392532504218231,0.52434574026377,0.523286003434403,0.998282187697034,0.998723342698186,0.998282187697034,0.998723342698186,0.394162840261037,0.393034274294373,0.525248017770805,0.523954914301567,ndgain_combined_vuln_readiness,ndgain_vulnerability,0.525248017770805,0.523954914301567,0.998282187697034,0.998723342698186,0.394162840261037,0.393034274294373,0.998282187697034,0.998723342698186,0.776221743033341,0.0777721045538725,0.886770069199859,0.604871506949864,0.376883299827917,0.331760182108093
2023,squid_octopus,87739533,618646541,52501738,131555059,47126488.2117891,75668994,0,0,1,1,0.65056811353704,0,0.0964411737932205,0.106142544054835,41,0.36380955128764,0.361342268055993,0.427354359609182,0.423483063690829,0.931078411370163,0.945687873812908,0.931078411370163,0.945687873812908,0.390739970817563,0.382094640379708,0.458988581831999,0.447804265463818,ndgain_combined_vuln_readiness,ndgain_vulnerability,0.458988581831999,0.447804265463818,0.931078411370163,0.945687873812908,0.390739970817563,0.382094640379708,0.931078411370163,0.945687873812908,1,0.00252048011916189,0.655768551664437,0.588527100117037,0.118234609298798,0.114046837618331
2023,swordfish,9585915,80143129,90458,597349,2122749.24226057,15103475,2032291.24226057,14506126,0.825077021367703,0.84673808578842,0.818702697563156,0.174922978632297,0.14415625954934,0.139691717736059,27,0.381406758588166,0.375549326648869,0.459100436624425,0.442376833799751,0.981025285536122,0.974785923319765,0.981025285536122,0.974785923319765,0.388783820571689,0.385263387236743,0.46798022782209,0.45381947278555,ndgain_combined_vuln_readiness,ndgain_vulnerability,0.46798022782209,0.45381947278555,0.981025285536122,0.974785923319765,0.388783820571689,0.385263387236743,0.981025285536122,0.974785923319765,0.825077021367703,0.0551953248007131,0.687116296169394,0.579186365399372,0.315119789747131,0.297672264741344
2023,tilapia,169720616,634624042,1217589,5277486,95077.4966757,149275,0,0,1,1,0.999440113603649,0,0.466303325228386,0.303843022209061,34,0.358864507635375,0.372035859194971,0.407225723401691,0.435066386515092,0.924067598246285,0.942962598949253,0.924067598246285,0.942962598949253,0.388353090527615,0.394539358835156,0.440688239880429,0.461382441891002,ndgain_combined_vuln_readiness,ndgain_vulnerability,0.440688239880429,0.461382441891002,0.924067598246285,0.942962598949253,0.388353090527615,0.394539358835156,0.924067598246285,0.942962598949253,1,0.410828064014329,0.591967725377083,0.577129603611717,0.62419369481364,0.618934205811415
2023,toothfish,8971290,276780374,525638,2087376,0,0,0,0,1,1,1,0,0.132354111422349,0.13479314653833,15,0.283749337444353,0.28336157969781,0.311913193494219,0.310989019278545,0.819298116547342,0.81999059297463,0.819298116547342,0.81999059297463,0.346332222317464,0.345566866407426,0.38070781220476,0.379259252414578,ndgain_combined_vuln_readiness,ndgain_vulnerability,0.38070781220476,0.379259252414578,0.819298116547342,0.81999059297463,0.346332222317464,0.345566866407426,0.819298116547342,0.81999059297463,1,0.0421663988405802,0.382856832427443,0.376477438275789,0.252736308631914,0.251324690076779
2023,trout,19595455,232964821,1117229,10301437,305895.89044245,1734727,0,0,1,1,0.9846293906315,0,0.241315090825664,0.267237210875583,22,0.317740130311964,0.315773263460946,0.359748736757921,0.356468455591154,1,1,1,1,0.317740130311964,0.315773263460946,0.359748736757921,0.356468455591154,ndgain_combined_vuln_readiness,ndgain_vulnerability,0.359748736757921,0.356468455591154,1,1,0.317740130311964,0.315773263460946,1,1,1,0.162453359986474,0.309786813557515,0.23994848452605,0.369201855715351,0.339064433574332
2023,tuna,284565255,1966960043,6440617,34923100,16487283.8733364,137671752,10046666.8733364,102748652,0.965898641136268,0.950355983792202,0.9452345297102,0.034101358863732,0.178586477910937,0.132444516741416,63,0.432827493648675,0.426442358849206,0.495389491132733,0.49037037054745,0.991412019011246,0.986469447056276,0.991412019011246,0.986469447056276,0.436576806967039,0.432291501902824,0.499680739826812,0.497096359153103,ndgain_combined_vuln_readiness,ndgain_vulnerability,0.499680739826812,0.497096359153103,0.991412019011246,0.986469447056276,0.436576806967039,0.432291501902824,0.991412019011246,0.986469447056276,0.965898641136268,0.0932044025548372,0.797634387305935,0.807400741174236,0.415646330089383,0.417335864892697
