product_name,species_group,species_subgroup,product_form,edible_main,include_main_analysis,notes,product_name_u,analysis_tier,exclude_reason
SWORDFISH FROZEN,swordfish,,frozen,TRUE,TRUE,,SWORDFISH FROZEN,core,
LOBSTER (HOMARUS SPP.) LIVE/FRESH,lobster,,fresh_live,TRUE,TRUE,,LOBSTER (HOMARUS SPP.) LIVE/FRESH,core,
CRAB KING FROZEN,crab,,frozen,TRUE,TRUE,,CRAB KING FROZEN,core,
HERRING FRESH,herring,,fresh_live,TRUE,TRUE,,HERRING FRESH,core,
FISH NSPF SALTED,broad_mixed_fish,,other,FALSE,FALSE,,FISH NSPF SALTED,exclude,broad_mixed_fish
"STICKS,TYPE PRODUCTS NOT COATED OF MINCED",mixed_prepared_products,,other,FALSE,FALSE,,"STICKS,TYPE PRODUCTS NOT COATED OF MINCED",exclude,mixed_prepared_products
SALMON PACIFIC NSPF FROZEN,salmon,,frozen,TRUE,TRUE,,SALMON PACIFIC NSPF FROZEN,core,
SHRIMP COLD-WATER PEELED FROZEN,shrimp,,frozen,TRUE,TRUE,,SHRIMP COLD-WATER PEELED FROZEN,core,
SHRIMP COLD-WATER SHELL-ON FROZEN 41/50,shrimp,,frozen,TRUE,TRUE,,SHRIMP COLD-WATER SHELL-ON FROZEN 41/50,core,
"SOUPS,BROTHS BASED ON FISH OR OTHER SEAFOOD",mixed_prepared_products,,other,FALSE,FALSE,,"SOUPS,BROTHS BASED ON FISH OR OTHER SEAFOOD",exclude,mixed_prepared_products
"STICKS,TYPE PRODUCTS COATED NOT MINCED",mixed_prepared_products,,other,FALSE,FALSE,,"STICKS,TYPE PRODUCTS COATED NOT MINCED",exclude,mixed_prepared_products
LOBSTER ROCK NSPF FROZEN,lobster,,frozen,TRUE,TRUE,,LOBSTER ROCK NSPF FROZEN,core,
SHRIMP COLD-WATER SHELL-ON FROZEN 15/20,shrimp,,frozen,TRUE,TRUE,,SHRIMP COLD-WATER SHELL-ON FROZEN 15/20,core,
"CATFISH (ICTALURUS,PANGASIUS,SILURUS,CLARIAS) FILLET FRESH",pangasius_basa_swai,,fillet,TRUE,FALSE,,"CATFISH (ICTALURUS,PANGASIUS,SILURUS,CLARIAS) FILLET FRESH",extended,
SEA BASS (DICENTRARCHUS SPP.) FROZEN,reef_fish_other,,frozen,TRUE,FALSE,,SEA BASS (DICENTRARCHUS SPP.) FROZEN,extended,
"FISH,SHELLFISH NSPF JUICE",mixed_prepared_products,,other,FALSE,FALSE,,"FISH,SHELLFISH NSPF JUICE",exclude,mixed_prepared_products
FISH NSPF FROZEN,broad_mixed_fish,,frozen,FALSE,FALSE,,FISH NSPF FROZEN,exclude,broad_mixed_fish
SHRIMP COLD-WATER SHELL-ON FROZEN 31/40,shrimp,,frozen,TRUE,TRUE,,SHRIMP COLD-WATER SHELL-ON FROZEN 31/40,core,
"GROUNDFISH HAKE,WHITING FROZEN",other_groundfish,,frozen,TRUE,TRUE,,"GROUNDFISH HAKE,WHITING FROZEN",core,
SALMON CHUM FROZEN,salmon,,frozen,TRUE,TRUE,,SALMON CHUM FROZEN,core,
"STICKS,TYPE PRODUCTS COATED OF MINCED",mixed_prepared_products,,other,FALSE,FALSE,,"STICKS,TYPE PRODUCTS COATED OF MINCED",exclude,mixed_prepared_products
LOBSTER (HOMARUS SPP.) FROZEN,lobster,,frozen,TRUE,TRUE,,LOBSTER (HOMARUS SPP.) FROZEN,core,
GROUNDFISH HADDOCK FILLET FROZEN,other_groundfish,,fillet,TRUE,TRUE,,GROUNDFISH HADDOCK FILLET FROZEN,core,
TUNA NSPF PREPARED/PRESERVED,tuna,,prepared_other,TRUE,TRUE,,TUNA NSPF PREPARED/PRESERVED,core,
FRESHWATER FISH NSPF FROZEN,broad_mixed_fish,,fresh_live,FALSE,FALSE,,FRESHWATER FISH NSPF FROZEN,exclude,broad_mixed_fish
FLATFISH PLAICE FRESH,flatfish,,fresh_live,TRUE,TRUE,,FLATFISH PLAICE FRESH,core,
FISH NSPF FILLET FROZEN,broad_mixed_fish,,fillet,FALSE,FALSE,,FISH NSPF FILLET FROZEN,exclude,broad_mixed_fish
SALMON PACIFIC NSPF FILLET FROZEN,salmon,,fillet,TRUE,TRUE,,SALMON PACIFIC NSPF FILLET FROZEN,core,
SWORDFISH FILLET FROZEN,swordfish,,fillet,TRUE,TRUE,,SWORDFISH FILLET FROZEN,core,
SHRIMP COLD-WATER SHELL-ON FROZEN 21/25,shrimp,,frozen,TRUE,TRUE,,SHRIMP COLD-WATER SHELL-ON FROZEN 21/25,core,
FLATFISH TURBOT (PSETTA MAXIMA) FROZEN,flatfish,,frozen,TRUE,TRUE,,FLATFISH TURBOT (PSETTA MAXIMA) FROZEN,core,
GROUNDFISH HADDOCK FROZEN,other_groundfish,,frozen,TRUE,TRUE,,GROUNDFISH HADDOCK FROZEN,core,
CRABMEAT KING IN ATC,crab,,canned_packaged,TRUE,TRUE,,CRABMEAT KING IN ATC,core,
GROUNDFISH NSPF FILLET FROZEN,broad_mixed_fish,,fillet,FALSE,FALSE,,GROUNDFISH NSPF FILLET FROZEN,exclude,broad_mixed_fish
GROUNDFISH NSPF FROZEN,broad_mixed_fish,,frozen,FALSE,FALSE,,GROUNDFISH NSPF FROZEN,exclude,broad_mixed_fish
SHRIMP WARM-WATER SHELL-ON FROZEN 21/25,shrimp,,frozen,TRUE,TRUE,,SHRIMP WARM-WATER SHELL-ON FROZEN 21/25,core,
CRUSTACEANS NSPF FROZEN,unidentified_crustaceans,,frozen,FALSE,FALSE,,CRUSTACEANS NSPF FROZEN,exclude,unidentified_crustaceans
FISH NSPF FRESH/FROZEN,broad_mixed_fish,,fresh_live,FALSE,FALSE,,FISH NSPF FRESH/FROZEN,exclude,broad_mixed_fish
SHRIMP PEELED RAW FRESH/FROZEN,shrimp,,fresh_live,TRUE,TRUE,,SHRIMP PEELED RAW FRESH/FROZEN,core,
FISH NSPF SCALED/EVISCERATED > 6.8KG FRESH/FROZEN,broad_mixed_fish,,fresh_live,FALSE,FALSE,,FISH NSPF SCALED/EVISCERATED > 6.8KG FRESH/FROZEN,exclude,broad_mixed_fish
ANTIPASTO,mixed_prepared_products,,other,FALSE,FALSE,,ANTIPASTO,exclude,mixed_prepared_products
SHRIMP CANNED,shrimp,,canned_packaged,TRUE,TRUE,,SHRIMP CANNED,core,
FRESHWATER FISH NSPF FRESH/FROZEN,broad_mixed_fish,,fresh_live,FALSE,FALSE,,FRESHWATER FISH NSPF FRESH/FROZEN,exclude,broad_mixed_fish
LOBSTER (HOMARUS SPP.) LIVE/FRESH/DRIED/SALTED/BRINE,lobster,,fresh_live,TRUE,TRUE,,LOBSTER (HOMARUS SPP.) LIVE/FRESH/DRIED/SALTED/BRINE,core,
SCALLOPS PREPARED/PRESERVED,scallops,,prepared_other,TRUE,TRUE,,SCALLOPS PREPARED/PRESERVED,core,
FISH NSPF PREPARED DINNERS CONTAINING SHELLFISH,broad_mixed_fish,,prepared_other,FALSE,FALSE,,FISH NSPF PREPARED DINNERS CONTAINING SHELLFISH,exclude,broad_mixed_fish
THICKENERS DERIVED FROM SEAWEED CARAGEENAN,seaweed_algae,,other,FALSE,FALSE,,THICKENERS DERIVED FROM SEAWEED CARAGEENAN,exclude,seaweed_algae
"STICKS,TYPE PRODUCTS NOT COATED NOT MINCED",mixed_prepared_products,,other,FALSE,FALSE,,"STICKS,TYPE PRODUCTS NOT COATED NOT MINCED",exclude,mixed_prepared_products
SPONGE NATURAL,non_food_other,,other,FALSE,FALSE,,SPONGE NATURAL,exclude,non_food_other
FISH NSPF FRESH,broad_mixed_fish,,fresh_live,FALSE,FALSE,,FISH NSPF FRESH,exclude,broad_mixed_fish
SQUID (LOLIGO NSPF) LIVE/FRESH,squid_octopus,,fresh_live,TRUE,TRUE,,SQUID (LOLIGO NSPF) LIVE/FRESH,core,
OYSTERS LIVE/FRESH/FROZEN/DRIED/SALTED/BRINE,oysters,,fresh_live,TRUE,TRUE,,OYSTERS LIVE/FRESH/FROZEN/DRIED/SALTED/BRINE,core,
FISH NSPF LIVER OIL/FRACTIONS,broad_mixed_fish,,fresh_live,FALSE,FALSE,,FISH NSPF LIVER OIL/FRACTIONS,exclude,broad_mixed_fish
FISH NSPF MINCED FROZEN > 6.8KG,broad_mixed_fish,,frozen,FALSE,FALSE,,FISH NSPF MINCED FROZEN > 6.8KG,exclude,broad_mixed_fish
SHARK DOGFISH FRESH,sharks_rays_skates,,fresh_live,TRUE,FALSE,,SHARK DOGFISH FRESH,extended,
MONKFISH FRESH,other_groundfish,,fresh_live,TRUE,TRUE,,MONKFISH FRESH,core,
"FISH,SHELLFISH MEAL UNFIT FOR HUMAN CONSUMPTION",non_food_other,,meal_oil,FALSE,FALSE,,"FISH,SHELLFISH MEAL UNFIT FOR HUMAN CONSUMPTION",exclude,non_food_other
SALMON PINK FROZEN,salmon,,frozen,TRUE,TRUE,,SALMON PINK FROZEN,core,
ANCHOVY CANNED IN OIL,small_pelagics_other,,canned_packaged,TRUE,FALSE,,ANCHOVY CANNED IN OIL,extended,
"TUNA BLUEFIN ATLANTIC,PACIFIC FRESH",tuna,,fresh_live,TRUE,TRUE,,"TUNA BLUEFIN ATLANTIC,PACIFIC FRESH",core,
SQUID (LOLIGO PEALEI) DRIED/SALTED/BRINE,squid_octopus,,other,TRUE,TRUE,,SQUID (LOLIGO PEALEI) DRIED/SALTED/BRINE,core,
CRAB NSPF FROZEN,crab,,frozen,TRUE,TRUE,,CRAB NSPF FROZEN,core,
SQUID FILLET FROZEN,squid_octopus,,fillet,TRUE,TRUE,,SQUID FILLET FROZEN,core,
SQUID (LOLIGO PEALEI) FROZEN,squid_octopus,,frozen,TRUE,TRUE,,SQUID (LOLIGO PEALEI) FROZEN,core,
FISH PASTES,mixed_prepared_products,,prepared_other,FALSE,FALSE,,FISH PASTES,exclude,mixed_prepared_products
ANCHOVY CANNED NOT IN OIL > 6.8KG,small_pelagics_other,,canned_packaged,TRUE,FALSE,,ANCHOVY CANNED NOT IN OIL > 6.8KG,extended,
"FISH,SHELLFISH PRODUCTS UNFIT FOR HUMAN CONSUMPTION",non_food_other,,other,FALSE,FALSE,,"FISH,SHELLFISH PRODUCTS UNFIT FOR HUMAN CONSUMPTION",exclude,non_food_other
MENHADEN OIL/FRACTIONS,small_pelagics_other,,meal_oil,TRUE,FALSE,,MENHADEN OIL/FRACTIONS,extended,
TUNA BLUEFIN ATLANTIC FROZEN,tuna,,frozen,TRUE,TRUE,,TUNA BLUEFIN ATLANTIC FROZEN,core,
"SARDINE,SARDINELLA,BRISLING,SPRAT FROZEN",small_pelagics_other,,frozen,TRUE,FALSE,,"SARDINE,SARDINELLA,BRISLING,SPRAT FROZEN",extended,
ANCHOVY CANNED NOT IN OIL NOT > 6.8KG,small_pelagics_other,,canned_packaged,TRUE,FALSE,,ANCHOVY CANNED NOT IN OIL NOT > 6.8KG,extended,
LOBSTER ROCK NSPF LIVE/FRESH/DRIED/SALTED/BRINE,lobster,,fresh_live,TRUE,TRUE,,LOBSTER ROCK NSPF LIVE/FRESH/DRIED/SALTED/BRINE,core,
TUNA NSPF IN ATC (FOIL OR FLEXIBLE) NOT IN OIL OVER QUOTA,tuna,,canned_packaged,TRUE,TRUE,,TUNA NSPF IN ATC (FOIL OR FLEXIBLE) NOT IN OIL OVER QUOTA,core,
SQUID NSPF FROZEN/DRIED/SALTED/BRINE,squid_octopus,,frozen,TRUE,TRUE,,SQUID NSPF FROZEN/DRIED/SALTED/BRINE,core,
TUNA ALBACORE IN ATC (OTHER) IN OIL,tuna,,canned_packaged,TRUE,TRUE,,TUNA ALBACORE IN ATC (OTHER) IN OIL,core,
SHARK DOGFISH FROZEN,sharks_rays_skates,,frozen,TRUE,FALSE,,SHARK DOGFISH FROZEN,extended,
SHRIMP WARM-WATER FRESH,shrimp,,fresh_live,TRUE,TRUE,,SHRIMP WARM-WATER FRESH,core,
SHRIMP WARM-WATER FRESH/DRIED/SALTED/BRINE,shrimp,,fresh_live,TRUE,TRUE,,SHRIMP WARM-WATER FRESH/DRIED/SALTED/BRINE,core,
TUNA BLUEFIN PACIFIC FROZEN,tuna,,frozen,TRUE,TRUE,,TUNA BLUEFIN PACIFIC FROZEN,core,
SAUCES DERIVED OR PREPARED FROM FISH,mixed_prepared_products,,prepared_other,FALSE,FALSE,,SAUCES DERIVED OR PREPARED FROM FISH,exclude,mixed_prepared_products
TUNA ALBACORE IN ATC (OTHER) NOT IN OIL OVER QUOTA,tuna,,canned_packaged,TRUE,TRUE,,TUNA ALBACORE IN ATC (OTHER) NOT IN OIL OVER QUOTA,core,
FLATFISH SOLE YELLOWFIN FROZEN,flatfish,,frozen,TRUE,TRUE,,FLATFISH SOLE YELLOWFIN FROZEN,core,
TUNA NSPF IN ATC (OTHER) IN OIL,tuna,,canned_packaged,TRUE,TRUE,,TUNA NSPF IN ATC (OTHER) IN OIL,core,
SALMON PINK CANNED NOT IN OIL,salmon,,canned_packaged,TRUE,TRUE,,SALMON PINK CANNED NOT IN OIL,core,
FLATFISH SOLE ROCK FROZEN,flatfish,,frozen,TRUE,TRUE,,FLATFISH SOLE ROCK FROZEN,core,
MARINE FISH NSPF FILLET FRESH/FROZEN,broad_mixed_fish,,fillet,FALSE,FALSE,,MARINE FISH NSPF FILLET FRESH/FROZEN,exclude,broad_mixed_fish
FLATFISH NSPF FROZEN,flatfish,,frozen,TRUE,TRUE,,FLATFISH NSPF FROZEN,core,
SHRIMP PEELED FROZEN,shrimp,,frozen,TRUE,TRUE,,SHRIMP PEELED FROZEN,core,
SHRIMP SHELL-ON FROZEN < 15,shrimp,,frozen,TRUE,TRUE,,SHRIMP SHELL-ON FROZEN < 15,core,
SHRIMP SHELL-ON FROZEN 51/60,shrimp,,frozen,TRUE,TRUE,,SHRIMP SHELL-ON FROZEN 51/60,core,
SHRIMP SHELL-ON FROZEN 21/25,shrimp,,frozen,TRUE,TRUE,,SHRIMP SHELL-ON FROZEN 21/25,core,
SHRIMP SHELL-ON FROZEN 61/70,shrimp,,frozen,TRUE,TRUE,,SHRIMP SHELL-ON FROZEN 61/70,core,
SHRIMP SHELL-ON FROZEN > 70,shrimp,,frozen,TRUE,TRUE,,SHRIMP SHELL-ON FROZEN > 70,core,
SARDINE CANNED NOT IN OIL NOT > 225 GR,small_pelagics_other,,canned_packaged,TRUE,FALSE,,SARDINE CANNED NOT IN OIL NOT > 225 GR,extended,
SALMON SOCKEYE FROZEN,salmon,,frozen,TRUE,TRUE,,SALMON SOCKEYE FROZEN,core,
SALMON CHUM STEAKS FROZEN,salmon,,frozen,TRUE,TRUE,,SALMON CHUM STEAKS FROZEN,core,
"FLATFISH HALIBUT,GREENLAND TURBOT FROZEN",halibut,,frozen,TRUE,TRUE,,"FLATFISH HALIBUT,GREENLAND TURBOT FROZEN",core,
SALMON CHUM FRESH,salmon,,fresh_live,TRUE,TRUE,,SALMON CHUM FRESH,core,
SALMON COHO FROZEN,salmon,,frozen,TRUE,TRUE,,SALMON COHO FROZEN,core,
SALMON COHO FRESH,salmon,,fresh_live,TRUE,TRUE,,SALMON COHO FRESH,core,
MACKEREL FROZEN,mackerel,,frozen,TRUE,TRUE,,MACKEREL FROZEN,core,
GROUNDFISH COD NSPF FILLET FROZEN,cod,,fillet,TRUE,TRUE,,GROUNDFISH COD NSPF FILLET FROZEN,core,
MARINE FISH NSPF FROZEN,broad_mixed_fish,,frozen,FALSE,FALSE,,MARINE FISH NSPF FROZEN,exclude,broad_mixed_fish
MOLLUSCS NSPF FROZEN/DRIED/SALTED/BRINE,unidentified_molluscs,,frozen,FALSE,FALSE,,MOLLUSCS NSPF FROZEN/DRIED/SALTED/BRINE,exclude,unidentified_molluscs
SALMONIDAE NSPF FROZEN,salmon,,frozen,TRUE,TRUE,,SALMONIDAE NSPF FROZEN,core,
SHRIMP FROZEN,shrimp,,frozen,TRUE,TRUE,,SHRIMP FROZEN,core,
ABALONE PREPARED/PRESERVED,other_shellfish_specialty,,prepared_other,TRUE,FALSE,,ABALONE PREPARED/PRESERVED,extended,
"DOGFISH, OTHER SHARK, RAYS AND SKATES (RAJIDAE) FILLET FROZEN",sharks_rays_skates,,fillet,TRUE,FALSE,,"DOGFISH, OTHER SHARK, RAYS AND SKATES (RAJIDAE) FILLET FROZEN",extended,
MUSSELS FROZEN,mussels,,frozen,TRUE,TRUE,,MUSSELS FROZEN,core,
CUTTLEFISH DRIED/SALTED/BRINE,squid_octopus,,other,TRUE,TRUE,,CUTTLEFISH DRIED/SALTED/BRINE,core,
CRABMEAT SWIMMING (PORTUNIDAE) FROZEN,crab,,frozen,TRUE,TRUE,,CRABMEAT SWIMMING (PORTUNIDAE) FROZEN,core,
"SARDINE,SARDINELLA,BRISLING,SPRAT PREPARED/PRESERVED",small_pelagics_other,,prepared_other,TRUE,FALSE,,"SARDINE,SARDINELLA,BRISLING,SPRAT PREPARED/PRESERVED",extended,
TUNA NSPF IN ATC (OTHER) NOT IN OIL IN QUOTA,tuna,,canned_packaged,TRUE,TRUE,,TUNA NSPF IN ATC (OTHER) NOT IN OIL IN QUOTA,core,
TUNA ALBACORE IN ATC (OTHER) NOT IN OIL IN QUOTA,tuna,,canned_packaged,TRUE,TRUE,,TUNA ALBACORE IN ATC (OTHER) NOT IN OIL IN QUOTA,core,
FISH NSPF NOT IN OIL,broad_mixed_fish,,meal_oil,FALSE,FALSE,,FISH NSPF NOT IN OIL,exclude,broad_mixed_fish
TUNA SKIPJACK FRESH/FROZEN,tuna,,fresh_live,TRUE,TRUE,,TUNA SKIPJACK FRESH/FROZEN,core,
FLATFISH HALIBUT NSPF FRESH/FROZEN,halibut,,fresh_live,TRUE,TRUE,,FLATFISH HALIBUT NSPF FRESH/FROZEN,core,
TUNA YELLOWFIN EVISCERATED HEAD-OFF FRESH/FROZEN,tuna,,fresh_live,TRUE,TRUE,,TUNA YELLOWFIN EVISCERATED HEAD-OFF FRESH/FROZEN,core,
SHELLFISH NSPF FROZEN,unidentified_shellfish,,frozen,FALSE,FALSE,,SHELLFISH NSPF FROZEN,exclude,unidentified_shellfish
TUNA YELLOWFIN EVISCERATED HEAD-ON FRESH/FROZEN,tuna,,fresh_live,TRUE,TRUE,,TUNA YELLOWFIN EVISCERATED HEAD-ON FRESH/FROZEN,core,
SHRIMP SHELL-ON FRESH/FROZEN,shrimp,,fresh_live,TRUE,TRUE,,SHRIMP SHELL-ON FRESH/FROZEN,core,
TUNA YELLOWFIN WHOLE FRESH/FROZEN,tuna,,fresh_live,TRUE,TRUE,,TUNA YELLOWFIN WHOLE FRESH/FROZEN,core,
"FISH,WHALEMEAT CANNED UNFIT FOR HUMAN CONSUMPTION",non_food_other,,canned_packaged,FALSE,FALSE,,"FISH,WHALEMEAT CANNED UNFIT FOR HUMAN CONSUMPTION",exclude,non_food_other
"BONITO,YELLOWTAIL CANNED NOT IN OIL",small_pelagics_other,,canned_packaged,TRUE,FALSE,,"BONITO,YELLOWTAIL CANNED NOT IN OIL",extended,
FISH NSPF FILLET/STEAK/PORTION FRESH/FROZEN,broad_mixed_fish,,fillet,FALSE,FALSE,,FISH NSPF FILLET/STEAK/PORTION FRESH/FROZEN,exclude,broad_mixed_fish
FISH NSPF CANNED NOT IN OIL,broad_mixed_fish,,canned_packaged,FALSE,FALSE,,FISH NSPF CANNED NOT IN OIL,exclude,broad_mixed_fish
SALMON NSPF CANNED CURED,salmon,,canned_packaged,TRUE,TRUE,,SALMON NSPF CANNED CURED,core,
TUNA YELLOWFIN OTHER PREPARATIONS FRESH/FROZEN,tuna,,fresh_live,TRUE,TRUE,,TUNA YELLOWFIN OTHER PREPARATIONS FRESH/FROZEN,core,
TUNA NSPF FRESH,tuna,,fresh_live,TRUE,TRUE,,TUNA NSPF FRESH,core,
CATFISH NSPF FILLET FROZEN,catfish_other,,fillet,TRUE,FALSE,,CATFISH NSPF FILLET FROZEN,extended,
GROUNDFISH POLLOCK ALASKA FILLET FROZEN,pollock,,fillet,TRUE,TRUE,,GROUNDFISH POLLOCK ALASKA FILLET FROZEN,core,
CRABMEAT NSPF OTHER PREPARATIONS,crab,,prepared_other,TRUE,TRUE,,CRABMEAT NSPF OTHER PREPARATIONS,core,
"SARDINE,SARDINELLA,BRISLING,SPRAT FRESH",small_pelagics_other,,fresh_live,TRUE,FALSE,,"SARDINE,SARDINELLA,BRISLING,SPRAT FRESH",extended,
FISH NSPF FILLET DRIED/SALTED/BRINE,broad_mixed_fish,,fillet,FALSE,FALSE,,FISH NSPF FILLET DRIED/SALTED/BRINE,exclude,broad_mixed_fish
FISH NSPF FILLET FRESH,broad_mixed_fish,,fillet,FALSE,FALSE,,FISH NSPF FILLET FRESH,exclude,broad_mixed_fish
MOLLUSCS/OTHER NSPF PRODUCTS PREPARED DINNERS CONTAIN FISH,mixed_prepared_products,,prepared_other,FALSE,FALSE,,MOLLUSCS/OTHER NSPF PRODUCTS PREPARED DINNERS CONTAIN FISH,exclude,mixed_prepared_products
FISH NSPF SMOKED,broad_mixed_fish,,other,FALSE,FALSE,,FISH NSPF SMOKED,exclude,broad_mixed_fish
GROUNDFISH COD NSPF FRESH,cod,,fresh_live,TRUE,TRUE,,GROUNDFISH COD NSPF FRESH,core,
MARINE FISH NSPF FRESH,broad_mixed_fish,,fresh_live,FALSE,FALSE,,MARINE FISH NSPF FRESH,exclude,broad_mixed_fish
LOBSTER NSPF OTHER PREPARATIONS,lobster,,prepared_other,TRUE,TRUE,,LOBSTER NSPF OTHER PREPARATIONS,core,
SHRIMP WARM-WATER SHELL-ON FROZEN < 15,shrimp,,frozen,TRUE,TRUE,,SHRIMP WARM-WATER SHELL-ON FROZEN < 15,core,
FISH NSPF MEAT FRESH,broad_mixed_fish,,fresh_live,FALSE,FALSE,,FISH NSPF MEAT FRESH,exclude,broad_mixed_fish
LOBSTER NSPF PRODUCTS PREPARED DINNERS,lobster,,prepared_other,TRUE,TRUE,,LOBSTER NSPF PRODUCTS PREPARED DINNERS,core,
SHRIMP DRIED/SALTED/BRINE,shrimp,,other,TRUE,TRUE,,SHRIMP DRIED/SALTED/BRINE,core,
SHRIMP WARM-WATER PEELED FROZEN,shrimp,,frozen,TRUE,TRUE,,SHRIMP WARM-WATER PEELED FROZEN,core,
FLATFISH NSPF FRESH,flatfish,,fresh_live,TRUE,TRUE,,FLATFISH NSPF FRESH,core,
SHRIMP WARM-WATER SHELL-ON FROZEN > 70,shrimp,,frozen,TRUE,TRUE,,SHRIMP WARM-WATER SHELL-ON FROZEN > 70,core,
SHRIMP OTHER PREPARATIONS,shrimp,,prepared_other,TRUE,TRUE,,SHRIMP OTHER PREPARATIONS,core,
SALMON NSPF PREPARED/PRESERVED,salmon,,prepared_other,TRUE,TRUE,,SALMON NSPF PREPARED/PRESERVED,core,
CRABMEAT NSPF FROZEN,crab,,frozen,TRUE,TRUE,,CRABMEAT NSPF FROZEN,core,
TUNA NSPF FROZEN,tuna,,frozen,TRUE,TRUE,,TUNA NSPF FROZEN,core,
GROUNDFISH HAKE FILLET FROZEN,other_groundfish,,fillet,TRUE,TRUE,,GROUNDFISH HAKE FILLET FROZEN,core,
SALMON ATLANTIC FRESH WILD,salmon,,fresh_live,TRUE,TRUE,,SALMON ATLANTIC FRESH WILD,core,
SHRIMP WARM-WATER SHELL-ON FROZEN 31/40,shrimp,,frozen,TRUE,TRUE,,SHRIMP WARM-WATER SHELL-ON FROZEN 31/40,core,
HERRING FROZEN,herring,,frozen,TRUE,TRUE,,HERRING FROZEN,core,
ATKA MACKEREL FROZEN,mackerel,,frozen,TRUE,TRUE,,ATKA MACKEREL FROZEN,core,
TILAPIA (OREOCHROMIS SPP.) FILLET FROZEN,tilapia,,fillet,TRUE,TRUE,,TILAPIA (OREOCHROMIS SPP.) FILLET FROZEN,core,
MUSSELS LIVE/FRESH FARMED,mussels,,fresh_live,TRUE,TRUE,,MUSSELS LIVE/FRESH FARMED,core,
TUNA NSPF FILLET FROZEN,tuna,,fillet,TRUE,TRUE,,TUNA NSPF FILLET FROZEN,core,
TUNA YELLOWFIN FRESH,tuna,,fresh_live,TRUE,TRUE,,TUNA YELLOWFIN FRESH,core,
SHRIMP WARM-WATER SHELL-ON FROZEN 15/20,shrimp,,frozen,TRUE,TRUE,,SHRIMP WARM-WATER SHELL-ON FROZEN 15/20,core,
SQUID (LOLIGO NSPF) PREPARED/PRESERVED,squid_octopus,,prepared_other,TRUE,TRUE,,SQUID (LOLIGO NSPF) PREPARED/PRESERVED,core,
SQUID (LOLIGO SPP.) LIVE/FRESH,squid_octopus,,fresh_live,TRUE,TRUE,,SQUID (LOLIGO SPP.) LIVE/FRESH,core,
LOBSTER NSPF MEAT COOKED IN ATC,lobster,,canned_packaged,TRUE,TRUE,,LOBSTER NSPF MEAT COOKED IN ATC,core,
SCALLOPS DRIED/SALTED/BRINE,scallops,,other,TRUE,TRUE,,SCALLOPS DRIED/SALTED/BRINE,core,
GROUNDFISH NSPF MEAT FRESH,broad_mixed_fish,,fresh_live,FALSE,FALSE,,GROUNDFISH NSPF MEAT FRESH,exclude,broad_mixed_fish
"CARP,EELS,SNAKEHEAD FILLET FROZEN",eel_sturgeon_shad,,fillet,TRUE,FALSE,,"CARP,EELS,SNAKEHEAD FILLET FROZEN",extended,
SALMON NSPF FILLET FRESH,salmon,,fillet,TRUE,TRUE,,SALMON NSPF FILLET FRESH,core,
TILAPIA (OREOCHROMIS SPP.) FILLET FRESH,tilapia,,fillet,TRUE,TRUE,,TILAPIA (OREOCHROMIS SPP.) FILLET FRESH,core,
OCTOPUS FROZEN/DRIED/SALTED/BRINE,squid_octopus,,frozen,TRUE,TRUE,,OCTOPUS FROZEN/DRIED/SALTED/BRINE,core,
SALMON NSPF CANNED NOT IN OIL,salmon,,canned_packaged,TRUE,TRUE,,SALMON NSPF CANNED NOT IN OIL,core,
SHRIMP FROZEN OTHER PREPARATIONS,shrimp,,frozen,TRUE,TRUE,,SHRIMP FROZEN OTHER PREPARATIONS,core,
CRABMEAT NSPF DRIED/SALTED/BRINE,crab,,other,TRUE,TRUE,,CRABMEAT NSPF DRIED/SALTED/BRINE,core,
SHARK NSPF FROZEN,sharks_rays_skates,,frozen,TRUE,FALSE,,SHARK NSPF FROZEN,extended,
FISH NSPF DRIED,broad_mixed_fish,,other,FALSE,FALSE,,FISH NSPF DRIED,exclude,broad_mixed_fish
TUNA YELLOWFIN FROZEN,tuna,,frozen,TRUE,TRUE,,TUNA YELLOWFIN FROZEN,core,
SHRIMP WARM-WATER SHELL-ON FROZEN 51/60,shrimp,,frozen,TRUE,TRUE,,SHRIMP WARM-WATER SHELL-ON FROZEN 51/60,core,
MACKEREL FRESH,mackerel,,fresh_live,TRUE,TRUE,,MACKEREL FRESH,core,
SCORPIONFISH (SCORPAENIDAE) FROZEN,other_groundfish,,frozen,TRUE,TRUE,,SCORPIONFISH (SCORPAENIDAE) FROZEN,core,
SQUID NSPF FILLET FROZEN,squid_octopus,,fillet,TRUE,TRUE,,SQUID NSPF FILLET FROZEN,core,
TUNA ALBACORE FRESH,tuna,,fresh_live,TRUE,TRUE,,TUNA ALBACORE FRESH,core,
SQUID (LOLIGO OPALESCENS) FROZEN,squid_octopus,,frozen,TRUE,TRUE,,SQUID (LOLIGO OPALESCENS) FROZEN,core,
SQUID (LOLIGO OPALESCENS) FROZEN/DRIED/SALTED/BRINE,squid_octopus,,frozen,TRUE,TRUE,,SQUID (LOLIGO OPALESCENS) FROZEN/DRIED/SALTED/BRINE,core,
OCTOPUS FROZEN,squid_octopus,,frozen,TRUE,TRUE,,OCTOPUS FROZEN,core,
"CORAL,SHELLS,CUTTLEBONE CRUDE/SIMPLY PREPARED",non_food_other,,prepared_other,FALSE,FALSE,,"CORAL,SHELLS,CUTTLEBONE CRUDE/SIMPLY PREPARED",exclude,non_food_other
SALMONIDAE NSPF FRESH,salmon,,fresh_live,TRUE,TRUE,,SALMONIDAE NSPF FRESH,core,
CONCH LIVE/FRESH,other_shellfish_specialty,,fresh_live,TRUE,FALSE,,CONCH LIVE/FRESH,extended,
SHRIMP COLD-WATER FRESH/DRIED/SALTED/BRINE,shrimp,,fresh_live,TRUE,TRUE,,SHRIMP COLD-WATER FRESH/DRIED/SALTED/BRINE,core,
TUNA ALBACORE FROZEN,tuna,,frozen,TRUE,TRUE,,TUNA ALBACORE FROZEN,core,
SCALLOPS FROZEN,scallops,,frozen,TRUE,TRUE,,SCALLOPS FROZEN,core,
SALMON NSPF CANNED IN OIL,salmon,,canned_packaged,TRUE,TRUE,,SALMON NSPF CANNED IN OIL,core,
"SALMON ATLANTIC,DANUBE FROZEN",salmon,,frozen,TRUE,TRUE,,"SALMON ATLANTIC,DANUBE FROZEN",core,
SQUID NSPF FROZEN,squid_octopus,,frozen,TRUE,TRUE,,SQUID NSPF FROZEN,core,
SEAWEED AND OTHER ALGAE FIT FOR HUMAN CONSUMPTION,seaweed_algae,,other,FALSE,FALSE,,SEAWEED AND OTHER ALGAE FIT FOR HUMAN CONSUMPTION,exclude,seaweed_algae
SHRIMP FROZEN IN ATC,shrimp,,canned_packaged,TRUE,TRUE,,SHRIMP FROZEN IN ATC,core,
SEAWEED AND OTHER ALGAE,seaweed_algae,,other,FALSE,FALSE,,SEAWEED AND OTHER ALGAE,exclude,seaweed_algae
LOBSTER (HOMARUS SPP.)DRIED/SALTED/BRINE,lobster,,other,TRUE,TRUE,,LOBSTER (HOMARUS SPP.)DRIED/SALTED/BRINE,core,
SALMON SMOKED,salmon,,other,TRUE,TRUE,,SALMON SMOKED,core,
CRAB NSPF OTHER PREPARATIONS,crab,,prepared_other,TRUE,TRUE,,CRAB NSPF OTHER PREPARATIONS,core,
TUNA SKIPJACK FROZEN,tuna,,frozen,TRUE,TRUE,,TUNA SKIPJACK FROZEN,core,
SCALLOPS FROZEN/DRIED/SALTED/BRINE,scallops,,frozen,TRUE,TRUE,,SCALLOPS FROZEN/DRIED/SALTED/BRINE,core,
TILAPIA NSPF FROZEN,tilapia,,frozen,TRUE,TRUE,,TILAPIA NSPF FROZEN,core,
CRABMEAT NSPF FRESH/DRIED/SALTED/BRINE,crab,,fresh_live,TRUE,TRUE,,CRABMEAT NSPF FRESH/DRIED/SALTED/BRINE,core,
LOBSTER ROCK CARIBBEAN SPINY FROZEN,lobster,,frozen,TRUE,TRUE,,LOBSTER ROCK CARIBBEAN SPINY FROZEN,core,
MOLLUSCS NSPF LIVE/FRESH,unidentified_molluscs,,fresh_live,FALSE,FALSE,,MOLLUSCS NSPF LIVE/FRESH,exclude,unidentified_molluscs
MACKEREL PREPARED/PRESERVED,mackerel,,prepared_other,TRUE,TRUE,,MACKEREL PREPARED/PRESERVED,core,
GROUNDFISH OCEAN PERCH NSPF FILLET FROZEN,other_groundfish,,fillet,TRUE,TRUE,,GROUNDFISH OCEAN PERCH NSPF FILLET FROZEN,core,
TOOTHFISH NSPF FILLET FROZEN,toothfish,,fillet,TRUE,FALSE,,TOOTHFISH NSPF FILLET FROZEN,extended,
CUTTLEFISH LIVE/FRESH,squid_octopus,,fresh_live,TRUE,TRUE,,CUTTLEFISH LIVE/FRESH,core,
FLATFISH TURBOT NSPF FILLET BLOCKS FROZEN > 4.5KG,flatfish,,fillet,TRUE,TRUE,,FLATFISH TURBOT NSPF FILLET BLOCKS FROZEN > 4.5KG,core,
"FISH NSPF LIVER,ROE FROZEN",broad_mixed_fish,,fresh_live,FALSE,FALSE,,"FISH NSPF LIVER,ROE FROZEN",exclude,broad_mixed_fish
HERRING ROE FROZEN,herring,,frozen,TRUE,TRUE,,HERRING ROE FROZEN,core,
GROUPER FRESH,snapper_grouper,,fresh_live,TRUE,TRUE,,GROUPER FRESH,core,
SHRIMP PRODUCTS PREPARED DINNERS,shrimp,,prepared_other,TRUE,TRUE,,SHRIMP PRODUCTS PREPARED DINNERS,core,
GROUNDFISH NSPF FRESH,broad_mixed_fish,,fresh_live,FALSE,FALSE,,GROUNDFISH NSPF FRESH,exclude,broad_mixed_fish
TILAPIA NSPF FILLET FROZEN,tilapia,,fillet,TRUE,TRUE,,TILAPIA NSPF FILLET FROZEN,core,
TILAPIA (OREOCHROMIS SPP.) FROZEN,tilapia,,frozen,TRUE,TRUE,,TILAPIA (OREOCHROMIS SPP.) FROZEN,core,
SHRIMP COLD-WATER SHELL-ON FROZEN 26/30,shrimp,,frozen,TRUE,TRUE,,SHRIMP COLD-WATER SHELL-ON FROZEN 26/30,core,
SHRIMP COLD-WATER SHELL-ON FROZEN < 15,shrimp,,frozen,TRUE,TRUE,,SHRIMP COLD-WATER SHELL-ON FROZEN < 15,core,
FLATFISH SOLE (SOLEA SPP) FROZEN,flatfish,,frozen,TRUE,TRUE,,FLATFISH SOLE (SOLEA SPP) FROZEN,core,
ANCHOVY FRESH,small_pelagics_other,,fresh_live,TRUE,FALSE,,ANCHOVY FRESH,extended,
TUNA (THUNNUS)/SKIPJACK/BONITO MEAT FROZEN > 6.8 KG,tuna,,frozen,TRUE,TRUE,,TUNA (THUNNUS)/SKIPJACK/BONITO MEAT FROZEN > 6.8 KG,core,
SQUID (LOLIGO NSPF) FROZEN,squid_octopus,,frozen,TRUE,TRUE,,SQUID (LOLIGO NSPF) FROZEN,core,
"CATFISH (ICTALURUS,PANGASIUS,SILURUS) FROZEN",pangasius_basa_swai,,frozen,TRUE,FALSE,,"CATFISH (ICTALURUS,PANGASIUS,SILURUS) FROZEN",extended,
GROUNDFISH COD NSPF FROZEN,cod,,frozen,TRUE,TRUE,,GROUNDFISH COD NSPF FROZEN,core,
SEABREAM (SPARIDAE) FRESH,reef_fish_other,,fresh_live,TRUE,FALSE,,SEABREAM (SPARIDAE) FRESH,extended,
FISH NSPF MINCED FROZEN,broad_mixed_fish,,frozen,FALSE,FALSE,,FISH NSPF MINCED FROZEN,exclude,broad_mixed_fish
SHRIMP WARM-WATER SHELL-ON FROZEN 26/30,shrimp,,frozen,TRUE,TRUE,,SHRIMP WARM-WATER SHELL-ON FROZEN 26/30,core,
"FLATFISH HALIBUT ATLANTIC,PACIFIC FROZEN",halibut,,frozen,TRUE,TRUE,,"FLATFISH HALIBUT ATLANTIC,PACIFIC FROZEN",core,
GROUNDFISH POLLOCK ALASKA FROZEN,pollock,,frozen,TRUE,TRUE,,GROUNDFISH POLLOCK ALASKA FROZEN,core,
"CARP,CATFISH,EELS,SNAKEHEAD,TILAPIA MEAT FRESH",tilapia,,fresh_live,TRUE,TRUE,,"CARP,CATFISH,EELS,SNAKEHEAD,TILAPIA MEAT FRESH",core,
CRAB SNOW FROZEN,crab,,frozen,TRUE,TRUE,,CRAB SNOW FROZEN,core,
SHRIMP WARM-WATER SHELL-ON FROZEN 41/50,shrimp,,frozen,TRUE,TRUE,,SHRIMP WARM-WATER SHELL-ON FROZEN 41/50,core,
SQUID NSPF PREPARED/PRESERVED,squid_octopus,,prepared_other,TRUE,TRUE,,SQUID NSPF PREPARED/PRESERVED,core,
GROUNDFISH POLLOCK ALASKA FRESH,pollock,,fresh_live,TRUE,TRUE,,GROUNDFISH POLLOCK ALASKA FRESH,core,
FISH NSPF MEAT FROZEN,broad_mixed_fish,,frozen,FALSE,FALSE,,FISH NSPF MEAT FROZEN,exclude,broad_mixed_fish
LOBSTER (HOMARUS SPP.) FRESH,lobster,,fresh_live,TRUE,TRUE,,LOBSTER (HOMARUS SPP.) FRESH,core,
SQUID NSPF LIVE/FRESH,squid_octopus,,fresh_live,TRUE,TRUE,,SQUID NSPF LIVE/FRESH,core,
GROUNDFISH COD NSPF SALTED,cod,,other,TRUE,TRUE,,GROUNDFISH COD NSPF SALTED,core,
CRABMEAT SNOW OTHER IN ATC,crab,,canned_packaged,TRUE,TRUE,,CRABMEAT SNOW OTHER IN ATC,core,
SQUID NSPF DRIED/SALTED/BRINE,squid_octopus,,other,TRUE,TRUE,,SQUID NSPF DRIED/SALTED/BRINE,core,
FLATFISH NSPF FILLET FROZEN,flatfish,,fillet,TRUE,TRUE,,FLATFISH NSPF FILLET FROZEN,core,
"HERRING, ANCHOVY, SARDINE, SPRAT, MACKEREL, INDIAN MACKEREL, SEERFISH, JACK AND HORSE MACKEREL, JACKS, CREVALLES, COBIA, SILVER POMFRETS, PACIFIC SAURY, SCAD, CAPELIN, SWORDFISH, KAWAKAWA, BONITO, MARLIN, SAILFISH, SPEARFISH DRIED",herring,,other,TRUE,TRUE,,"HERRING, ANCHOVY, SARDINE, SPRAT, MACKEREL, INDIAN MACKEREL, SEERFISH, JACK AND HORSE MACKEREL, JACKS, CREVALLES, COBIA, SILVER POMFRETS, PACIFIC SAURY, SCAD, CAPELIN, SWORDFISH, KAWAKAWA, BONITO, MARLIN, SAILFISH, SPEARFISH DRIED",core,
FISH MEAL FOR HUMAN CONSUMPTION,mixed_prepared_products,,meal_oil,FALSE,FALSE,,FISH MEAL FOR HUMAN CONSUMPTION,exclude,mixed_prepared_products
TROUT NSPF SMOKED,trout,,other,TRUE,TRUE,,TROUT NSPF SMOKED,core,
OYSTERS DRIED/SALTED/BRINE FARMED,oysters,,other,TRUE,TRUE,,OYSTERS DRIED/SALTED/BRINE FARMED,core,
CRAB NSPF DRIED/SALTED/BRINE,crab,,other,TRUE,TRUE,,CRAB NSPF DRIED/SALTED/BRINE,core,
SQUID (LOLIGO NSPF) FROZEN/DRIED/SALTED/BRINE,squid_octopus,,frozen,TRUE,TRUE,,SQUID (LOLIGO NSPF) FROZEN/DRIED/SALTED/BRINE,core,
SALMON NSPF ROE CURED,salmon,,roe,TRUE,TRUE,,SALMON NSPF ROE CURED,core,
TROUT NSPF FILLET FROZEN,trout,,fillet,TRUE,TRUE,,TROUT NSPF FILLET FROZEN,core,
CUTTLEFISH FROZEN,squid_octopus,,frozen,TRUE,TRUE,,CUTTLEFISH FROZEN,core,
SNAIL OTHER THAN SEA SNAIL LIVE/FRESH/FROZEN/SALTED,other_shellfish_specialty,,fresh_live,TRUE,FALSE,,SNAIL OTHER THAN SEA SNAIL LIVE/FRESH/FROZEN/SALTED,extended,
SALMON NSPF ROE FROZEN,salmon,,frozen,TRUE,TRUE,,SALMON NSPF ROE FROZEN,core,
GROUNDFISH POLLOCK ALASKA MEAT FROZEN,pollock,,frozen,TRUE,TRUE,,GROUNDFISH POLLOCK ALASKA MEAT FROZEN,core,
SALMON NSPF FRESH,salmon,,fresh_live,TRUE,TRUE,,SALMON NSPF FRESH,core,
CRABMEAT NSPF IN ATC,crab,,canned_packaged,TRUE,TRUE,,CRABMEAT NSPF IN ATC,core,
GROUNDFISH POLLOCK ATLANTIC FRESH,pollock,,fresh_live,TRUE,TRUE,,GROUNDFISH POLLOCK ATLANTIC FRESH,core,
GROUNDFISH NSPF FILLET DRIED/SALTED/BRINE,broad_mixed_fish,,fillet,FALSE,FALSE,,GROUNDFISH NSPF FILLET DRIED/SALTED/BRINE,exclude,broad_mixed_fish
TILAPIA (OREOCHROMIS SPP.) FRESH,tilapia,,fresh_live,TRUE,TRUE,,TILAPIA (OREOCHROMIS SPP.) FRESH,core,
GROUNDFISH POLLOCK ATLANTIC FILLET FROZEN,pollock,,fillet,TRUE,TRUE,,GROUNDFISH POLLOCK ATLANTIC FILLET FROZEN,core,
SABLEFISH FROZEN,sablefish,,frozen,TRUE,TRUE,,SABLEFISH FROZEN,core,
"FISH NSPF LIVER,ROE, MILT CURED",broad_mixed_fish,,fresh_live,FALSE,FALSE,,"FISH NSPF LIVER,ROE, MILT CURED",exclude,broad_mixed_fish
CRABMEAT SNOW OTHER FROZEN,crab,,frozen,TRUE,TRUE,,CRABMEAT SNOW OTHER FROZEN,core,
CLAM NSPF PREPARED/PRESERVED,clams,,prepared_other,TRUE,TRUE,,CLAM NSPF PREPARED/PRESERVED,core,
GROUNDFISH POLLOCK ATLANTIC FROZEN,pollock,,frozen,TRUE,TRUE,,GROUNDFISH POLLOCK ATLANTIC FROZEN,core,
SHRIMP WARM-WATER SHELL-ON FROZEN 61/70,shrimp,,frozen,TRUE,TRUE,,SHRIMP WARM-WATER SHELL-ON FROZEN 61/70,core,
SQUID (LOLIGO NSPF) DRIED/SALTED/BRINE,squid_octopus,,other,TRUE,TRUE,,SQUID (LOLIGO NSPF) DRIED/SALTED/BRINE,core,
MOLLUSCS NSPF PREPARED/PRESERVED,unidentified_molluscs,,prepared_other,FALSE,FALSE,,MOLLUSCS NSPF PREPARED/PRESERVED,exclude,unidentified_molluscs
FLATFISH HALIBUT NSPF FILLET FROZEN,halibut,,fillet,TRUE,TRUE,,FLATFISH HALIBUT NSPF FILLET FROZEN,core,
TUNA NSPF MEAT FROZEN > 6.8KG,tuna,,frozen,TRUE,TRUE,,TUNA NSPF MEAT FROZEN > 6.8KG,core,
FISH NSPF OIL/FRACTIONS,broad_mixed_fish,,meal_oil,FALSE,FALSE,,FISH NSPF OIL/FRACTIONS,exclude,broad_mixed_fish
SCALLOPS LIVE/FRESH,scallops,,fresh_live,TRUE,TRUE,,SCALLOPS LIVE/FRESH,core,
"SALMON ATLANTIC,DANUBE FRESH",salmon,,fresh_live,TRUE,TRUE,,"SALMON ATLANTIC,DANUBE FRESH",core,
CLAM NSPF FROZEN,clams,,frozen,TRUE,TRUE,,CLAM NSPF FROZEN,core,
SHRIMP COLD-WATER FRESH,shrimp,,fresh_live,TRUE,TRUE,,SHRIMP COLD-WATER FRESH,core,
CONCH NSPF LIVE/FRESH,other_shellfish_specialty,,fresh_live,TRUE,FALSE,,CONCH NSPF LIVE/FRESH,extended,
SWORDFISH MEAT FROZEN,swordfish,,frozen,TRUE,TRUE,,SWORDFISH MEAT FROZEN,core,
CAVIAR,caviar_misc,,other,FALSE,FALSE,,CAVIAR,exclude,caviar_misc
GROUNDFISH OCEAN PERCH PACIFIC FROZEN,other_groundfish,,frozen,TRUE,TRUE,,GROUNDFISH OCEAN PERCH PACIFIC FROZEN,core,
SALMON PINK FRESH,salmon,,fresh_live,TRUE,TRUE,,SALMON PINK FRESH,core,
CRUSTACEANS NSPF PREPARED/PRESERVED,unidentified_crustaceans,,prepared_other,FALSE,FALSE,,CRUSTACEANS NSPF PREPARED/PRESERVED,exclude,unidentified_crustaceans
CRABMEAT KING FROZEN,crab,,frozen,TRUE,TRUE,,CRABMEAT KING FROZEN,core,
MUSSELS FROZEN/DRIED/SALTED/BRINE,mussels,,frozen,TRUE,TRUE,,MUSSELS FROZEN/DRIED/SALTED/BRINE,core,
OCTOPUS NSPF PREPARED/PRESERVED,squid_octopus,,prepared_other,TRUE,TRUE,,OCTOPUS NSPF PREPARED/PRESERVED,core,
SALMONIDAE NSPF MEAT FRESH,salmon,,fresh_live,TRUE,TRUE,,SALMONIDAE NSPF MEAT FRESH,core,
CAVIAR SUBSTITUTE PREPARED/PRESERVED,caviar_misc,,prepared_other,FALSE,FALSE,,CAVIAR SUBSTITUTE PREPARED/PRESERVED,exclude,caviar_misc
STROMBOID CONCHS (STROMBUS SPP.) FROZEN,other_shellfish_specialty,,frozen,TRUE,FALSE,,STROMBOID CONCHS (STROMBUS SPP.) FROZEN,extended,
TUNA SKIPJACK FRESH,tuna,,fresh_live,TRUE,TRUE,,TUNA SKIPJACK FRESH,core,
SHRIMP WARM-WATER PEELED FROZEN WILD,shrimp,,frozen,TRUE,TRUE,,SHRIMP WARM-WATER PEELED FROZEN WILD,core,
CUTTLEFISH PREPARED/PRESERVED,squid_octopus,,prepared_other,TRUE,TRUE,,CUTTLEFISH PREPARED/PRESERVED,core,
LOBSTER NORWAY FROZEN,lobster,,frozen,TRUE,TRUE,,LOBSTER NORWAY FROZEN,core,
TROUT RAINBOW FRESH FARMED,trout,,fresh_live,TRUE,TRUE,,TROUT RAINBOW FRESH FARMED,core,
LOBSTER (HOMARUS SPP.) LIVE,lobster,,fresh_live,TRUE,TRUE,,LOBSTER (HOMARUS SPP.) LIVE,core,
SEA CUCUMBERS PREPARED/PRESERVED,sea_cucumber_urchin_other_inverts,,prepared_other,TRUE,FALSE,,SEA CUCUMBERS PREPARED/PRESERVED,extended,
SEA CUCUMBERS DRIED/SALTED/BRINE,sea_cucumber_urchin_other_inverts,,other,TRUE,FALSE,,SEA CUCUMBERS DRIED/SALTED/BRINE,extended,
FLATFISH NSPF FILLET FRESH,flatfish,,fillet,TRUE,TRUE,,FLATFISH NSPF FILLET FRESH,core,
FISH NSPF OTHER EDIBLE OFFAL FROZEN,broad_mixed_fish,,frozen,FALSE,FALSE,,FISH NSPF OTHER EDIBLE OFFAL FROZEN,exclude,broad_mixed_fish
HERRING SALTED,herring,,other,TRUE,TRUE,,HERRING SALTED,core,
FLATFISH SOLE (SOLEA SPP) FRESH,flatfish,,fresh_live,TRUE,TRUE,,FLATFISH SOLE (SOLEA SPP) FRESH,core,
AQUATIC INVERTEBRATES NSPF,broad_mixed_fish,,other,FALSE,FALSE,,AQUATIC INVERTEBRATES NSPF,exclude,broad_mixed_fish
HERRING SMOKED,herring,,other,TRUE,TRUE,,HERRING SMOKED,core,
FROG LEGS FRESH/FROZEN,other_shellfish_specialty,,fresh_live,TRUE,FALSE,,FROG LEGS FRESH/FROZEN,extended,
SEA BASS (DICENTRARCHUS SPP.) FRESH,reef_fish_other,,fresh_live,TRUE,FALSE,,SEA BASS (DICENTRARCHUS SPP.) FRESH,extended,
RAYS AND SKATES (RAJIDAE) FILLET FRESH,sharks_rays_skates,,fillet,TRUE,FALSE,,RAYS AND SKATES (RAJIDAE) FILLET FRESH,extended,
SNAIL OTHER THAN SEA SNAIL PREPARED/PRESERVED,other_shellfish_specialty,,prepared_other,TRUE,FALSE,,SNAIL OTHER THAN SEA SNAIL PREPARED/PRESERVED,extended,
SWORDFISH FRESH,swordfish,,fresh_live,TRUE,TRUE,,SWORDFISH FRESH,core,
FISH NSPF MEAT/MINCED FROZEN,broad_mixed_fish,,frozen,FALSE,FALSE,,FISH NSPF MEAT/MINCED FROZEN,exclude,broad_mixed_fish
GROUNDFISH COD NSPF DRIED,cod,,other,TRUE,TRUE,,GROUNDFISH COD NSPF DRIED,core,
CLAM NSPF FROZEN/DRIED/SALTED/BRINE,clams,,frozen,TRUE,TRUE,,CLAM NSPF FROZEN/DRIED/SALTED/BRINE,core,
MARINE FISH NSPF FILLET FRESH,broad_mixed_fish,,fillet,FALSE,FALSE,,MARINE FISH NSPF FILLET FRESH,exclude,broad_mixed_fish
MARINE FISH NSPF FILLET FROZEN,broad_mixed_fish,,fillet,FALSE,FALSE,,MARINE FISH NSPF FILLET FROZEN,exclude,broad_mixed_fish
HERRING PREPARED/PRESERVED,herring,,prepared_other,TRUE,TRUE,,HERRING PREPARED/PRESERVED,core,
SHRIMP FRESH/DRIED/SALTED/BRINE,shrimp,,fresh_live,TRUE,TRUE,,SHRIMP FRESH/DRIED/SALTED/BRINE,core,
FRESHWATER FISH NSPF FRESH,broad_mixed_fish,,fresh_live,FALSE,FALSE,,FRESHWATER FISH NSPF FRESH,exclude,broad_mixed_fish
TUNA YELLOWFIN EVISCERATED HEAD-OFF FROZEN,tuna,,frozen,TRUE,TRUE,,TUNA YELLOWFIN EVISCERATED HEAD-OFF FROZEN,core,
SQUID (LOLIGO PEALEI) FROZEN/DRIED/SALTED/BRINE,squid_octopus,,frozen,TRUE,TRUE,,SQUID (LOLIGO PEALEI) FROZEN/DRIED/SALTED/BRINE,core,
HERRING ROE CURED,herring,,roe,TRUE,TRUE,,HERRING ROE CURED,core,
GROUNDFISH POLLOCK ALASKA SURIMI,pollock,,surimi,TRUE,TRUE,,GROUNDFISH POLLOCK ALASKA SURIMI,core,
TOOTHFISH PATAGONIAN FROZEN,toothfish,,frozen,TRUE,FALSE,,TOOTHFISH PATAGONIAN FROZEN,extended,
SALMON SOCKEYE FRESH,salmon,,fresh_live,TRUE,TRUE,,SALMON SOCKEYE FRESH,core,
SNAPPER (LUTJANIDAE SPP.) FRESH,snapper_grouper,,fresh_live,TRUE,TRUE,,SNAPPER (LUTJANIDAE SPP.) FRESH,core,
"FISH NSPF LIVER,ROE FRESH",broad_mixed_fish,,fresh_live,FALSE,FALSE,,"FISH NSPF LIVER,ROE FRESH",exclude,broad_mixed_fish
FRESHWATER FISH NSPF FILLET FRESH,broad_mixed_fish,,fillet,FALSE,FALSE,,FRESHWATER FISH NSPF FILLET FRESH,exclude,broad_mixed_fish
TILAPIA NSPF FILLET FRESH,tilapia,,fillet,TRUE,TRUE,,TILAPIA NSPF FILLET FRESH,core,
FLATFISH FLOUNDER FILLET BLOCKS FROZEN > 4.5KG,flatfish,,fillet,TRUE,TRUE,,FLATFISH FLOUNDER FILLET BLOCKS FROZEN > 4.5KG,core,
SHARK FINS DRIED,sharks_rays_skates,,other,TRUE,FALSE,,SHARK FINS DRIED,extended,
AGAR AGAR,seaweed_algae,,other,FALSE,FALSE,,AGAR AGAR,exclude,seaweed_algae
FLATFISH FLOUNDER MEAT FRESH,flatfish,,fresh_live,TRUE,TRUE,,FLATFISH FLOUNDER MEAT FRESH,core,
TOOTHFISH NSPF FILLET FRESH,toothfish,,fillet,TRUE,FALSE,,TOOTHFISH NSPF FILLET FRESH,extended,
"STICKS,TYPE PRODUCTS NOT COATED NOT COOKED OF MINCED",mixed_prepared_products,,other,FALSE,FALSE,,"STICKS,TYPE PRODUCTS NOT COATED NOT COOKED OF MINCED",exclude,mixed_prepared_products
"STICKS,TYPE PRODUCTS COATED NOT COOKED OF MINCED",mixed_prepared_products,,other,FALSE,FALSE,,"STICKS,TYPE PRODUCTS COATED NOT COOKED OF MINCED",exclude,mixed_prepared_products
SHRIMP SHELL-ON FROZEN 15/20,shrimp,,frozen,TRUE,TRUE,,SHRIMP SHELL-ON FROZEN 15/20,core,
CRUSTACEANS NSPF DRIED/SALTED/BRINE,unidentified_crustaceans,,other,FALSE,FALSE,,CRUSTACEANS NSPF DRIED/SALTED/BRINE,exclude,unidentified_crustaceans
ANCHOVY SALTED > 6.8KG,small_pelagics_other,,other,TRUE,FALSE,,ANCHOVY SALTED > 6.8KG,extended,
SALMON CHINOOK FRESH,salmon,,fresh_live,TRUE,TRUE,,SALMON CHINOOK FRESH,core,
TROUT NSPF FILLET FRESH,trout,,fillet,TRUE,TRUE,,TROUT NSPF FILLET FRESH,core,
FRESHWATER FISH NSPF FILLET FROZEN,broad_mixed_fish,,fillet,FALSE,FALSE,,FRESHWATER FISH NSPF FILLET FROZEN,exclude,broad_mixed_fish
SHRIMP WARM-WATER SHELL-ON FROZEN FARMED 51/60,shrimp,,frozen,TRUE,TRUE,,SHRIMP WARM-WATER SHELL-ON FROZEN FARMED 51/60,core,
SHRIMP WARM-WATER SHELL-ON FROZEN FARMED 21/25,shrimp,,frozen,TRUE,TRUE,,SHRIMP WARM-WATER SHELL-ON FROZEN FARMED 21/25,core,
SHRIMP PEELED DRIED/SALTED/BRINE,shrimp,,other,TRUE,TRUE,,SHRIMP PEELED DRIED/SALTED/BRINE,core,
SHRIMP WARM-WATER SHELL-ON FROZEN WILD 21/25,shrimp,,frozen,TRUE,TRUE,,SHRIMP WARM-WATER SHELL-ON FROZEN WILD 21/25,core,
CRUSTACEANS NSPF PRODUCTS PREPARED DINNERS,unidentified_crustaceans,,prepared_other,FALSE,FALSE,,CRUSTACEANS NSPF PRODUCTS PREPARED DINNERS,exclude,unidentified_crustaceans
GROUNDFISH BLUE WHITING FROZEN,other_groundfish,,frozen,TRUE,TRUE,,GROUNDFISH BLUE WHITING FROZEN,core,
SMELTS NSPF FROZEN,inland_freshwater_other,,frozen,TRUE,FALSE,,SMELTS NSPF FROZEN,extended,
TROUT NSPF FILLET BLOCKS FROZEN > 4.5KG,trout,,fillet,TRUE,TRUE,,TROUT NSPF FILLET BLOCKS FROZEN > 4.5KG,core,
"STICKS,TYPE PRODUCTS NOT COATED NOT MINCED NOT > 7KG",mixed_prepared_products,,other,FALSE,FALSE,,"STICKS,TYPE PRODUCTS NOT COATED NOT MINCED NOT > 7KG",exclude,mixed_prepared_products
CRAB SOUTHERN RED SANTOLLA KING (LITHODES SANTOLLA)FROZEN,crab,,frozen,TRUE,TRUE,,CRAB SOUTHERN RED SANTOLLA KING (LITHODES SANTOLLA)FROZEN,core,
SHRIMP WARM-WATER SHELL-ON FROZEN WILD 26/30,shrimp,,frozen,TRUE,TRUE,,SHRIMP WARM-WATER SHELL-ON FROZEN WILD 26/30,core,
SHRIMP SHELL-ON DRIED/SALTED/BRINE,shrimp,,other,TRUE,TRUE,,SHRIMP SHELL-ON DRIED/SALTED/BRINE,core,
AQUATIC INVERTEBRATES NSPF PREPARED/PRESERVED,broad_mixed_fish,,prepared_other,FALSE,FALSE,,AQUATIC INVERTEBRATES NSPF PREPARED/PRESERVED,exclude,broad_mixed_fish
GROUNDFISH BLUE WHITING FRESH,other_groundfish,,fresh_live,TRUE,TRUE,,GROUNDFISH BLUE WHITING FRESH,core,
GROUNDFISH HAKE FILLET BLOCKS FROZEN > 4.5KG,other_groundfish,,fillet,TRUE,TRUE,,GROUNDFISH HAKE FILLET BLOCKS FROZEN > 4.5KG,core,
TROUT NSPF FRESH,trout,,fresh_live,TRUE,TRUE,,TROUT NSPF FRESH,core,
SHRIMP WARM-WATER SHELL-ON FROZEN WILD < 15,shrimp,,frozen,TRUE,TRUE,,SHRIMP WARM-WATER SHELL-ON FROZEN WILD < 15,core,
SHRIMP WARM-WATER SHELL-ON FROZEN FARMED < 15,shrimp,,frozen,TRUE,TRUE,,SHRIMP WARM-WATER SHELL-ON FROZEN FARMED < 15,core,
SHRIMP WARM-WATER SHELL-ON FROZEN FARMED 41/50,shrimp,,frozen,TRUE,TRUE,,SHRIMP WARM-WATER SHELL-ON FROZEN FARMED 41/50,core,
TOOTHFISH NSPF MEAT FROZEN > 6.8KG,toothfish,,frozen,TRUE,FALSE,,TOOTHFISH NSPF MEAT FROZEN > 6.8KG,extended,
FISH NSPF IN ATC IN OIL,broad_mixed_fish,,canned_packaged,FALSE,FALSE,,FISH NSPF IN ATC IN OIL,exclude,broad_mixed_fish
FLATFISH SOLE NSPF FILLET FROZEN,flatfish,,fillet,TRUE,TRUE,,FLATFISH SOLE NSPF FILLET FROZEN,core,
GROUNDFISH HAKE FILLET FRESH,other_groundfish,,fillet,TRUE,TRUE,,GROUNDFISH HAKE FILLET FRESH,core,
GROUNDFISH WHITING FILLET BLOCKS FROZEN > 4.5KG,other_groundfish,,fillet,TRUE,TRUE,,GROUNDFISH WHITING FILLET BLOCKS FROZEN > 4.5KG,core,
SNAPPER (LUTJANIDAE SPP.) FROZEN,snapper_grouper,,frozen,TRUE,TRUE,,SNAPPER (LUTJANIDAE SPP.) FROZEN,core,
SHRIMP BREADED FROZEN,shrimp,,frozen,TRUE,TRUE,,SHRIMP BREADED FROZEN,core,
FLATFISH NSPF FILLET BLOCKS FROZEN > 4.5KG,flatfish,,fillet,TRUE,TRUE,,FLATFISH NSPF FILLET BLOCKS FROZEN > 4.5KG,core,
FISH NSPF FILLET BLOCKS FROZEN > 4.5KG,broad_mixed_fish,,fillet,FALSE,FALSE,,FISH NSPF FILLET BLOCKS FROZEN > 4.5KG,exclude,broad_mixed_fish
CRAB GOLDEN/BROWN KING (LITHODES AEQUISPINUS) FROZEN,crab,,frozen,TRUE,TRUE,,CRAB GOLDEN/BROWN KING (LITHODES AEQUISPINUS) FROZEN,core,
"WAXES NSPF, MAY INCLUDE SPERMACETI",non_food_other,,other,FALSE,FALSE,,"WAXES NSPF, MAY INCLUDE SPERMACETI",exclude,non_food_other
FLATFISH FLOUNDER FILLET FROZEN,flatfish,,fillet,TRUE,TRUE,,FLATFISH FLOUNDER FILLET FROZEN,core,
SALMONIDAE NSPF FILLET FROZEN,salmon,,fillet,TRUE,TRUE,,SALMONIDAE NSPF FILLET FROZEN,core,
GROUNDFISH CUSK FROZEN,other_groundfish,,frozen,TRUE,TRUE,,GROUNDFISH CUSK FROZEN,core,
TOOTHFISH NSPF FROZEN,toothfish,,frozen,TRUE,FALSE,,TOOTHFISH NSPF FROZEN,extended,
TROUT NSPF FROZEN,trout,,frozen,TRUE,TRUE,,TROUT NSPF FROZEN,core,
"STICKS,TYPE PRODUCTS COATED NOT COOKED NOT IN OIL NOT MINCED",mixed_prepared_products,,meal_oil,FALSE,FALSE,,"STICKS,TYPE PRODUCTS COATED NOT COOKED NOT IN OIL NOT MINCED",exclude,mixed_prepared_products
SHRIMP WARM-WATER SHELL-ON FROZEN FARMED 15/20,shrimp,,frozen,TRUE,TRUE,,SHRIMP WARM-WATER SHELL-ON FROZEN FARMED 15/20,core,
SHRIMP WARM-WATER SHELL-ON FROZEN FARMED 26/30,shrimp,,frozen,TRUE,TRUE,,SHRIMP WARM-WATER SHELL-ON FROZEN FARMED 26/30,core,
SHRIMP WARM-WATER SHELL-ON FROZEN WILD 15/20,shrimp,,frozen,TRUE,TRUE,,SHRIMP WARM-WATER SHELL-ON FROZEN WILD 15/20,core,
SHRIMP SHELL-ON FROZEN 26/30,shrimp,,frozen,TRUE,TRUE,,SHRIMP SHELL-ON FROZEN 26/30,core,
SHRIMP WARM-WATER PEELED FROZEN FARMED,shrimp,,frozen,TRUE,TRUE,,SHRIMP WARM-WATER PEELED FROZEN FARMED,core,
FLATFISH FLOUNDER FILLET FRESH,flatfish,,fillet,TRUE,TRUE,,FLATFISH FLOUNDER FILLET FRESH,core,
GROUNDFISH NSPF FILLET FRESH,broad_mixed_fish,,fillet,FALSE,FALSE,,GROUNDFISH NSPF FILLET FRESH,exclude,broad_mixed_fish
GROUNDFISH NSPF FILLET BLOCKS FROZEN > 4.5KG,broad_mixed_fish,,fillet,FALSE,FALSE,,GROUNDFISH NSPF FILLET BLOCKS FROZEN > 4.5KG,exclude,broad_mixed_fish
"STICKS,TYPE PRODUCTS COATED COOKED OR IN OIL NOT MINCED",mixed_prepared_products,,meal_oil,FALSE,FALSE,,"STICKS,TYPE PRODUCTS COATED COOKED OR IN OIL NOT MINCED",exclude,mixed_prepared_products
SHRIMP COLD-WATER SHELL-ON FROZEN 51/60,shrimp,,frozen,TRUE,TRUE,,SHRIMP COLD-WATER SHELL-ON FROZEN 51/60,core,
FLATFISH FLOUNDER FROZEN,flatfish,,frozen,TRUE,TRUE,,FLATFISH FLOUNDER FROZEN,core,
SMELTS SEA FROZEN,inland_freshwater_other,,frozen,TRUE,FALSE,,SMELTS SEA FROZEN,extended,
MARINE FISH NSPF MEAT FRESH,broad_mixed_fish,,fresh_live,FALSE,FALSE,,MARINE FISH NSPF MEAT FRESH,exclude,broad_mixed_fish
WHITEFISH FROZEN,other_groundfish,,frozen,TRUE,TRUE,,WHITEFISH FROZEN,core,
MOLLUSCS NSPF FROZEN,unidentified_molluscs,,frozen,FALSE,FALSE,,MOLLUSCS NSPF FROZEN,exclude,unidentified_molluscs
"RAYS, SKATES FROZEN",sharks_rays_skates,,frozen,TRUE,FALSE,,"RAYS, SKATES FROZEN",extended,
SHRIMP COLD-WATER SHELL-ON FRESH,shrimp,,fresh_live,TRUE,TRUE,,SHRIMP COLD-WATER SHELL-ON FRESH,core,
SHRIMP SHELL-ON FROZEN 41/50,shrimp,,frozen,TRUE,TRUE,,SHRIMP SHELL-ON FROZEN 41/50,core,
CRUSTACEANS NSPF LIVE/FRESH/DRIED/SALTED/BRINE,unidentified_crustaceans,,fresh_live,FALSE,FALSE,,CRUSTACEANS NSPF LIVE/FRESH/DRIED/SALTED/BRINE,exclude,unidentified_crustaceans
DOGFISH AND OTHER SHARK MEAT FRESH,sharks_rays_skates,,fresh_live,TRUE,FALSE,,DOGFISH AND OTHER SHARK MEAT FRESH,extended,
SWORDFISH MEAT FRESH,swordfish,,fresh_live,TRUE,TRUE,,SWORDFISH MEAT FRESH,core,
SHRIMP SHELL-ON FROZEN 31/40,shrimp,,frozen,TRUE,TRUE,,SHRIMP SHELL-ON FROZEN 31/40,core,
GROUNDFISH CUSK FILLET FRESH,other_groundfish,,fillet,TRUE,TRUE,,GROUNDFISH CUSK FILLET FRESH,core,
ANCHOVY SALTED NOT IN ATC NOT > 6.8KG,small_pelagics_other,,canned_packaged,TRUE,FALSE,,ANCHOVY SALTED NOT IN ATC NOT > 6.8KG,extended,
SALMON ATLANTIC FILLET FROZEN,salmon,,fillet,TRUE,TRUE,,SALMON ATLANTIC FILLET FROZEN,core,
FISH NSPF OTHER EDIBLE OFFAL FRESH,broad_mixed_fish,,fresh_live,FALSE,FALSE,,FISH NSPF OTHER EDIBLE OFFAL FRESH,exclude,broad_mixed_fish
"STICKS,TYPE PRODUCTS COATED NOT COOKED NOT IN OIL OF MINCED",mixed_prepared_products,,meal_oil,FALSE,FALSE,,"STICKS,TYPE PRODUCTS COATED NOT COOKED NOT IN OIL OF MINCED",exclude,mixed_prepared_products
SHRIMP WARM-WATER PEELED FRESH/DRIED/SALTED/BRINE,shrimp,,fresh_live,TRUE,TRUE,,SHRIMP WARM-WATER PEELED FRESH/DRIED/SALTED/BRINE,core,
CUTTLEFISH FROZEN/DRIED/SALTED/BRINE,squid_octopus,,frozen,TRUE,TRUE,,CUTTLEFISH FROZEN/DRIED/SALTED/BRINE,core,
SALMON ATLANTIC FRESH FARMED,salmon,,fresh_live,TRUE,TRUE,,SALMON ATLANTIC FRESH FARMED,core,
BUTTERFISH FROZEN,small_pelagics_other,,frozen,TRUE,FALSE,,BUTTERFISH FROZEN,extended,
SHRIMP WARM-WATER SHELL-ON FROZEN WILD 31/40,shrimp,,frozen,TRUE,TRUE,,SHRIMP WARM-WATER SHELL-ON FROZEN WILD 31/40,core,
ANALOG PRODUCT CONTAINING SHELLFISH,mixed_prepared_products,,other,FALSE,FALSE,,ANALOG PRODUCT CONTAINING SHELLFISH,exclude,mixed_prepared_products
GROUNDFISH NSPF SURIMI,broad_mixed_fish,,surimi,FALSE,FALSE,,GROUNDFISH NSPF SURIMI,exclude,broad_mixed_fish
TOOTHFISH NSPF FRESH,toothfish,,fresh_live,TRUE,FALSE,,TOOTHFISH NSPF FRESH,extended,
FLATFISH PLAICE FILLET FRESH,flatfish,,fillet,TRUE,TRUE,,FLATFISH PLAICE FILLET FRESH,core,
"CARP,CATFISH,EELS,NILE PERCH,SNAKEHEAD,TILAPIA FILLET DRIED/SALTED/BRINE",tilapia,,fillet,TRUE,TRUE,,"CARP,CATFISH,EELS,NILE PERCH,SNAKEHEAD,TILAPIA FILLET DRIED/SALTED/BRINE",core,
CRAB RED KING (PARALITHODES CAMTSCHATICUS) FROZEN,crab,,frozen,TRUE,TRUE,,CRAB RED KING (PARALITHODES CAMTSCHATICUS) FROZEN,core,
SHRIMP WARM-WATER SHELL-ON FRESH/DRIED/SALTED/BRINE,shrimp,,fresh_live,TRUE,TRUE,,SHRIMP WARM-WATER SHELL-ON FRESH/DRIED/SALTED/BRINE,core,
MONKFISH FROZEN,other_groundfish,,frozen,TRUE,TRUE,,MONKFISH FROZEN,core,
CRAWFISH FRESHWATER FROZEN,crawfish_freshwater,,fresh_live,TRUE,FALSE,,CRAWFISH FRESHWATER FROZEN,extended,
"CETACEA,SIRENIA,PINNIPEDIA MEAT FRESH/FROZEN",non_food_other,,fresh_live,FALSE,FALSE,,"CETACEA,SIRENIA,PINNIPEDIA MEAT FRESH/FROZEN",exclude,non_food_other
SHRIMP WARM-WATER SHELL-ON FROZEN FARMED 31/40,shrimp,,frozen,TRUE,TRUE,,SHRIMP WARM-WATER SHELL-ON FROZEN FARMED 31/40,core,
"PERCH,PIKE PERCH,YELLOW PIKE FROZEN",inland_freshwater_other,,frozen,TRUE,FALSE,,"PERCH,PIKE PERCH,YELLOW PIKE FROZEN",extended,
SHRIMP WARM-WATER SHELL-ON FROZEN WILD 51/60,shrimp,,frozen,TRUE,TRUE,,SHRIMP WARM-WATER SHELL-ON FROZEN WILD 51/60,core,
HERRING FILLET DRIED/SALTED/BRINE > 6.8KG,herring,,fillet,TRUE,TRUE,,HERRING FILLET DRIED/SALTED/BRINE > 6.8KG,core,
"STICKS,TYPE PRODUCTS COATED COOKED/FROZEN OF MINCED",mixed_prepared_products,,frozen,FALSE,FALSE,,"STICKS,TYPE PRODUCTS COATED COOKED/FROZEN OF MINCED",exclude,mixed_prepared_products
MULLET FROZEN,large_pelagics_other,,frozen,TRUE,FALSE,,MULLET FROZEN,extended,
FISH NSPF FERTILIZED EGGS,broad_mixed_fish,,other,FALSE,FALSE,,FISH NSPF FERTILIZED EGGS,exclude,broad_mixed_fish
CRABMEAT SNOW (OPILIO) IN ATC,crab,,canned_packaged,TRUE,TRUE,,CRABMEAT SNOW (OPILIO) IN ATC,core,
GROUPER FROZEN,snapper_grouper,,frozen,TRUE,TRUE,,GROUPER FROZEN,core,
SHRIMP WARM-WATER SHELL-ON FROZEN WILD 41/50,shrimp,,frozen,TRUE,TRUE,,SHRIMP WARM-WATER SHELL-ON FROZEN WILD 41/50,core,
GROUNDFISH HAKE FRESH,other_groundfish,,fresh_live,TRUE,TRUE,,GROUNDFISH HAKE FRESH,core,
"FLATFISH HALIBUT,GREENLAND TURBOT FRESH",halibut,,fresh_live,TRUE,TRUE,,"FLATFISH HALIBUT,GREENLAND TURBOT FRESH",core,
CLAM NSPF BOILED CANNED WHETHER OR NOT MINCED/CHOP > 0.68KG,clams,,canned_packaged,TRUE,TRUE,,CLAM NSPF BOILED CANNED WHETHER OR NOT MINCED/CHOP > 0.68KG,core,
SABLEFISH FRESH,sablefish,,fresh_live,TRUE,TRUE,,SABLEFISH FRESH,core,
MUSSELS DRIED/SALTED/BRINE,mussels,,other,TRUE,TRUE,,MUSSELS DRIED/SALTED/BRINE,core,
GROUNDFISH HADDOCK FRESH,other_groundfish,,fresh_live,TRUE,TRUE,,GROUNDFISH HADDOCK FRESH,core,
CRAB KING OTHER FROZEN,crab,,frozen,TRUE,TRUE,,CRAB KING OTHER FROZEN,core,
FLATFISH FLOUNDER FRESH,flatfish,,fresh_live,TRUE,TRUE,,FLATFISH FLOUNDER FRESH,core,
EELS PREPARED/PRESERVED,eel_sturgeon_shad,,prepared_other,TRUE,FALSE,,EELS PREPARED/PRESERVED,extended,
SEA BASS (DICENTRARCHUS SPP.) FRESH NOT > 6.8KG,reef_fish_other,,fresh_live,TRUE,FALSE,,SEA BASS (DICENTRARCHUS SPP.) FRESH NOT > 6.8KG,extended,
WHITEFISH MEAT FROZEN > 6.8KG,other_groundfish,,frozen,TRUE,TRUE,,WHITEFISH MEAT FROZEN > 6.8KG,core,
LINGCOD FRESH,other_groundfish,,fresh_live,TRUE,TRUE,,LINGCOD FRESH,core,
FRESHWATER FISH NSPF MEAT FROZEN NOT > 6.8KG,broad_mixed_fish,,fresh_live,FALSE,FALSE,,FRESHWATER FISH NSPF MEAT FROZEN NOT > 6.8KG,exclude,broad_mixed_fish
GROUNDFISH HAKE (UROPHYCIS SPP.) FILLET FRESH,other_groundfish,,fillet,TRUE,TRUE,,GROUNDFISH HAKE (UROPHYCIS SPP.) FILLET FRESH,core,
FISH NSPF SCALED/EVISCERATED NOT > 6.8KG FRESH/FROZEN,broad_mixed_fish,,fresh_live,FALSE,FALSE,,FISH NSPF SCALED/EVISCERATED NOT > 6.8KG FRESH/FROZEN,exclude,broad_mixed_fish
SQUID NSPF FRESH/FROZEN,squid_octopus,,fresh_live,TRUE,TRUE,,SQUID NSPF FRESH/FROZEN,core,
FISH NSPF NOT IN OIL MINCED NOT > 6.8KG,broad_mixed_fish,,meal_oil,FALSE,FALSE,,FISH NSPF NOT IN OIL MINCED NOT > 6.8KG,exclude,broad_mixed_fish
SALMON NSPF ROE,salmon,,roe,TRUE,TRUE,,SALMON NSPF ROE,core,
SEAWEED NSPF CRUDE/GROUND/PULVERIZED,seaweed_algae,,other,FALSE,FALSE,,SEAWEED NSPF CRUDE/GROUND/PULVERIZED,exclude,seaweed_algae
SALMON NSPF FROZEN,salmon,,frozen,TRUE,TRUE,,SALMON NSPF FROZEN,core,
FRESHWATER FISH NSPF FILLET FRESH/FROZEN,broad_mixed_fish,,fillet,FALSE,FALSE,,FRESHWATER FISH NSPF FILLET FRESH/FROZEN,exclude,broad_mixed_fish
SHRIMP SHELL-ON FROZEN,shrimp,,frozen,TRUE,TRUE,,SHRIMP SHELL-ON FROZEN,core,
TUNA NSPF FRESH/FROZEN,tuna,,fresh_live,TRUE,TRUE,,TUNA NSPF FRESH/FROZEN,core,
LOBSTER ROCK TAILS FRESH/FROZEN,lobster,,fresh_live,TRUE,TRUE,,LOBSTER ROCK TAILS FRESH/FROZEN,core,
FLATFISH TURBOT NSPF FILLET FROZEN,flatfish,,fillet,TRUE,TRUE,,FLATFISH TURBOT NSPF FILLET FROZEN,core,
MARINE FISH NSPF FRESH/FROZEN,broad_mixed_fish,,fresh_live,FALSE,FALSE,,MARINE FISH NSPF FRESH/FROZEN,exclude,broad_mixed_fish
FISH NSPF NOT IN OIL MINCED > 6.8KG,broad_mixed_fish,,meal_oil,FALSE,FALSE,,FISH NSPF NOT IN OIL MINCED > 6.8KG,exclude,broad_mixed_fish
SCALLOPS FRESH/FROZEN,scallops,,fresh_live,TRUE,TRUE,,SCALLOPS FRESH/FROZEN,core,
FISH NSPF CANNED IN OIL,broad_mixed_fish,,canned_packaged,FALSE,FALSE,,FISH NSPF CANNED IN OIL,exclude,broad_mixed_fish
MARINE ANIMAL NSPF OIL/FRACTIONS,non_food_other,,meal_oil,FALSE,FALSE,,MARINE ANIMAL NSPF OIL/FRACTIONS,exclude,non_food_other
"GROUNDFISH COD,CUSK,HADDOCK,HAKE,POLLOCK SALTED WHOLE/DRESS",pollock,,other,TRUE,TRUE,,"GROUNDFISH COD,CUSK,HADDOCK,HAKE,POLLOCK SALTED WHOLE/DRESS",core,
TROUT NSPF FRESH/FROZEN,trout,,fresh_live,TRUE,TRUE,,TROUT NSPF FRESH/FROZEN,core,
FISH NSPF ROE,broad_mixed_fish,,roe,FALSE,FALSE,,FISH NSPF ROE,exclude,broad_mixed_fish
SHELLS MARINE CRUDE,non_food_other,,other,FALSE,FALSE,,SHELLS MARINE CRUDE,exclude,non_food_other
ANCHOVY CANNED IN OIL IN QUOTA,small_pelagics_other,,canned_packaged,TRUE,FALSE,,ANCHOVY CANNED IN OIL IN QUOTA,extended,
SHELLFISH NSPF FRESH/FROZEN,unidentified_shellfish,,fresh_live,FALSE,FALSE,,SHELLFISH NSPF FRESH/FROZEN,exclude,unidentified_shellfish
"GROUNDFISH CUSK,HADDOCK,HAKE,POLLOCK FROZEN",pollock,,frozen,TRUE,TRUE,,"GROUNDFISH CUSK,HADDOCK,HAKE,POLLOCK FROZEN",core,
MACKEREL CANNED NOT IN OIL,mackerel,,canned_packaged,TRUE,TRUE,,MACKEREL CANNED NOT IN OIL,core,
"FISH BALLS,CAKES,PUDDING,PASTES,SAUCES FRESH/FROZEN",mixed_prepared_products,,fresh_live,FALSE,FALSE,,"FISH BALLS,CAKES,PUDDING,PASTES,SAUCES FRESH/FROZEN",exclude,mixed_prepared_products
GROUNDFISH OCEAN PERCH ATLANTIC FROZEN,other_groundfish,,frozen,TRUE,TRUE,,GROUNDFISH OCEAN PERCH ATLANTIC FROZEN,core,
SHRIMP PEELED OTHER FRESH/FROZEN,shrimp,,fresh_live,TRUE,TRUE,,SHRIMP PEELED OTHER FRESH/FROZEN,core,
GROUNDFISH POLLOCK NSPF FILLET BLOCKS FROZEN > 4.5KG,pollock,,fillet,TRUE,TRUE,,GROUNDFISH POLLOCK NSPF FILLET BLOCKS FROZEN > 4.5KG,core,
TUNA ALBACORE FRESH/FROZEN,tuna,,fresh_live,TRUE,TRUE,,TUNA ALBACORE FRESH/FROZEN,core,
SALMON NSPF FILLET FRESH/FROZEN,salmon,,fillet,TRUE,TRUE,,SALMON NSPF FILLET FRESH/FROZEN,core,
SALMON NSPF FILLET/STEAK/PORTION FRESH/FROZEN,salmon,,fillet,TRUE,TRUE,,SALMON NSPF FILLET/STEAK/PORTION FRESH/FROZEN,core,
SEAWEED CARAGEENAN CRUDE/GROUND/PULVERIZED,seaweed_algae,,other,FALSE,FALSE,,SEAWEED CARAGEENAN CRUDE/GROUND/PULVERIZED,exclude,seaweed_algae
LOBSTER NSPF FRESH/FROZEN,lobster,,fresh_live,TRUE,TRUE,,LOBSTER NSPF FRESH/FROZEN,core,
GROUNDFISH HADDOCK FILLET BLOCKS FROZEN > 4.5KG,other_groundfish,,fillet,TRUE,TRUE,,GROUNDFISH HADDOCK FILLET BLOCKS FROZEN > 4.5KG,core,
TURTLES LIVE,non_food_other,,fresh_live,FALSE,FALSE,,TURTLES LIVE,exclude,non_food_other
CRABMEAT NSPF FRESH/FROZEN,crab,,fresh_live,TRUE,TRUE,,CRABMEAT NSPF FRESH/FROZEN,core,
FISH NSPF NOT IN OIL NOT > 6.8KG,broad_mixed_fish,,meal_oil,FALSE,FALSE,,FISH NSPF NOT IN OIL NOT > 6.8KG,exclude,broad_mixed_fish
GROUNDFISH COD NSPF FILLET BLOCKS FROZEN > 4.5KG,cod,,fillet,TRUE,TRUE,,GROUNDFISH COD NSPF FILLET BLOCKS FROZEN > 4.5KG,core,
CAVIAR SUBSTITUTE OTHER PREPARATIONS,caviar_misc,,prepared_other,FALSE,FALSE,,CAVIAR SUBSTITUTE OTHER PREPARATIONS,exclude,caviar_misc
FISH NSPF DRIED/SALTED/SMOKED/KIPPERED,broad_mixed_fish,,other,FALSE,FALSE,,FISH NSPF DRIED/SALTED/SMOKED/KIPPERED,exclude,broad_mixed_fish
CATFISH NSPF FILLET FRESH/FROZEN,catfish_other,,fillet,TRUE,FALSE,,CATFISH NSPF FILLET FRESH/FROZEN,extended,
SARDINE CANNED IN OIL NOT SMOKED NOT SKIN/BONED VALUE > $0.66/KG,small_pelagics_other,,canned_packaged,TRUE,FALSE,,SARDINE CANNED IN OIL NOT SMOKED NOT SKIN/BONED VALUE > $0.66/KG,extended,
WHALE SPERM OIL/FRACTIONS,non_food_other,,meal_oil,FALSE,FALSE,,WHALE SPERM OIL/FRACTIONS,exclude,non_food_other
"GROUNDFISH CUSK,HADDOCK,HAKE,POLLOCK FILLET FROZEN > QUOTA",pollock,,fillet,TRUE,TRUE,,"GROUNDFISH CUSK,HADDOCK,HAKE,POLLOCK FILLET FROZEN > QUOTA",core,
CRABMEAT NSPF CANNED INCLUDES PASTES/SAUCES,crab,,canned_packaged,TRUE,TRUE,,CRABMEAT NSPF CANNED INCLUDES PASTES/SAUCES,core,
GROUNDFISH OCEAN PERCH ATLANTIC FILLET BLOCKS FROZEN > 4.5KG,other_groundfish,,fillet,TRUE,TRUE,,GROUNDFISH OCEAN PERCH ATLANTIC FILLET BLOCKS FROZEN > 4.5KG,core,
CRABMEAT SNOW CANNED,crab,,canned_packaged,TRUE,TRUE,,CRABMEAT SNOW CANNED,core,
SARDINE CANNED OTHER NOT IN OIL NOT > 7KG,small_pelagics_other,,canned_packaged,TRUE,FALSE,,SARDINE CANNED OTHER NOT IN OIL NOT > 7KG,extended,
FISH NSPF SALTED NOT > 6.8KG,broad_mixed_fish,,other,FALSE,FALSE,,FISH NSPF SALTED NOT > 6.8KG,exclude,broad_mixed_fish
FISH NSPF NOT IN OIL NOT MINCED > 6.8KG,broad_mixed_fish,,meal_oil,FALSE,FALSE,,FISH NSPF NOT IN OIL NOT MINCED > 6.8KG,exclude,broad_mixed_fish
FISH SCALES CRUDE,non_food_other,,other,FALSE,FALSE,,FISH SCALES CRUDE,exclude,non_food_other
TUNA NSPF IN ATC (OTHER) NOT IN OIL OVER QUOTA,tuna,,canned_packaged,TRUE,TRUE,,TUNA NSPF IN ATC (OTHER) NOT IN OIL OVER QUOTA,core,
CRABMEAT NSPF CANNED,crab,,canned_packaged,TRUE,TRUE,,CRABMEAT NSPF CANNED,core,
GROUNDFISH COD NSPF FILLET FRESH,cod,,fillet,TRUE,TRUE,,GROUNDFISH COD NSPF FILLET FRESH,core,
"GROUNDFISH CUSK,HADDOCK,HAKE,POLLOCK SALTED PROCESSED",pollock,,other,TRUE,TRUE,,"GROUNDFISH CUSK,HADDOCK,HAKE,POLLOCK SALTED PROCESSED",core,
"GROUNDFISH CUSK,HADDOCK,HAKE,POLLOCK FILLET FROZEN",pollock,,fillet,TRUE,TRUE,,"GROUNDFISH CUSK,HADDOCK,HAKE,POLLOCK FILLET FROZEN",core,
"STICKS,TYPE PRODUCTS COATED NOT COOK NOT IN OIL NOT MINCED",mixed_prepared_products,,meal_oil,FALSE,FALSE,,"STICKS,TYPE PRODUCTS COATED NOT COOK NOT IN OIL NOT MINCED",exclude,mixed_prepared_products
SALMON NSPF FRESH/FROZEN,salmon,,fresh_live,TRUE,TRUE,,SALMON NSPF FRESH/FROZEN,core,
"EELS,SHAD,STURGEON FRESH/FROZEN",eel_sturgeon_shad,,fresh_live,TRUE,FALSE,,"EELS,SHAD,STURGEON FRESH/FROZEN",extended,
FLATFISH HALIBUT NSPF FILLET FRESH/FROZEN,halibut,,fillet,TRUE,TRUE,,FLATFISH HALIBUT NSPF FILLET FRESH/FROZEN,core,
GROUNDFISH OCEAN PERCH ATLANTIC FRESH/FROZEN,other_groundfish,,fresh_live,TRUE,TRUE,,GROUNDFISH OCEAN PERCH ATLANTIC FRESH/FROZEN,core,
FISH SOUNDS,non_food_other,,other,FALSE,FALSE,,FISH SOUNDS,exclude,non_food_other
CRAB NSPF FRESH/FROZEN,crab,,fresh_live,TRUE,TRUE,,CRAB NSPF FRESH/FROZEN,core,
"PIKE,PICKEREL,PIKE PERCH,YELLOW PIKE FILLET FROZEN",inland_freshwater_other,,fillet,TRUE,FALSE,,"PIKE,PICKEREL,PIKE PERCH,YELLOW PIKE FILLET FROZEN",extended,
FISH NSPF MEAT/MINCED FROZEN > 6.8KG,broad_mixed_fish,,frozen,FALSE,FALSE,,FISH NSPF MEAT/MINCED FROZEN > 6.8KG,exclude,broad_mixed_fish
"FISH PASTES,SAUCES CANNED",mixed_prepared_products,,canned_packaged,FALSE,FALSE,,"FISH PASTES,SAUCES CANNED",exclude,mixed_prepared_products
GROUNDFISH OCEAN PERCH ATLANTIC FRESH,other_groundfish,,fresh_live,TRUE,TRUE,,GROUNDFISH OCEAN PERCH ATLANTIC FRESH,core,
"BONITO,YELLOWTAIL CANNED IN OIL",small_pelagics_other,,canned_packaged,TRUE,FALSE,,"BONITO,YELLOWTAIL CANNED IN OIL",extended,
WOLFFISH FILLET FRESH/FROZEN,other_groundfish,,fillet,TRUE,TRUE,,WOLFFISH FILLET FRESH/FROZEN,core,
OYSTERS FRESH/FROZEN,oysters,,fresh_live,TRUE,TRUE,,OYSTERS FRESH/FROZEN,core,
SHRIMP PEELED CANNED,shrimp,,canned_packaged,TRUE,TRUE,,SHRIMP PEELED CANNED,core,
SARDINE CANNED IN OIL NOT SMOKED NOT SKIN/BONED BET $0.51 - $0.66/KG,small_pelagics_other,,canned_packaged,TRUE,FALSE,,SARDINE CANNED IN OIL NOT SMOKED NOT SKIN/BONED BET $0.51 - $0.66/KG,extended,
ANCHOVY CANNED IN OIL > QUOTA,small_pelagics_other,,canned_packaged,TRUE,FALSE,,ANCHOVY CANNED IN OIL > QUOTA,extended,
ABALONE FRESH/FROZEN/CANNED,other_shellfish_specialty,,canned_packaged,TRUE,FALSE,,ABALONE FRESH/FROZEN/CANNED,extended,
GROUNDFISH OCEAN PERCH ATLANTIC FILLET FRESH/FROZEN > QUOTA,other_groundfish,,fillet,TRUE,TRUE,,GROUNDFISH OCEAN PERCH ATLANTIC FILLET FRESH/FROZEN > QUOTA,core,
"SEAWEED,MARINE PLANTS FOR EDIBLE USE",seaweed_algae,,other,FALSE,FALSE,,"SEAWEED,MARINE PLANTS FOR EDIBLE USE",exclude,seaweed_algae
SALMON NSPF CANNED,salmon,,canned_packaged,TRUE,TRUE,,SALMON NSPF CANNED,core,
SALMON CHINOOK FRESH/FROZEN,salmon,,fresh_live,TRUE,TRUE,,SALMON CHINOOK FRESH/FROZEN,core,
"GROUNDFISH COD,CUSK,HADDOCK,HAKE,POLLOCK DRIED",pollock,,other,TRUE,TRUE,,"GROUNDFISH COD,CUSK,HADDOCK,HAKE,POLLOCK DRIED",core,
GROUNDFISH COD NSPF FILLET FROZEN > QUOTA,cod,,fillet,TRUE,TRUE,,GROUNDFISH COD NSPF FILLET FROZEN > QUOTA,core,
FISH NSPF SALTED > 6.8KG,broad_mixed_fish,,other,FALSE,FALSE,,FISH NSPF SALTED > 6.8KG,exclude,broad_mixed_fish
"GROUNDFISH CUSK,HADDOCK,HAKE,POLLOCK FRESH",pollock,,fresh_live,TRUE,TRUE,,"GROUNDFISH CUSK,HADDOCK,HAKE,POLLOCK FRESH",core,
"GROUNDFISH CUSK,HADDOCK,HAKE,POLLOCK FILLET FRESH > QUOTA",pollock,,fillet,TRUE,TRUE,,"GROUNDFISH CUSK,HADDOCK,HAKE,POLLOCK FILLET FRESH > QUOTA",core,
YELLOW PERCH FILLET FROZEN,inland_freshwater_other,,fillet,TRUE,FALSE,,YELLOW PERCH FILLET FROZEN,extended,
"GROUNDFISH CUSK,HAKE,POLLOCK FRESH",pollock,,fresh_live,TRUE,TRUE,,"GROUNDFISH CUSK,HAKE,POLLOCK FRESH",core,
WHITEFISH FRESH,other_groundfish,,fresh_live,TRUE,TRUE,,WHITEFISH FRESH,core,
"GROUNDFISH COD,CUSK,EELS,HADDOCK,HAKE,POLLOCK,SHAD FRESH/FROZEN",pollock,,fresh_live,TRUE,TRUE,,"GROUNDFISH COD,CUSK,EELS,HADDOCK,HAKE,POLLOCK,SHAD FRESH/FROZEN",core,
"FISH BALLS,CAKES,PUDDING NOT IN ATC NOT IN OIL NOT > 6.8KG",mixed_prepared_products,,canned_packaged,FALSE,FALSE,,"FISH BALLS,CAKES,PUDDING NOT IN ATC NOT IN OIL NOT > 6.8KG",exclude,mixed_prepared_products
FISH NSPF PREPARED/PRESERVED IN OIL,broad_mixed_fish,,meal_oil,FALSE,FALSE,,FISH NSPF PREPARED/PRESERVED IN OIL,exclude,broad_mixed_fish
FROG MEAT PREPARED/PRESERVED,other_shellfish_specialty,,prepared_other,TRUE,FALSE,,FROG MEAT PREPARED/PRESERVED,extended,
SHRIMP SHELL-ON FRESH/DRIED/SALTED/BRINE,shrimp,,fresh_live,TRUE,TRUE,,SHRIMP SHELL-ON FRESH/DRIED/SALTED/BRINE,core,
FISH NSPF ROE FRESH/FROZEN,broad_mixed_fish,,fresh_live,FALSE,FALSE,,FISH NSPF ROE FRESH/FROZEN,exclude,broad_mixed_fish
"GROUNDFISH COD,CUSK,HADDOCK,HAKE,POLLOCK SMOKED WHOLE/PROCESSED",pollock,,other,TRUE,TRUE,,"GROUNDFISH COD,CUSK,HADDOCK,HAKE,POLLOCK SMOKED WHOLE/PROCESSED",core,
GROUNDFISH COD NSPF FILLET FRESH > QUOTA,cod,,fillet,TRUE,TRUE,,GROUNDFISH COD NSPF FILLET FRESH > QUOTA,core,
"GROUNDFISH CUSK,HADDOCK,HAKE,POLLOCK FILLET FRESH/FROZEN IN QUOTA",pollock,,fillet,TRUE,TRUE,,"GROUNDFISH CUSK,HADDOCK,HAKE,POLLOCK FILLET FRESH/FROZEN IN QUOTA",core,
YELLOW PERCH FILLET FRESH,inland_freshwater_other,,fillet,TRUE,FALSE,,YELLOW PERCH FILLET FRESH,extended,
"FISH BALLS,CAKES,PUDDING CANNED NOT IN OIL NOT > 6.8KG",mixed_prepared_products,,canned_packaged,FALSE,FALSE,,"FISH BALLS,CAKES,PUDDING CANNED NOT IN OIL NOT > 6.8KG",exclude,mixed_prepared_products
SEAWEED CARAGEENAN,seaweed_algae,,other,FALSE,FALSE,,SEAWEED CARAGEENAN,exclude,seaweed_algae
"FISH,WHALE PRODUCTS UNFIT FOR HUMAN CONSUMPTION",non_food_other,,other,FALSE,FALSE,,"FISH,WHALE PRODUCTS UNFIT FOR HUMAN CONSUMPTION",exclude,non_food_other
GROUNDFISH HAKE (UROPHYCIS SPP.) FILLET FROZEN,other_groundfish,,fillet,TRUE,TRUE,,GROUNDFISH HAKE (UROPHYCIS SPP.) FILLET FROZEN,core,
SALMON CHUM CANNED NOT IN OIL,salmon,,canned_packaged,TRUE,TRUE,,SALMON CHUM CANNED NOT IN OIL,core,
ANCHOVY SALTED,small_pelagics_other,,other,TRUE,FALSE,,ANCHOVY SALTED,extended,
MARINE FISH NSPF MEAT FROZEN > 6.8KG,broad_mixed_fish,,frozen,FALSE,FALSE,,MARINE FISH NSPF MEAT FROZEN > 6.8KG,exclude,broad_mixed_fish
"FISH BALLS,CAKES,PUDDING NOT IN ATC NOT IN OIL > 6.8KG",mixed_prepared_products,,canned_packaged,FALSE,FALSE,,"FISH BALLS,CAKES,PUDDING NOT IN ATC NOT IN OIL > 6.8KG",exclude,mixed_prepared_products
TUNA NSPF NOT IN A.T.C. NOT IN OIL NOT > 6.8KG,tuna,,meal_oil,TRUE,TRUE,,TUNA NSPF NOT IN A.T.C. NOT IN OIL NOT > 6.8KG,core,
FLATFISH TURBOT GREENLAND FILLET FROZEN,flatfish,,fillet,TRUE,TRUE,,FLATFISH TURBOT GREENLAND FILLET FROZEN,core,
DOLPHINFISH FILLET FROZEN,large_pelagics_other,,fillet,TRUE,FALSE,,DOLPHINFISH FILLET FROZEN,extended,
MARINE FISH NSPF MEAT FROZEN NOT > 6.8 KG,broad_mixed_fish,,frozen,FALSE,FALSE,,MARINE FISH NSPF MEAT FROZEN NOT > 6.8 KG,exclude,broad_mixed_fish
TOOTHFISH PATAGONIAN FILLET FROZEN,toothfish,,fillet,TRUE,FALSE,,TOOTHFISH PATAGONIAN FILLET FROZEN,extended,
"CAVIAR,CAVIAR SUBSTITUTE PREPARED/PRESERVED",caviar_misc,,prepared_other,FALSE,FALSE,,"CAVIAR,CAVIAR SUBSTITUTE PREPARED/PRESERVED",exclude,caviar_misc
ORANGE ROUGHY FILLET FROZEN,other_groundfish,,fillet,TRUE,TRUE,,ORANGE ROUGHY FILLET FROZEN,core,
ABALONE FROZEN/DRIED/SALTED/BRINE,other_shellfish_specialty,,frozen,TRUE,FALSE,,ABALONE FROZEN/DRIED/SALTED/BRINE,extended,
GROUNDFISH POLLOCK NSPF SALTED WHOLE/DRESSED,pollock,,other,TRUE,TRUE,,GROUNDFISH POLLOCK NSPF SALTED WHOLE/DRESSED,core,
TOOTHFISH ANTARCTIC FROZEN,toothfish,,frozen,TRUE,FALSE,,TOOTHFISH ANTARCTIC FROZEN,extended,
GROUNDFISH OCEAN PERCH NSPF FRESH,other_groundfish,,fresh_live,TRUE,TRUE,,GROUNDFISH OCEAN PERCH NSPF FRESH,core,
BONITO CANNED NOT IN OIL,small_pelagics_other,,canned_packaged,TRUE,FALSE,,BONITO CANNED NOT IN OIL,extended,
SALMON ATLANTIC FILLET FRESH FARMED,salmon,,fillet,TRUE,TRUE,,SALMON ATLANTIC FILLET FRESH FARMED,core,
GROUNDFISH OCEAN PERCH ATLANTIC FILLET FROZEN,other_groundfish,,fillet,TRUE,TRUE,,GROUNDFISH OCEAN PERCH ATLANTIC FILLET FROZEN,core,
TOOTHFISH ANTARCTIC FILLET FROZEN,toothfish,,fillet,TRUE,FALSE,,TOOTHFISH ANTARCTIC FILLET FROZEN,extended,
"FISH BALLS,CAKES,PUDDING PREPARED/PRESERVED",mixed_prepared_products,,prepared_other,FALSE,FALSE,,"FISH BALLS,CAKES,PUDDING PREPARED/PRESERVED",exclude,mixed_prepared_products
GROUNDFISH COD NSPF FILLET DRIED/SALTED/BRINE > 6.8KG,cod,,fillet,TRUE,TRUE,,GROUNDFISH COD NSPF FILLET DRIED/SALTED/BRINE > 6.8KG,core,
FLATFISH SOLE FILLET FROZEN,flatfish,,fillet,TRUE,TRUE,,FLATFISH SOLE FILLET FROZEN,core,
CRABMEAT SNOW (OPILIO) FROZEN,crab,,frozen,TRUE,TRUE,,CRABMEAT SNOW (OPILIO) FROZEN,core,
GROUNDFISH COD NSPF MINCED FROZEN > 6.8KG,cod,,frozen,TRUE,TRUE,,GROUNDFISH COD NSPF MINCED FROZEN > 6.8KG,core,
TOOTHFISH PATAGONIAN FRESH,toothfish,,fresh_live,TRUE,FALSE,,TOOTHFISH PATAGONIAN FRESH,extended,
CLAM NSPF LIVE/FRESH,clams,,fresh_live,TRUE,TRUE,,CLAM NSPF LIVE/FRESH,core,
"PIKE PERCH,YELLOW PIKE FILLET FROZEN",inland_freshwater_other,,fillet,TRUE,FALSE,,"PIKE PERCH,YELLOW PIKE FILLET FROZEN",extended,
FISH NSPF IN ATC NOT IN OIL,broad_mixed_fish,,canned_packaged,FALSE,FALSE,,FISH NSPF IN ATC NOT IN OIL,exclude,broad_mixed_fish
GROUNDFISH POLLOCK NSPF MEAT FROZEN > 6.8KG,pollock,,frozen,TRUE,TRUE,,GROUNDFISH POLLOCK NSPF MEAT FROZEN > 6.8KG,core,
FRESHWATER FISH NSPF MEAT FROZEN > 6.8KG,broad_mixed_fish,,fresh_live,FALSE,FALSE,,FRESHWATER FISH NSPF MEAT FROZEN > 6.8KG,exclude,broad_mixed_fish
GROUNDFISH OCEAN PERCH NSPF FROZEN,other_groundfish,,frozen,TRUE,TRUE,,GROUNDFISH OCEAN PERCH NSPF FROZEN,core,
"PIKE,PICKEREL FROZEN",inland_freshwater_other,,frozen,TRUE,FALSE,,"PIKE,PICKEREL FROZEN",extended,
GROUNDFISH OCEAN PERCH NSPF FILLET BLOCKS FROZEN > 4.5KG,other_groundfish,,fillet,TRUE,TRUE,,GROUNDFISH OCEAN PERCH NSPF FILLET BLOCKS FROZEN > 4.5KG,core,
FLATFISH SOLE FILLET BLOCKS FROZEN > 4.5KG,flatfish,,fillet,TRUE,TRUE,,FLATFISH SOLE FILLET BLOCKS FROZEN > 4.5KG,core,
GROUNDFISH POLLOCK NSPF FILLET FROZEN,pollock,,fillet,TRUE,TRUE,,GROUNDFISH POLLOCK NSPF FILLET FROZEN,core,
GROUNDFISH CUSK FILLET FROZEN,other_groundfish,,fillet,TRUE,TRUE,,GROUNDFISH CUSK FILLET FROZEN,core,
GROUNDFISH POLLOCK NSPF MINCED FROZEN,pollock,,frozen,TRUE,TRUE,,GROUNDFISH POLLOCK NSPF MINCED FROZEN,core,
"STICKS,TYPE PRODUCTS NOT COATED COOKED/FROZEN OF MINCED",mixed_prepared_products,,frozen,FALSE,FALSE,,"STICKS,TYPE PRODUCTS NOT COATED COOKED/FROZEN OF MINCED",exclude,mixed_prepared_products
CRAB NSPF LIVE/FRESH/SALTED/BRINE,crab,,fresh_live,TRUE,TRUE,,CRAB NSPF LIVE/FRESH/SALTED/BRINE,core,
FISH MEAL FOR HUMAN CONSUMPTION > 6.8KG,mixed_prepared_products,,meal_oil,FALSE,FALSE,,FISH MEAL FOR HUMAN CONSUMPTION > 6.8KG,exclude,mixed_prepared_products
"GROUNDFISH CUSK,HAKE FILLET FROZEN",other_groundfish,,fillet,TRUE,TRUE,,"GROUNDFISH CUSK,HAKE FILLET FROZEN",core,
FISH NSPF SURIMI,broad_mixed_fish,,surimi,FALSE,FALSE,,FISH NSPF SURIMI,exclude,broad_mixed_fish
ANCHOVY PREPARED/PRESERVED,small_pelagics_other,,prepared_other,TRUE,FALSE,,ANCHOVY PREPARED/PRESERVED,extended,
BASS FRESH,reef_fish_other,,fresh_live,TRUE,FALSE,,BASS FRESH,extended,
CRABMEAT SWIMMING (CALLINECTES) IN ATC,crab,,canned_packaged,TRUE,TRUE,,CRABMEAT SWIMMING (CALLINECTES) IN ATC,core,
"SHARK,DOGFISH FROZEN",sharks_rays_skates,,frozen,TRUE,FALSE,,"SHARK,DOGFISH FROZEN",extended,
GROUNDFISH COD ATLANTIC FILLET FROZEN,cod,,fillet,TRUE,TRUE,,GROUNDFISH COD ATLANTIC FILLET FROZEN,core,
GROUNDFISH HADDOCK FILLET FRESH,other_groundfish,,fillet,TRUE,TRUE,,GROUNDFISH HADDOCK FILLET FRESH,core,
KRILL ANTARCTIC FOR ANIMAL FEED,non_food_other,,other,FALSE,FALSE,,KRILL ANTARCTIC FOR ANIMAL FEED,exclude,non_food_other
TUNA BLUEFIN FROZEN,tuna,,frozen,TRUE,TRUE,,TUNA BLUEFIN FROZEN,core,
CATFISH NSPF FILLET FRESH,catfish_other,,fillet,TRUE,FALSE,,CATFISH NSPF FILLET FRESH,extended,
"SHAD,STURGEON FROZEN",eel_sturgeon_shad,,frozen,TRUE,FALSE,,"SHAD,STURGEON FROZEN",extended,
HERRING PICKLED FILLET,herring,,fillet,TRUE,TRUE,,HERRING PICKLED FILLET,core,
"SHAD,STURGEON FRESH",eel_sturgeon_shad,,fresh_live,TRUE,FALSE,,"SHAD,STURGEON FRESH",extended,
GROUNDFISH POLLOCK ALASKA ROE FROZEN,pollock,,frozen,TRUE,TRUE,,GROUNDFISH POLLOCK ALASKA ROE FROZEN,core,
EELS IN OIL NOT >7KG,eel_sturgeon_shad,,meal_oil,TRUE,FALSE,,EELS IN OIL NOT >7KG,extended,
EELS IN ATC NOT IN OIL,eel_sturgeon_shad,,canned_packaged,TRUE,FALSE,,EELS IN ATC NOT IN OIL,extended,
"FISH NSPF LIVER,ROE, MILT FROZEN",broad_mixed_fish,,fresh_live,FALSE,FALSE,,"FISH NSPF LIVER,ROE, MILT FROZEN",exclude,broad_mixed_fish
CRAWFISH FRESHWATER PEELED,crawfish_freshwater,,fresh_live,TRUE,FALSE,,CRAWFISH FRESHWATER PEELED,extended,
LOBSTER (HOMARUS SPP.) FROZEN IN ATC,lobster,,canned_packaged,TRUE,TRUE,,LOBSTER (HOMARUS SPP.) FROZEN IN ATC,core,
CAVIAR SUBSTITUTE BOILED IN ATC,caviar_misc,,canned_packaged,FALSE,FALSE,,CAVIAR SUBSTITUTE BOILED IN ATC,exclude,caviar_misc
CRABMEAT NSPF FRESH,crab,,fresh_live,TRUE,TRUE,,CRABMEAT NSPF FRESH,core,
SHRIMP PRODUCTS PREPARED DINNERS IN ATC,shrimp,,canned_packaged,TRUE,TRUE,,SHRIMP PRODUCTS PREPARED DINNERS IN ATC,core,
COBIA FROZEN,reef_fish_other,,frozen,TRUE,FALSE,,COBIA FROZEN,extended,
SHRIMP COLD-WATER SHELL-ON FROZEN > 70,shrimp,,frozen,TRUE,TRUE,,SHRIMP COLD-WATER SHELL-ON FROZEN > 70,core,
GROUNDFISH NSPF MEAT FROZEN,broad_mixed_fish,,frozen,FALSE,FALSE,,GROUNDFISH NSPF MEAT FROZEN,exclude,broad_mixed_fish
MUSSELS NSPF PREPARED/PRESERVED,mussels,,prepared_other,TRUE,TRUE,,MUSSELS NSPF PREPARED/PRESERVED,core,
OYSTERS LIVE/FRESH,oysters,,fresh_live,TRUE,TRUE,,OYSTERS LIVE/FRESH,core,
MUSSELS LIVE/FRESH WILD,mussels,,fresh_live,TRUE,TRUE,,MUSSELS LIVE/FRESH WILD,core,
CRAB PRODUCTS PREPARED DINNERS,crab,,prepared_other,TRUE,TRUE,,CRAB PRODUCTS PREPARED DINNERS,core,
OYSTERS FROZEN FARMED,oysters,,frozen,TRUE,TRUE,,OYSTERS FROZEN FARMED,core,
OYSTERS PREPARED/PRESERVED,oysters,,prepared_other,TRUE,TRUE,,OYSTERS PREPARED/PRESERVED,core,
"COCKLES,ARK SHELLS NSPF PREPARED/PRESERVED",other_shellfish_specialty,,prepared_other,TRUE,FALSE,,"COCKLES,ARK SHELLS NSPF PREPARED/PRESERVED",extended,
EELS FROZEN,eel_sturgeon_shad,,frozen,TRUE,FALSE,,EELS FROZEN,extended,
SEA URCHIN FROZEN,sea_cucumber_urchin_other_inverts,,frozen,TRUE,FALSE,,SEA URCHIN FROZEN,extended,
LOBSTER ROCK NSPF DRIED/SALTED/BRINE,lobster,,other,TRUE,TRUE,,LOBSTER ROCK NSPF DRIED/SALTED/BRINE,core,
"CARP,EELS,SNAKEHEAD FILLET FRESH",eel_sturgeon_shad,,fillet,TRUE,FALSE,,"CARP,EELS,SNAKEHEAD FILLET FRESH",extended,
SEA URCHIN FROZEN/DRIED/SALTED/BRINE,sea_cucumber_urchin_other_inverts,,frozen,TRUE,FALSE,,SEA URCHIN FROZEN/DRIED/SALTED/BRINE,extended,
NILE PERCH FILLET FROZEN,inland_freshwater_other,,fillet,TRUE,FALSE,,NILE PERCH FILLET FROZEN,extended,
SALMON CHINOOK FROZEN,salmon,,frozen,TRUE,TRUE,,SALMON CHINOOK FROZEN,core,
"COCKLES,ARK SHELLS NSPF FROZEN",other_shellfish_specialty,,frozen,TRUE,FALSE,,"COCKLES,ARK SHELLS NSPF FROZEN",extended,
OYSTERS SEED,oysters,,other,TRUE,TRUE,,OYSTERS SEED,core,
SEA CUCUMBERS FROZEN,sea_cucumber_urchin_other_inverts,,frozen,TRUE,FALSE,,SEA CUCUMBERS FROZEN,extended,
SHRIMP PRODUCTS PREPARED DINNERS NOT IN ATC,shrimp,,canned_packaged,TRUE,TRUE,,SHRIMP PRODUCTS PREPARED DINNERS NOT IN ATC,core,
EELS FRESH,eel_sturgeon_shad,,fresh_live,TRUE,FALSE,,EELS FRESH,extended,
CRUSTACEANS NSPF LIVE/FRESH,unidentified_crustaceans,,fresh_live,FALSE,FALSE,,CRUSTACEANS NSPF LIVE/FRESH,exclude,unidentified_crustaceans
"COCKLES,ARK SHELLS NSPF LIVE/FRESH",other_shellfish_specialty,,fresh_live,TRUE,FALSE,,"COCKLES,ARK SHELLS NSPF LIVE/FRESH",extended,
"CARP,CATFISH,EELS,SNAKEHEAD,TILAPIA MEAT FROZEN",tilapia,,frozen,TRUE,TRUE,,"CARP,CATFISH,EELS,SNAKEHEAD,TILAPIA MEAT FROZEN",core,
"CARP,CATFISH,EELS,NILE PERCH,SNAKEHEAD,TILAPIA SMOKED",tilapia,,other,TRUE,TRUE,,"CARP,CATFISH,EELS,NILE PERCH,SNAKEHEAD,TILAPIA SMOKED",core,
SQUID (LOLIGO OPALESCENS)DRIED/SALTED/BRINE,squid_octopus,,other,TRUE,TRUE,,SQUID (LOLIGO OPALESCENS)DRIED/SALTED/BRINE,core,
CRAB NSPF LIVE/FRESH,crab,,fresh_live,TRUE,TRUE,,CRAB NSPF LIVE/FRESH,core,
SEA URCHIN DRIED/SALTED/BRINE,sea_cucumber_urchin_other_inverts,,other,TRUE,FALSE,,SEA URCHIN DRIED/SALTED/BRINE,extended,
SHARK NSPF FRESH,sharks_rays_skates,,fresh_live,TRUE,FALSE,,SHARK NSPF FRESH,extended,
"CETACEA,SIRENIA,PINNIPEDIA MEAT DRIED/SALTED/BRINE/SMOKED",non_food_other,,other,FALSE,FALSE,,"CETACEA,SIRENIA,PINNIPEDIA MEAT DRIED/SALTED/BRINE/SMOKED",exclude,non_food_other
MOLLUSCS NSPF DRIED/SALTED/BRINE/MEAL/PELLET FOR HUMAN CONSUMPTION,unidentified_molluscs,,meal_oil,FALSE,FALSE,,MOLLUSCS NSPF DRIED/SALTED/BRINE/MEAL/PELLET FOR HUMAN CONSUMPTION,exclude,unidentified_molluscs
LOBSTER ROCK NSPF LIVE/FRESH,lobster,,fresh_live,TRUE,TRUE,,LOBSTER ROCK NSPF LIVE/FRESH,core,
SALMON SOCKEYE CANNED NOT IN OIL,salmon,,canned_packaged,TRUE,TRUE,,SALMON SOCKEYE CANNED NOT IN OIL,core,
SALMON PACIFIC NSPF STEAKS FROZEN,salmon,,frozen,TRUE,TRUE,,SALMON PACIFIC NSPF STEAKS FROZEN,core,
TUNA BIGEYE FRESH,tuna,,fresh_live,TRUE,TRUE,,TUNA BIGEYE FRESH,core,
OCTOPUS LIVE/FRESH,squid_octopus,,fresh_live,TRUE,TRUE,,OCTOPUS LIVE/FRESH,core,
FLATFISH TURBOT GREENLAND FROZEN,flatfish,,frozen,TRUE,TRUE,,FLATFISH TURBOT GREENLAND FROZEN,core,
TUNA BLUEFIN SOUTHERN FRESH,tuna,,fresh_live,TRUE,TRUE,,TUNA BLUEFIN SOUTHERN FRESH,core,
TUNA BLUEFIN FRESH,tuna,,fresh_live,TRUE,TRUE,,TUNA BLUEFIN FRESH,core,
GROUNDFISH NSPF MEAT FROZEN > 6.8KG,broad_mixed_fish,,frozen,FALSE,FALSE,,GROUNDFISH NSPF MEAT FROZEN > 6.8KG,exclude,broad_mixed_fish
CRAB DUNGENESS FROZEN,crab,,frozen,TRUE,TRUE,,CRAB DUNGENESS FROZEN,core,
FLATFISH TURBOT (PSETTA MAXIMA) FRESH,flatfish,,fresh_live,TRUE,TRUE,,FLATFISH TURBOT (PSETTA MAXIMA) FRESH,core,
ABALONE LIVE/FRESH,other_shellfish_specialty,,fresh_live,TRUE,FALSE,,ABALONE LIVE/FRESH,extended,
ABALONE DRIED/SALTED/BRINE,other_shellfish_specialty,,other,TRUE,FALSE,,ABALONE DRIED/SALTED/BRINE,extended,
SEA CUCUMBERS FROZEN/DRIED/SALTED/BRINE,sea_cucumber_urchin_other_inverts,,frozen,TRUE,FALSE,,SEA CUCUMBERS FROZEN/DRIED/SALTED/BRINE,extended,
DOLPHINFISH FRESH,large_pelagics_other,,fresh_live,TRUE,FALSE,,DOLPHINFISH FRESH,extended,
TUNA BLUEFIN SOUTHERN FROZEN,tuna,,frozen,TRUE,TRUE,,TUNA BLUEFIN SOUTHERN FROZEN,core,
OCTOPUS DRIED/SALTED/BRINE,squid_octopus,,other,TRUE,TRUE,,OCTOPUS DRIED/SALTED/BRINE,core,
SEA URCHIN LIVE/FRESH,sea_cucumber_urchin_other_inverts,,fresh_live,TRUE,FALSE,,SEA URCHIN LIVE/FRESH,extended,
ABALONE FROZEN,other_shellfish_specialty,,frozen,TRUE,FALSE,,ABALONE FROZEN,extended,
"JACK,HORSE MACKEREL FRESH",mackerel,,fresh_live,TRUE,TRUE,,"JACK,HORSE MACKEREL FRESH",core,
"FISH NSPF LIVER,ROE, MILT FRESH",broad_mixed_fish,,fresh_live,FALSE,FALSE,,"FISH NSPF LIVER,ROE, MILT FRESH",exclude,broad_mixed_fish
LOBSTER NSPF MEAT COOKED FROZEN,lobster,,frozen,TRUE,TRUE,,LOBSTER NSPF MEAT COOKED FROZEN,core,
SEA URCHIN ROE FRESH,sea_cucumber_urchin_other_inverts,,fresh_live,TRUE,FALSE,,SEA URCHIN ROE FRESH,extended,
"COCKLES,ARK SHELLS NSPF FROZEN/DRIED/SALTED/BRINE",other_shellfish_specialty,,frozen,TRUE,FALSE,,"COCKLES,ARK SHELLS NSPF FROZEN/DRIED/SALTED/BRINE",extended,
LOBSTER (HOMARUS SPP.) FRESH/DRIED/SALTED/BRINE,lobster,,fresh_live,TRUE,TRUE,,LOBSTER (HOMARUS SPP.) FRESH/DRIED/SALTED/BRINE,core,
CARP NSPF FRESH,inland_freshwater_other,,fresh_live,TRUE,FALSE,,CARP NSPF FRESH,extended,
LOBSTER NORWAY LIVE/FRESH,lobster,,fresh_live,TRUE,TRUE,,LOBSTER NORWAY LIVE/FRESH,core,
ABALONE PRODUCTS PREPARED DINNERS,other_shellfish_specialty,,prepared_other,TRUE,FALSE,,ABALONE PRODUCTS PREPARED DINNERS,extended,
"FISH NSPF HEADS,TAILS,MAWS DRIED/SALTED/BRINE/SMOKED",broad_mixed_fish,,other,FALSE,FALSE,,"FISH NSPF HEADS,TAILS,MAWS DRIED/SALTED/BRINE/SMOKED",exclude,broad_mixed_fish
SHRIMP WARM-WATER SHELL-ON FRESH,shrimp,,fresh_live,TRUE,TRUE,,SHRIMP WARM-WATER SHELL-ON FRESH,core,
"HERRING,PILCHARD MEAL UNFIT FOR HUMAN CONSUMPTION",non_food_other,,meal_oil,FALSE,FALSE,,"HERRING,PILCHARD MEAL UNFIT FOR HUMAN CONSUMPTION",exclude,non_food_other
NILE PERCH FILLET FRESH,inland_freshwater_other,,fillet,TRUE,FALSE,,NILE PERCH FILLET FRESH,extended,
SWORDFISH STEAKS FRESH,swordfish,,fresh_live,TRUE,TRUE,,SWORDFISH STEAKS FRESH,core,
STURGEON ROE FROZEN,eel_sturgeon_shad,,frozen,TRUE,FALSE,,STURGEON ROE FROZEN,extended,
CARP NSPF FROZEN,inland_freshwater_other,,frozen,TRUE,FALSE,,CARP NSPF FROZEN,extended,
SWORDFISH FILLET FRESH,swordfish,,fillet,TRUE,TRUE,,SWORDFISH FILLET FRESH,core,
REPTILE FRESH/FROZEN,non_food_other,,fresh_live,FALSE,FALSE,,REPTILE FRESH/FROZEN,exclude,non_food_other
FISH NSPF OTHER EDIBLE OFFAL,broad_mixed_fish,,other,FALSE,FALSE,,FISH NSPF OTHER EDIBLE OFFAL,exclude,broad_mixed_fish
"JACK,HORSE MACKEREL FROZEN",mackerel,,frozen,TRUE,TRUE,,"JACK,HORSE MACKEREL FROZEN",core,
OCTOPUS PRODUCTS PREPARED DINNERS,squid_octopus,,prepared_other,TRUE,TRUE,,OCTOPUS PRODUCTS PREPARED DINNERS,core,
MOLLUSCS NSPF DRIED/SALTED/BRINE,unidentified_molluscs,,other,FALSE,FALSE,,MOLLUSCS NSPF DRIED/SALTED/BRINE,exclude,unidentified_molluscs
WHITEFISH FILLET FRESH,other_groundfish,,fillet,TRUE,TRUE,,WHITEFISH FILLET FRESH,core,
CRABMEAT SWIMMING (PORTUNIDAE) IN ATC,crab,,canned_packaged,TRUE,TRUE,,CRABMEAT SWIMMING (PORTUNIDAE) IN ATC,core,
FISH OR SHELLFISH MEAL FOR HUMAN CONSUMPTION NSPF,mixed_prepared_products,,meal_oil,FALSE,FALSE,,FISH OR SHELLFISH MEAL FOR HUMAN CONSUMPTION NSPF,exclude,mixed_prepared_products
SHRIMP WARM-WATER SHELL-ON FROZEN WILD > 70,shrimp,,frozen,TRUE,TRUE,,SHRIMP WARM-WATER SHELL-ON FROZEN WILD > 70,core,
SHELLFISH NSPF FRESH PACKAGED,unidentified_shellfish,,fresh_live,FALSE,FALSE,,SHELLFISH NSPF FRESH PACKAGED,exclude,unidentified_shellfish
LOBSTER NSPF LIVE,lobster,,fresh_live,TRUE,TRUE,,LOBSTER NSPF LIVE,core,
SALMON PINK CANNED,salmon,,canned_packaged,TRUE,TRUE,,SALMON PINK CANNED,core,
SEAL OIL/FRACTIONS,non_food_other,,meal_oil,FALSE,FALSE,,SEAL OIL/FRACTIONS,exclude,non_food_other
LOBSTER NSPF CANNED,lobster,,canned_packaged,TRUE,TRUE,,LOBSTER NSPF CANNED,core,
SHELLFISH NSPF CANNED INCLUDING JUICES,mixed_prepared_products,,canned_packaged,FALSE,FALSE,,SHELLFISH NSPF CANNED INCLUDING JUICES,exclude,mixed_prepared_products
MACKEREL FRESH/FROZEN,mackerel,,fresh_live,TRUE,TRUE,,MACKEREL FRESH/FROZEN,core,
CRABMEAT KING CANNED,crab,,canned_packaged,TRUE,TRUE,,CRABMEAT KING CANNED,core,
CONCH FRESH/FROZEN,other_shellfish_specialty,,fresh_live,TRUE,FALSE,,CONCH FRESH/FROZEN,extended,
SARDINE CANNED IN TOMATO SAUCE BET 225 GR - 7KG,small_pelagics_other,,canned_packaged,TRUE,FALSE,,SARDINE CANNED IN TOMATO SAUCE BET 225 GR - 7KG,extended,
"FISH BALLS,CAKES,PUDDING,PASTES,SAUCES CANNED",mixed_prepared_products,,canned_packaged,FALSE,FALSE,,"FISH BALLS,CAKES,PUDDING,PASTES,SAUCES CANNED",exclude,mixed_prepared_products
SQUID NSPF CANNED,squid_octopus,,canned_packaged,TRUE,TRUE,,SQUID NSPF CANNED,core,
"STICKS,TYPE PRODUCTS COATED",mixed_prepared_products,,other,FALSE,FALSE,,"STICKS,TYPE PRODUCTS COATED",exclude,mixed_prepared_products
HERRING FILLET/STEAK/PORTION FRESH/FROZEN,herring,,fillet,TRUE,TRUE,,HERRING FILLET/STEAK/PORTION FRESH/FROZEN,core,
MUSSELS LIVE/FRESH,mussels,,fresh_live,TRUE,TRUE,,MUSSELS LIVE/FRESH,core,
SALMON SOCKEYE CANNED,salmon,,canned_packaged,TRUE,TRUE,,SALMON SOCKEYE CANNED,core,
SHELLFISH NSPF FRESH NOT PACKAGED,unidentified_shellfish,,fresh_live,FALSE,FALSE,,SHELLFISH NSPF FRESH NOT PACKAGED,exclude,unidentified_shellfish
FROG FRESH/FROZEN,other_shellfish_specialty,,fresh_live,TRUE,FALSE,,FROG FRESH/FROZEN,extended,
PEARL ESSENCE,non_food_other,,other,FALSE,FALSE,,PEARL ESSENCE,exclude,non_food_other
FISH NSPF NOT IN OIL NOT MINCED NOT > 6.8KG,broad_mixed_fish,,meal_oil,FALSE,FALSE,,FISH NSPF NOT IN OIL NOT MINCED NOT > 6.8KG,exclude,broad_mixed_fish
FISH NSPF IN ATC BUT NOT CANNED,broad_mixed_fish,,canned_packaged,FALSE,FALSE,,FISH NSPF IN ATC BUT NOT CANNED,exclude,broad_mixed_fish
"GROUNDFISH COD,CUSK,HADDOCK,HAKE,POLLOCK FRESH/FROZEN",pollock,,fresh_live,TRUE,TRUE,,"GROUNDFISH COD,CUSK,HADDOCK,HAKE,POLLOCK FRESH/FROZEN",core,
SHRIMP FRESH NOT PACKAGED,shrimp,,fresh_live,TRUE,TRUE,,SHRIMP FRESH NOT PACKAGED,core,
GROUNDFISH OCEAN PERCH ATLANTIC FILLET FRESH,other_groundfish,,fillet,TRUE,TRUE,,GROUNDFISH OCEAN PERCH ATLANTIC FILLET FRESH,core,
CRAB SNOW (OPILIO) FROZEN,crab,,frozen,TRUE,TRUE,,CRAB SNOW (OPILIO) FROZEN,core,
"OYSTERS,OYSTERS JUICE PREPARATIONS FOR SOUP",oysters,,prepared_other,TRUE,TRUE,,"OYSTERS,OYSTERS JUICE PREPARATIONS FOR SOUP",core,
GROUNDFISH POLLOCK NSPF FRESH/FROZEN,pollock,,fresh_live,TRUE,TRUE,,GROUNDFISH POLLOCK NSPF FRESH/FROZEN,core,
SALMON CHUM CANNED,salmon,,canned_packaged,TRUE,TRUE,,SALMON CHUM CANNED,core,
HERRING ROE,herring,,roe,TRUE,TRUE,,HERRING ROE,core,
EELS LIVE,eel_sturgeon_shad,,fresh_live,TRUE,FALSE,,EELS LIVE,extended,
CLAM NSPF FRESH/FROZEN,clams,,fresh_live,TRUE,TRUE,,CLAM NSPF FRESH/FROZEN,core,
HERRING FRESH/FROZEN,herring,,fresh_live,TRUE,TRUE,,HERRING FRESH/FROZEN,core,
SALMON CHINOOK STEAKS FRESH,salmon,,fresh_live,TRUE,TRUE,,SALMON CHINOOK STEAKS FRESH,core,
STURGEON ROE FRESH/FROZEN PREPARED/PRESERVED,eel_sturgeon_shad,,fresh_live,TRUE,FALSE,,STURGEON ROE FRESH/FROZEN PREPARED/PRESERVED,extended,
SHRIMP FRESH PACKAGED,shrimp,,fresh_live,TRUE,TRUE,,SHRIMP FRESH PACKAGED,core,
SALMON NSPF DRIED/SALTED/SMOKED/KIPPERED,salmon,,other,TRUE,TRUE,,SALMON NSPF DRIED/SALTED/SMOKED/KIPPERED,core,
SALMON NSPF SMOKED,salmon,,other,TRUE,TRUE,,SALMON NSPF SMOKED,core,
GROUNDFISH COD NSPF FILLET FRESH IN QUOTA,cod,,fillet,TRUE,TRUE,,GROUNDFISH COD NSPF FILLET FRESH IN QUOTA,core,
CRAB SNOW (OTHER) FROZEN,crab,,frozen,TRUE,TRUE,,CRAB SNOW (OTHER) FROZEN,core,
SHRIMP PEELED FRESH/DRIED/SALTED/BRINE,shrimp,,fresh_live,TRUE,TRUE,,SHRIMP PEELED FRESH/DRIED/SALTED/BRINE,core,
MACKEREL SMOKED,mackerel,,other,TRUE,TRUE,,MACKEREL SMOKED,core,
SARDINE CANNED NOT IN OIL BET 225 GR - 7KG,small_pelagics_other,,canned_packaged,TRUE,FALSE,,SARDINE CANNED NOT IN OIL BET 225 GR - 7KG,extended,
LOBSTER NSPF FROZEN,lobster,,frozen,TRUE,TRUE,,LOBSTER NSPF FROZEN,core,
SALMON SOCKEYE FRESH/FROZEN,salmon,,fresh_live,TRUE,TRUE,,SALMON SOCKEYE FRESH/FROZEN,core,
SARDINE CANNED IN OIL SMOKED NOT SKIN/BONE VALUE > $1/KG,small_pelagics_other,,canned_packaged,TRUE,FALSE,,SARDINE CANNED IN OIL SMOKED NOT SKIN/BONE VALUE > $1/KG,extended,
GROUNDFISH POLLOCK NSPF ROE,pollock,,roe,TRUE,TRUE,,GROUNDFISH POLLOCK NSPF ROE,core,
SARDINE CANNED IN TOMATO SAUCE > 7KG,small_pelagics_other,,canned_packaged,TRUE,FALSE,,SARDINE CANNED IN TOMATO SAUCE > 7KG,extended,
COD LIVER OIL/FRACTIONS,cod,,fresh_live,TRUE,TRUE,,COD LIVER OIL/FRACTIONS,core,
OYSTERS LIVE/FRESH/FROZEN/DRIED/SALTED/BRINE WILD,oysters,,fresh_live,TRUE,TRUE,,OYSTERS LIVE/FRESH/FROZEN/DRIED/SALTED/BRINE WILD,core,
"FISH BALLS,CAKES,PUDDING IN ATC NOT IN OIL NOT > 6.8KG",mixed_prepared_products,,canned_packaged,FALSE,FALSE,,"FISH BALLS,CAKES,PUDDING IN ATC NOT IN OIL NOT > 6.8KG",exclude,mixed_prepared_products
SALMON ATLANTIC FRESH,salmon,,fresh_live,TRUE,TRUE,,SALMON ATLANTIC FRESH,core,
HERRING IN ATC IN OIL,herring,,canned_packaged,TRUE,TRUE,,HERRING IN ATC IN OIL,core,
PERCH NSPF FRESH,inland_freshwater_other,,fresh_live,TRUE,FALSE,,PERCH NSPF FRESH,extended,
MULLET ROE FRESH,large_pelagics_other,,fresh_live,TRUE,FALSE,,MULLET ROE FRESH,extended,
LOBSTER NSPF MEAT COOKED OTHER PREPARATIONS,lobster,,prepared_other,TRUE,TRUE,,LOBSTER NSPF MEAT COOKED OTHER PREPARATIONS,core,
CATFISH (PANGASIUS) FILLET FROZEN,pangasius_basa_swai,,fillet,TRUE,FALSE,,CATFISH (PANGASIUS) FILLET FROZEN,extended,
SALMON PINK CANNED IN OIL,salmon,,canned_packaged,TRUE,TRUE,,SALMON PINK CANNED IN OIL,core,
TUNA YELLOWFIN EVISCERATED HEAD-ON FROZEN,tuna,,frozen,TRUE,TRUE,,TUNA YELLOWFIN EVISCERATED HEAD-ON FROZEN,core,
PERCH NSPF FILLET FROZEN,inland_freshwater_other,,fillet,TRUE,FALSE,,PERCH NSPF FILLET FROZEN,extended,
CLAM GEODUCK FROZEN/DRIED/SALTED/BRINE,clams,,frozen,TRUE,TRUE,,CLAM GEODUCK FROZEN/DRIED/SALTED/BRINE,core,
OYSTERS LIVE/FRESH/FROZEN/DRIED/SALTED/BRINE FARMED,oysters,,fresh_live,TRUE,TRUE,,OYSTERS LIVE/FRESH/FROZEN/DRIED/SALTED/BRINE FARMED,core,
MULLET ROE FROZEN,large_pelagics_other,,frozen,TRUE,FALSE,,MULLET ROE FROZEN,extended,
SWORDFISH STEAKS FROZEN,swordfish,,frozen,TRUE,TRUE,,SWORDFISH STEAKS FROZEN,core,
SALMON NSPF SALTED,salmon,,other,TRUE,TRUE,,SALMON NSPF SALTED,core,
ATKA MACKEREL FRESH,mackerel,,fresh_live,TRUE,TRUE,,ATKA MACKEREL FRESH,core,
GROUNDFISH POLLOCK ALASKA FILLET BLOCKS FROZEN > 4.5KG,pollock,,fillet,TRUE,TRUE,,GROUNDFISH POLLOCK ALASKA FILLET BLOCKS FROZEN > 4.5KG,core,
TUNA YELLOWFIN WHOLE FROZEN,tuna,,frozen,TRUE,TRUE,,TUNA YELLOWFIN WHOLE FROZEN,core,
SEA CUCUMBERS LIVE/FRESH,sea_cucumber_urchin_other_inverts,,fresh_live,TRUE,FALSE,,SEA CUCUMBERS LIVE/FRESH,extended,
CLAM RAZOR CANNED,clams,,canned_packaged,TRUE,TRUE,,CLAM RAZOR CANNED,core,
SPONGE NSPF,non_food_other,,other,FALSE,FALSE,,SPONGE NSPF,exclude,non_food_other
HERRING CANNED IN OIL,herring,,canned_packaged,TRUE,TRUE,,HERRING CANNED IN OIL,core,
HERRING PICKLED,herring,,other,TRUE,TRUE,,HERRING PICKLED,core,
HERRING CANNED NOT IN OIL > 0.45KG,herring,,canned_packaged,TRUE,TRUE,,HERRING CANNED NOT IN OIL > 0.45KG,core,
SHELLFISH NSPF FRESH,unidentified_shellfish,,fresh_live,FALSE,FALSE,,SHELLFISH NSPF FRESH,exclude,unidentified_shellfish
SPONGE NATURAL ARTICLES,non_food_other,,other,FALSE,FALSE,,SPONGE NATURAL ARTICLES,exclude,non_food_other
HERRING SMOKED WHOLE OR BEHEADED NOT OTHERWISE PROCESSED,herring,,other,TRUE,TRUE,,HERRING SMOKED WHOLE OR BEHEADED NOT OTHERWISE PROCESSED,core,
"TUNA BLUEFIN ATLANTIC,PACIFIC FROZEN",tuna,,frozen,TRUE,TRUE,,"TUNA BLUEFIN ATLANTIC,PACIFIC FROZEN",core,
"COCKLES,ARK SHELLS NSPF DRIED/SALTED/BRINE",other_shellfish_specialty,,other,TRUE,FALSE,,"COCKLES,ARK SHELLS NSPF DRIED/SALTED/BRINE",extended,
GROUNDFISH NSPF FRESH NOT >6.8KG,broad_mixed_fish,,fresh_live,FALSE,FALSE,,GROUNDFISH NSPF FRESH NOT >6.8KG,exclude,broad_mixed_fish
HERRING FILLET FROZEN,herring,,fillet,TRUE,TRUE,,HERRING FILLET FROZEN,core,
DOGFISH AND OTHER SHARK FILLET FRESH,sharks_rays_skates,,fillet,TRUE,FALSE,,DOGFISH AND OTHER SHARK FILLET FRESH,extended,
"CATFISH (ICTALURUS,PANGASIUS,SILURUS) FRESH",pangasius_basa_swai,,fresh_live,TRUE,FALSE,,"CATFISH (ICTALURUS,PANGASIUS,SILURUS) FRESH",extended,
JELLYFISH (RHOPILEMA SPP.) LIVE/FRESH/FROZEN/DRIED/SALTED/BRINE/SMOKED,other_shellfish_specialty,,fresh_live,TRUE,FALSE,,JELLYFISH (RHOPILEMA SPP.) LIVE/FRESH/FROZEN/DRIED/SALTED/BRINE/SMOKED,extended,
"CARP,CATFISH,EELS,NILE PERCH,SNAKEHEAD,TILAPIA DRIED",tilapia,,other,TRUE,TRUE,,"CARP,CATFISH,EELS,NILE PERCH,SNAKEHEAD,TILAPIA DRIED",core,
CRABMEAT DUNGENESS FROZEN,crab,,frozen,TRUE,TRUE,,CRABMEAT DUNGENESS FROZEN,core,
STROMBOID CONCHS (STROMBUS SPP.) DRIED/SALTED/BRINE,other_shellfish_specialty,,other,TRUE,FALSE,,STROMBOID CONCHS (STROMBUS SPP.) DRIED/SALTED/BRINE,extended,
SHRIMP COLD-WATER SHELL-ON FROZEN 61/70,shrimp,,frozen,TRUE,TRUE,,SHRIMP COLD-WATER SHELL-ON FROZEN 61/70,core,
CONCH NSPF FROZEN,other_shellfish_specialty,,frozen,TRUE,FALSE,,CONCH NSPF FROZEN,extended,
"CARP,CATFISH,EELS,NILE PERCH,SNAKEHEAD,TILAPIA SALTED",tilapia,,other,TRUE,TRUE,,"CARP,CATFISH,EELS,NILE PERCH,SNAKEHEAD,TILAPIA SALTED",core,
JELLYFISH PREPARED/PRESERVED,other_shellfish_specialty,,prepared_other,TRUE,FALSE,,JELLYFISH PREPARED/PRESERVED,extended,
COBIA FRESH,reef_fish_other,,fresh_live,TRUE,FALSE,,COBIA FRESH,extended,
SPONGE GRASS/VELVET/YELLOW,non_food_other,,other,FALSE,FALSE,,SPONGE GRASS/VELVET/YELLOW,exclude,non_food_other
MULLET FRESH/FROZEN,large_pelagics_other,,fresh_live,TRUE,FALSE,,MULLET FRESH/FROZEN,extended,
SPONGE SHEEPS WOOL,non_food_other,,other,FALSE,FALSE,,SPONGE SHEEPS WOOL,exclude,non_food_other
CORAL CRUDE,non_food_other,,other,FALSE,FALSE,,CORAL CRUDE,exclude,non_food_other
SPONGE HARDHEAD/REEF,non_food_other,,other,FALSE,FALSE,,SPONGE HARDHEAD/REEF,exclude,non_food_other
CUTTLEFISH BONE,squid_octopus,,other,TRUE,TRUE,,CUTTLEFISH BONE,core,
LOBSTER NSPF FRESH,lobster,,fresh_live,TRUE,TRUE,,LOBSTER NSPF FRESH,core,
SHRIMP FRESH,shrimp,,fresh_live,TRUE,TRUE,,SHRIMP FRESH,core,
SCALLOPS FRESH,scallops,,fresh_live,TRUE,TRUE,,SCALLOPS FRESH,core,
"SALMON ATLANTIC,DANUBE STEAKS FRESH",salmon,,fresh_live,TRUE,TRUE,,"SALMON ATLANTIC,DANUBE STEAKS FRESH",core,
SMELTS NSPF FRESH,inland_freshwater_other,,fresh_live,TRUE,FALSE,,SMELTS NSPF FRESH,extended,
"STICKS,TYPE PRODUCTS COATED COOKED/OIL",mixed_prepared_products,,meal_oil,FALSE,FALSE,,"STICKS,TYPE PRODUCTS COATED COOKED/OIL",exclude,mixed_prepared_products
LOBSTER (HOMARUS SPP.) FROZEN IN BRINE,lobster,,frozen,TRUE,TRUE,,LOBSTER (HOMARUS SPP.) FROZEN IN BRINE,core,
MARINE FISH NSPF SCALED WHETHER OR NOT DRESS FRESH,broad_mixed_fish,,fresh_live,FALSE,FALSE,,MARINE FISH NSPF SCALED WHETHER OR NOT DRESS FRESH,exclude,broad_mixed_fish
TOOTHFISH NSPF MEAT FROZEN,toothfish,,frozen,TRUE,FALSE,,TOOTHFISH NSPF MEAT FROZEN,extended,
"SHARK,DOGFISH FRESH",sharks_rays_skates,,fresh_live,TRUE,FALSE,,"SHARK,DOGFISH FRESH",extended,
OYSTERS FROZEN/DRIED/SALTED/BRINE,oysters,,frozen,TRUE,TRUE,,OYSTERS FROZEN/DRIED/SALTED/BRINE,core,
GROUNDFISH COD NSPF FILLET/STEAK/PORTION FRESH/FROZEN,cod,,fillet,TRUE,TRUE,,GROUNDFISH COD NSPF FILLET/STEAK/PORTION FRESH/FROZEN,core,
PERCH NSPF FILLET BLOCKS FROZEN > 4.5KG,inland_freshwater_other,,fillet,TRUE,FALSE,,PERCH NSPF FILLET BLOCKS FROZEN > 4.5KG,extended,
CATFISH (SILURIFORMES OTHER) FILLET FROZEN,catfish_other,,fillet,TRUE,FALSE,,CATFISH (SILURIFORMES OTHER) FILLET FROZEN,extended,
"CARP,CATFISH,EELS,SNAKEHEAD,TILAPIA MEAT FROZEN > 6.8KG",tilapia,,frozen,TRUE,TRUE,,"CARP,CATFISH,EELS,SNAKEHEAD,TILAPIA MEAT FROZEN > 6.8KG",core,
CATFISH NSPF FROZEN,catfish_other,,frozen,TRUE,FALSE,,CATFISH NSPF FROZEN,extended,
SHRIMP WARM-WATER SHELL-ON FROZEN FARMED > 70,shrimp,,frozen,TRUE,TRUE,,SHRIMP WARM-WATER SHELL-ON FROZEN FARMED > 70,core,
CARP NSPF FRESH NSPF,inland_freshwater_other,,fresh_live,TRUE,FALSE,,CARP NSPF FRESH NSPF,extended,
HERRING SALTED > 6.8KG,herring,,other,TRUE,TRUE,,HERRING SALTED > 6.8KG,core,
OYSTERS CANNED,oysters,,canned_packaged,TRUE,TRUE,,OYSTERS CANNED,core,
SALMONIDAE NSPF STEAKS FROZEN,salmon,,frozen,TRUE,TRUE,,SALMONIDAE NSPF STEAKS FROZEN,core,
SAUGER FROZEN,inland_freshwater_other,,frozen,TRUE,FALSE,,SAUGER FROZEN,extended,
SWORDFISH MEAT FROZEN NOT > 6.8KG,swordfish,,frozen,TRUE,TRUE,,SWORDFISH MEAT FROZEN NOT > 6.8KG,core,
GROUNDFISH COD NSPF MINCED FROZEN,cod,,frozen,TRUE,TRUE,,GROUNDFISH COD NSPF MINCED FROZEN,core,
CLAM GEODUCK FROZEN,clams,,frozen,TRUE,TRUE,,CLAM GEODUCK FROZEN,core,
SARDINE CANNED IN OIL SKINNED/BONE,small_pelagics_other,,canned_packaged,TRUE,FALSE,,SARDINE CANNED IN OIL SKINNED/BONE,extended,
CLAM JUICE,clams,,other,TRUE,TRUE,,CLAM JUICE,core,
MUSSELS PRODUCTS PREPARED DINNERS,mussels,,prepared_other,TRUE,TRUE,,MUSSELS PRODUCTS PREPARED DINNERS,core,
MOLLUSCS NSPF PRODUCTS PREPARED DINNERS,unidentified_molluscs,,prepared_other,FALSE,FALSE,,MOLLUSCS NSPF PRODUCTS PREPARED DINNERS,exclude,unidentified_molluscs
RAYS AND SKATES (RAJIDAE) MEAT FROZEN,sharks_rays_skates,,frozen,TRUE,FALSE,,RAYS AND SKATES (RAJIDAE) MEAT FROZEN,extended,
FISH GLUE,non_food_other,,other,FALSE,FALSE,,FISH GLUE,exclude,non_food_other
"CUTTLEFISH,SQUID PRODUCTS PREPARED DINNERS",squid_octopus,,prepared_other,TRUE,TRUE,,"CUTTLEFISH,SQUID PRODUCTS PREPARED DINNERS",core,
HERRING OIL/FRACTIONS,herring,,meal_oil,TRUE,TRUE,,HERRING OIL/FRACTIONS,core,
"RAYS, SKATES FRESH",sharks_rays_skates,,fresh_live,TRUE,FALSE,,"RAYS, SKATES FRESH",extended,
SNAIL OTHER THAN SEA SNAIL PRODUCTS PREPARED DINNERS,other_shellfish_specialty,,prepared_other,TRUE,FALSE,,SNAIL OTHER THAN SEA SNAIL PRODUCTS PREPARED DINNERS,extended,
COD OIL/FRACTIONS,cod,,meal_oil,TRUE,TRUE,,COD OIL/FRACTIONS,core,
FLATFISH PLAICE FROZEN,flatfish,,frozen,TRUE,TRUE,,FLATFISH PLAICE FROZEN,core,
SALMON FILLET BLOCKS FROZEN > 4.5KG,salmon,,fillet,TRUE,TRUE,,SALMON FILLET BLOCKS FROZEN > 4.5KG,core,
STURGEON ROE FRESH,eel_sturgeon_shad,,fresh_live,TRUE,FALSE,,STURGEON ROE FRESH,extended,
DOGFISH AND OTHER SHARK MEAT FROZEN,sharks_rays_skates,,frozen,TRUE,FALSE,,DOGFISH AND OTHER SHARK MEAT FROZEN,extended,
SALMON COHO FRESH/FROZEN,salmon,,fresh_live,TRUE,TRUE,,SALMON COHO FRESH/FROZEN,core,
SEA URCHIN FRESH,sea_cucumber_urchin_other_inverts,,fresh_live,TRUE,FALSE,,SEA URCHIN FRESH,extended,
SARDINE CANNED IN OIL NOT SKINNED/BONE,small_pelagics_other,,canned_packaged,TRUE,FALSE,,SARDINE CANNED IN OIL NOT SKINNED/BONE,extended,
SARDINE CANNED IN OIL SKIN/BONED VALUE > $0.66/KG,small_pelagics_other,,canned_packaged,TRUE,FALSE,,SARDINE CANNED IN OIL SKIN/BONED VALUE > $0.66/KG,extended,
SALMON PINK FRESH/FROZEN,salmon,,fresh_live,TRUE,TRUE,,SALMON PINK FRESH/FROZEN,core,
"FISH BALLS,CAKES,PUDDING CANNED OTHER > 6.8KG",mixed_prepared_products,,canned_packaged,FALSE,FALSE,,"FISH BALLS,CAKES,PUDDING CANNED OTHER > 6.8KG",exclude,mixed_prepared_products
SARDINE CANNED IN OIL SMOKED NOT SKIN/BONED VALUE > $1/KG,small_pelagics_other,,canned_packaged,TRUE,FALSE,,SARDINE CANNED IN OIL SMOKED NOT SKIN/BONED VALUE > $1/KG,extended,
BUTTERFISH FRESH/FROZEN,small_pelagics_other,,fresh_live,TRUE,FALSE,,BUTTERFISH FRESH/FROZEN,extended,
"PIKE,PICKEREL,PIKE PERCH,YELLOW PIKE FILLET FRESH",inland_freshwater_other,,fillet,TRUE,FALSE,,"PIKE,PICKEREL,PIKE PERCH,YELLOW PIKE FILLET FRESH",extended,
EELS FRESH/FROZEN,eel_sturgeon_shad,,fresh_live,TRUE,FALSE,,EELS FRESH/FROZEN,extended,
SALMON CHUM FRESH/FROZEN,salmon,,fresh_live,TRUE,TRUE,,SALMON CHUM FRESH/FROZEN,core,
"PIKE,PICKEREL,PIKE PERCH,YELLOW PIKE FILLET FRESH/FROZEN",inland_freshwater_other,,fillet,TRUE,FALSE,,"PIKE,PICKEREL,PIKE PERCH,YELLOW PIKE FILLET FRESH/FROZEN",extended,
"GROUNDFISH COD,CUSK,HADDOCK,HAKE,POLLOCK SALTED PROCESSED",pollock,,other,TRUE,TRUE,,"GROUNDFISH COD,CUSK,HADDOCK,HAKE,POLLOCK SALTED PROCESSED",core,
SALMON COHO STEAKS FROZEN,salmon,,frozen,TRUE,TRUE,,SALMON COHO STEAKS FROZEN,core,
HERRING IN TOMATO SAUCE/SMOKED/KIPPERED > 0.45KG,herring,,prepared_other,TRUE,TRUE,,HERRING IN TOMATO SAUCE/SMOKED/KIPPERED > 0.45KG,core,
SABLEFISH FRESH/FROZEN,sablefish,,fresh_live,TRUE,TRUE,,SABLEFISH FRESH/FROZEN,core,
"PIKE,PICKEREL,PIKE PERCH,YELLOW PIKE FRESH",inland_freshwater_other,,fresh_live,TRUE,FALSE,,"PIKE,PICKEREL,PIKE PERCH,YELLOW PIKE FRESH",extended,
FLATFISH HALIBUT NSPF FRESH,halibut,,fresh_live,TRUE,TRUE,,FLATFISH HALIBUT NSPF FRESH,core,
FLATFISH SOLE FILLET FRESH,flatfish,,fillet,TRUE,TRUE,,FLATFISH SOLE FILLET FRESH,core,
LOBSTER NSPF PRODUCTS PREPARED DINNERS NOT IN ATC,lobster,,canned_packaged,TRUE,TRUE,,LOBSTER NSPF PRODUCTS PREPARED DINNERS NOT IN ATC,core,
FISH MEAL FOR HUMAN CONSUMPTION NOT > 6.8KG,mixed_prepared_products,,meal_oil,FALSE,FALSE,,FISH MEAL FOR HUMAN CONSUMPTION NOT > 6.8KG,exclude,mixed_prepared_products
LOBSTER NSPF MEAT COOKED CHILLED,lobster,,other,TRUE,TRUE,,LOBSTER NSPF MEAT COOKED CHILLED,core,
TUNA NSPF NOT IN A.T.C. NOT IN OIL > 6.8KG,tuna,,meal_oil,TRUE,TRUE,,TUNA NSPF NOT IN A.T.C. NOT IN OIL > 6.8KG,core,
GROUNDFISH COD NSPF DRIED/SALTED/SMOKED/KIPPERED,cod,,other,TRUE,TRUE,,GROUNDFISH COD NSPF DRIED/SALTED/SMOKED/KIPPERED,core,
YELLOW PERCH FILLET FRESH/FROZEN,inland_freshwater_other,,fillet,TRUE,FALSE,,YELLOW PERCH FILLET FRESH/FROZEN,extended,
HERRING CANNED NOT IN OIL NOT > 6.8KG,herring,,canned_packaged,TRUE,TRUE,,HERRING CANNED NOT IN OIL NOT > 6.8KG,core,
TILAPIA (OREOCHROMIS SPP.) FRESH NOT >6.8KG,tilapia,,fresh_live,TRUE,TRUE,,TILAPIA (OREOCHROMIS SPP.) FRESH NOT >6.8KG,core,
TILAPIA NSPF MEAT FRESH,tilapia,,fresh_live,TRUE,TRUE,,TILAPIA NSPF MEAT FRESH,core,
GROUNDFISH CUSK FRESH,other_groundfish,,fresh_live,TRUE,TRUE,,GROUNDFISH CUSK FRESH,core,
TILAPIA (OREOCHROMIS SPP.) MEAT FRESH,tilapia,,fresh_live,TRUE,TRUE,,TILAPIA (OREOCHROMIS SPP.) MEAT FRESH,core,
SHARK FINS FRESH,sharks_rays_skates,,fresh_live,TRUE,FALSE,,SHARK FINS FRESH,extended,
GROUNDFISH POLLOCK ALASKA MEAT FROZEN NOT > 6.8KG,pollock,,frozen,TRUE,TRUE,,GROUNDFISH POLLOCK ALASKA MEAT FROZEN NOT > 6.8KG,core,
SALMON NSPF FILLET FROZEN,salmon,,fillet,TRUE,TRUE,,SALMON NSPF FILLET FROZEN,core,
REPTILE MEAT DRIED/SALTED/BRINE/SMOKED,non_food_other,,other,FALSE,FALSE,,REPTILE MEAT DRIED/SALTED/BRINE/SMOKED,exclude,non_food_other
STURGEON ROE CURED,eel_sturgeon_shad,,roe,TRUE,FALSE,,STURGEON ROE CURED,extended,
CATFISH NSPF FRESH,catfish_other,,fresh_live,TRUE,FALSE,,CATFISH NSPF FRESH,extended,
WOLFFISH FILLET FROZEN,other_groundfish,,fillet,TRUE,TRUE,,WOLFFISH FILLET FROZEN,core,
TUNA BIGEYE FROZEN,tuna,,frozen,TRUE,TRUE,,TUNA BIGEYE FROZEN,core,
SHRIMP WARM-WATER SHELL-ON FROZEN FARMED 61/70,shrimp,,frozen,TRUE,TRUE,,SHRIMP WARM-WATER SHELL-ON FROZEN FARMED 61/70,core,
SWORDFISH FILLET FRESH/FROZEN,swordfish,,fillet,TRUE,TRUE,,SWORDFISH FILLET FRESH/FROZEN,core,
SARDINE CANNED IN OIL NOT SMOKED NOT SKIN/BONED BET $0.40 - $0.51/KG,small_pelagics_other,,canned_packaged,TRUE,FALSE,,SARDINE CANNED IN OIL NOT SMOKED NOT SKIN/BONED BET $0.40 - $0.51/KG,extended,
MACKEREL SALTED > 6.8KG,mackerel,,other,TRUE,TRUE,,MACKEREL SALTED > 6.8KG,core,
WOLFFISH FILLET FRESH,other_groundfish,,fillet,TRUE,TRUE,,WOLFFISH FILLET FRESH,core,
ISINGLASS,non_food_other,,other,FALSE,FALSE,,ISINGLASS,exclude,non_food_other
SARDINE CANNED NOT IN OIL > 7KG,small_pelagics_other,,canned_packaged,TRUE,FALSE,,SARDINE CANNED NOT IN OIL > 7KG,extended,
FISH GLUE VALUED NOT > $0.88/KG,non_food_other,,other,FALSE,FALSE,,FISH GLUE VALUED NOT > $0.88/KG,exclude,non_food_other
WAX SPERMACETI,non_food_other,,other,FALSE,FALSE,,WAX SPERMACETI,exclude,non_food_other
SARDINE CANNED IN OIL SKIN/BONED BET $0.40 - $0.51/KG,small_pelagics_other,,canned_packaged,TRUE,FALSE,,SARDINE CANNED IN OIL SKIN/BONED BET $0.40 - $0.51/KG,extended,
SARDINE CANNED IN OIL SMOKED NOT SKIN/BONED BET $0.51 - $0.66/KG,small_pelagics_other,,canned_packaged,TRUE,FALSE,,SARDINE CANNED IN OIL SMOKED NOT SKIN/BONED BET $0.51 - $0.66/KG,extended,
GROUNDFISH OCEAN PERCH ATLANTIC FILLET FROZEN IN QUOTA,other_groundfish,,fillet,TRUE,TRUE,,GROUNDFISH OCEAN PERCH ATLANTIC FILLET FROZEN IN QUOTA,core,
OYSTERS CANNED SMOKED,oysters,,canned_packaged,TRUE,TRUE,,OYSTERS CANNED SMOKED,core,
PIKE FILLET FROZEN,inland_freshwater_other,,fillet,TRUE,FALSE,,PIKE FILLET FROZEN,extended,
CATFISH (ICTALURUS) FILLET FROZEN,catfish_other,,fillet,TRUE,FALSE,,CATFISH (ICTALURUS) FILLET FROZEN,extended,
SARDINE CANNED NOT IN OIL > 225 GR,small_pelagics_other,,canned_packaged,TRUE,FALSE,,SARDINE CANNED NOT IN OIL > 225 GR,extended,
WOLFFISH FILLET BLOCKS FROZEN > 4.5KG,other_groundfish,,fillet,TRUE,TRUE,,WOLFFISH FILLET BLOCKS FROZEN > 4.5KG,core,
SALMON COHO STEAKS FRESH,salmon,,fresh_live,TRUE,TRUE,,SALMON COHO STEAKS FRESH,core,
SWORDFISH MEAT FROZEN > 6.8KG,swordfish,,frozen,TRUE,TRUE,,SWORDFISH MEAT FROZEN > 6.8KG,core,
TUNA NSPF IN ATC (FOIL OR FLEXIBLE) IN OIL,tuna,,canned_packaged,TRUE,TRUE,,TUNA NSPF IN ATC (FOIL OR FLEXIBLE) IN OIL,core,
SHARK FINS PREPARED/PRESERVED IN ATC,sharks_rays_skates,,canned_packaged,TRUE,FALSE,,SHARK FINS PREPARED/PRESERVED IN ATC,extended,
STROMBOID CONCHS (STROMBUS SPP.) LIVE/FRESH,other_shellfish_specialty,,fresh_live,TRUE,FALSE,,STROMBOID CONCHS (STROMBUS SPP.) LIVE/FRESH,extended,
CATFISH (PANGASIUS) FILLET FRESH,pangasius_basa_swai,,fillet,TRUE,FALSE,,CATFISH (PANGASIUS) FILLET FRESH,extended,
CATFISH (PANGASIUS) FRESH,pangasius_basa_swai,,fresh_live,TRUE,FALSE,,CATFISH (PANGASIUS) FRESH,extended,
"FISH BALLS,CAKES,PUDDING IN OIL",mixed_prepared_products,,meal_oil,FALSE,FALSE,,"FISH BALLS,CAKES,PUDDING IN OIL",exclude,mixed_prepared_products
HERRING SMOKED FILLET,herring,,fillet,TRUE,TRUE,,HERRING SMOKED FILLET,core,
SHRIMP WARM-WATER PEELED FRESH,shrimp,,fresh_live,TRUE,TRUE,,SHRIMP WARM-WATER PEELED FRESH,core,
CLAM NSPF BOILED CANNED WHETHER OR NOT MINCED/CHOP NOT > 0.68KG,clams,,canned_packaged,TRUE,TRUE,,CLAM NSPF BOILED CANNED WHETHER OR NOT MINCED/CHOP NOT > 0.68KG,core,
SHARK FINS PREPARED/PRESERVED,sharks_rays_skates,,prepared_other,TRUE,FALSE,,SHARK FINS PREPARED/PRESERVED,extended,
CRABMEAT DUNGENESS IN ATC,crab,,canned_packaged,TRUE,TRUE,,CRABMEAT DUNGENESS IN ATC,core,
PERCH NSPF MEAT FRESH,inland_freshwater_other,,fresh_live,TRUE,FALSE,,PERCH NSPF MEAT FRESH,extended,
CLAM GEODUCK LIVE/FRESH,clams,,fresh_live,TRUE,TRUE,,CLAM GEODUCK LIVE/FRESH,core,
CATFISH (PANGASIUS) FROZEN,pangasius_basa_swai,,frozen,TRUE,FALSE,,CATFISH (PANGASIUS) FROZEN,extended,
PICKEREL FILLET FRESH,inland_freshwater_other,,fillet,TRUE,FALSE,,PICKEREL FILLET FRESH,extended,
"GROUNDFISH COD,CUSK,HADDOCK,HAKE,POLLOCK SMOKED",pollock,,other,TRUE,TRUE,,"GROUNDFISH COD,CUSK,HADDOCK,HAKE,POLLOCK SMOKED",core,
GROUNDFISH COD NSPF MEAT FROZEN > 6.8KG,cod,,frozen,TRUE,TRUE,,GROUNDFISH COD NSPF MEAT FROZEN > 6.8KG,core,
CLAM NSPF DRIED/SALTED/BRINE,clams,,other,TRUE,TRUE,,CLAM NSPF DRIED/SALTED/BRINE,core,
GROUNDFISH NSPF MEAT FROZEN NOT > 6.8KG,broad_mixed_fish,,frozen,FALSE,FALSE,,GROUNDFISH NSPF MEAT FROZEN NOT > 6.8KG,exclude,broad_mixed_fish
GROUNDFISH NSPF DRIED,broad_mixed_fish,,other,FALSE,FALSE,,GROUNDFISH NSPF DRIED,exclude,broad_mixed_fish
FLATFISH HALIBUT ATLANTIC FRESH,halibut,,fresh_live,TRUE,TRUE,,FLATFISH HALIBUT ATLANTIC FRESH,core,
GROUNDFISH POLLOCK NSPF FRESH,pollock,,fresh_live,TRUE,TRUE,,GROUNDFISH POLLOCK NSPF FRESH,core,
GROUNDFISH COD ATLANTIC MEAT FRESH,cod,,fresh_live,TRUE,TRUE,,GROUNDFISH COD ATLANTIC MEAT FRESH,core,
HERRING SMOKED FILLET BONELESS,herring,,fillet,TRUE,TRUE,,HERRING SMOKED FILLET BONELESS,core,
PICKEREL FILLET FROZEN,inland_freshwater_other,,fillet,TRUE,FALSE,,PICKEREL FILLET FROZEN,extended,
SAUGER FILLET BLOCKS FROZEN > 4.5KG,inland_freshwater_other,,fillet,TRUE,FALSE,,SAUGER FILLET BLOCKS FROZEN > 4.5KG,extended,
EELS STICKS TYPE PRODUCTS NOT COOKED NOT IN OIL,eel_sturgeon_shad,,meal_oil,TRUE,FALSE,,EELS STICKS TYPE PRODUCTS NOT COOKED NOT IN OIL,extended,
LOBSTER NSPF PRODUCTS PREPARED DINNERS IN ATC,lobster,,canned_packaged,TRUE,TRUE,,LOBSTER NSPF PRODUCTS PREPARED DINNERS IN ATC,core,
PERCH FRESHWATER NSPF FRESH,inland_freshwater_other,,fresh_live,TRUE,FALSE,,PERCH FRESHWATER NSPF FRESH,extended,
FLATFISH TURBOT GREENLAND FILLET BLOCKS FROZEN > 4.5KG,flatfish,,fillet,TRUE,TRUE,,FLATFISH TURBOT GREENLAND FILLET BLOCKS FROZEN > 4.5KG,core,
FLATFISH SOLE NSPF FILLET FRESH,flatfish,,fillet,TRUE,TRUE,,FLATFISH SOLE NSPF FILLET FRESH,core,
GROUNDFISH COD NSPF SALTED MOISTURE CONTENT > 50%,cod,,other,TRUE,TRUE,,GROUNDFISH COD NSPF SALTED MOISTURE CONTENT > 50%,core,
"GROUNDFISH CUSK,HADDOCK FILLET SALTED",other_groundfish,,fillet,TRUE,TRUE,,"GROUNDFISH CUSK,HADDOCK FILLET SALTED",core,
MACKEREL SALTED NOT > 6.8KG,mackerel,,other,TRUE,TRUE,,MACKEREL SALTED NOT > 6.8KG,core,
NILE PERCH MEAT FRESH,inland_freshwater_other,,fresh_live,TRUE,FALSE,,NILE PERCH MEAT FRESH,extended,
PIKE FRESH,inland_freshwater_other,,fresh_live,TRUE,FALSE,,PIKE FRESH,extended,
SAUGER FILLET FROZEN,inland_freshwater_other,,fillet,TRUE,FALSE,,SAUGER FILLET FROZEN,extended,
WHITEFISH MEAT FRESH,other_groundfish,,fresh_live,TRUE,TRUE,,WHITEFISH MEAT FRESH,core,
FRESHWATER FISH NSPF MEAT FRESH,broad_mixed_fish,,fresh_live,FALSE,FALSE,,FRESHWATER FISH NSPF MEAT FRESH,exclude,broad_mixed_fish
LOBSTER (HOMARUS SPP.) FROZEN IN ATC IN BRINE,lobster,,canned_packaged,TRUE,TRUE,,LOBSTER (HOMARUS SPP.) FROZEN IN ATC IN BRINE,core,
CLAM GEODUCK DRIED/SALTED/BRINE,clams,,other,TRUE,TRUE,,CLAM GEODUCK DRIED/SALTED/BRINE,core,
FLATFISH HALIBUT NSPF FILLET BLOCKS FROZEN > 4.5KG,halibut,,fillet,TRUE,TRUE,,FLATFISH HALIBUT NSPF FILLET BLOCKS FROZEN > 4.5KG,core,
SALMON NSPF MEAT FRESH,salmon,,fresh_live,TRUE,TRUE,,SALMON NSPF MEAT FRESH,core,
GROUNDFISH COD ATLANTIC FROZEN,cod,,frozen,TRUE,TRUE,,GROUNDFISH COD ATLANTIC FROZEN,core,
GROUNDFISH COD NSPF FILLET DRIED/SALTED/BRINE,cod,,fillet,TRUE,TRUE,,GROUNDFISH COD NSPF FILLET DRIED/SALTED/BRINE,core,
GROUNDFISH COD NSPF SALTED MOISTURE CONTENT NOT > 43%,cod,,other,TRUE,TRUE,,GROUNDFISH COD NSPF SALTED MOISTURE CONTENT NOT > 43%,core,
GROUNDFISH OCEAN PERCH ATLANTIC MEAT FRESH,other_groundfish,,fresh_live,TRUE,TRUE,,GROUNDFISH OCEAN PERCH ATLANTIC MEAT FRESH,core,
"PIKE PERCH,YELLOW PIKE FRESH",inland_freshwater_other,,fresh_live,TRUE,FALSE,,"PIKE PERCH,YELLOW PIKE FRESH",extended,
SABLEFISH FRESH NOT > 6.8KG,sablefish,,fresh_live,TRUE,TRUE,,SABLEFISH FRESH NOT > 6.8KG,core,
SALMON COHO FRESH FARMED,salmon,,fresh_live,TRUE,TRUE,,SALMON COHO FRESH FARMED,core,
YELLOW PERCH MEAT FRESH,inland_freshwater_other,,fresh_live,TRUE,FALSE,,YELLOW PERCH MEAT FRESH,extended,
CRAB PRODUCTS PREPARED DINNERS IN ATC,crab,,canned_packaged,TRUE,TRUE,,CRAB PRODUCTS PREPARED DINNERS IN ATC,core,
CAPELIN FROZEN,small_pelagics_other,,frozen,TRUE,FALSE,,CAPELIN FROZEN,extended,
SHRIMP COLD-WATER SHELL-ON FRESH/DRIED/SALTED/BRINE,shrimp,,fresh_live,TRUE,TRUE,,SHRIMP COLD-WATER SHELL-ON FRESH/DRIED/SALTED/BRINE,core,
OYSTERS PRODUCTS PREPARED DINNERS,oysters,,prepared_other,TRUE,TRUE,,OYSTERS PRODUCTS PREPARED DINNERS,core,
GROUNDFISH COD NSPF FILLET SALTED MOISTURE CONTENT BET 45-50%,cod,,fillet,TRUE,TRUE,,GROUNDFISH COD NSPF FILLET SALTED MOISTURE CONTENT BET 45-50%,core,
GROUNDFISH POLLOCK NSPF FILLET FRESH,pollock,,fillet,TRUE,TRUE,,GROUNDFISH POLLOCK NSPF FILLET FRESH,core,
GROUNDFISH COD ATLANTIC FRESH,cod,,fresh_live,TRUE,TRUE,,GROUNDFISH COD ATLANTIC FRESH,core,
PICKEREL FILLET BLOCKS FROZEN > 4.5KG,inland_freshwater_other,,fillet,TRUE,FALSE,,PICKEREL FILLET BLOCKS FROZEN > 4.5KG,extended,
SALMON SOCKEYE CANNED IN OIL,salmon,,canned_packaged,TRUE,TRUE,,SALMON SOCKEYE CANNED IN OIL,core,
SALMON ATLANTIC MEAT FRESH FARMED,salmon,,fresh_live,TRUE,TRUE,,SALMON ATLANTIC MEAT FRESH FARMED,core,
SALMON COHO FRESH WILD,salmon,,fresh_live,TRUE,TRUE,,SALMON COHO FRESH WILD,core,
"BONITO,YELLOWTAIL,POLLOCK CANNED NOT IN OIL",pollock,,canned_packaged,TRUE,TRUE,,"BONITO,YELLOWTAIL,POLLOCK CANNED NOT IN OIL",core,
OYSTERS FROZEN/DRIED/SALTED/BRINE FARMED,oysters,,frozen,TRUE,TRUE,,OYSTERS FROZEN/DRIED/SALTED/BRINE FARMED,core,
FLATFISH TURBOT GREENLAND MEAT FRESH,flatfish,,fresh_live,TRUE,TRUE,,FLATFISH TURBOT GREENLAND MEAT FRESH,core,
FLATFISH HALIBUT ATLANTIC FROZEN,halibut,,frozen,TRUE,TRUE,,FLATFISH HALIBUT ATLANTIC FROZEN,core,
FLATFISH HALIBUT PACIFIC FRESH,halibut,,fresh_live,TRUE,TRUE,,FLATFISH HALIBUT PACIFIC FRESH,core,
GROUNDFISH POLLOCK NSPF FILLET SALTED,pollock,,fillet,TRUE,TRUE,,GROUNDFISH POLLOCK NSPF FILLET SALTED,core,
GROUNDFISH COD NSPF SALTED MOISTURE CONTENT BET 45-50%,cod,,other,TRUE,TRUE,,GROUNDFISH COD NSPF SALTED MOISTURE CONTENT BET 45-50%,core,
PERCH NSPF FILLET FRESH,inland_freshwater_other,,fillet,TRUE,FALSE,,PERCH NSPF FILLET FRESH,extended,
OYSTERS FROZEN/DRIED/SALTED/BRINE WILD,oysters,,frozen,TRUE,TRUE,,OYSTERS FROZEN/DRIED/SALTED/BRINE WILD,core,
GROUNDFISH HAKE WHOLE/DRESSED SALTED,other_groundfish,,other,TRUE,TRUE,,GROUNDFISH HAKE WHOLE/DRESSED SALTED,core,
GROUNDFISH COD NSPF MEAT FRESH,cod,,fresh_live,TRUE,TRUE,,GROUNDFISH COD NSPF MEAT FRESH,core,
"GROUNDFISH CUSK,HADDOCK WHOLE/DRESSED SALTED",other_groundfish,,other,TRUE,TRUE,,"GROUNDFISH CUSK,HADDOCK WHOLE/DRESSED SALTED",core,
HERRING KIPPERED,herring,,other,TRUE,TRUE,,HERRING KIPPERED,core,
PICKEREL MEAT FRESH,inland_freshwater_other,,fresh_live,TRUE,FALSE,,PICKEREL MEAT FRESH,extended,
SALMON CHINOOK FRESH FARMED,salmon,,fresh_live,TRUE,TRUE,,SALMON CHINOOK FRESH FARMED,core,
TUNA ALBACORE IN ATC (FOIL OR FLEXIBLE) NOT IN OIL OVER QUOTA,tuna,,canned_packaged,TRUE,TRUE,,TUNA ALBACORE IN ATC (FOIL OR FLEXIBLE) NOT IN OIL OVER QUOTA,core,
FLATFISH TURBOT GREENLAND FRESH,flatfish,,fresh_live,TRUE,TRUE,,FLATFISH TURBOT GREENLAND FRESH,core,
GROUNDFISH COD NSPF FILLET SALTED MOISTURE > 50%,cod,,fillet,TRUE,TRUE,,GROUNDFISH COD NSPF FILLET SALTED MOISTURE > 50%,core,
GROUNDFISH HAKE FRESH NOT >6.8KG,other_groundfish,,fresh_live,TRUE,TRUE,,GROUNDFISH HAKE FRESH NOT >6.8KG,core,
GROUNDFISH COD NSPF SALTED MOISTURE CONTENT BET 43-45%,cod,,other,TRUE,TRUE,,GROUNDFISH COD NSPF SALTED MOISTURE CONTENT BET 43-45%,core,
SALMON ATLANTIC FILLET FRESH WILD,salmon,,fillet,TRUE,TRUE,,SALMON ATLANTIC FILLET FRESH WILD,core,
SALMON CHINOOK FRESH WILD,salmon,,fresh_live,TRUE,TRUE,,SALMON CHINOOK FRESH WILD,core,
"CARP,CATFISH,EELS,SNAKEHEAD MEAT FRESH",catfish_other,,fresh_live,TRUE,FALSE,,"CARP,CATFISH,EELS,SNAKEHEAD MEAT FRESH",extended,
OYSTERS LIVE/FRESH FARMED,oysters,,fresh_live,TRUE,TRUE,,OYSTERS LIVE/FRESH FARMED,core,
CATFISH (ICTALURUS) FRESH,catfish_other,,fresh_live,TRUE,FALSE,,CATFISH (ICTALURUS) FRESH,extended,
FLATFISH HALIBUT PACIFIC FROZEN,halibut,,frozen,TRUE,TRUE,,FLATFISH HALIBUT PACIFIC FROZEN,core,
FLATFISH NSPF MEAT FRESH,flatfish,,fresh_live,TRUE,TRUE,,FLATFISH NSPF MEAT FRESH,core,
FLATFISH TURBOT GREENLAND FILLET FRESH,flatfish,,fillet,TRUE,TRUE,,FLATFISH TURBOT GREENLAND FILLET FRESH,core,
GROUNDFISH COD NSPF FILLET SALTED MOISTURE NOT > 43%,cod,,fillet,TRUE,TRUE,,GROUNDFISH COD NSPF FILLET SALTED MOISTURE NOT > 43%,core,
GROUNDFISH COD ATLANTIC FILLET FRESH,cod,,fillet,TRUE,TRUE,,GROUNDFISH COD ATLANTIC FILLET FRESH,core,
HERRING SALTED NOT > 6.8KG,herring,,other,TRUE,TRUE,,HERRING SALTED NOT > 6.8KG,core,
MACKEREL FILLET DRIED/SALTED/BRINE NOT > 6.8KG,mackerel,,fillet,TRUE,TRUE,,MACKEREL FILLET DRIED/SALTED/BRINE NOT > 6.8KG,core,
PICKEREL FRESH,inland_freshwater_other,,fresh_live,TRUE,FALSE,,PICKEREL FRESH,extended,
"PIKE PERCH,YELLOW PIKE FILLET FRESH",inland_freshwater_other,,fillet,TRUE,FALSE,,"PIKE PERCH,YELLOW PIKE FILLET FRESH",extended,
SHRIMP COLD-WATER PEELED FRESH/DRIED/SALTED/BRINE,shrimp,,fresh_live,TRUE,TRUE,,SHRIMP COLD-WATER PEELED FRESH/DRIED/SALTED/BRINE,core,
OYSTERS LIVE/FRESH WILD,oysters,,fresh_live,TRUE,TRUE,,OYSTERS LIVE/FRESH WILD,core,
CRAB PRODUCTS PREPARED DINNERS NOT IN ATC,crab,,canned_packaged,TRUE,TRUE,,CRAB PRODUCTS PREPARED DINNERS NOT IN ATC,core,
GROUNDFISH HADDOCK MEAT FRESH,other_groundfish,,fresh_live,TRUE,TRUE,,GROUNDFISH HADDOCK MEAT FRESH,core,
GROUNDFISH COD ATLANTIC FILLET BLOCKS FROZEN > 4.5KG,cod,,fillet,TRUE,TRUE,,GROUNDFISH COD ATLANTIC FILLET BLOCKS FROZEN > 4.5KG,core,
PIKE MEAT FROZEN > 6.8KG,inland_freshwater_other,,frozen,TRUE,FALSE,,PIKE MEAT FROZEN > 6.8KG,extended,
FLATFISH SOLE NSPF FILLET BLOCKS FROZEN > 4.5KG,flatfish,,fillet,TRUE,TRUE,,FLATFISH SOLE NSPF FILLET BLOCKS FROZEN > 4.5KG,core,
HERRING FILLET DRIED/SALTED/BRINE NOT > 6.8KG,herring,,fillet,TRUE,TRUE,,HERRING FILLET DRIED/SALTED/BRINE NOT > 6.8KG,core,
"CATFISH (SILURUS,CLARIAS) FILLET FRESH",catfish_other,,fillet,TRUE,FALSE,,"CATFISH (SILURUS,CLARIAS) FILLET FRESH",extended,
OYSTERS DRIED/SALTED/BRINE WILD,oysters,,other,TRUE,TRUE,,OYSTERS DRIED/SALTED/BRINE WILD,core,
GROUNDFISH HAKE FILLET SALTED,other_groundfish,,fillet,TRUE,TRUE,,GROUNDFISH HAKE FILLET SALTED,core,
SEA URCHIN PREPARED/PRESERVED,sea_cucumber_urchin_other_inverts,,prepared_other,TRUE,FALSE,,SEA URCHIN PREPARED/PRESERVED,extended,
FLATFISH TURBOT GREENLAND MEAT FROZEN > 6.8KG,flatfish,,frozen,TRUE,TRUE,,FLATFISH TURBOT GREENLAND MEAT FROZEN > 6.8KG,core,
FLATFISH SOLE NSPF MEAT FRESH,flatfish,,fresh_live,TRUE,TRUE,,FLATFISH SOLE NSPF MEAT FRESH,core,
GROUNDFISH HADDOCK MEAT FROZEN > 6.8KG,other_groundfish,,frozen,TRUE,TRUE,,GROUNDFISH HADDOCK MEAT FROZEN > 6.8KG,core,
"PIKE PERCH,YELLOW PIKE MEAT FRESH",inland_freshwater_other,,fresh_live,TRUE,FALSE,,"PIKE PERCH,YELLOW PIKE MEAT FRESH",extended,
CLAM STIMSON FROZEN/DRIED/SALTED/BRINE,clams,,frozen,TRUE,TRUE,,CLAM STIMSON FROZEN/DRIED/SALTED/BRINE,core,
"CLAM,COCKLES,ARK SHELLS NSPF PRODUCTS PREPARED DINNERS",clams,,prepared_other,TRUE,TRUE,,"CLAM,COCKLES,ARK SHELLS NSPF PRODUCTS PREPARED DINNERS",core,
PIKE FILLET FRESH,inland_freshwater_other,,fillet,TRUE,FALSE,,PIKE FILLET FRESH,extended,
TOOTHFISH NSPF MEAT FRESH,toothfish,,fresh_live,TRUE,FALSE,,TOOTHFISH NSPF MEAT FRESH,extended,
"GROUNDFISH CUSK,POLLOCK FILLET FRESH",pollock,,fillet,TRUE,TRUE,,"GROUNDFISH CUSK,POLLOCK FILLET FRESH",core,
SHARK FINS,sharks_rays_skates,,other,TRUE,FALSE,,SHARK FINS,extended,
FISH NSPF FRESH SCALED NOT >6.8KG,broad_mixed_fish,,fresh_live,FALSE,FALSE,,FISH NSPF FRESH SCALED NOT >6.8KG,exclude,broad_mixed_fish
NILE PERCH FROZEN,inland_freshwater_other,,frozen,TRUE,FALSE,,NILE PERCH FROZEN,extended,
SABLEFISH SCALED WHETHER OR NOT DRESS FRESH NOT > 6.8KG,sablefish,,fresh_live,TRUE,TRUE,,SABLEFISH SCALED WHETHER OR NOT DRESS FRESH NOT > 6.8KG,core,
SHRIMP COLD-WATER PEELED FRESH,shrimp,,fresh_live,TRUE,TRUE,,SHRIMP COLD-WATER PEELED FRESH,core,
SCALLOPS PRODUCTS PREPARED DINNERS,scallops,,prepared_other,TRUE,TRUE,,SCALLOPS PRODUCTS PREPARED DINNERS,core,
SHARK FINS FROZEN,sharks_rays_skates,,frozen,TRUE,FALSE,,SHARK FINS FROZEN,extended,
CLAM STIMSON FROZEN,clams,,frozen,TRUE,TRUE,,CLAM STIMSON FROZEN,core,
GROUNDFISH POLLOCK ALASKA MEAT FROZEN > 6.8KG,pollock,,frozen,TRUE,TRUE,,GROUNDFISH POLLOCK ALASKA MEAT FROZEN > 6.8KG,core,
SALMON ATLANTIC MEAT FRESH WILD,salmon,,fresh_live,TRUE,TRUE,,SALMON ATLANTIC MEAT FRESH WILD,core,
"AMBERGRIS MAY INCLUDE CASTOREUM,CIVET,MUSK",non_food_other,,other,FALSE,FALSE,,"AMBERGRIS MAY INCLUDE CASTOREUM,CIVET,MUSK",exclude,non_food_other
GROUNDFISH POLLOCK ALASKA FRESH NOT > 6.8KG,pollock,,fresh_live,TRUE,TRUE,,GROUNDFISH POLLOCK ALASKA FRESH NOT > 6.8KG,core,
GROUNDFISH POLLOCK ALASKA MINCED FROZEN > 6.8KG,pollock,,frozen,TRUE,TRUE,,GROUNDFISH POLLOCK ALASKA MINCED FROZEN > 6.8KG,core,
PIKE MEAT FRESH,inland_freshwater_other,,fresh_live,TRUE,FALSE,,PIKE MEAT FRESH,extended,
NILE PERCH FRESH,inland_freshwater_other,,fresh_live,TRUE,FALSE,,NILE PERCH FRESH,extended,
"STICKS,TYPE PRODUCTS NOT COATED IN OIL NOT MINCED > 7KG",mixed_prepared_products,,meal_oil,FALSE,FALSE,,"STICKS,TYPE PRODUCTS NOT COATED IN OIL NOT MINCED > 7KG",exclude,mixed_prepared_products
GROUNDFISH COD NSPF FILLET SALTED MOISTURE CONTENT BET 43-45%,cod,,fillet,TRUE,TRUE,,GROUNDFISH COD NSPF FILLET SALTED MOISTURE CONTENT BET 43-45%,core,
GROUNDFISH POLLOCK NSPF CANNED NOT IN OIL,pollock,,canned_packaged,TRUE,TRUE,,GROUNDFISH POLLOCK NSPF CANNED NOT IN OIL,core,
FLATFISH HALIBUT NSPF FROZEN,halibut,,frozen,TRUE,TRUE,,FLATFISH HALIBUT NSPF FROZEN,core,
ANALOG PRODUCT NOT CONTAINING SHELLFISH CANNED,mixed_prepared_products,,canned_packaged,FALSE,FALSE,,ANALOG PRODUCT NOT CONTAINING SHELLFISH CANNED,exclude,mixed_prepared_products
HERRING SMOKED OTHERWISE PROCESSED,herring,,other,TRUE,TRUE,,HERRING SMOKED OTHERWISE PROCESSED,core,
FISH NSPF ROE BOILED/CANNED,broad_mixed_fish,,canned_packaged,FALSE,FALSE,,FISH NSPF ROE BOILED/CANNED,exclude,broad_mixed_fish
FISH NSPF SOLUBLES,broad_mixed_fish,,other,FALSE,FALSE,,FISH NSPF SOLUBLES,exclude,broad_mixed_fish
"STICKS,TYPE PRODUCTS COATED NOT COOKED/NOT IN OIL",mixed_prepared_products,,meal_oil,FALSE,FALSE,,"STICKS,TYPE PRODUCTS COATED NOT COOKED/NOT IN OIL",exclude,mixed_prepared_products
TUNA NSPF IN ATC IN OIL,tuna,,canned_packaged,TRUE,TRUE,,TUNA NSPF IN ATC IN OIL,core,
"GROUNDFISH COD,CUSK,HADDOCK,HAKE,POLLOCK SMOKED PROCESSED",pollock,,other,TRUE,TRUE,,"GROUNDFISH COD,CUSK,HADDOCK,HAKE,POLLOCK SMOKED PROCESSED",core,
GROUNDFISH COD NSPF SALTED PROCESSED,cod,,other,TRUE,TRUE,,GROUNDFISH COD NSPF SALTED PROCESSED,core,
"PIKE,PICKEREL,PIKE PERCH,YELLOW PIKE FROZEN",inland_freshwater_other,,frozen,TRUE,FALSE,,"PIKE,PICKEREL,PIKE PERCH,YELLOW PIKE FROZEN",extended,
ABALONE CANNED,other_shellfish_specialty,,canned_packaged,TRUE,FALSE,,ABALONE CANNED,extended,
COD LIVER SOLUBLES,cod,,fresh_live,TRUE,TRUE,,COD LIVER SOLUBLES,core,
TROUT LAKE FRESH/FROZEN,trout,,fresh_live,TRUE,TRUE,,TROUT LAKE FRESH/FROZEN,core,
WHITEFISH FRESH/FROZEN,other_groundfish,,fresh_live,TRUE,TRUE,,WHITEFISH FRESH/FROZEN,core,
HERRING CANNED SMOKED/KIPPERD/TOMATO SAUCE > 0.45KG,herring,,canned_packaged,TRUE,TRUE,,HERRING CANNED SMOKED/KIPPERD/TOMATO SAUCE > 0.45KG,core,
"GROUNDFISH CUSK,HADDOCK,HAKE,POLLOCK FILLET FRESH",pollock,,fillet,TRUE,TRUE,,"GROUNDFISH CUSK,HADDOCK,HAKE,POLLOCK FILLET FRESH",core,
GROUNDFISH OCEAN PERCH ATLANTIC FILLET FRESH/FROZEN IN QUOTA,other_groundfish,,fillet,TRUE,TRUE,,GROUNDFISH OCEAN PERCH ATLANTIC FILLET FRESH/FROZEN IN QUOTA,core,
"PIKE,PICKEREL,PIKE PERCH,YELLOW PIKE FRESH/FROZEN",inland_freshwater_other,,fresh_live,TRUE,FALSE,,"PIKE,PICKEREL,PIKE PERCH,YELLOW PIKE FRESH/FROZEN",extended,
CLAM NSPF CANNED,clams,,canned_packaged,TRUE,TRUE,,CLAM NSPF CANNED,core,
FISH GLUE VALUED > $0.88/KG,non_food_other,,other,FALSE,FALSE,,FISH GLUE VALUED > $0.88/KG,exclude,non_food_other
GROUNDFISH COD NSPF WHOLE/DRESSED SALTED,cod,,other,TRUE,TRUE,,GROUNDFISH COD NSPF WHOLE/DRESSED SALTED,core,
SALMON SOCKEYE STEAKS FROZEN,salmon,,frozen,TRUE,TRUE,,SALMON SOCKEYE STEAKS FROZEN,core,
SMELTS NSPF FRESH/FROZEN,inland_freshwater_other,,fresh_live,TRUE,FALSE,,SMELTS NSPF FRESH/FROZEN,extended,
SQUID (LOLIGO NSPF) FRESH/FROZEN,squid_octopus,,fresh_live,TRUE,TRUE,,SQUID (LOLIGO NSPF) FRESH/FROZEN,core,
ALEWIVES SALTED > 6.8KG,small_pelagics_other,,other,TRUE,FALSE,,ALEWIVES SALTED > 6.8KG,extended,
SARDINE CANNED IN OIL SMOKED NOT SKIN/BONED BET $0.66 - $1/KG,small_pelagics_other,,canned_packaged,TRUE,FALSE,,SARDINE CANNED IN OIL SMOKED NOT SKIN/BONED BET $0.66 - $1/KG,extended,
CLAM JUICE CANNED,clams,,canned_packaged,TRUE,TRUE,,CLAM JUICE CANNED,core,
SEA URCHIN ROE,sea_cucumber_urchin_other_inverts,,roe,TRUE,FALSE,,SEA URCHIN ROE,extended,
SALMON SOCKEYE STEAKS FRESH,salmon,,fresh_live,TRUE,TRUE,,SALMON SOCKEYE STEAKS FRESH,core,
"GROUNDFISH CUSK,HADDOCK,HAKE,POLLOCK WHOLE/DRESSED SALTED",pollock,,other,TRUE,TRUE,,"GROUNDFISH CUSK,HADDOCK,HAKE,POLLOCK WHOLE/DRESSED SALTED",core,
"GROUNDFISH COD,CUSK,HADDOCK,HAKE,POLLOCK,OCEAN PERCH FILLET IN QUOTA",pollock,,fillet,TRUE,TRUE,,"GROUNDFISH COD,CUSK,HADDOCK,HAKE,POLLOCK,OCEAN PERCH FILLET IN QUOTA",core,
SHRIMP CHIPS,shrimp,,other,TRUE,TRUE,,SHRIMP CHIPS,core,
GROUNDFISH COD NSPF FILLET FROZEN IN QUOTA,cod,,fillet,TRUE,TRUE,,GROUNDFISH COD NSPF FILLET FROZEN IN QUOTA,core,
"STICKS,TYPE PRODUCTS COATED COOKED OR IN OIL OF MINCED",mixed_prepared_products,,meal_oil,FALSE,FALSE,,"STICKS,TYPE PRODUCTS COATED COOKED OR IN OIL OF MINCED",exclude,mixed_prepared_products
GROUNDFISH OCEAN PERCH ATLANTIC FILLET FRESH IN QUOTA,other_groundfish,,fillet,TRUE,TRUE,,GROUNDFISH OCEAN PERCH ATLANTIC FILLET FRESH IN QUOTA,core,
"FISH BALLS,CAKES,PUDDING CANNED OTHER NOT > 6.8KG",mixed_prepared_products,,canned_packaged,FALSE,FALSE,,"FISH BALLS,CAKES,PUDDING CANNED OTHER NOT > 6.8KG",exclude,mixed_prepared_products
"GROUNDFISH CUSK,HADDOCK,HAKE,POLLOCK FILLET FRESH IN QUOTA",pollock,,fillet,TRUE,TRUE,,"GROUNDFISH CUSK,HADDOCK,HAKE,POLLOCK FILLET FRESH IN QUOTA",core,
"GROUNDFISH CUSK,HADDOCK,HAKE,POLLOCK FILLET FROZEN IN QUOTA",pollock,,fillet,TRUE,TRUE,,"GROUNDFISH CUSK,HADDOCK,HAKE,POLLOCK FILLET FROZEN IN QUOTA",core,
FISH NSPF MEAT FROZEN NOT > 6.8KG,broad_mixed_fish,,frozen,FALSE,FALSE,,FISH NSPF MEAT FROZEN NOT > 6.8KG,exclude,broad_mixed_fish
ANCHOVY OIL/FRACTIONS,small_pelagics_other,,meal_oil,TRUE,FALSE,,ANCHOVY OIL/FRACTIONS,extended,
SALMON CHINOOK STEAKS FROZEN,salmon,,frozen,TRUE,TRUE,,SALMON CHINOOK STEAKS FROZEN,core,
EULACHON OIL/FRACTIONS,small_pelagics_other,,meal_oil,TRUE,FALSE,,EULACHON OIL/FRACTIONS,extended,
OYSTERS JUICE CANNED,oysters,,canned_packaged,TRUE,TRUE,,OYSTERS JUICE CANNED,core,
AMBERGRIS,non_food_other,,other,FALSE,FALSE,,AMBERGRIS,exclude,non_food_other
SALMON CHUM STEAKS FRESH,salmon,,fresh_live,TRUE,TRUE,,SALMON CHUM STEAKS FRESH,core,
TUNA ALBACORE NOT IN OIL > 6.8KG (DISCS/LOINS),tuna,,meal_oil,TRUE,TRUE,,TUNA ALBACORE NOT IN OIL > 6.8KG (DISCS/LOINS),core,
SHARK OIL/FRACTIONS,sharks_rays_skates,,meal_oil,TRUE,FALSE,,SHARK OIL/FRACTIONS,extended,
SALMON PINK STEAKS FROZEN,salmon,,frozen,TRUE,TRUE,,SALMON PINK STEAKS FROZEN,core,
WHALE SPERM OIL/FRACTIONS CRUDE,non_food_other,,meal_oil,FALSE,FALSE,,WHALE SPERM OIL/FRACTIONS CRUDE,exclude,non_food_other
SALMON PINK STEAKS FRESH,salmon,,fresh_live,TRUE,TRUE,,SALMON PINK STEAKS FRESH,core,
WHALE SPERM OIL/FRACTIONS REFINED,non_food_other,,meal_oil,FALSE,FALSE,,WHALE SPERM OIL/FRACTIONS REFINED,exclude,non_food_other
SARDINE CANNED IN OIL SMOKED NOT SKIN/BONED BET $0.40 - $0.51/KG,small_pelagics_other,,canned_packaged,TRUE,FALSE,,SARDINE CANNED IN OIL SMOKED NOT SKIN/BONED BET $0.40 - $0.51/KG,extended,
"GROUNDFISH CUSK,POLLOCK FROZEN",pollock,,frozen,TRUE,TRUE,,"GROUNDFISH CUSK,POLLOCK FROZEN",core,
FLATFISH SOLE MEAT FROZEN > 6.8KG,flatfish,,frozen,TRUE,TRUE,,FLATFISH SOLE MEAT FROZEN > 6.8KG,core,
CRAB NSPF OTHER PREPARATIONS IN ATC,crab,,canned_packaged,TRUE,TRUE,,CRAB NSPF OTHER PREPARATIONS IN ATC,core,
GROUNDFISH OCEAN PERCH NSPF MEAT FROZEN > 6.8KG,other_groundfish,,frozen,TRUE,TRUE,,GROUNDFISH OCEAN PERCH NSPF MEAT FROZEN > 6.8KG,core,
SALMON ATLANTIC FILLET FRESH,salmon,,fillet,TRUE,TRUE,,SALMON ATLANTIC FILLET FRESH,core,
CATFISH (ICTALURUS) FILLET FRESH,catfish_other,,fillet,TRUE,FALSE,,CATFISH (ICTALURUS) FILLET FRESH,extended,
GROUNDFISH POLLOCK NSPF MINCED FROZEN > 6.8KG,pollock,,frozen,TRUE,TRUE,,GROUNDFISH POLLOCK NSPF MINCED FROZEN > 6.8KG,core,
BONITO CANNED IN OIL,small_pelagics_other,,canned_packaged,TRUE,FALSE,,BONITO CANNED IN OIL,extended,
CRABMEAT SWIMMING (CALLINECTES) FROZEN,crab,,frozen,TRUE,TRUE,,CRABMEAT SWIMMING (CALLINECTES) FROZEN,core,
"CETACEA,SIRENIA MEAT FRESH/FROZEN",non_food_other,,fresh_live,FALSE,FALSE,,"CETACEA,SIRENIA MEAT FRESH/FROZEN",exclude,non_food_other
KRILL ANTARCTIC,sea_cucumber_urchin_other_inverts,,other,TRUE,FALSE,,KRILL ANTARCTIC,extended,
"BONITO,YELLOWTAIL,POLLOCK CANNED IN OIL",pollock,,canned_packaged,TRUE,TRUE,,"BONITO,YELLOWTAIL,POLLOCK CANNED IN OIL",core,
"GROUNDFISH CUSK,HAKE,POLLOCK FILLET FRESH",pollock,,fillet,TRUE,TRUE,,"GROUNDFISH CUSK,HAKE,POLLOCK FILLET FRESH",core,
CATFISH (ICTALURUS) FROZEN,catfish_other,,frozen,TRUE,FALSE,,CATFISH (ICTALURUS) FROZEN,extended,
TUNA ALBACORE IN ATC (FOIL OR FLEXIBLE) NOT IN OIL IN QUOTA,tuna,,canned_packaged,TRUE,TRUE,,TUNA ALBACORE IN ATC (FOIL OR FLEXIBLE) NOT IN OIL IN QUOTA,core,
TOOTHFISH NSPF MEAT FROZEN NOT > 6.8KG,toothfish,,frozen,TRUE,FALSE,,TOOTHFISH NSPF MEAT FROZEN NOT > 6.8KG,extended,
CUTTLEFISH NSPF PREPARED/PRESERVED,squid_octopus,,prepared_other,TRUE,TRUE,,CUTTLEFISH NSPF PREPARED/PRESERVED,core,
GROUNDFISH HAKE MEAT FRESH,other_groundfish,,fresh_live,TRUE,TRUE,,GROUNDFISH HAKE MEAT FRESH,core,
CATFISH (ICTALURUS) MEAT FRESH,catfish_other,,fresh_live,TRUE,FALSE,,CATFISH (ICTALURUS) MEAT FRESH,extended,
ANCHOVY SALTED IN ATC NOT > 6.8KG,small_pelagics_other,,canned_packaged,TRUE,FALSE,,ANCHOVY SALTED IN ATC NOT > 6.8KG,extended,
OYSTERS FROZEN WILD,oysters,,frozen,TRUE,TRUE,,OYSTERS FROZEN WILD,core,
EELS IN OIL >7KG,eel_sturgeon_shad,,meal_oil,TRUE,FALSE,,EELS IN OIL >7KG,extended,
KRILL ANTARCTIC FROZEN,review,,frozen,TRUE,FALSE,,KRILL ANTARCTIC FROZEN,review,
"CARP,CATFISH,EELS,NILE PERCH,SNAKEHEAD,TILAPIA SALTED NOT > 6.8KG",tilapia,,other,TRUE,TRUE,,"CARP,CATFISH,EELS,NILE PERCH,SNAKEHEAD,TILAPIA SALTED NOT > 6.8KG",core,
EELS STICKS TYPE PRODUCTS COOKED OR IN OIL,eel_sturgeon_shad,,meal_oil,TRUE,FALSE,,EELS STICKS TYPE PRODUCTS COOKED OR IN OIL,extended,
GROUNDFISH NSPF MINCED FROZEN > 6.8KG,broad_mixed_fish,,frozen,FALSE,FALSE,,GROUNDFISH NSPF MINCED FROZEN > 6.8KG,exclude,broad_mixed_fish
FLATFISH SOLE NSPF MEAT FROZEN > 6.8KG,flatfish,,frozen,TRUE,TRUE,,FLATFISH SOLE NSPF MEAT FROZEN > 6.8KG,core,
GROUNDFISH POLLOCK NSPF MEAT FRESH,pollock,,fresh_live,TRUE,TRUE,,GROUNDFISH POLLOCK NSPF MEAT FRESH,core,
"CARP,CATFISH,EELS,SNAKEHEAD,TILAPIA FROZEN NOT > 6.8KG",tilapia,,frozen,TRUE,TRUE,,"CARP,CATFISH,EELS,SNAKEHEAD,TILAPIA FROZEN NOT > 6.8KG",core,
LOBSTER NORWAY LIVE/FRESH/SALTED/BRINE,lobster,,fresh_live,TRUE,TRUE,,LOBSTER NORWAY LIVE/FRESH/SALTED/BRINE,core,
CONCH MEAL FROZEN,other_shellfish_specialty,,frozen,TRUE,FALSE,,CONCH MEAL FROZEN,extended,
FROG MEAT,other_shellfish_specialty,,other,TRUE,FALSE,,FROG MEAT,extended,
CATFISH (PANGASIUS) MEAT FRESH,pangasius_basa_swai,,fresh_live,TRUE,FALSE,,CATFISH (PANGASIUS) MEAT FRESH,extended,
"CARP,CATFISH,EELS,NILE PERCH,SNAKEHEAD,TILAPIA SALTED > 6.8 KG",tilapia,,other,TRUE,TRUE,,"CARP,CATFISH,EELS,NILE PERCH,SNAKEHEAD,TILAPIA SALTED > 6.8 KG",core,
GROUNDFISH CUSK MEAT FRESH,other_groundfish,,fresh_live,TRUE,TRUE,,GROUNDFISH CUSK MEAT FRESH,core,
TUNA NSPF IN ATC (FOIL OR FLEXIBLE) NOT IN OIL IN QUOTA,tuna,,canned_packaged,TRUE,TRUE,,TUNA NSPF IN ATC (FOIL OR FLEXIBLE) NOT IN OIL IN QUOTA,core,
"CARP,CATFISH,EELS,SNAKEHEAD,TILAPIA SURIMI",tilapia,,surimi,TRUE,TRUE,,"CARP,CATFISH,EELS,SNAKEHEAD,TILAPIA SURIMI",core,
RAYS AND SKATES (RAJIDAE) MEAT FRESH,sharks_rays_skates,,fresh_live,TRUE,FALSE,,RAYS AND SKATES (RAJIDAE) MEAT FRESH,extended,
"CARP,CATFISH,EELS,SNAKEHEAD,TILAPIA MINCED FROZEN > 6.8KG",tilapia,,frozen,TRUE,TRUE,,"CARP,CATFISH,EELS,SNAKEHEAD,TILAPIA MINCED FROZEN > 6.8KG",core,
SARDINE CANNED IN OIL SKIN/BONED BET $0.51 - $0.66/KG,small_pelagics_other,,canned_packaged,TRUE,FALSE,,SARDINE CANNED IN OIL SKIN/BONED BET $0.51 - $0.66/KG,extended,
GROUNDFISH POLLOCK NSPF SMOKED CANNED IN OIL,pollock,,canned_packaged,TRUE,TRUE,,GROUNDFISH POLLOCK NSPF SMOKED CANNED IN OIL,core,
SOD OIL/FRACTIONS,review,,meal_oil,TRUE,FALSE,,SOD OIL/FRACTIONS,review,
GROUNDFISH POLLOCK NSPF CANNED IN OIL,pollock,,canned_packaged,TRUE,TRUE,,GROUNDFISH POLLOCK NSPF CANNED IN OIL,core,
"FISH BALLS,CAKES,PUDDING CANNED IN OIL",mixed_prepared_products,,canned_packaged,FALSE,FALSE,,"FISH BALLS,CAKES,PUDDING CANNED IN OIL",exclude,mixed_prepared_products
SARDINE CANNED IN OIL VALUE NOT > $0.40/KG,small_pelagics_other,,canned_packaged,TRUE,FALSE,,SARDINE CANNED IN OIL VALUE NOT > $0.40/KG,extended,
COBIA FRESH NOT >6.8KG,reef_fish_other,,fresh_live,TRUE,FALSE,,COBIA FRESH NOT >6.8KG,extended,
TUNA NSPF NOT IN OIL > 6.8KG (DISCS/LOINS),tuna,,meal_oil,TRUE,TRUE,,TUNA NSPF NOT IN OIL > 6.8KG (DISCS/LOINS),core,
SEABREAM (SPARIDAE) FRESH NOT > 6.8KG,reef_fish_other,,fresh_live,TRUE,FALSE,,SEABREAM (SPARIDAE) FRESH NOT > 6.8KG,extended,
"JACK,HORSE MACKEREL FRESH NOT > 6.8KG",mackerel,,fresh_live,TRUE,TRUE,,"JACK,HORSE MACKEREL FRESH NOT > 6.8KG",core,
GROUNDFISH COD NSPF FILLET FRESH/FROZEN IN QUOTA,cod,,fillet,TRUE,TRUE,,GROUNDFISH COD NSPF FILLET FRESH/FROZEN IN QUOTA,core,
SHRIMP WARM-WATER SHELL-ON FROZEN WILD 61/70,shrimp,,frozen,TRUE,TRUE,,SHRIMP WARM-WATER SHELL-ON FROZEN WILD 61/70,core,
LOBSTER NORWAY DRIED/SALTED/BRINE,lobster,,other,TRUE,TRUE,,LOBSTER NORWAY DRIED/SALTED/BRINE,core,
"FRESHWATER FISH NSPF FRESH SCALED, IN CONTAINER NOT >6.8KG",broad_mixed_fish,,fresh_live,FALSE,FALSE,,"FRESHWATER FISH NSPF FRESH SCALED, IN CONTAINER NOT >6.8KG",exclude,broad_mixed_fish
GROUNDFISH POLLOCK ATLANTIC FILLET BLOCKS FROZEN > 4.5KG,pollock,,fillet,TRUE,TRUE,,GROUNDFISH POLLOCK ATLANTIC FILLET BLOCKS FROZEN > 4.5KG,core,
FLATFISH PLAICE MEAT FRESH,flatfish,,fresh_live,TRUE,TRUE,,FLATFISH PLAICE MEAT FRESH,core,
CRAB BLUE KING (PARALITHODES PLATYPUS) FROZEN,crab,,frozen,TRUE,TRUE,,CRAB BLUE KING (PARALITHODES PLATYPUS) FROZEN,core,
SHELLFISH CRAWFISH MEAL FOR HUMAN CONSUMPTION FROZEN,mixed_prepared_products,,frozen,FALSE,FALSE,,SHELLFISH CRAWFISH MEAL FOR HUMAN CONSUMPTION FROZEN,exclude,mixed_prepared_products
WHALE NSPF OIL/FRACTIONS,non_food_other,,meal_oil,FALSE,FALSE,,WHALE NSPF OIL/FRACTIONS,exclude,non_food_other
"SALMON ATLANTIC,DANUBE STEAKS FROZEN",salmon,,frozen,TRUE,TRUE,,"SALMON ATLANTIC,DANUBE STEAKS FROZEN",core,
"CATFISH (ICTALURUS,PANGASIUS,SILURUS) FRESH NOT > 6.8KG",pangasius_basa_swai,,fresh_live,TRUE,FALSE,,"CATFISH (ICTALURUS,PANGASIUS,SILURUS) FRESH NOT > 6.8KG",extended,
