year,iso3c,country_name,species_group,analysis_tier,import_volume_kg,import_value_usd
2009,CHN,CHINA,catfish_other,extended,7814761,30261482
2009,THA,THAILAND,catfish_other,extended,649782,2099308
2009,MEX,MEXICO,catfish_other,extended,265958,1357517
2009,PAN,PANAMA,catfish_other,extended,24154,128279
2009,IDN,INDONESIA,catfish_other,extended,19958,117410
2009,PER,PERU,catfish_other,extended,20639,109845
2009,CAN,CANADA,catfish_other,extended,17278,65419
2009,ESP,SPAIN,catfish_other,extended,2826,22971
2009,VNM,VIETNAM,catfish_other,extended,8269,22924
2009,GUY,GUYANA,catfish_other,extended,2273,4080
2009,CHN,CHINA,clams,core,7761518,18666181
2009,CAN,CANADA,clams,core,2623552,18516912
2009,VNM,VIETNAM,clams,core,2315027,6439115
2009,THA,THAILAND,clams,core,1164492,3424047
2009,IDN,INDONESIA,clams,core,1198483,3347851
2009,NZL,NEW ZEALAND,clams,core,700932,3062853
2009,CHL,CHILE,clams,core,500933,1602294
2009,MEX,MEXICO,clams,core,415826,943049
2009,NLD,NETHERLANDS,clams,core,247029,708244
2009,PER,PERU,clams,core,201622,524543
2009,JPN,JAPAN,clams,core,15168,241620
2009,ISL,ICELAND,clams,core,71818,204933
2009,KOR,SOUTH KOREA,clams,core,33733,173943
2009,AUS,AUSTRALIA,clams,core,14774,96287
2009,ESP,SPAIN,clams,core,14238,90115
2009,MYS,MALAYSIA,clams,core,28639,79982
2009,IND,INDIA,clams,core,3450,71540
2009,ITA,ITALY,clams,core,6867,52406
2009,PAN,PANAMA,clams,core,5256,21420
2009,NOR,NORWAY,clams,core,382,20547
2009,PRT,PORTUGAL,clams,core,1010,14968
2009,ECU,ECUADOR,clams,core,5673,14256
2009,VUT,VANUATU,clams,core,2403,9012
2009,PHL,PHILIPPINES,clams,core,452,7205
2009,UKR,UKRAINE,clams,core,912,6017
2009,LVA,LATVIA,clams,core,806,5477
2009,POL,POLAND,clams,core,1352,3600
2009,TON,TONGA,clams,core,153,2280
2009,CHN,CHINA,cod,core,29908326,159359343
2009,CAN,CANADA,cod,core,4546347,34807148
2009,ISL,ICELAND,cod,core,3769280,24203562
2009,NOR,NORWAY,cod,core,3056544,23918763
2009,RUS,RUSSIAN FEDERATION,cod,core,2104493,9382201
2009,THA,THAILAND,cod,core,1204738,7602388
2009,POL,POLAND,cod,core,846852,4678277
2009,GRL,GREENLAND,cod,core,190957,1355668
2009,PRT,PORTUGAL,cod,core,145888,1333847
2009,GBR,UNITED KINGDOM,cod,core,98801,883787
2009,DEU,GERMANY,cod,core,20992,514096
2009,NLD,NETHERLANDS,cod,core,31247,337778
2009,FRO,FAROE IS.,cod,core,41506,259549
2009,VNM,VIETNAM,cod,core,32024,189010
2009,ESP,SPAIN,cod,core,18719,163371
2009,DNK,DENMARK,cod,core,23710,154202
2009,NZL,NEW ZEALAND,cod,core,29935,143624
2009,MEX,MEXICO,cod,core,5505,55502
2009,JPN,JAPAN,cod,core,1922,52479
2009,KOR,SOUTH KOREA,cod,core,8216,46604
2009,GUY,GUYANA,cod,core,24684,40898
2009,TWN,TAIWAN,cod,core,5357,40706
2009,IRL,IRELAND,cod,core,4716,28275
2009,GHA,GHANA,cod,core,3104,25400
2009,MYS,MALAYSIA,cod,core,2170,16196
2009,IND,INDIA,cod,core,5878,12044
2009,FRA,FRANCE,cod,core,1382,7859
2009,ITA,ITALY,cod,core,250,3405
2009,ECU,ECUADOR,cod,core,99,3300
2009,HND,HONDURAS,cod,core,2300,3060
2009,CAN,CANADA,crab,core,52834460,398815595
2009,RUS,RUSSIAN FEDERATION,crab,core,20487032,264445206
2009,IDN,INDONESIA,crab,core,8371974,128717616
2009,CHN,CHINA,crab,core,8646901,93951515
2009,THA,THAILAND,crab,core,4678326,63261567
2009,VNM,VIETNAM,crab,core,3465171,49056399
2009,PHL,PHILIPPINES,crab,core,2448183,41105137
2009,VEN,VENEZUELA,crab,core,2858049,32315193
2009,IND,INDIA,crab,core,1886086,25959342
2009,MEX,MEXICO,crab,core,1923514,22220351
2009,CHL,CHILE,crab,core,718826,8545727
2009,KOR,SOUTH KOREA,crab,core,989144,8068655
2009,NOR,NORWAY,crab,core,282576,5403726
2009,MYS,MALAYSIA,crab,core,399901,4878525
2009,GRL,GREENLAND,crab,core,601439,4539781
2009,LKA,SRI LANKA,crab,core,873874,3932717
2009,JPN,JAPAN,crab,core,316406,3629298
2009,COL,COLOMBIA,crab,core,195901,2887608
2009,ARG,ARGENTINA,crab,core,212286,1822841
2009,ECU,ECUADOR,crab,core,78962,1183686
2009,BHS,BAHAMAS,crab,core,69976,889540
2009,SPM,ST.PIERRE & MIQUELON,crab,core,104119,673023
2009,BHR,BAHRAIN,crab,core,155438,649320
2009,DEU,GERMANY,crab,core,32932,540500
2009,PAK,PAKISTAN,crab,core,35528,509028
2009,AUS,AUSTRALIA,crab,core,15930,373118
2009,BRA,BRAZIL,crab,core,19016,351645
2009,PER,PERU,crab,core,18094,227715
2009,DNK,DENMARK,crab,core,13157,112718
2009,NLD,NETHERLANDS,crab,core,14969,101800
2009,NIC,NICARAGUA,crab,core,23357,93282
2009,ITA,ITALY,crab,core,6670,64624
2009,GTM,GUATEMALA,crab,core,7884,63712
2009,SWE,SWEDEN,crab,core,4380,39148
2009,GBR,UNITED KINGDOM,crab,core,3443,24078
2009,HKG,CHINA - HONG KONG,crab,core,7200,22690
2009,GUY,GUYANA,crab,core,2780,20884
2009,SGP,SINGAPORE,crab,core,2500,17000
2009,ARE,UNITED ARAB EMIRATES,crab,core,392,8516
2009,BGD,BANGLADESH,crab,core,2721,7934
2009,DOM,DOMINICAN REPUBLIC,crab,core,899,6236
2009,SUR,SURINAME,crab,core,1140,5130
2009,TWN,TAIWAN,crab,core,456,2988
2009,MOZ,MOZAMBIQUE,crab,core,306,2142
2009,CHN,CHINA,crawfish_freshwater,extended,6447858,62541219
2009,TUR,TURKEY,crawfish_freshwater,extended,478432,5262012
2009,ESP,SPAIN,crawfish_freshwater,extended,362459,3531084
2009,JPN,JAPAN,crawfish_freshwater,extended,30617,501105
2009,ARM,ARMENIA,crawfish_freshwater,extended,21866,62272
2009,LTU,LITHUANIA,crawfish_freshwater,extended,2433,14238
2009,CHN,CHINA,eel_sturgeon_shad,extended,483491,4719959
2009,KOR,SOUTH KOREA,eel_sturgeon_shad,extended,45401,600302
2009,TWN,TAIWAN,eel_sturgeon_shad,extended,85894,549298
2009,VNM,VIETNAM,eel_sturgeon_shad,extended,118010,408447
2009,CAN,CANADA,eel_sturgeon_shad,extended,22445,182439
2009,JPN,JAPAN,eel_sturgeon_shad,extended,1239,39125
2009,MYS,MALAYSIA,eel_sturgeon_shad,extended,12565,36010
2009,PRT,PORTUGAL,eel_sturgeon_shad,extended,3027,34021
2009,SGP,SINGAPORE,eel_sturgeon_shad,extended,1977,14969
2009,THA,THAILAND,eel_sturgeon_shad,extended,2792,9896
2009,ESP,SPAIN,eel_sturgeon_shad,extended,144,2519
2009,URY,URUGUAY,eel_sturgeon_shad,extended,200,2400
2009,CHN,CHINA,flatfish,core,17497554,69116255
2009,CAN,CANADA,flatfish,core,4919727,33056261
2009,NLD,NETHERLANDS,flatfish,core,844336,10155932
2009,ARG,ARGENTINA,flatfish,core,1693143,8237972
2009,MEX,MEXICO,flatfish,core,339733,1234854
2009,ISL,ICELAND,flatfish,core,249145,1222324
2009,GRL,GREENLAND,flatfish,core,140928,1122825
2009,BEL,BELGIUM,flatfish,core,74818,986127
2009,KOR,SOUTH KOREA,flatfish,core,42465,487384
2009,THA,THAILAND,flatfish,core,66588,396774
2009,PAN,PANAMA,flatfish,core,97032,389906
2009,VNM,VIETNAM,flatfish,core,59010,375993
2009,FRA,FRANCE,flatfish,core,24579,317744
2009,ECU,ECUADOR,flatfish,core,192848,278074
2009,NOR,NORWAY,flatfish,core,36372,271301
2009,JPN,JAPAN,flatfish,core,13158,209346
2009,GBR,UNITED KINGDOM,flatfish,core,5582,118369
2009,DNK,DENMARK,flatfish,core,18066,111118
2009,BRA,BRAZIL,flatfish,core,20308,81880
2009,CHL,CHILE,flatfish,core,7905,80119
2009,HKG,CHINA - HONG KONG,flatfish,core,20412,63000
2009,IDN,INDONESIA,flatfish,core,7492,62273
2009,ESP,SPAIN,flatfish,core,6897,60717
2009,GRC,GREECE,flatfish,core,8740,55695
2009,NZL,NEW ZEALAND,flatfish,core,5920,32914
2009,TUR,TURKEY,flatfish,core,5100,31830
2009,SGP,SINGAPORE,flatfish,core,3951,31100
2009,SPM,ST.PIERRE & MIQUELON,flatfish,core,6870,25390
2009,PRT,PORTUGAL,flatfish,core,735,22568
2009,TTO,TRINIDAD & TOBAGO,flatfish,core,2647,18054
2009,GRD,GRENADA,flatfish,core,2202,16308
2009,NIC,NICARAGUA,flatfish,core,2089,7027
2009,ZAF,SOUTH AFRICA,flatfish,core,239,4197
2009,IND,INDIA,flatfish,core,1030,3689
2009,ITA,ITALY,flatfish,core,47,2053
2009,CAN,CANADA,halibut,core,3743826,41824009
2009,CHN,CHINA,halibut,core,1372868,12942554
2009,NOR,NORWAY,halibut,core,135400,1749766
2009,MEX,MEXICO,halibut,core,157254,482631
2009,RUS,RUSSIAN FEDERATION,halibut,core,46535,363120
2009,GBR,UNITED KINGDOM,halibut,core,22007,286351
2009,CHL,CHILE,halibut,core,18834,268947
2009,KOR,SOUTH KOREA,halibut,core,13163,209342
2009,ISL,ICELAND,halibut,core,9376,93426
2009,JPN,JAPAN,halibut,core,4511,49147
2009,GRC,GREECE,halibut,core,819,6068
2009,CAN,CANADA,herring,core,12107712,26663294
2009,NOR,NORWAY,herring,core,2751552,13095679
2009,CHN,CHINA,herring,core,1554461,9956219
2009,NLD,NETHERLANDS,herring,core,359384,9311049
2009,DEU,GERMANY,herring,core,1069079,4851176
2009,POL,POLAND,herring,core,475317,1471000
2009,PHL,PHILIPPINES,herring,core,146349,586393
2009,DNK,DENMARK,herring,core,67814,457985
2009,UKR,UKRAINE,herring,core,116463,423204
2009,GBR,UNITED KINGDOM,herring,core,78871,414877
2009,LTU,LITHUANIA,herring,core,79481,280425
2009,THA,THAILAND,herring,core,63287,269519
2009,RUS,RUSSIAN FEDERATION,herring,core,76783,228171
2009,SWE,SWEDEN,herring,core,51765,226382
2009,LVA,LATVIA,herring,core,70069,169406
2009,BLR,BELARUS,herring,core,157047,158932
2009,JPN,JAPAN,herring,core,9925,122484
2009,FIN,FINLAND,herring,core,19600,91360
2009,GHA,GHANA,herring,core,29202,69402
2009,MEX,MEXICO,herring,core,117935,68694
2009,ISL,ICELAND,herring,core,13470,66827
2009,VNM,VIETNAM,herring,core,20031,60540
2009,IRL,IRELAND,herring,core,7695,46356
2009,GIN,GUINEA,herring,core,17720,28500
2009,SLE,SIERRA LEONE,herring,core,35242,27262
2009,ESP,SPAIN,herring,core,16262,24798
2009,IND,INDIA,herring,core,1842,23500
2009,ECU,ECUADOR,herring,core,8674,16095
2009,SEN,SENEGAL,herring,core,6120,15000
2009,LKA,SRI LANKA,herring,core,1685,14575
2009,CIV,IVORY COAST,herring,core,8500,12195
2009,GMB,GAMBIA,herring,core,1400,10500
2009,KOR,SOUTH KOREA,herring,core,4900,5881
2009,CAN,CANADA,inland_freshwater_other,extended,6016835,53609468
2009,TUR,TURKEY,inland_freshwater_other,extended,460398,4703582
2009,RUS,RUSSIAN FEDERATION,inland_freshwater_other,extended,165891,1724070
2009,UGA,UGANDA,inland_freshwater_other,extended,213546,1385841
2009,TZA,TANZANIA,inland_freshwater_other,extended,198876,1178480
2009,CHN,CHINA,inland_freshwater_other,extended,306919,1120051
2009,PER,PERU,inland_freshwater_other,extended,663358,1118288
2009,KAZ,KAZAKHSTAN,inland_freshwater_other,extended,96444,1019325
2009,POL,POLAND,inland_freshwater_other,extended,85056,849995
2009,KEN,KENYA,inland_freshwater_other,extended,96750,531714
2009,EST,ESTONIA,inland_freshwater_other,extended,47747,418657
2009,VNM,VIETNAM,inland_freshwater_other,extended,102155,329088
2009,TWN,TAIWAN,inland_freshwater_other,extended,74165,188924
2009,JPN,JAPAN,inland_freshwater_other,extended,14465,182161
2009,CHL,CHILE,inland_freshwater_other,extended,60496,133417
2009,IDN,INDONESIA,inland_freshwater_other,extended,12203,97047
2009,NLD,NETHERLANDS,inland_freshwater_other,extended,1945,24380
2009,UKR,UKRAINE,inland_freshwater_other,extended,1053,11976
2009,PAN,PANAMA,inland_freshwater_other,extended,2787,6881
2009,THA,THAILAND,inland_freshwater_other,extended,1155,5852
2009,MYS,MALAYSIA,inland_freshwater_other,extended,975,4151
2009,BRA,BRAZIL,inland_freshwater_other,extended,702,3516
2009,SGP,SINGAPORE,inland_freshwater_other,extended,583,2470
2009,NZL,NEW ZEALAND,inland_freshwater_other,extended,309,2086
2009,ECU,ECUADOR,large_pelagics_other,extended,5815097,38509687
2009,PER,PERU,large_pelagics_other,extended,5286748,27595963
2009,TWN,TAIWAN,large_pelagics_other,extended,3147991,17367618
2009,PAN,PANAMA,large_pelagics_other,extended,1488437,8018785
2009,CRI,COSTA RICA,large_pelagics_other,extended,460293,3374288
2009,VNM,VIETNAM,large_pelagics_other,extended,641035,3087440
2009,SLV,EL SALVADOR,large_pelagics_other,extended,195190,1234807
2009,CHN,CHINA,large_pelagics_other,extended,274426,1232712
2009,IDN,INDONESIA,large_pelagics_other,extended,182195,1115917
2009,JPN,JAPAN,large_pelagics_other,extended,58335,304989
2009,NIC,NICARAGUA,large_pelagics_other,extended,44965,222319
2009,MYS,MALAYSIA,large_pelagics_other,extended,21063,79390
2009,GBR,UNITED KINGDOM,large_pelagics_other,extended,3103,27360
2009,IND,INDIA,large_pelagics_other,extended,6590,24873
2009,SGP,SINGAPORE,large_pelagics_other,extended,1606,11459
2009,CAN,CANADA,large_pelagics_other,extended,2705,9957
2009,FRA,FRANCE,large_pelagics_other,extended,110,8741
2009,FJI,FIJI,large_pelagics_other,extended,1656,8041
2009,PHL,PHILIPPINES,large_pelagics_other,extended,658,5476
2009,BRA,BRAZIL,large_pelagics_other,extended,883,4220
2009,CAN,CANADA,lobster,core,34933768,572895307
2009,BRA,BRAZIL,lobster,core,2085538,46537052
2009,BHS,BAHAMAS,lobster,core,1804762,39367023
2009,AUS,AUSTRALIA,lobster,core,720999,28808878
2009,HND,HONDURAS,lobster,core,1264199,28140563
2009,NIC,NICARAGUA,lobster,core,1458420,26374958
2009,ZAF,SOUTH AFRICA,lobster,core,488033,13691713
2009,BLZ,BELIZE,lobster,core,141757,3807595
2009,CHL,CHILE,lobster,core,226556,3634539
2009,CHN,CHINA,lobster,core,571725,3365031
2009,SHN,ST.HELENA,lobster,core,143710,3273768
2009,THA,THAILAND,lobster,core,213791,2548914
2009,COL,COLOMBIA,lobster,core,100857,2462505
2009,ARE,UNITED ARAB EMIRATES,lobster,core,150931,2237077
2009,DOM,DOMINICAN REPUBLIC,lobster,core,106457,1897635
2009,PAN,PANAMA,lobster,core,241710,1889947
2009,NZL,NEW ZEALAND,lobster,core,52391,1061585
2009,TCA,TURKS & CAICOS IS.,lobster,core,43884,1014560
2009,ESP,SPAIN,lobster,core,98715,973103
2009,ECU,ECUADOR,lobster,core,37560,655901
2009,JPN,JAPAN,lobster,core,23412,439481
2009,MEX,MEXICO,lobster,core,14188,351620
2009,TWN,TAIWAN,lobster,core,19958,305255
2009,OMN,OMAN,lobster,core,30659,255938
2009,ISL,ICELAND,lobster,core,12013,139798
2009,VNM,VIETNAM,lobster,core,6006,117815
2009,NAM,NAMIBIA,lobster,core,4500,116804
2009,IDN,INDONESIA,lobster,core,7499,101662
2009,LKA,SRI LANKA,lobster,core,4667,83508
2009,NLD,NETHERLANDS,lobster,core,5900,69205
2009,JAM,JAMAICA,lobster,core,2562,59325
2009,GBR,UNITED KINGDOM,lobster,core,1798,52214
2009,HKG,CHINA - HONG KONG,lobster,core,17766,41556
2009,FRA,FRANCE,lobster,core,1449,37273
2009,SGP,SINGAPORE,lobster,core,5331,27828
2009,CRI,COSTA RICA,lobster,core,562,12614
2009,MYS,MALAYSIA,lobster,core,846,4088
2009,PAK,PAKISTAN,lobster,core,113,3024
2009,ITA,ITALY,lobster,core,37,2858
2009,SEN,SENEGAL,lobster,core,120,2640
2009,THA,THAILAND,mackerel,core,3873585,10640016
2009,NOR,NORWAY,mackerel,core,2139303,6769443
2009,KOR,SOUTH KOREA,mackerel,core,1230289,5987542
2009,CHN,CHINA,mackerel,core,3030855,5612381
2009,CHL,CHILE,mackerel,core,2452589,5027982
2009,CAN,CANADA,mackerel,core,1159395,3317352
2009,IND,INDIA,mackerel,core,1058788,3122887
2009,JPN,JAPAN,mackerel,core,812152,3047260
2009,PHL,PHILIPPINES,mackerel,core,467262,1379460
2009,VNM,VIETNAM,mackerel,core,376174,928265
2009,TWN,TAIWAN,mackerel,core,780809,910091
2009,PRT,PORTUGAL,mackerel,core,123004,572084
2009,DNK,DENMARK,mackerel,core,107640,475988
2009,GBR,UNITED KINGDOM,mackerel,core,121500,394430
2009,MEX,MEXICO,mackerel,core,157596,355717
2009,POL,POLAND,mackerel,core,73227,280204
2009,DEU,GERMANY,mackerel,core,57230,222921
2009,ECU,ECUADOR,mackerel,core,59833,214924
2009,PER,PERU,mackerel,core,81441,171630
2009,PAN,PANAMA,mackerel,core,108249,168429
2009,FRO,FAROE IS.,mackerel,core,40000,131200
2009,BRA,BRAZIL,mackerel,core,25505,107725
2009,MYS,MALAYSIA,mackerel,core,33351,80846
2009,IDN,INDONESIA,mackerel,core,15422,80720
2009,RUS,RUSSIAN FEDERATION,mackerel,core,37080,75722
2009,MAR,MOROCCO,mackerel,core,11733,68955
2009,HRV,CROATIA,mackerel,core,11987,62576
2009,GRC,GREECE,mackerel,core,5057,56660
2009,LVA,LATVIA,mackerel,core,14699,47225
2009,HKG,CHINA - HONG KONG,mackerel,core,34901,45393
2009,PAK,PAKISTAN,mackerel,core,33870,43520
2009,SVN,SLOVENIA,mackerel,core,8395,39171
2009,ESP,SPAIN,mackerel,core,3205,24874
2009,NLD,NETHERLANDS,mackerel,core,2113,15170
2009,LTU,LITHUANIA,mackerel,core,1068,4160
2009,NIC,NICARAGUA,mackerel,core,1958,3669
2009,ARG,ARGENTINA,mackerel,core,2994,2970
2009,PYF,FRENCH POLYNESIA,mackerel,core,359,2372
2009,BGR,BULGARIA,mackerel,core,860,2008
2009,NZL,NEW ZEALAND,mussels,core,10154783,33678119
2009,CAN,CANADA,mussels,core,10826155,26680515
2009,CHL,CHILE,mussels,core,4544239,11490738
2009,MEX,MEXICO,mussels,core,242917,591406
2009,CHN,CHINA,mussels,core,80777,187647
2009,KOR,SOUTH KOREA,mussels,core,17962,71415
2009,THA,THAILAND,mussels,core,5204,38482
2009,ESP,SPAIN,mussels,core,2697,19027
2009,HKG,CHINA - HONG KONG,mussels,core,1900,14967
2009,JPN,JAPAN,mussels,core,671,12292
2009,IND,INDIA,mussels,core,4354,10725
2009,GBR,UNITED KINGDOM,mussels,core,3,5783
2009,BEL,BELGIUM,mussels,core,295,2860
2009,VNM,VIETNAM,mussels,core,1058,2540
2009,CAN,CANADA,other_groundfish,core,26485090,63843092
2009,CHN,CHINA,other_groundfish,core,13279478,60811216
2009,ISL,ICELAND,other_groundfish,core,5344000,37732922
2009,NZL,NEW ZEALAND,other_groundfish,core,2328200,23887658
2009,NOR,NORWAY,other_groundfish,core,5049927,13810900
2009,ARG,ARGENTINA,other_groundfish,core,2935603,7066838
2009,RUS,RUSSIAN FEDERATION,other_groundfish,core,553843,2302615
2009,AUS,AUSTRALIA,other_groundfish,core,185961,2140415
2009,THA,THAILAND,other_groundfish,core,143544,1432101
2009,PER,PERU,other_groundfish,core,303898,701068
2009,KOR,SOUTH KOREA,other_groundfish,core,194173,550486
2009,NAM,NAMIBIA,other_groundfish,core,144184,534375
2009,CHL,CHILE,other_groundfish,core,74572,518602
2009,ZAF,SOUTH AFRICA,other_groundfish,core,126145,405507
2009,GRL,GREENLAND,other_groundfish,core,57155,368604
2009,BGD,BANGLADESH,other_groundfish,core,76132,327866
2009,URY,URUGUAY,other_groundfish,core,97990,280956
2009,ECU,ECUADOR,other_groundfish,core,157934,271410
2009,VNM,VIETNAM,other_groundfish,core,38229,268222
2009,TWN,TAIWAN,other_groundfish,core,81508,210519
2009,FRO,FAROE IS.,other_groundfish,core,45748,200198
2009,JPN,JAPAN,other_groundfish,core,60130,135255
2009,MUS,MAURITIUS,other_groundfish,core,14355,133920
2009,PRT,PORTUGAL,other_groundfish,core,37108,132945
2009,SPM,ST.PIERRE & MIQUELON,other_groundfish,core,34999,94993
2009,MYS,MALAYSIA,other_groundfish,core,16200,68148
2009,SGP,SINGAPORE,other_groundfish,core,22166,67151
2009,GBR,UNITED KINGDOM,other_groundfish,core,17569,51784
2009,MEX,MEXICO,other_groundfish,core,53801,45179
2009,SUR,SURINAME,other_groundfish,core,8317,42428
2009,KAZ,KAZAKHSTAN,other_groundfish,core,4324,23307
2009,IRL,IRELAND,other_groundfish,core,2032,14157
2009,GUY,GUYANA,other_groundfish,core,327,2736
2009,CHN,CHINA,other_shellfish_specialty,extended,3982929,16873000
2009,MEX,MEXICO,other_shellfish_specialty,extended,103654,5181446
2009,CHL,CHILE,other_shellfish_specialty,extended,137006,2073131
2009,AUS,AUSTRALIA,other_shellfish_specialty,extended,31908,1709991
2009,HND,HONDURAS,other_shellfish_specialty,extended,137297,1458278
2009,FRA,FRANCE,other_shellfish_specialty,extended,140823,1433877
2009,TCA,TURKS & CAICOS IS.,other_shellfish_specialty,extended,137487,1329189
2009,TWN,TAIWAN,other_shellfish_specialty,extended,34906,886034
2009,IDN,INDONESIA,other_shellfish_specialty,extended,228297,722979
2009,NZL,NEW ZEALAND,other_shellfish_specialty,extended,15821,653838
2009,HKG,CHINA - HONG KONG,other_shellfish_specialty,extended,42104,514311
2009,VNM,VIETNAM,other_shellfish_specialty,extended,140638,466784
2009,BHS,BAHAMAS,other_shellfish_specialty,extended,32455,407013
2009,PER,PERU,other_shellfish_specialty,extended,44010,315792
2009,JPN,JAPAN,other_shellfish_specialty,extended,10442,252819
2009,KOR,SOUTH KOREA,other_shellfish_specialty,extended,16019,141591
2009,CAN,CANADA,other_shellfish_specialty,extended,28490,141552
2009,KNA,ST.KITTS-NEVIS,other_shellfish_specialty,extended,10939,70647
2009,ZAF,SOUTH AFRICA,other_shellfish_specialty,extended,1896,44697
2009,ESP,SPAIN,other_shellfish_specialty,extended,3000,15500
2009,CIV,IVORY COAST,other_shellfish_specialty,extended,8920,14800
2009,GHA,GHANA,other_shellfish_specialty,extended,617,13800
2009,THA,THAILAND,other_shellfish_specialty,extended,5663,12899
2009,CHN,CHINA,oysters,core,3256286,18605496
2009,KOR,SOUTH KOREA,oysters,core,3540538,17185911
2009,CAN,CANADA,oysters,core,1538351,7730901
2009,MEX,MEXICO,oysters,core,599542,1740845
2009,JPN,JAPAN,oysters,core,232539,1615478
2009,HKG,CHINA - HONG KONG,oysters,core,75277,372589
2009,NZL,NEW ZEALAND,oysters,core,22435,190576
2009,FRA,FRANCE,oysters,core,7841,110605
2009,THA,THAILAND,oysters,core,27927,107747
2009,MYS,MALAYSIA,oysters,core,2076,15700
2009,VNM,VIETNAM,pangasius_basa_swai,extended,38718765,121680242
2009,THA,THAILAND,pangasius_basa_swai,extended,5589333,17692223
2009,CHN,CHINA,pangasius_basa_swai,extended,2581301,10467596
2009,KHM,CAMBODIA,pangasius_basa_swai,extended,2188008,6946005
2009,MYS,MALAYSIA,pangasius_basa_swai,extended,500465,1682760
2009,IDN,INDONESIA,pangasius_basa_swai,extended,265764,1001800
2009,JPN,JAPAN,pangasius_basa_swai,extended,6455,107122
2009,ESP,SPAIN,pangasius_basa_swai,extended,5750,22834
2009,CAN,CANADA,pangasius_basa_swai,extended,2966,11688
2009,NZL,NEW ZEALAND,pangasius_basa_swai,extended,809,8779
2009,CHN,CHINA,pollock,core,79394760,217276241
2009,RUS,RUSSIAN FEDERATION,pollock,core,2530310,10278245
2009,ISL,ICELAND,pollock,core,753056,2908401
2009,CAN,CANADA,pollock,core,1084963,2720165
2009,JPN,JAPAN,pollock,core,291420,1095850
2009,KOR,SOUTH KOREA,pollock,core,248773,1025318
2009,ESP,SPAIN,pollock,core,168568,417834
2009,PRT,PORTUGAL,pollock,core,43269,136763
2009,IRL,IRELAND,pollock,core,23006,123209
2009,NOR,NORWAY,pollock,core,49050,101751
2009,FRA,FRANCE,pollock,core,5180,47424
2009,GBR,UNITED KINGDOM,pollock,core,220,8184
2009,FRO,FAROE IS.,pollock,core,1197,5302
2009,ISR,ISRAEL,pollock,core,1352,3944
2009,NGA,NIGERIA,pollock,core,291,3060
2009,GRC,GREECE,reef_fish_other,extended,381293,3118507
2009,FRA,FRANCE,reef_fish_other,extended,388089,2172329
2009,TWN,TAIWAN,reef_fish_other,extended,274820,901658
2009,CAN,CANADA,reef_fish_other,extended,338640,801802
2009,URY,URUGUAY,reef_fish_other,extended,42459,619008
2009,ESP,SPAIN,reef_fish_other,extended,49327,569110
2009,CHL,CHILE,reef_fish_other,extended,13962,147938
2009,AUS,AUSTRALIA,reef_fish_other,extended,11466,105070
2009,HKG,CHINA - HONG KONG,reef_fish_other,extended,30800,98560
2009,MEX,MEXICO,reef_fish_other,extended,20325,86476
2009,TUR,TURKEY,reef_fish_other,extended,5970,44001
2009,MUS,MAURITIUS,reef_fish_other,extended,3245,30168
2009,NLD,NETHERLANDS,reef_fish_other,extended,907,18291
2009,NZL,NEW ZEALAND,reef_fish_other,extended,890,12597
2009,SUR,SURINAME,reef_fish_other,extended,629,2772
2009,VNM,VIETNAM,reef_fish_other,extended,302,2725
2009,GBR,UNITED KINGDOM,reef_fish_other,extended,102,2315
2009,CHN,CHINA,reef_fish_other,extended,420,2100
2009,CAN,CANADA,sablefish,core,124123,1450153
2009,CHL,CHILE,salmon,core,63742014,543543280
2009,CAN,CANADA,salmon,core,77357772,473637613
2009,NOR,NORWAY,salmon,core,27826974,249624148
2009,CHN,CHINA,salmon,core,32474733,148767223
2009,GBR,UNITED KINGDOM,salmon,core,17856003,115001737
2009,FRO,FAROE IS.,salmon,core,10692606,59679734
2009,THA,THAILAND,salmon,core,6328080,30869970
2009,NLD,NETHERLANDS,salmon,core,1268802,17815465
2009,POL,POLAND,salmon,core,1176208,13058326
2009,DNK,DENMARK,salmon,core,953931,10961942
2009,NZL,NEW ZEALAND,salmon,core,779028,6332576
2009,ISL,ICELAND,salmon,core,556441,5212294
2009,IRL,IRELAND,salmon,core,351251,3241299
2009,AUS,AUSTRALIA,salmon,core,195364,1520030
2009,RUS,RUSSIAN FEDERATION,salmon,core,90863,738654
2009,SWE,SWEDEN,salmon,core,37302,481417
2009,FRA,FRANCE,salmon,core,41149,386888
2009,ARG,ARGENTINA,salmon,core,111144,297855
2009,JPN,JAPAN,salmon,core,20206,276463
2009,ECU,ECUADOR,salmon,core,6570,48948
2009,DEU,GERMANY,salmon,core,3000,46907
2009,GUY,GUYANA,salmon,core,7071,46419
2009,MEX,MEXICO,salmon,core,11375,34258
2009,VNM,VIETNAM,salmon,core,2423,23614
2009,CRI,COSTA RICA,salmon,core,1364,18878
2009,ISR,ISRAEL,salmon,core,2720,18008
2009,CHE,SWITZERLAND,salmon,core,104,11640
2009,PHL,PHILIPPINES,salmon,core,2381,6440
2009,GTM,GUATEMALA,salmon,core,1058,6416
2009,KOR,SOUTH KOREA,salmon,core,150,2618
2009,LVA,LATVIA,salmon,core,420,2084
2009,JPN,JAPAN,scallops,core,6027856,92373667
2009,CHN,CHINA,scallops,core,10297367,56018982
2009,CAN,CANADA,scallops,core,2833344,43427846
2009,ARG,ARGENTINA,scallops,core,3292317,16995622
2009,PER,PERU,scallops,core,1874253,13242964
2009,MEX,MEXICO,scallops,core,520318,4127739
2009,RUS,RUSSIAN FEDERATION,scallops,core,191413,1974452
2009,FRA,FRANCE,scallops,core,179104,1766953
2009,CHL,CHILE,scallops,core,98493,895531
2009,KOR,SOUTH KOREA,scallops,core,90001,808756
2009,HKG,CHINA - HONG KONG,scallops,core,22417,569410
2009,THA,THAILAND,scallops,core,37009,518760
2009,ATG,ANTIGUA & BARBUDA,scallops,core,15622,138678
2009,AUS,AUSTRALIA,scallops,core,5716,62680
2009,PHL,PHILIPPINES,scallops,core,30648,58859
2009,MYS,MALAYSIA,scallops,core,2330,37864
2009,PAN,PANAMA,scallops,core,728,7773
2009,GBR,UNITED KINGDOM,scallops,core,320,5980
2009,ESP,SPAIN,scallops,core,138,3672
2009,TWN,TAIWAN,scallops,core,400,2360
2009,CAN,CANADA,sea_cucumber_urchin_other_inverts,extended,1690032,3582446
2009,MEX,MEXICO,sea_cucumber_urchin_other_inverts,extended,60422,1311213
2009,CHL,CHILE,sea_cucumber_urchin_other_inverts,extended,5867,142344
2009,DOM,DOMINICAN REPUBLIC,sea_cucumber_urchin_other_inverts,extended,238,5243
2009,JPN,JAPAN,sea_cucumber_urchin_other_inverts,extended,26,3301
2009,MHL,MARSHALL IS.,sharks_rays_skates,extended,67204,926232
2009,HKG,CHINA - HONG KONG,sharks_rays_skates,extended,23056,894245
2009,CHN,CHINA,sharks_rays_skates,extended,6452,200257
2009,CRI,COSTA RICA,sharks_rays_skates,extended,46153,183489
2009,CAN,CANADA,sharks_rays_skates,extended,143512,159717
2009,PAN,PANAMA,sharks_rays_skates,extended,12429,158662
2009,MEX,MEXICO,sharks_rays_skates,extended,103729,134673
2009,BRA,BRAZIL,sharks_rays_skates,extended,20424,103291
2009,ESP,SPAIN,sharks_rays_skates,extended,1961,82273
2009,ECU,ECUADOR,sharks_rays_skates,extended,16212,74731
2009,NZL,NEW ZEALAND,sharks_rays_skates,extended,2618,57000
2009,TWN,TAIWAN,sharks_rays_skates,extended,7711,14914
2009,TTO,TRINIDAD & TOBAGO,sharks_rays_skates,extended,357,2162
2009,THA,THAILAND,shrimp,core,192766001,1354209031
2009,IDN,INDONESIA,shrimp,core,69328523,492546913
2009,VNM,VIETNAM,shrimp,core,42181342,382395454
2009,MEX,MEXICO,shrimp,core,41121787,332351739
2009,ECU,ECUADOR,shrimp,core,61595332,329868612
2009,CHN,CHINA,shrimp,core,44077186,235302966
2009,IND,INDIA,shrimp,core,19918949,166348639
2009,MYS,MALAYSIA,shrimp,core,18415682,112117503
2009,BGD,BANGLADESH,shrimp,core,9875221,91723372
2009,PER,PERU,shrimp,core,8474820,45968442
2009,HND,HONDURAS,shrimp,core,8744100,45701252
2009,GUY,GUYANA,shrimp,core,8923929,33074495
2009,NIC,NICARAGUA,shrimp,core,4800211,26435408
2009,CAN,CANADA,shrimp,core,3011115,25837710
2009,PAN,PANAMA,shrimp,core,3620277,24129755
2009,VEN,VENEZUELA,shrimp,core,3791926,15383409
2009,GTM,GUATEMALA,shrimp,core,1879651,13087169
2009,SUR,SURINAME,shrimp,core,2912336,12169713
2009,COL,COLOMBIA,shrimp,core,1580026,6996308
2009,TWN,TAIWAN,shrimp,core,1282402,5731228
2009,PHL,PHILIPPINES,shrimp,core,1270410,5717302
2009,ARE,UNITED ARAB EMIRATES,shrimp,core,964186,4716206
2009,BLZ,BELIZE,shrimp,core,531571,4097314
2009,PAK,PAKISTAN,shrimp,core,272325,2749335
2009,ARG,ARGENTINA,shrimp,core,175367,1647771
2009,NGA,NIGERIA,shrimp,core,65611,1343301
2009,DNK,DENMARK,shrimp,core,123078,838202
2009,MDG,MADAGASCAR,shrimp,core,45730,833830
2009,CHL,CHILE,shrimp,core,53642,786772
2009,HKG,CHINA - HONG KONG,shrimp,core,46019,762585
2009,LKA,SRI LANKA,shrimp,core,66627,748773
2009,MOZ,MOZAMBIQUE,shrimp,core,26007,421886
2009,SLV,EL SALVADOR,shrimp,core,74698,392082
2009,NLD,NETHERLANDS,shrimp,core,15258,324003
2009,NCL,NEW CALEDONIA,shrimp,core,18200,232822
2009,KOR,SOUTH KOREA,shrimp,core,44735,224792
2009,BRN,BRUNEI,shrimp,core,10396,212477
2009,JPN,JAPAN,shrimp,core,16775,131302
2009,ZAF,SOUTH AFRICA,shrimp,core,9231,103800
2009,SGP,SINGAPORE,shrimp,core,14696,89860
2009,BRA,BRAZIL,shrimp,core,16803,79810
2009,NZL,NEW ZEALAND,shrimp,core,4500,74611
2009,GRL,GREENLAND,shrimp,core,18343,61460
2009,ISL,ICELAND,shrimp,core,9180,35802
2009,TCA,TURKS & CAICOS IS.,shrimp,core,2136,15270
2009,AUS,AUSTRALIA,shrimp,core,568,10645
2009,PRT,PORTUGAL,shrimp,core,1288,9399
2009,CIV,IVORY COAST,shrimp,core,809,8093
2009,GRC,GREECE,shrimp,core,1200,8040
2009,ITA,ITALY,shrimp,core,58,2940
2009,MAR,MOROCCO,small_pelagics_other,extended,4869959,26794519
2009,CAN,CANADA,small_pelagics_other,extended,12839382,24595631
2009,THA,THAILAND,small_pelagics_other,extended,5663318,13360098
2009,POL,POLAND,small_pelagics_other,extended,1516028,12819385
2009,ECU,ECUADOR,small_pelagics_other,extended,3872667,6863704
2009,MEX,MEXICO,small_pelagics_other,extended,5757127,5201527
2009,ESP,SPAIN,small_pelagics_other,extended,1157223,5091834
2009,ITA,ITALY,small_pelagics_other,extended,661837,4544213
2009,CHL,CHILE,small_pelagics_other,extended,601441,4142478
2009,PRT,PORTUGAL,small_pelagics_other,extended,913193,3317389
2009,PHL,PHILIPPINES,small_pelagics_other,extended,1826872,2850620
2009,CHN,CHINA,small_pelagics_other,extended,1131236,2380387
2009,GBR,UNITED KINGDOM,small_pelagics_other,extended,292918,1879417
2009,ARG,ARGENTINA,small_pelagics_other,extended,583578,1449192
2009,LVA,LATVIA,small_pelagics_other,extended,413548,1340948
2009,KOR,SOUTH KOREA,small_pelagics_other,extended,205239,1163690
2009,PER,PERU,small_pelagics_other,extended,142568,846460
2009,JPN,JAPAN,small_pelagics_other,extended,150620,824351
2009,VNM,VIETNAM,small_pelagics_other,extended,231267,730433
2009,GUY,GUYANA,small_pelagics_other,extended,182697,486609
2009,ISL,ICELAND,small_pelagics_other,extended,387032,424477
2009,MYS,MALAYSIA,small_pelagics_other,extended,41332,176419
2009,TUR,TURKEY,small_pelagics_other,extended,21745,155451
2009,PAK,PAKISTAN,small_pelagics_other,extended,79800,137991
2009,SUR,SURINAME,small_pelagics_other,extended,53041,132775
2009,HRV,CROATIA,small_pelagics_other,extended,27144,119639
2009,SWE,SWEDEN,small_pelagics_other,extended,47582,118303
2009,GRC,GREECE,small_pelagics_other,extended,13432,93868
2009,FRA,FRANCE,small_pelagics_other,extended,10731,80597
2009,UKR,UKRAINE,small_pelagics_other,extended,28106,68458
2009,NOR,NORWAY,small_pelagics_other,extended,66662,55706
2009,SVN,SLOVENIA,small_pelagics_other,extended,9090,52832
2009,TWN,TAIWAN,small_pelagics_other,extended,14402,49129
2009,IDN,INDONESIA,small_pelagics_other,extended,30380,47840
2009,IND,INDIA,small_pelagics_other,extended,13533,30042
2009,TTO,TRINIDAD & TOBAGO,small_pelagics_other,extended,5549,27879
2009,IRL,IRELAND,small_pelagics_other,extended,21000,23925
2009,TUN,TUNISIA,small_pelagics_other,extended,600,21303
2009,HKG,CHINA - HONG KONG,small_pelagics_other,extended,1207,20249
2009,NLD,NETHERLANDS,small_pelagics_other,extended,13200,19628
2009,LTU,LITHUANIA,small_pelagics_other,extended,11815,14524
2009,RUS,RUSSIAN FEDERATION,small_pelagics_other,extended,4487,13552
2009,ISR,ISRAEL,small_pelagics_other,extended,8126,11425
2009,ZAF,SOUTH AFRICA,small_pelagics_other,extended,4677,11195
2009,DEU,GERMANY,small_pelagics_other,extended,1405,7149
2009,CRI,COSTA RICA,small_pelagics_other,extended,3235,6919
2009,BGD,BANGLADESH,small_pelagics_other,extended,3162,5948
2009,SLV,EL SALVADOR,small_pelagics_other,extended,675,5886
2009,LKA,SRI LANKA,small_pelagics_other,extended,877,2240
2009,MEX,MEXICO,snapper_grouper,core,6081029,31590925
2009,PAN,PANAMA,snapper_grouper,core,2297383,12085449
2009,NIC,NICARAGUA,snapper_grouper,core,2099600,10777399
2009,BRA,BRAZIL,snapper_grouper,core,2090517,9352044
2009,SUR,SURINAME,snapper_grouper,core,1234106,5963504
2009,IDN,INDONESIA,snapper_grouper,core,994582,4828337
2009,NZL,NEW ZEALAND,snapper_grouper,core,515239,3473463
2009,CRI,COSTA RICA,snapper_grouper,core,378575,2002843
2009,HND,HONDURAS,snapper_grouper,core,547366,1929270
2009,GUY,GUYANA,snapper_grouper,core,437449,1875548
2009,TTO,TRINIDAD & TOBAGO,snapper_grouper,core,198050,928611
2009,GTM,GUATEMALA,snapper_grouper,core,151076,826232
2009,ECU,ECUADOR,snapper_grouper,core,100887,632058
2009,IND,INDIA,snapper_grouper,core,223636,596363
2009,TON,TONGA,snapper_grouper,core,59782,591531
2009,THA,THAILAND,snapper_grouper,core,83850,375489
2009,BHS,BAHAMAS,snapper_grouper,core,47046,337081
2009,VEN,VENEZUELA,snapper_grouper,core,33584,192319
2009,CHN,CHINA,snapper_grouper,core,34035,162451
2009,SLV,EL SALVADOR,snapper_grouper,core,30364,159979
2009,VNM,VIETNAM,snapper_grouper,core,27997,105606
2009,ARG,ARGENTINA,snapper_grouper,core,26620,56588
2009,AUS,AUSTRALIA,snapper_grouper,core,4487,39600
2009,KOR,SOUTH KOREA,snapper_grouper,core,8076,27196
2009,COL,COLOMBIA,snapper_grouper,core,4323,26402
2009,FJI,FIJI,snapper_grouper,core,3897,23376
2009,MAR,MOROCCO,snapper_grouper,core,3841,18403
2009,OMN,OMAN,snapper_grouper,core,1681,16702
2009,PAK,PAKISTAN,snapper_grouper,core,1936,12161
2009,MLI,MALI,snapper_grouper,core,606,4546
2009,JPN,JAPAN,snapper_grouper,core,300,4404
2009,SGP,SINGAPORE,snapper_grouper,core,562,2810
2009,SEN,SENEGAL,snapper_grouper,core,172,2697
2009,CHN,CHINA,squid_octopus,core,28356818,89305305
2009,THA,THAILAND,squid_octopus,core,6438454,27510209
2009,TWN,TAIWAN,squid_octopus,core,7043427,19714757
2009,IND,INDIA,squid_octopus,core,5459161,14754792
2009,IDN,INDONESIA,squid_octopus,core,3520194,12385817
2009,PHL,PHILIPPINES,squid_octopus,core,4274992,11895315
2009,KOR,SOUTH KOREA,squid_octopus,core,6033966,10381605
2009,ESP,SPAIN,squid_octopus,core,1616160,8685392
2009,PER,PERU,squid_octopus,core,3353310,7026530
2009,JPN,JAPAN,squid_octopus,core,678371,6742050
2009,VNM,VIETNAM,squid_octopus,core,1100186,5405406
2009,MYS,MALAYSIA,squid_octopus,core,1064131,3527067
2009,NZL,NEW ZEALAND,squid_octopus,core,974971,2620471
2009,MEX,MEXICO,squid_octopus,core,604005,1706024
2009,PRT,PORTUGAL,squid_octopus,core,146076,925956
2009,ARG,ARGENTINA,squid_octopus,core,571301,840327
2009,HKG,CHINA - HONG KONG,squid_octopus,core,78411,688264
2009,URY,URUGUAY,squid_octopus,core,515613,649732
2009,FLK,FALKLAND IS.,squid_octopus,core,476923,579222
2009,SEN,SENEGAL,squid_octopus,core,78171,547881
2009,CHL,CHILE,squid_octopus,core,251981,542239
2009,MAR,MOROCCO,squid_octopus,core,51193,398529
2009,NLD,NETHERLANDS,squid_octopus,core,93296,312744
2009,NOR,NORWAY,squid_octopus,core,201428,197399
2009,LKA,SRI LANKA,squid_octopus,core,52017,156624
2009,TUN,TUNISIA,squid_octopus,core,21500,142021
2009,ITA,ITALY,squid_octopus,core,6786,89025
2009,MRT,MAURITANIA,squid_octopus,core,19452,64408
2009,BGD,BANGLADESH,squid_octopus,core,17690,61874
2009,ECU,ECUADOR,squid_octopus,core,35460,41887
2009,ZAF,SOUTH AFRICA,squid_octopus,core,13049,37181
2009,PAN,PANAMA,squid_octopus,core,11153,31453
2009,GRC,GREECE,squid_octopus,core,2000,12330
2009,CAN,CANADA,squid_octopus,core,908,10800
2009,FRA,FRANCE,squid_octopus,core,1260,8395
2009,BEL,BELGIUM,squid_octopus,core,1001,8072
2009,LVA,LATVIA,squid_octopus,core,1152,2976
2009,CAN,CANADA,swordfish,core,1062329,11676765
2009,PAN,PANAMA,swordfish,core,1172267,10196495
2009,SGP,SINGAPORE,swordfish,core,1287783,10103411
2009,ECU,ECUADOR,swordfish,core,1037035,6263321
2009,CRI,COSTA RICA,swordfish,core,536087,3519541
2009,CHL,CHILE,swordfish,core,358965,2606959
2009,BRA,BRAZIL,swordfish,core,372405,2201964
2009,MEX,MEXICO,swordfish,core,389280,1549389
2009,ZAF,SOUTH AFRICA,swordfish,core,221213,1346802
2009,AUS,AUSTRALIA,swordfish,core,104468,1082313
2009,NZL,NEW ZEALAND,swordfish,core,129314,1060033
2009,IDN,INDONESIA,swordfish,core,133393,1039419
2009,VNM,VIETNAM,swordfish,core,132465,947961
2009,URY,URUGUAY,swordfish,core,150237,744995
2009,LKA,SRI LANKA,swordfish,core,50607,486110
2009,THA,THAILAND,swordfish,core,24139,258222
2009,MYS,MALAYSIA,swordfish,core,30531,216111
2009,TTO,TRINIDAD & TOBAGO,swordfish,core,17854,156464
2009,KOR,SOUTH KOREA,swordfish,core,19426,153366
2009,FJI,FIJI,swordfish,core,19106,90293
2009,TWN,TAIWAN,swordfish,core,10632,53170
2009,NIC,NICARAGUA,swordfish,core,4522,28220
2009,JPN,JAPAN,swordfish,core,2267,23576
2009,RUS,RUSSIAN FEDERATION,swordfish,core,1197,12672
2009,SAU,SAUDI ARABIA,swordfish,core,1079,8437
2009,GRC,GREECE,swordfish,core,820,8435
2009,DOM,DOMINICAN REPUBLIC,swordfish,core,778,7722
2009,CHN,CHINA,swordfish,core,1271,7508
2009,COL,COLOMBIA,swordfish,core,670,3473
2009,CHN,CHINA,tilapia,core,130383431,407561051
2009,ECU,ECUADOR,tilapia,core,10178081,64991788
2009,IDN,INDONESIA,tilapia,core,8768958,56478748
2009,HND,HONDURAS,tilapia,core,7116217,55952566
2009,CRI,COSTA RICA,tilapia,core,5816822,42642040
2009,TWN,TAIWAN,tilapia,core,15720049,37747476
2009,COL,COLOMBIA,tilapia,core,1725086,12933147
2009,THA,THAILAND,tilapia,core,1601148,5553749
2009,SLV,EL SALVADOR,tilapia,core,480827,3720300
2009,NIC,NICARAGUA,tilapia,core,436672,3441353
2009,BRA,BRAZIL,tilapia,core,264232,1892361
2009,PAN,PANAMA,tilapia,core,339997,1382141
2009,VNM,VIETNAM,tilapia,core,288294,886171
2009,NZL,NEW ZEALAND,tilapia,core,51710,579039
2009,PER,PERU,tilapia,core,46212,109849
2009,BLZ,BELIZE,tilapia,core,9304,76620
2009,PHL,PHILIPPINES,tilapia,core,25572,65579
2009,MYS,MALAYSIA,tilapia,core,18144,27550
2009,CMR,CAMEROON,tilapia,core,19958,24080
2009,CAN,CANADA,tilapia,core,2268,10000
2009,NOR,NORWAY,tilapia,core,726,4247
2009,CHL,CHILE,tilapia,core,643,3589
2009,BGD,BANGLADESH,tilapia,core,490,2537
2009,CHL,CHILE,toothfish,extended,7310305,52060484
2009,KOR,SOUTH KOREA,toothfish,extended,1647098,16055994
2009,GBR,UNITED KINGDOM,toothfish,extended,797001,11340219
2009,NZL,NEW ZEALAND,toothfish,extended,2015912,10451635
2009,REU,REUNION,toothfish,extended,1139693,8217073
2009,FLK,FALKLAND IS.,toothfish,extended,949847,7693350
2009,URY,URUGUAY,toothfish,extended,827214,7157879
2009,FRA,FRANCE,toothfish,extended,1204576,5672543
2009,CHN,CHINA,toothfish,extended,440514,5435222
2009,ESP,SPAIN,toothfish,extended,342281,5010547
2009,AUS,AUSTRALIA,toothfish,extended,232204,3313175
2009,UKR,UKRAINE,toothfish,extended,531863,3186806
2009,ARG,ARGENTINA,toothfish,extended,220012,2792476
2009,SHN,ST.HELENA,toothfish,extended,170742,2547537
2009,ZAF,SOUTH AFRICA,toothfish,extended,336146,1898492
2009,PER,PERU,toothfish,extended,109688,1524307
2009,JPN,JAPAN,toothfish,extended,600365,1261244
2009,BMU,BERMUDA,toothfish,extended,25052,380584
2009,VGB,BRITISH VIRGIN IS.,toothfish,extended,10457,161530
2009,GRC,GREECE,toothfish,extended,5760,41161
2009,THA,THAILAND,toothfish,extended,1363,5760
2009,VNM,VIETNAM,toothfish,extended,1557,3279
2009,CHL,CHILE,trout,core,2306214,15758620
2009,CAN,CANADA,trout,core,1456931,8541902
2009,ARG,ARGENTINA,trout,core,810521,3107124
2009,AUS,AUSTRALIA,trout,core,135291,1259012
2009,ISL,ICELAND,trout,core,160931,928061
2009,COL,COLOMBIA,trout,core,165669,831088
2009,GBR,UNITED KINGDOM,trout,core,160894,611114
2009,GUY,GUYANA,trout,core,90262,253276
2009,NOR,NORWAY,trout,core,34966,238689
2009,PER,PERU,trout,core,29231,231640
2009,MEX,MEXICO,trout,core,50991,220009
2009,FRO,FAROE IS.,trout,core,19254,112476
2009,THA,THAILAND,trout,core,10799,105826
2009,ECU,ECUADOR,trout,core,9599,69725
2009,VNM,VIETNAM,trout,core,1910,33819
2009,JPN,JAPAN,trout,core,1701,14438
2009,PAN,PANAMA,trout,core,1725,9134
2009,CHN,CHINA,trout,core,642,7548
2009,SGP,SINGAPORE,trout,core,329,4515
2009,SUR,SURINAME,trout,core,998,2860
2009,DNK,DENMARK,trout,core,416,2383
2009,IRL,IRELAND,trout,core,277,2022
2009,THA,THAILAND,tuna,core,112934751,390555988
2009,IDN,INDONESIA,tuna,core,26135644,154493687
2009,PHL,PHILIPPINES,tuna,core,34578514,128638643
2009,ECU,ECUADOR,tuna,core,15387810,101159447
2009,FJI,FIJI,tuna,core,14679363,73963282
2009,VNM,VIETNAM,tuna,core,17302735,73145930
2009,TTO,TRINIDAD & TOBAGO,tuna,core,12209977,34809486
2009,MUS,MAURITIUS,tuna,core,9300298,22658351
2009,PNG,PAPUA NEW GUINEA,tuna,core,5395364,19128868
2009,CHN,CHINA,tuna,core,6347004,17119955
2009,CAN,CANADA,tuna,core,1850973,14191171
2009,MEX,MEXICO,tuna,core,4494792,13108389
2009,CRI,COSTA RICA,tuna,core,1307682,10420787
2009,PAN,PANAMA,tuna,core,1173692,9460757
2009,KOR,SOUTH KOREA,tuna,core,1835440,7261726
2009,SUR,SURINAME,tuna,core,832752,7127710
2009,MYS,MALAYSIA,tuna,core,1194087,6933098
2009,COL,COLOMBIA,tuna,core,1410525,6653282
2009,VEN,VENEZUELA,tuna,core,485735,5873867
2009,SGP,SINGAPORE,tuna,core,771603,4630790
2009,GHA,GHANA,tuna,core,438677,4166801
2009,LKA,SRI LANKA,tuna,core,417625,4036865
2009,MHL,MARSHALL IS.,tuna,core,1391893,4028118
2009,GRD,GRENADA,tuna,core,456045,3811551
2009,TWN,TAIWAN,tuna,core,606821,3584398
2009,JPN,JAPAN,tuna,core,227234,3027662
2009,ESP,SPAIN,tuna,core,207889,2963996
2009,AUS,AUSTRALIA,tuna,core,244740,2961093
2009,BRA,BRAZIL,tuna,core,371904,2398481
2009,ZAF,SOUTH AFRICA,tuna,core,250051,1821289
2009,PYF,FRENCH POLYNESIA,tuna,core,251175,1646269
2009,TUR,TURKEY,tuna,core,56439,1600012
2009,FSM,FED STATES OF MICRON,tuna,core,612417,1520449
2009,ITA,ITALY,tuna,core,130970,1332962
2009,MDV,MALDIVE IS.,tuna,core,127789,1254329
2009,IND,INDIA,tuna,core,183327,1219501
2009,PRT,PORTUGAL,tuna,core,150463,1030879
2009,GRC,GREECE,tuna,core,39947,980042
2009,MLT,MALTA,tuna,core,41188,947821
2009,GUY,GUYANA,tuna,core,83076,670302
2009,WSM,WESTERN SAMOA,tuna,core,128384,645546
2009,HRV,CROATIA,tuna,core,20986,605015
2009,GMB,GAMBIA,tuna,core,72105,454332
2009,TUN,TUNISIA,tuna,core,16233,403376
2009,ISR,ISRAEL,tuna,core,67600,351275
2009,BLZ,BELIZE,tuna,core,36891,332150
2009,IRN,IRAN,tuna,core,91347,267082
2009,BRB,BARBADOS,tuna,core,27729,217293
2009,TON,TONGA,tuna,core,19543,155333
2009,HKG,CHINA - HONG KONG,tuna,core,49787,153076
2009,MAR,MOROCCO,tuna,core,12980,126208
2009,CHL,CHILE,tuna,core,30427,123593
2009,LBR,LIBERIA,tuna,core,8574,103956
2009,PER,PERU,tuna,core,16312,84757
2009,ARE,UNITED ARAB EMIRATES,tuna,core,9834,67844
2009,NLD,NETHERLANDS,tuna,core,9170,60702
2009,POL,POLAND,tuna,core,15401,57245
2009,URY,URUGUAY,tuna,core,10208,47577
2009,SEN,SENEGAL,tuna,core,6375,45550
2009,LBN,LEBANON,tuna,core,16243,39240
2009,GBR,UNITED KINGDOM,tuna,core,6866,30408
2009,DOM,DOMINICAN REPUBLIC,tuna,core,2705,16770
2009,NZL,NEW ZEALAND,tuna,core,3011,16336
2009,DEU,GERMANY,tuna,core,350,15704
2009,PCN,PITCAIRN IS.,tuna,core,1578,13916
2009,CYP,CYPRUS,tuna,core,193,12811
2009,SAU,SAUDI ARABIA,tuna,core,1128,9425
2009,COK,COOK IS.,tuna,core,794,3969
2010,CHN,CHINA,catfish_other,extended,4968152,21171042
2010,MEX,MEXICO,catfish_other,extended,241758,1076098
2010,IDN,INDONESIA,catfish_other,extended,92247,556522
2010,VNM,VIETNAM,catfish_other,extended,22345,53580
2010,ISL,ICELAND,catfish_other,extended,4309,49425
2010,CAN,CANADA,catfish_other,extended,19427,43332
2010,DNK,DENMARK,catfish_other,extended,4536,41025
2010,ESP,SPAIN,catfish_other,extended,3684,11052
2010,TWN,TAIWAN,catfish_other,extended,3732,9840
2010,SUR,SURINAME,catfish_other,extended,954,5399
2010,CHN,CHINA,clams,core,9045393,20800753
2010,CAN,CANADA,clams,core,2922807,19847541
2010,VNM,VIETNAM,clams,core,2301005,6296407
2010,THA,THAILAND,clams,core,1290218,3583774
2010,NZL,NEW ZEALAND,clams,core,713432,2983683
2010,IDN,INDONESIA,clams,core,771090,2260503
2010,MEX,MEXICO,clams,core,449261,1057997
2010,CHL,CHILE,clams,core,212432,900778
2010,MYS,MALAYSIA,clams,core,197395,552119
2010,NLD,NETHERLANDS,clams,core,182657,468031
2010,PER,PERU,clams,core,153547,433202
2010,JPN,JAPAN,clams,core,16423,277833
2010,KOR,SOUTH KOREA,clams,core,27356,131721
2010,NOR,NORWAY,clams,core,18647,123335
2010,IND,INDIA,clams,core,9884,100041
2010,ESP,SPAIN,clams,core,12784,78236
2010,AUS,AUSTRALIA,clams,core,4273,44075
2010,ITA,ITALY,clams,core,9991,39765
2010,COK,COOK IS.,clams,core,4247,26150
2010,ECU,ECUADOR,clams,core,7956,21465
2010,TWN,TAIWAN,clams,core,5715,19308
2010,PAN,PANAMA,clams,core,9220,14338
2010,TON,TONGA,clams,core,340,11084
2010,FRA,FRANCE,clams,core,1400,10844
2010,FSM,FED STATES OF MICRON,clams,core,107,5275
2010,CHN,CHINA,cod,core,33887802,166717550
2010,CAN,CANADA,cod,core,5068615,34344809
2010,ISL,ICELAND,cod,core,3629974,25902965
2010,NOR,NORWAY,cod,core,2965335,23071220
2010,RUS,RUSSIAN FEDERATION,cod,core,2513944,13885371
2010,THA,THAILAND,cod,core,1343216,7669987
2010,POL,POLAND,cod,core,740979,3827351
2010,PRT,PORTUGAL,cod,core,165033,1573993
2010,DEU,GERMANY,cod,core,15289,1047102
2010,SPM,ST.PIERRE & MIQUELON,cod,core,175044,760214
2010,GBR,UNITED KINGDOM,cod,core,46528,491747
2010,NZL,NEW ZEALAND,cod,core,99601,474128
2010,NLD,NETHERLANDS,cod,core,36638,444912
2010,ECU,ECUADOR,cod,core,50703,278954
2010,VNM,VIETNAM,cod,core,47082,264140
2010,FRO,FAROE IS.,cod,core,21860,154472
2010,ESP,SPAIN,cod,core,10739,153845
2010,IND,INDIA,cod,core,32930,70246
2010,FRA,FRANCE,cod,core,13603,60625
2010,JPN,JAPAN,cod,core,1513,44932
2010,KOR,SOUTH KOREA,cod,core,7612,40622
2010,IRL,IRELAND,cod,core,9189,28182
2010,MEX,MEXICO,cod,core,8926,18598
2010,GIN,GUINEA,cod,core,14725,16000
2010,ITA,ITALY,cod,core,650,8135
2010,PAK,PAKISTAN,cod,core,1740,7240
2010,GHA,GHANA,cod,core,950,6800
2010,SGP,SINGAPORE,cod,core,768,6360
2010,PER,PERU,cod,core,336,5533
2010,FJI,FIJI,cod,core,410,3155
2010,MYS,MALAYSIA,cod,core,240,2300
2010,CAN,CANADA,crab,core,43122195,376492850
2010,RUS,RUSSIAN FEDERATION,crab,core,16151249,218366079
2010,IDN,INDONESIA,crab,core,10476209,177152824
2010,CHN,CHINA,crab,core,10759684,124217135
2010,THA,THAILAND,crab,core,4369876,65489470
2010,PHL,PHILIPPINES,crab,core,3274688,61793515
2010,VNM,VIETNAM,crab,core,3450538,52580974
2010,IND,INDIA,crab,core,1607446,25135034
2010,VEN,VENEZUELA,crab,core,1411628,19143944
2010,MEX,MEXICO,crab,core,1429277,16536224
2010,KOR,SOUTH KOREA,crab,core,1086934,9197562
2010,CHL,CHILE,crab,core,572199,6767279
2010,GRL,GREENLAND,crab,core,688043,6111674
2010,MYS,MALAYSIA,crab,core,390421,4708928
2010,COL,COLOMBIA,crab,core,216226,3595776
2010,NOR,NORWAY,crab,core,156105,3492246
2010,ARG,ARGENTINA,crab,core,313219,3321301
2010,JPN,JAPAN,crab,core,239418,2487249
2010,LKA,SRI LANKA,crab,core,548745,2245184
2010,BHS,BAHAMAS,crab,core,56048,1308755
2010,ECU,ECUADOR,crab,core,62520,851638
2010,SPM,ST.PIERRE & MIQUELON,crab,core,97560,774657
2010,BHR,BAHRAIN,crab,core,168912,656415
2010,FRA,FRANCE,crab,core,74196,592513
2010,NIC,NICARAGUA,crab,core,76837,401630
2010,AUS,AUSTRALIA,crab,core,17896,340710
2010,PER,PERU,crab,core,11842,205046
2010,DNK,DENMARK,crab,core,14699,148842
2010,PAK,PAKISTAN,crab,core,12432,145926
2010,ITA,ITALY,crab,core,8400,79902
2010,HKG,CHINA - HONG KONG,crab,core,18560,59616
2010,SWE,SWEDEN,crab,core,5013,49959
2010,GTM,GUATEMALA,crab,core,6488,46456
2010,TWN,TAIWAN,crab,core,20735,40613
2010,SGP,SINGAPORE,crab,core,1500,10500
2010,DOM,DOMINICAN REPUBLIC,crab,core,1796,9600
2010,GUY,GUYANA,crab,core,1270,7680
2010,TTO,TRINIDAD & TOBAGO,crab,core,1115,7626
2010,ESP,SPAIN,crab,core,309,2950
2010,HND,HONDURAS,crab,core,680,2250
2010,CHN,CHINA,crawfish_freshwater,extended,8164562,80855019
2010,ESP,SPAIN,crawfish_freshwater,extended,387774,3165250
2010,JPN,JAPAN,crawfish_freshwater,extended,47768,945850
2010,CAN,CANADA,crawfish_freshwater,extended,8590,119425
2010,ECU,ECUADOR,crawfish_freshwater,extended,2340,68057
2010,CHN,CHINA,eel_sturgeon_shad,extended,394662,3463646
2010,TWN,TAIWAN,eel_sturgeon_shad,extended,73842,1006231
2010,KOR,SOUTH KOREA,eel_sturgeon_shad,extended,42933,496042
2010,VNM,VIETNAM,eel_sturgeon_shad,extended,63718,203969
2010,CAN,CANADA,eel_sturgeon_shad,extended,17296,134580
2010,JPN,JAPAN,eel_sturgeon_shad,extended,1326,47328
2010,PRT,PORTUGAL,eel_sturgeon_shad,extended,2081,19821
2010,THA,THAILAND,eel_sturgeon_shad,extended,2866,11141
2010,CHN,CHINA,flatfish,core,20122220,77109648
2010,CAN,CANADA,flatfish,core,5429397,36769241
2010,NLD,NETHERLANDS,flatfish,core,1003928,13079973
2010,ARG,ARGENTINA,flatfish,core,2048190,10588377
2010,ISL,ICELAND,flatfish,core,283406,1927260
2010,VNM,VIETNAM,flatfish,core,462631,1700203
2010,GRL,GREENLAND,flatfish,core,169095,1533867
2010,MEX,MEXICO,flatfish,core,416011,1214966
2010,THA,THAILAND,flatfish,core,123525,731518
2010,KOR,SOUTH KOREA,flatfish,core,39763,557962
2010,BEL,BELGIUM,flatfish,core,29129,428773
2010,ECU,ECUADOR,flatfish,core,240853,368236
2010,FRA,FRANCE,flatfish,core,16669,291113
2010,JPN,JAPAN,flatfish,core,16886,288958
2010,PAN,PANAMA,flatfish,core,59493,229921
2010,CHL,CHILE,flatfish,core,25850,225193
2010,IDN,INDONESIA,flatfish,core,29297,195073
2010,TUR,TURKEY,flatfish,core,29970,187089
2010,NIC,NICARAGUA,flatfish,core,49119,163862
2010,SPM,ST.PIERRE & MIQUELON,flatfish,core,25785,146192
2010,SLV,EL SALVADOR,flatfish,core,28575,119795
2010,NOR,NORWAY,flatfish,core,12851,116006
2010,TWN,TAIWAN,flatfish,core,13634,61109
2010,GBR,UNITED KINGDOM,flatfish,core,1826,49409
2010,GRC,GREECE,flatfish,core,7010,44320
2010,PRT,PORTUGAL,flatfish,core,2070,37443
2010,ESP,SPAIN,flatfish,core,2553,31466
2010,DNK,DENMARK,flatfish,core,885,23766
2010,NZL,NEW ZEALAND,flatfish,core,3862,20438
2010,HND,HONDURAS,flatfish,core,3048,11402
2010,TTO,TRINIDAD & TOBAGO,flatfish,core,1074,7608
2010,CPV,CAPE VERDE,flatfish,core,1408,6896
2010,IRL,IRELAND,flatfish,core,3,4651
2010,GRD,GRENADA,flatfish,core,301,3080
2010,IND,INDIA,flatfish,core,486,2160
2010,CAN,CANADA,halibut,core,3778722,50665507
2010,CHN,CHINA,halibut,core,1986399,17242382
2010,NOR,NORWAY,halibut,core,96764,1437276
2010,MEX,MEXICO,halibut,core,277224,809394
2010,ISL,ICELAND,halibut,core,47772,456154
2010,CHL,CHILE,halibut,core,24716,337870
2010,RUS,RUSSIAN FEDERATION,halibut,core,10302,136129
2010,GBR,UNITED KINGDOM,halibut,core,6750,84757
2010,KOR,SOUTH KOREA,halibut,core,3323,83891
2010,JPN,JAPAN,halibut,core,3715,44368
2010,NLD,NETHERLANDS,halibut,core,75,2320
2010,KEN,KENYA,halibut,core,102,2040
2010,CAN,CANADA,herring,core,14262084,28774312
2010,NOR,NORWAY,herring,core,3543028,11314040
2010,NLD,NETHERLANDS,herring,core,470397,8873375
2010,DEU,GERMANY,herring,core,1202266,5756620
2010,CHN,CHINA,herring,core,1102910,5730849
2010,POL,POLAND,herring,core,524354,1614519
2010,PHL,PHILIPPINES,herring,core,346803,1376865
2010,SWE,SWEDEN,herring,core,122847,437822
2010,THA,THAILAND,herring,core,92149,360835
2010,GBR,UNITED KINGDOM,herring,core,81003,347087
2010,UKR,UKRAINE,herring,core,103307,327122
2010,VNM,VIETNAM,herring,core,161051,230204
2010,BLR,BELARUS,herring,core,201731,227345
2010,LTU,LITHUANIA,herring,core,60387,214587
2010,IDN,INDONESIA,herring,core,1137756,199188
2010,RUS,RUSSIAN FEDERATION,herring,core,64370,193890
2010,FIN,FINLAND,herring,core,19600,175540
2010,LVA,LATVIA,herring,core,51483,140622
2010,JPN,JAPAN,herring,core,6576,92819
2010,ISL,ICELAND,herring,core,19049,88516
2010,CIV,IVORY COAST,herring,core,27160,75905
2010,SLE,SIERRA LEONE,herring,core,43696,45061
2010,GIN,GUINEA,herring,core,31375,39000
2010,KOR,SOUTH KOREA,herring,core,4568,33206
2010,MEX,MEXICO,herring,core,43147,31712
2010,GHA,GHANA,herring,core,7617,26243
2010,IRL,IRELAND,herring,core,2685,16797
2010,LKA,SRI LANKA,herring,core,2002,16150
2010,ISR,ISRAEL,herring,core,4016,14822
2010,GRC,GREECE,herring,core,8189,14236
2010,DNK,DENMARK,herring,core,2092,12924
2010,IND,INDIA,herring,core,875,5751
2010,ECU,ECUADOR,herring,core,5675,4770
2010,SEN,SENEGAL,herring,core,2700,2670
2010,JAM,JAMAICA,herring,core,380,2400
2010,FRA,FRANCE,herring,core,216,2164
2010,CAN,CANADA,inland_freshwater_other,extended,6989807,73317295
2010,TUR,TURKEY,inland_freshwater_other,extended,604293,7377657
2010,RUS,RUSSIAN FEDERATION,inland_freshwater_other,extended,458523,5786359
2010,KAZ,KAZAKHSTAN,inland_freshwater_other,extended,71244,977319
2010,TZA,TANZANIA,inland_freshwater_other,extended,112192,970220
2010,UGA,UGANDA,inland_freshwater_other,extended,126906,801352
2010,CHN,CHINA,inland_freshwater_other,extended,196135,783501
2010,VNM,VIETNAM,inland_freshwater_other,extended,101522,532004
2010,EST,ESTONIA,inland_freshwater_other,extended,38718,492143
2010,PER,PERU,inland_freshwater_other,extended,268074,466555
2010,TWN,TAIWAN,inland_freshwater_other,extended,174749,404286
2010,KEN,KENYA,inland_freshwater_other,extended,46800,314167
2010,POL,POLAND,inland_freshwater_other,extended,17695,222457
2010,JPN,JAPAN,inland_freshwater_other,extended,10355,142658
2010,UKR,UKRAINE,inland_freshwater_other,extended,8731,109760
2010,IDN,INDONESIA,inland_freshwater_other,extended,7020,70898
2010,NOR,NORWAY,inland_freshwater_other,extended,4360,55599
2010,DEU,GERMANY,inland_freshwater_other,extended,4717,49763
2010,CHL,CHILE,inland_freshwater_other,extended,1671,10499
2010,KOR,SOUTH KOREA,inland_freshwater_other,extended,5005,8134
2010,MEX,MEXICO,inland_freshwater_other,extended,185,2050
2010,ECU,ECUADOR,large_pelagics_other,extended,6998551,44917429
2010,PER,PERU,large_pelagics_other,extended,6011105,33717583
2010,TWN,TAIWAN,large_pelagics_other,extended,3835090,22368697
2010,PAN,PANAMA,large_pelagics_other,extended,1805479,10873005
2010,CRI,COSTA RICA,large_pelagics_other,extended,1037907,6529854
2010,GTM,GUATEMALA,large_pelagics_other,extended,261827,1515766
2010,VNM,VIETNAM,large_pelagics_other,extended,256802,1145180
2010,IDN,INDONESIA,large_pelagics_other,extended,154338,1054209
2010,CHN,CHINA,large_pelagics_other,extended,186893,893897
2010,MEX,MEXICO,large_pelagics_other,extended,381296,705324
2010,BRA,BRAZIL,large_pelagics_other,extended,84373,587344
2010,NIC,NICARAGUA,large_pelagics_other,extended,86466,467626
2010,SLV,EL SALVADOR,large_pelagics_other,extended,34853,207313
2010,FJI,FIJI,large_pelagics_other,extended,35147,168302
2010,AUS,AUSTRALIA,large_pelagics_other,extended,22162,160861
2010,CHL,CHILE,large_pelagics_other,extended,30291,151884
2010,PYF,FRENCH POLYNESIA,large_pelagics_other,extended,18288,137666
2010,JPN,JAPAN,large_pelagics_other,extended,20060,112128
2010,TTO,TRINIDAD & TOBAGO,large_pelagics_other,extended,9353,76727
2010,SGP,SINGAPORE,large_pelagics_other,extended,16904,74733
2010,CAN,CANADA,large_pelagics_other,extended,10050,66268
2010,IND,INDIA,large_pelagics_other,extended,17613,66246
2010,NZL,NEW ZEALAND,large_pelagics_other,extended,3000,38483
2010,PHL,PHILIPPINES,large_pelagics_other,extended,2390,17659
2010,HND,HONDURAS,large_pelagics_other,extended,1878,12420
2010,TUR,TURKEY,large_pelagics_other,extended,3025,10587
2010,COL,COLOMBIA,large_pelagics_other,extended,2085,10219
2010,GRD,GRENADA,large_pelagics_other,extended,215,2350
2010,ITA,ITALY,large_pelagics_other,extended,30,2068
2010,CAN,CANADA,lobster,core,40349519,744241457
2010,BRA,BRAZIL,lobster,core,3080796,76128309
2010,BHS,BAHAMAS,lobster,core,1703856,45651724
2010,HND,HONDURAS,lobster,core,1480400,43817580
2010,NIC,NICARAGUA,lobster,core,1533325,28744630
2010,AUS,AUSTRALIA,lobster,core,497894,28659046
2010,ZAF,SOUTH AFRICA,lobster,core,370411,18051026
2010,BLZ,BELIZE,lobster,core,206670,6361943
2010,ARE,UNITED ARAB EMIRATES,lobster,core,370910,6080736
2010,CHN,CHINA,lobster,core,1158409,4290930
2010,SHN,ST.HELENA,lobster,core,205723,3911032
2010,DOM,DOMINICAN REPUBLIC,lobster,core,204554,3845012
2010,COL,COLOMBIA,lobster,core,108277,3260794
2010,JAM,JAMAICA,lobster,core,90902,2641312
2010,MEX,MEXICO,lobster,core,94329,1991801
2010,THA,THAILAND,lobster,core,150708,1651142
2010,NZL,NEW ZEALAND,lobster,core,61822,1570859
2010,PAN,PANAMA,lobster,core,197797,1502731
2010,ESP,SPAIN,lobster,core,255980,1433929
2010,TCA,TURKS & CAICOS IS.,lobster,core,46870,1174780
2010,CHL,CHILE,lobster,core,79904,1120685
2010,TWN,TAIWAN,lobster,core,49395,807090
2010,VNM,VIETNAM,lobster,core,37385,778438
2010,ECU,ECUADOR,lobster,core,35764,642290
2010,JPN,JAPAN,lobster,core,25643,499623
2010,PNG,PAPUA NEW GUINEA,lobster,core,9060,379366
2010,MTQ,MARTINIQUE,lobster,core,7620,255912
2010,HTI,HAITI,lobster,core,6585,171410
2010,IND,INDIA,lobster,core,15295,143351
2010,LKA,SRI LANKA,lobster,core,5824,102434
2010,SGP,SINGAPORE,lobster,core,15453,88400
2010,NAM,NAMIBIA,lobster,core,2906,85595
2010,SWE,SWEDEN,lobster,core,8832,67098
2010,SEN,SENEGAL,lobster,core,3027,64350
2010,PRT,PORTUGAL,lobster,core,1705,59567
2010,FRA,FRANCE,lobster,core,1238,44432
2010,PAK,PAKISTAN,lobster,core,527,14868
2010,GHA,GHANA,lobster,core,469,9645
2010,GBR,UNITED KINGDOM,lobster,core,1279,6922
2010,KOR,SOUTH KOREA,lobster,core,591,5914
2010,ISL,ICELAND,lobster,core,81,3747
2010,ITA,ITALY,lobster,core,27,2021
2010,NOR,NORWAY,mackerel,core,4260781,14104518
2010,THA,THAILAND,mackerel,core,4103644,10290158
2010,KOR,SOUTH KOREA,mackerel,core,891056,5915945
2010,CAN,CANADA,mackerel,core,2113524,5792953
2010,CHN,CHINA,mackerel,core,2509291,4502577
2010,IND,INDIA,mackerel,core,1397782,4314999
2010,PHL,PHILIPPINES,mackerel,core,1038136,3373292
2010,JPN,JAPAN,mackerel,core,608554,3154779
2010,CHL,CHILE,mackerel,core,981563,1943328
2010,TWN,TAIWAN,mackerel,core,773724,1340627
2010,DNK,DENMARK,mackerel,core,267220,863979
2010,VNM,VIETNAM,mackerel,core,322525,807087
2010,PRT,PORTUGAL,mackerel,core,110163,640417
2010,IDN,INDONESIA,mackerel,core,84899,385164
2010,POL,POLAND,mackerel,core,70139,288870
2010,IRL,IRELAND,mackerel,core,76000,253200
2010,ECU,ECUADOR,mackerel,core,72057,252257
2010,NLD,NETHERLANDS,mackerel,core,80441,225605
2010,GBR,UNITED KINGDOM,mackerel,core,49200,174660
2010,MEX,MEXICO,mackerel,core,123229,150270
2010,DEU,GERMANY,mackerel,core,36238,133010
2010,ISL,ICELAND,mackerel,core,43472,126068
2010,MYS,MALAYSIA,mackerel,core,48476,123416
2010,SVN,SLOVENIA,mackerel,core,34805,111571
2010,MAR,MOROCCO,mackerel,core,18698,110975
2010,HRV,CROATIA,mackerel,core,8813,60303
2010,SWE,SWEDEN,mackerel,core,17500,55750
2010,COL,COLOMBIA,mackerel,core,19204,52614
2010,ARG,ARGENTINA,mackerel,core,38484,49855
2010,LVA,LATVIA,mackerel,core,7049,22728
2010,PAK,PAKISTAN,mackerel,core,16320,21600
2010,GRC,GREECE,mackerel,core,1525,17511
2010,ESP,SPAIN,mackerel,core,3080,16599
2010,ARE,UNITED ARAB EMIRATES,mackerel,core,7740,13932
2010,PER,PERU,mackerel,core,1641,12500
2010,TUR,TURKEY,mackerel,core,4995,11988
2010,PAN,PANAMA,mackerel,core,4591,10078
2010,BRA,BRAZIL,mackerel,core,1390,8756
2010,NIC,NICARAGUA,mackerel,core,3418,7414
2010,LTU,LITHUANIA,mackerel,core,1835,7359
2010,JAM,JAMAICA,mackerel,core,1348,4784
2010,ITA,ITALY,mackerel,core,296,2785
2010,CAN,CANADA,mussels,core,13007110,32827425
2010,NZL,NEW ZEALAND,mussels,core,9509151,30333380
2010,CHL,CHILE,mussels,core,3158533,6920686
2010,MEX,MEXICO,mussels,core,76474,213289
2010,IRL,IRELAND,mussels,core,14289,186050
2010,CHN,CHINA,mussels,core,22836,87037
2010,JPN,JAPAN,mussels,core,2040,45356
2010,BEL,BELGIUM,mussels,core,3246,35499
2010,ESP,SPAIN,mussels,core,2953,19578
2010,HKG,CHINA - HONG KONG,mussels,core,4250,18350
2010,THA,THAILAND,mussels,core,863,6789
2010,CHN,CHINA,other_groundfish,core,17769670,83407689
2010,CAN,CANADA,other_groundfish,core,28158207,61900756
2010,ISL,ICELAND,other_groundfish,core,5120715,40640236
2010,NZL,NEW ZEALAND,other_groundfish,core,2203370,26652028
2010,NOR,NORWAY,other_groundfish,core,5169629,17030187
2010,RUS,RUSSIAN FEDERATION,other_groundfish,core,1189977,6399854
2010,ARG,ARGENTINA,other_groundfish,core,1442384,3847256
2010,THA,THAILAND,other_groundfish,core,212327,2469650
2010,PER,PERU,other_groundfish,core,745143,1687823
2010,NAM,NAMIBIA,other_groundfish,core,187175,951319
2010,ZAF,SOUTH AFRICA,other_groundfish,core,109586,666641
2010,AUS,AUSTRALIA,other_groundfish,core,31840,446961
2010,VNM,VIETNAM,other_groundfish,core,38645,421154
2010,CHL,CHILE,other_groundfish,core,50734,352381
2010,BGD,BANGLADESH,other_groundfish,core,63203,344126
2010,KOR,SOUTH KOREA,other_groundfish,core,90872,278022
2010,TWN,TAIWAN,other_groundfish,core,53448,161681
2010,SPM,ST.PIERRE & MIQUELON,other_groundfish,core,37365,161566
2010,ECU,ECUADOR,other_groundfish,core,68965,149004
2010,POL,POLAND,other_groundfish,core,20267,118407
2010,URY,URUGUAY,other_groundfish,core,42703,112939
2010,KEN,KENYA,other_groundfish,core,16264,93518
2010,PRT,PORTUGAL,other_groundfish,core,18932,78709
2010,FRO,FAROE IS.,other_groundfish,core,11617,61166
2010,MEX,MEXICO,other_groundfish,core,14331,42818
2010,JPN,JAPAN,other_groundfish,core,20397,34397
2010,GBR,UNITED KINGDOM,other_groundfish,core,7590,27062
2010,BRA,BRAZIL,other_groundfish,core,853,7832
2010,GUY,GUYANA,other_groundfish,core,296,2405
2010,GHA,GHANA,other_groundfish,core,108,2400
2010,CHN,CHINA,other_shellfish_specialty,extended,4042690,18111641
2010,MEX,MEXICO,other_shellfish_specialty,extended,71187,3240535
2010,AUS,AUSTRALIA,other_shellfish_specialty,extended,57528,2613800
2010,CHL,CHILE,other_shellfish_specialty,extended,111658,1570202
2010,FRA,FRANCE,other_shellfish_specialty,extended,142024,1313513
2010,IDN,INDONESIA,other_shellfish_specialty,extended,412555,1270891
2010,BLZ,BELIZE,other_shellfish_specialty,extended,167307,1060013
2010,HND,HONDURAS,other_shellfish_specialty,extended,80738,1036346
2010,TCA,TURKS & CAICOS IS.,other_shellfish_specialty,extended,114088,999839
2010,NIC,NICARAGUA,other_shellfish_specialty,extended,107109,936141
2010,HKG,CHINA - HONG KONG,other_shellfish_specialty,extended,24927,760190
2010,TWN,TAIWAN,other_shellfish_specialty,extended,48996,725788
2010,NZL,NEW ZEALAND,other_shellfish_specialty,extended,9486,458525
2010,VNM,VIETNAM,other_shellfish_specialty,extended,132064,443725
2010,PER,PERU,other_shellfish_specialty,extended,47222,357664
2010,CAN,CANADA,other_shellfish_specialty,extended,52885,223790
2010,JPN,JAPAN,other_shellfish_specialty,extended,3170,142476
2010,KOR,SOUTH KOREA,other_shellfish_specialty,extended,17424,124653
2010,IRL,IRELAND,other_shellfish_specialty,extended,39963,121236
2010,BHS,BAHAMAS,other_shellfish_specialty,extended,8437,112000
2010,ZAF,SOUTH AFRICA,other_shellfish_specialty,extended,3114,66420
2010,KNA,ST.KITTS-NEVIS,other_shellfish_specialty,extended,6454,45300
2010,THA,THAILAND,other_shellfish_specialty,extended,7566,18503
2010,GHA,GHANA,other_shellfish_specialty,extended,948,15200
2010,CIV,IVORY COAST,other_shellfish_specialty,extended,12500,12711
2010,VCT,ST.VINCENT-GRENADINE,other_shellfish_specialty,extended,295,3250
2010,PRT,PORTUGAL,other_shellfish_specialty,extended,1181,2364
2010,CHN,CHINA,oysters,core,3609407,20606999
2010,KOR,SOUTH KOREA,oysters,core,3568078,19116215
2010,CAN,CANADA,oysters,core,2058622,11055949
2010,MEX,MEXICO,oysters,core,1168185,2721600
2010,JPN,JAPAN,oysters,core,301701,1677551
2010,NZL,NEW ZEALAND,oysters,core,25461,198251
2010,HKG,CHINA - HONG KONG,oysters,core,43308,170445
2010,FRA,FRANCE,oysters,core,4283,61928
2010,THA,THAILAND,oysters,core,11384,50568
2010,MYS,MALAYSIA,oysters,core,1816,13825
2010,PHL,PHILIPPINES,oysters,core,3240,6235
2010,GMB,GAMBIA,oysters,core,1426,5275
2010,ITA,ITALY,oysters,core,324,2549
2010,VNM,VIETNAM,pangasius_basa_swai,extended,49081915,150869453
2010,CHN,CHINA,pangasius_basa_swai,extended,3141547,12966509
2010,THA,THAILAND,pangasius_basa_swai,extended,3527511,10193720
2010,KHM,CAMBODIA,pangasius_basa_swai,extended,909032,2837805
2010,MYS,MALAYSIA,pangasius_basa_swai,extended,276207,830088
2010,BRN,BRUNEI,pangasius_basa_swai,extended,15649,55200
2010,SGP,SINGAPORE,pangasius_basa_swai,extended,10000,38000
2010,ECU,ECUADOR,pangasius_basa_swai,extended,3213,27752
2010,KOR,SOUTH KOREA,pangasius_basa_swai,extended,4800,23278
2010,ESP,SPAIN,pangasius_basa_swai,extended,2968,12983
2010,CHN,CHINA,pollock,core,64474856,171259415
2010,RUS,RUSSIAN FEDERATION,pollock,core,6459054,20867013
2010,ISL,ICELAND,pollock,core,1454939,7361911
2010,CAN,CANADA,pollock,core,1153411,2962270
2010,KOR,SOUTH KOREA,pollock,core,246781,1048840
2010,ESP,SPAIN,pollock,core,116921,297361
2010,NOR,NORWAY,pollock,core,54124,151486
2010,FRO,FAROE IS.,pollock,core,36534,150069
2010,JPN,JAPAN,pollock,core,36105,115817
2010,PRT,PORTUGAL,pollock,core,8920,86285
2010,DEU,GERMANY,pollock,core,25841,71714
2010,TWN,TAIWAN,pollock,core,22026,57518
2010,FRA,FRANCE,pollock,core,2564,13599
2010,GBR,UNITED KINGDOM,pollock,core,371,8218
2010,POL,POLAND,pollock,core,1648,7206
2010,GRC,GREECE,reef_fish_other,extended,1007828,7567983
2010,CAN,CANADA,reef_fish_other,extended,379370,861445
2010,FRA,FRANCE,reef_fish_other,extended,37803,603196
2010,TUR,TURKEY,reef_fish_other,extended,77836,535786
2010,ESP,SPAIN,reef_fish_other,extended,45211,349522
2010,MEX,MEXICO,reef_fish_other,extended,26304,140202
2010,MUS,MAURITIUS,reef_fish_other,extended,5295,65675
2010,CHN,CHINA,reef_fish_other,extended,15000,48750
2010,AUS,AUSTRALIA,reef_fish_other,extended,4530,44721
2010,NIC,NICARAGUA,reef_fish_other,extended,9376,31765
2010,NZL,NEW ZEALAND,reef_fish_other,extended,1996,22459
2010,CHL,CHILE,reef_fish_other,extended,1485,21656
2010,TKL,TOKELAU IS.,reef_fish_other,extended,2500,17520
2010,DOM,DOMINICAN REPUBLIC,reef_fish_other,extended,2350,14745
2010,ITA,ITALY,reef_fish_other,extended,618,11643
2010,ARG,ARGENTINA,reef_fish_other,extended,5987,11620
2010,TWN,TAIWAN,reef_fish_other,extended,2721,8553
2010,ISL,ICELAND,reef_fish_other,extended,900,6319
2010,VNM,VIETNAM,reef_fish_other,extended,528,6189
2010,JPN,JAPAN,reef_fish_other,extended,237,4959
2010,PAN,PANAMA,reef_fish_other,extended,961,4806
2010,SEN,SENEGAL,reef_fish_other,extended,506,4663
2010,NLD,NETHERLANDS,reef_fish_other,extended,227,4528
2010,ZAF,SOUTH AFRICA,reef_fish_other,extended,218,2575
2010,CAN,CANADA,sablefish,core,400397,1938282
2010,TWN,TAIWAN,sablefish,core,7324,72507
2010,MEX,MEXICO,sablefish,core,2261,2261
2010,CAN,CANADA,salmon,core,85360676,565976124
2010,NOR,NORWAY,salmon,core,37561059,412681292
2010,CHL,CHILE,salmon,core,32308542,348761415
2010,CHN,CHINA,salmon,core,40048405,197944541
2010,GBR,UNITED KINGDOM,salmon,core,16671627,119618150
2010,FRO,FAROE IS.,salmon,core,9641152,67963108
2010,THA,THAILAND,salmon,core,5305910,27508523
2010,DNK,DENMARK,salmon,core,1686073,18720361
2010,NLD,NETHERLANDS,salmon,core,1259464,17565531
2010,POL,POLAND,salmon,core,691872,10570336
2010,NZL,NEW ZEALAND,salmon,core,961132,9444925
2010,ISL,ICELAND,salmon,core,672761,7859242
2010,IRL,IRELAND,salmon,core,728457,6329691
2010,FRA,FRANCE,salmon,core,348945,4438011
2010,RUS,RUSSIAN FEDERATION,salmon,core,217567,1826637
2010,LTU,LITHUANIA,salmon,core,143398,1211867
2010,DEU,GERMANY,salmon,core,69230,736229
2010,ARG,ARGENTINA,salmon,core,98725,458697
2010,SWE,SWEDEN,salmon,core,24624,423541
2010,JPN,JAPAN,salmon,core,42465,383946
2010,AUS,AUSTRALIA,salmon,core,48978,341092
2010,PER,PERU,salmon,core,45342,99960
2010,ISR,ISRAEL,salmon,core,20227,85879
2010,CHE,SWITZERLAND,salmon,core,764,51107
2010,LAO,LAOS,salmon,core,4412,50441
2010,IDN,INDONESIA,salmon,core,19849,40491
2010,GRC,GREECE,salmon,core,3830,23650
2010,ARE,UNITED ARAB EMIRATES,salmon,core,8000,19600
2010,VNM,VIETNAM,salmon,core,518,11485
2010,MEX,MEXICO,salmon,core,988,10885
2010,TWN,TAIWAN,salmon,core,900,5985
2010,LVA,LATVIA,salmon,core,228,3995
2010,PHL,PHILIPPINES,salmon,core,2212,2649
2010,CHN,CHINA,scallops,core,10842529,73973630
2010,JPN,JAPAN,scallops,core,3350910,64694891
2010,CAN,CANADA,scallops,core,3110389,52314585
2010,PER,PERU,scallops,core,2264857,22767023
2010,MEX,MEXICO,scallops,core,1476207,9474667
2010,ARG,ARGENTINA,scallops,core,1110738,6691286
2010,PHL,PHILIPPINES,scallops,core,882002,3879585
2010,FRA,FRANCE,scallops,core,265734,1982280
2010,RUS,RUSSIAN FEDERATION,scallops,core,57656,770829
2010,CHL,CHILE,scallops,core,56758,626291
2010,HKG,CHINA - HONG KONG,scallops,core,19578,581636
2010,DEU,GERMANY,scallops,core,19323,302460
2010,VNM,VIETNAM,scallops,core,44808,250419
2010,KOR,SOUTH KOREA,scallops,core,22173,122078
2010,MYS,MALAYSIA,scallops,core,1000,26568
2010,ESP,SPAIN,scallops,core,1049,15534
2010,CAN,CANADA,sea_cucumber_urchin_other_inverts,extended,2089451,4510400
2010,MEX,MEXICO,sea_cucumber_urchin_other_inverts,extended,15944,461487
2010,CHL,CHILE,sea_cucumber_urchin_other_inverts,extended,8847,207034
2010,JPN,JAPAN,sea_cucumber_urchin_other_inverts,extended,485,61882
2010,NOR,NORWAY,sea_cucumber_urchin_other_inverts,extended,22009,24210
2010,ITA,ITALY,sea_cucumber_urchin_other_inverts,extended,40,3953
2010,HKG,CHINA - HONG KONG,sharks_rays_skates,extended,40013,1661728
2010,CHN,CHINA,sharks_rays_skates,extended,23136,566505
2010,CAN,CANADA,sharks_rays_skates,extended,43232,178353
2010,BRA,BRAZIL,sharks_rays_skates,extended,16980,82621
2010,MEX,MEXICO,sharks_rays_skates,extended,52085,80487
2010,ESP,SPAIN,sharks_rays_skates,extended,2423,65468
2010,NZL,NEW ZEALAND,sharks_rays_skates,extended,1263,37154
2010,ECU,ECUADOR,sharks_rays_skates,extended,6367,33904
2010,CRI,COSTA RICA,sharks_rays_skates,extended,12048,31892
2010,TTO,TRINIDAD & TOBAGO,sharks_rays_skates,extended,921,5585
2010,JPN,JAPAN,sharks_rays_skates,extended,247,2901
2010,THA,THAILAND,shrimp,core,203290097,1514617296
2010,VNM,VIETNAM,shrimp,core,48362982,513273868
2010,IDN,INDONESIA,shrimp,core,61094560,492593163
2010,ECU,ECUADOR,shrimp,core,65025044,407470979
2010,IND,INDIA,shrimp,core,30202856,309601145
2010,CHN,CHINA,shrimp,core,48094792,274485805
2010,MEX,MEXICO,shrimp,core,23536273,227753662
2010,MYS,MALAYSIA,shrimp,core,24346223,150431684
2010,BGD,BANGLADESH,shrimp,core,8096541,91231515
2010,HND,HONDURAS,shrimp,core,10264929,72287072
2010,PER,PERU,shrimp,core,6997423,47563615
2010,PAN,PANAMA,shrimp,core,3312512,30099647
2010,GUY,GUYANA,shrimp,core,7814227,29913216
2010,NIC,NICARAGUA,shrimp,core,4407382,29346960
2010,CAN,CANADA,shrimp,core,2775525,24528081
2010,VEN,VENEZUELA,shrimp,core,3586195,17156735
2010,GTM,GUATEMALA,shrimp,core,1742426,12124185
2010,PHL,PHILIPPINES,shrimp,core,1453923,7425484
2010,COL,COLOMBIA,shrimp,core,1293436,6723590
2010,SUR,SURINAME,shrimp,core,1424530,5941694
2010,BLZ,BELIZE,shrimp,core,603374,4969523
2010,ARE,UNITED ARAB EMIRATES,shrimp,core,793959,4702640
2010,SAU,SAUDI ARABIA,shrimp,core,455774,4518053
2010,TWN,TAIWAN,shrimp,core,695093,4201287
2010,PAK,PAKISTAN,shrimp,core,129104,2365712
2010,SLV,EL SALVADOR,shrimp,core,352374,2291384
2010,ARG,ARGENTINA,shrimp,core,211710,2225274
2010,NGA,NIGERIA,shrimp,core,69336,1499892
2010,LKA,SRI LANKA,shrimp,core,72464,905036
2010,NCL,NEW CALEDONIA,shrimp,core,52604,698481
2010,DNK,DENMARK,shrimp,core,77166,414404
2010,HKG,CHINA - HONG KONG,shrimp,core,22597,388680
2010,JPN,JAPAN,shrimp,core,36220,373665
2010,SGP,SINGAPORE,shrimp,core,35350,322826
2010,GRL,GREENLAND,shrimp,core,50150,319732
2010,KOR,SOUTH KOREA,shrimp,core,58501,316523
2010,AUS,AUSTRALIA,shrimp,core,14831,287380
2010,NZL,NEW ZEALAND,shrimp,core,13600,209274
2010,MDG,MADAGASCAR,shrimp,core,4463,188463
2010,SHN,ST.HELENA,shrimp,core,13075,176230
2010,ESP,SPAIN,shrimp,core,14620,161575
2010,CHL,CHILE,shrimp,core,21546,159750
2010,BRA,BRAZIL,shrimp,core,19278,114699
2010,TCA,TURKS & CAICOS IS.,shrimp,core,16003,65365
2010,PRT,PORTUGAL,shrimp,core,4033,23068
2010,RUS,RUSSIAN FEDERATION,shrimp,core,3253,18501
2010,EST,ESTONIA,shrimp,core,708,18376
2010,ZAF,SOUTH AFRICA,shrimp,core,1034,13804
2010,CIV,IVORY COAST,shrimp,core,2168,9982
2010,GMB,GAMBIA,shrimp,core,1512,4334
2010,CRI,COSTA RICA,shrimp,core,898,3821
2010,GHA,GHANA,shrimp,core,226,3200
2010,GBR,UNITED KINGDOM,shrimp,core,204,2145
2010,MAR,MOROCCO,small_pelagics_other,extended,5124603,30493430
2010,CAN,CANADA,small_pelagics_other,extended,13506005,26123329
2010,POL,POLAND,small_pelagics_other,extended,3575150,18574804
2010,THA,THAILAND,small_pelagics_other,extended,4879660,12609812
2010,ECU,ECUADOR,small_pelagics_other,extended,3718144,6017161
2010,ITA,ITALY,small_pelagics_other,extended,738733,4985257
2010,ESP,SPAIN,small_pelagics_other,extended,736235,4850783
2010,PRT,PORTUGAL,small_pelagics_other,extended,1303787,4258902
2010,CHN,CHINA,small_pelagics_other,extended,1616674,3006212
2010,CHL,CHILE,small_pelagics_other,extended,471901,2842016
2010,PHL,PHILIPPINES,small_pelagics_other,extended,1733670,2706336
2010,GBR,UNITED KINGDOM,small_pelagics_other,extended,319447,2536458
2010,MEX,MEXICO,small_pelagics_other,extended,2501885,2376341
2010,VNM,VIETNAM,small_pelagics_other,extended,361454,1724300
2010,ARG,ARGENTINA,small_pelagics_other,extended,434405,1702395
2010,PER,PERU,small_pelagics_other,extended,299711,1649460
2010,KOR,SOUTH KOREA,small_pelagics_other,extended,241362,1392705
2010,LVA,LATVIA,small_pelagics_other,extended,349017,1075668
2010,JPN,JAPAN,small_pelagics_other,extended,154501,877831
2010,ISL,ICELAND,small_pelagics_other,extended,308459,337971
2010,GUY,GUYANA,small_pelagics_other,extended,111440,308507
2010,MYS,MALAYSIA,small_pelagics_other,extended,81210,271772
2010,TUR,TURKEY,small_pelagics_other,extended,22913,202134
2010,NOR,NORWAY,small_pelagics_other,extended,107710,139396
2010,HRV,CROATIA,small_pelagics_other,extended,23662,131832
2010,PAK,PAKISTAN,small_pelagics_other,extended,81200,128120
2010,TUN,TUNISIA,small_pelagics_other,extended,17111,117868
2010,CRI,COSTA RICA,small_pelagics_other,extended,38659,107841
2010,ISR,ISRAEL,small_pelagics_other,extended,19200,105422
2010,IND,INDIA,small_pelagics_other,extended,48216,104708
2010,IDN,INDONESIA,small_pelagics_other,extended,138228,101913
2010,GRC,GREECE,small_pelagics_other,extended,8278,70343
2010,FRA,FRANCE,small_pelagics_other,extended,18341,61350
2010,SVN,SLOVENIA,small_pelagics_other,extended,19153,59292
2010,SWE,SWEDEN,small_pelagics_other,extended,5120,51821
2010,SUR,SURINAME,small_pelagics_other,extended,16854,46421
2010,ZAF,SOUTH AFRICA,small_pelagics_other,extended,10106,46224
2010,TWN,TAIWAN,small_pelagics_other,extended,12854,37725
2010,UKR,UKRAINE,small_pelagics_other,extended,8312,23059
2010,TTO,TRINIDAD & TOBAGO,small_pelagics_other,extended,3317,21926
2010,RUS,RUSSIAN FEDERATION,small_pelagics_other,extended,6001,20241
2010,LTU,LITHUANIA,small_pelagics_other,extended,6312,15952
2010,HKG,CHINA - HONG KONG,small_pelagics_other,extended,732,12833
2010,DEU,GERMANY,small_pelagics_other,extended,1407,5532
2010,LKA,SRI LANKA,small_pelagics_other,extended,665,2100
2010,MEX,MEXICO,snapper_grouper,core,6952614,39811396
2010,BRA,BRAZIL,snapper_grouper,core,3011954,15434986
2010,NIC,NICARAGUA,snapper_grouper,core,2658380,15030862
2010,PAN,PANAMA,snapper_grouper,core,1959423,12098705
2010,SUR,SURINAME,snapper_grouper,core,1474117,7888121
2010,IDN,INDONESIA,snapper_grouper,core,965726,5097782
2010,NZL,NEW ZEALAND,snapper_grouper,core,561428,3678682
2010,CRI,COSTA RICA,snapper_grouper,core,347874,2165338
2010,HND,HONDURAS,snapper_grouper,core,487936,1836296
2010,GUY,GUYANA,snapper_grouper,core,411325,1754486
2010,TTO,TRINIDAD & TOBAGO,snapper_grouper,core,346334,1743451
2010,GTM,GUATEMALA,snapper_grouper,core,257246,1681742
2010,VEN,VENEZUELA,snapper_grouper,core,120085,763592
2010,BHS,BAHAMAS,snapper_grouper,core,99495,755688
2010,TON,TONGA,snapper_grouper,core,76486,741094
2010,THA,THAILAND,snapper_grouper,core,109767,549153
2010,SLV,EL SALVADOR,snapper_grouper,core,65551,477609
2010,IND,INDIA,snapper_grouper,core,196386,431958
2010,ECU,ECUADOR,snapper_grouper,core,52538,366615
2010,VNM,VIETNAM,snapper_grouper,core,57494,279354
2010,CPV,CAPE VERDE,snapper_grouper,core,11976,62789
2010,CHN,CHINA,snapper_grouper,core,48027,57814
2010,DNK,DENMARK,snapper_grouper,core,10059,51180
2010,ARG,ARGENTINA,snapper_grouper,core,10825,44275
2010,PHL,PHILIPPINES,snapper_grouper,core,2111,30227
2010,MYS,MALAYSIA,snapper_grouper,core,7157,28394
2010,ARE,UNITED ARAB EMIRATES,snapper_grouper,core,9700,24517
2010,PAK,PAKISTAN,snapper_grouper,core,3791,23229
2010,COL,COLOMBIA,snapper_grouper,core,2669,19497
2010,DOM,DOMINICAN REPUBLIC,snapper_grouper,core,2199,16405
2010,MAR,MOROCCO,snapper_grouper,core,1605,10333
2010,POL,POLAND,snapper_grouper,core,14633,7500
2010,JPN,JAPAN,snapper_grouper,core,408,6858
2010,OMN,OMAN,snapper_grouper,core,399,4291
2010,PER,PERU,snapper_grouper,core,321,2301
2010,SEN,SENEGAL,snapper_grouper,core,317,2014
2010,CHN,CHINA,squid_octopus,core,39830783,135401019
2010,THA,THAILAND,squid_octopus,core,6025998,28201985
2010,IND,INDIA,squid_octopus,core,6952328,21016183
2010,TWN,TAIWAN,squid_octopus,core,4687362,17313970
2010,KOR,SOUTH KOREA,squid_octopus,core,5425042,12821517
2010,IDN,INDONESIA,squid_octopus,core,2742686,10617068
2010,NZL,NEW ZEALAND,squid_octopus,core,3151011,10043109
2010,ESP,SPAIN,squid_octopus,core,1652331,9624419
2010,PHL,PHILIPPINES,squid_octopus,core,3538232,9293034
2010,JPN,JAPAN,squid_octopus,core,1169758,8740473
2010,PER,PERU,squid_octopus,core,2915018,6797988
2010,VNM,VIETNAM,squid_octopus,core,912370,4622209
2010,PRT,PORTUGAL,squid_octopus,core,249252,1575078
2010,MYS,MALAYSIA,squid_octopus,core,448718,1481472
2010,ARG,ARGENTINA,squid_octopus,core,424509,849086
2010,MEX,MEXICO,squid_octopus,core,439488,846057
2010,CHL,CHILE,squid_octopus,core,302452,719815
2010,URY,URUGUAY,squid_octopus,core,232097,417332
2010,HKG,CHINA - HONG KONG,squid_octopus,core,31331,350115
2010,SEN,SENEGAL,squid_octopus,core,40978,329405
2010,MAR,MOROCCO,squid_octopus,core,26164,306462
2010,LKA,SRI LANKA,squid_octopus,core,66633,215384
2010,NLD,NETHERLANDS,squid_octopus,core,36411,168053
2010,ITA,ITALY,squid_octopus,core,8481,121498
2010,FLK,FALKLAND IS.,squid_octopus,core,99475,120616
2010,SLE,SIERRA LEONE,squid_octopus,core,49424,116615
2010,PAN,PANAMA,squid_octopus,core,36812,97182
2010,BHR,BAHRAIN,squid_octopus,core,22301,94892
2010,CAN,CANADA,squid_octopus,core,16128,94263
2010,ZAF,SOUTH AFRICA,squid_octopus,core,3593,77654
2010,KEN,KENYA,squid_octopus,core,24000,66933
2010,COL,COLOMBIA,squid_octopus,core,25812,47857
2010,BEL,BELGIUM,squid_octopus,core,3030,47010
2010,SGP,SINGAPORE,squid_octopus,core,1953,7500
2010,ARE,UNITED ARAB EMIRATES,squid_octopus,core,2800,6440
2010,FRA,FRANCE,squid_octopus,core,500,3232
2010,CAN,CANADA,swordfish,core,1146371,13426099
2010,SGP,SINGAPORE,swordfish,core,1474788,12642808
2010,PAN,PANAMA,swordfish,core,1135351,11844429
2010,CRI,COSTA RICA,swordfish,core,731990,6464806
2010,CHL,CHILE,swordfish,core,689480,5380492
2010,ECU,ECUADOR,swordfish,core,698765,5030320
2010,IDN,INDONESIA,swordfish,core,318606,2711190
2010,BRA,BRAZIL,swordfish,core,294852,1843415
2010,MEX,MEXICO,swordfish,core,387365,1809920
2010,VNM,VIETNAM,swordfish,core,201627,1732976
2010,ZAF,SOUTH AFRICA,swordfish,core,238843,1590967
2010,NZL,NEW ZEALAND,swordfish,core,303389,1180124
2010,AUS,AUSTRALIA,swordfish,core,90239,975008
2010,KOR,SOUTH KOREA,swordfish,core,38517,310220
2010,URY,URUGUAY,swordfish,core,49334,267216
2010,TTO,TRINIDAD & TOBAGO,swordfish,core,16780,179587
2010,NIC,NICARAGUA,swordfish,core,20159,165021
2010,CHN,CHINA,swordfish,core,19639,164001
2010,THA,THAILAND,swordfish,core,19087,163923
2010,FJI,FIJI,swordfish,core,36840,163729
2010,LKA,SRI LANKA,swordfish,core,12234,121258
2010,TWN,TAIWAN,swordfish,core,6418,49803
2010,NAM,NAMIBIA,swordfish,core,4319,49307
2010,JPN,JAPAN,swordfish,core,2042,21319
2010,GBR,UNITED KINGDOM,swordfish,core,886,8089
2010,BRB,BARBADOS,swordfish,core,480,6692
2010,SYC,SEYCHELLES,swordfish,core,384,4696
2010,POL,POLAND,swordfish,core,600,2580
2010,CHN,CHINA,tilapia,core,158521031,555305511
2010,IDN,INDONESIA,tilapia,core,10223975,68635543
2010,HND,HONDURAS,tilapia,core,7353593,56875191
2010,ECU,ECUADOR,tilapia,core,8497189,53926307
2010,CRI,COSTA RICA,tilapia,core,5978206,40740376
2010,TWN,TAIWAN,tilapia,core,18765199,36778940
2010,COL,COLOMBIA,tilapia,core,1844604,13694229
2010,THA,THAILAND,tilapia,core,2240695,7271746
2010,SLV,EL SALVADOR,tilapia,core,332289,2447784
2010,BRA,BRAZIL,tilapia,core,332471,2445064
2010,MYS,MALAYSIA,tilapia,core,319912,1434481
2010,PAN,PANAMA,tilapia,core,355756,1142022
2010,VNM,VIETNAM,tilapia,core,336915,994810
2010,PER,PERU,tilapia,core,55044,431899
2010,NIC,NICARAGUA,tilapia,core,51955,356911
2010,PHL,PHILIPPINES,tilapia,core,123662,234483
2010,HKG,CHINA - HONG KONG,tilapia,core,73935,228090
2010,FJI,FIJI,tilapia,core,16393,63880
2010,CHL,CHILE,tilapia,core,3218,29250
2010,FRO,FAROE IS.,tilapia,core,3283,25384
2010,ARE,UNITED ARAB EMIRATES,tilapia,core,7000,11700
2010,GTM,GUATEMALA,tilapia,core,1361,9000
2010,IND,INDIA,tilapia,core,2790,2715
2010,BGD,BANGLADESH,tilapia,core,1207,2230
2010,CHL,CHILE,toothfish,extended,3332890,46358470
2010,KOR,SOUTH KOREA,toothfish,extended,1145025,18231873
2010,NZL,NEW ZEALAND,toothfish,extended,1063039,15543165
2010,ARG,ARGENTINA,toothfish,extended,651143,10223202
2010,REU,REUNION,toothfish,extended,556798,8918272
2010,GBR,UNITED KINGDOM,toothfish,extended,493890,7711987
2010,ESP,SPAIN,toothfish,extended,348580,6022050
2010,URY,URUGUAY,toothfish,extended,329826,5727747
2010,FLK,FALKLAND IS.,toothfish,extended,290038,5294783
2010,FRA,FRANCE,toothfish,extended,283607,4243105
2010,JPN,JAPAN,toothfish,extended,185980,2629793
2010,CHN,CHINA,toothfish,extended,86047,2007922
2010,SHN,ST.HELENA,toothfish,extended,122782,2000392
2010,UKR,UKRAINE,toothfish,extended,109586,1702451
2010,ZAF,SOUTH AFRICA,toothfish,extended,88966,1653535
2010,AUS,AUSTRALIA,toothfish,extended,93775,1602952
2010,PER,PERU,toothfish,extended,83303,1188797
2010,NOR,NORWAY,toothfish,extended,19355,291267
2010,MUS,MAURITIUS,toothfish,extended,14255,279276
2010,GRC,GREECE,toothfish,extended,2641,21653
2010,CHL,CHILE,trout,core,4160202,38382761
2010,CAN,CANADA,trout,core,1723267,10426646
2010,ARG,ARGENTINA,trout,core,772821,2422556
2010,ISL,ICELAND,trout,core,207807,1512502
2010,COL,COLOMBIA,trout,core,197953,1169330
2010,AUS,AUSTRALIA,trout,core,66046,711056
2010,NOR,NORWAY,trout,core,80605,499060
2010,GUY,GUYANA,trout,core,70571,255536
2010,PER,PERU,trout,core,30183,234698
2010,MEX,MEXICO,trout,core,50324,192880
2010,FRO,FAROE IS.,trout,core,12359,76625
2010,IRL,IRELAND,trout,core,9048,67091
2010,SUR,SURINAME,trout,core,19055,38566
2010,CRI,COSTA RICA,trout,core,3931,31861
2010,ECU,ECUADOR,trout,core,814,6283
2010,CHN,CHINA,trout,core,288,4569
2010,JPN,JAPAN,trout,core,249,2269
2010,THA,THAILAND,tuna,core,147013437,509989782
2010,IDN,INDONESIA,tuna,core,27027602,159498599
2010,PHL,PHILIPPINES,tuna,core,29507648,116790646
2010,ECU,ECUADOR,tuna,core,18915143,103031796
2010,VNM,VIETNAM,tuna,core,23520735,96500023
2010,FJI,FIJI,tuna,core,16531026,79347524
2010,TTO,TRINIDAD & TOBAGO,tuna,core,10917535,38426359
2010,COL,COLOMBIA,tuna,core,5039609,22623180
2010,CHN,CHINA,tuna,core,6375864,17883559
2010,CAN,CANADA,tuna,core,2267694,17694939
2010,PNG,PAPUA NEW GUINEA,tuna,core,4097161,12716537
2010,MEX,MEXICO,tuna,core,3374232,12501696
2010,PAN,PANAMA,tuna,core,1652002,11173332
2010,KOR,SOUTH KOREA,tuna,core,1020510,9339971
2010,SUR,SURINAME,tuna,core,1158390,8582607
2010,MUS,MAURITIUS,tuna,core,5140829,7320900
2010,CRI,COSTA RICA,tuna,core,896724,6986559
2010,ESP,SPAIN,tuna,core,355341,6526846
2010,SGP,SINGAPORE,tuna,core,1033796,6354871
2010,TWN,TAIWAN,tuna,core,1204691,5608656
2010,GRD,GRENADA,tuna,core,600019,5556386
2010,VEN,VENEZUELA,tuna,core,477297,5427004
2010,LKA,SRI LANKA,tuna,core,619781,5266582
2010,MHL,MARSHALL IS.,tuna,core,1594549,4962577
2010,MYS,MALAYSIA,tuna,core,711529,3987861
2010,JPN,JAPAN,tuna,core,256005,3964958
2010,GMB,GAMBIA,tuna,core,426099,2734039
2010,BRA,BRAZIL,tuna,core,371457,2519268
2010,FSM,FED STATES OF MICRON,tuna,core,498193,2344603
2010,AUS,AUSTRALIA,tuna,core,145987,2088825
2010,GUY,GUYANA,tuna,core,206098,1849945
2010,ZAF,SOUTH AFRICA,tuna,core,209926,1674285
2010,MLT,MALTA,tuna,core,56638,1634915
2010,SLV,EL SALVADOR,tuna,core,252556,1209205
2010,PYF,FRENCH POLYNESIA,tuna,core,190139,1177601
2010,IND,INDIA,tuna,core,183612,1149153
2010,ITA,ITALY,tuna,core,120600,1086389
2010,MDV,MALDIVE IS.,tuna,core,106237,1064957
2010,PRT,PORTUGAL,tuna,core,143666,866926
2010,GRC,GREECE,tuna,core,36182,826826
2010,HRV,CROATIA,tuna,core,35223,707851
2010,BRB,BARBADOS,tuna,core,54494,394835
2010,WSM,WESTERN SAMOA,tuna,core,68547,342610
2010,ISR,ISRAEL,tuna,core,59146,274009
2010,TUR,TURKEY,tuna,core,11196,228211
2010,CPV,CAPE VERDE,tuna,core,17891,160601
2010,OMN,OMAN,tuna,core,17755,153091
2010,GIN,GUINEA,tuna,core,11093,134509
2010,PER,PERU,tuna,core,13677,117607
2010,CYP,CYPRUS,tuna,core,2141,116365
2010,TUN,TUNISIA,tuna,core,5356,112218
2010,IRN,IRAN,tuna,core,30096,95040
2010,TON,TONGA,tuna,core,9940,78905
2010,SEN,SENEGAL,tuna,core,15842,78728
2010,POL,POLAND,tuna,core,22465,62686
2010,DEU,GERMANY,tuna,core,1104,44407
2010,HKG,CHINA - HONG KONG,tuna,core,16003,40572
2010,VCT,ST.VINCENT-GRENADINE,tuna,core,4335,34834
2010,NAM,NAMIBIA,tuna,core,1999,24883
2010,DOM,DOMINICAN REPUBLIC,tuna,core,3397,24333
2010,URY,URUGUAY,tuna,core,2721,23208
2010,DNK,DENMARK,tuna,core,2273,19288
2010,ARE,UNITED ARAB EMIRATES,tuna,core,720,8276
2010,SYC,SEYCHELLES,tuna,core,429,5253
2010,CHL,CHILE,tuna,core,794,4378
2010,VUT,VANUATU,tuna,core,342,3391
2010,MKD,MACEDONIA,tuna,core,302,3231
2010,NCL,NEW CALEDONIA,tuna,core,172,2399
2011,CHN,CHINA,catfish_other,extended,3300230,23809216
2011,MEX,MEXICO,catfish_other,extended,29353,144668
2011,IDN,INDONESIA,catfish_other,extended,10887,119940
2011,VNM,VIETNAM,catfish_other,extended,9334,28800
2011,EST,ESTONIA,catfish_other,extended,17070,19366
2011,CAN,CANADA,catfish_other,extended,1965,4869
2011,CHN,CHINA,clams,core,10914449,24244602
2011,CAN,CANADA,clams,core,2678317,18501173
2011,VNM,VIETNAM,clams,core,2318987,6992825
2011,THA,THAILAND,clams,core,1337353,4260829
2011,IDN,INDONESIA,clams,core,1150157,3489696
2011,NZL,NEW ZEALAND,clams,core,624531,2808326
2011,CHL,CHILE,clams,core,491923,1719282
2011,MEX,MEXICO,clams,core,378421,914362
2011,NLD,NETHERLANDS,clams,core,265287,652112
2011,PER,PERU,clams,core,176357,489412
2011,JPN,JAPAN,clams,core,48329,302341
2011,KOR,SOUTH KOREA,clams,core,50880,247944
2011,TWN,TAIWAN,clams,core,74826,167183
2011,IND,INDIA,clams,core,5541,136241
2011,ESP,SPAIN,clams,core,30275,124732
2011,COK,COOK IS.,clams,core,1050,61189
2011,ITA,ITALY,clams,core,5995,53625
2011,HKG,CHINA - HONG KONG,clams,core,21628,40051
2011,NOR,NORWAY,clams,core,2415,24409
2011,PRT,PORTUGAL,clams,core,4651,17596
2011,FSM,FED STATES OF MICRON,clams,core,781,15410
2011,TON,TONGA,clams,core,530,13323
2011,BEL,BELGIUM,clams,core,792,10268
2011,RUS,RUSSIAN FEDERATION,clams,core,300,8780
2011,ECU,ECUADOR,clams,core,1385,3091
2011,PAN,PANAMA,clams,core,2046,2721
2011,CHN,CHINA,cod,core,38686126,225370287
2011,CAN,CANADA,cod,core,4278524,32674181
2011,ISL,ICELAND,cod,core,3426880,25243980
2011,RUS,RUSSIAN FEDERATION,cod,core,3655674,24560499
2011,NOR,NORWAY,cod,core,2121417,20319198
2011,THA,THAILAND,cod,core,1524190,10140612
2011,DEU,GERMANY,cod,core,39586,4662298
2011,POL,POLAND,cod,core,665910,4001074
2011,VNM,VIETNAM,cod,core,394739,2006003
2011,PRT,PORTUGAL,cod,core,90453,964483
2011,NZL,NEW ZEALAND,cod,core,84922,793325
2011,GBR,UNITED KINGDOM,cod,core,70414,618081
2011,ESP,SPAIN,cod,core,26321,329765
2011,NLD,NETHERLANDS,cod,core,12846,251977
2011,SPM,ST.PIERRE & MIQUELON,cod,core,37810,166335
2011,CHL,CHILE,cod,core,11963,131311
2011,BRA,BRAZIL,cod,core,7080,99120
2011,JPN,JAPAN,cod,core,1570,44770
2011,IRL,IRELAND,cod,core,6888,26658
2011,KOR,SOUTH KOREA,cod,core,6652,18357
2011,FRA,FRANCE,cod,core,1770,16982
2011,MEX,MEXICO,cod,core,2985,10332
2011,MYS,MALAYSIA,cod,core,384,3500
2011,ITA,ITALY,cod,core,190,3262
2011,HKG,CHINA - HONG KONG,cod,core,227,3214
2011,CAN,CANADA,crab,core,39949778,501632602
2011,RUS,RUSSIAN FEDERATION,crab,core,13064959,207566189
2011,IDN,INDONESIA,crab,core,8913772,186067659
2011,CHN,CHINA,crab,core,10404609,138693897
2011,THA,THAILAND,crab,core,3972339,69500950
2011,PHL,PHILIPPINES,crab,core,2915922,65149419
2011,VNM,VIETNAM,crab,core,2978735,50469581
2011,MEX,MEXICO,crab,core,2637458,30301430
2011,IND,INDIA,crab,core,1599226,28769431
2011,VEN,VENEZUELA,crab,core,2084173,23364608
2011,ARG,ARGENTINA,crab,core,843368,14126785
2011,CHL,CHILE,crab,core,625828,8532175
2011,GRL,GREENLAND,crab,core,567749,6734210
2011,KOR,SOUTH KOREA,crab,core,639105,5748944
2011,LKA,SRI LANKA,crab,core,539911,5329222
2011,COL,COLOMBIA,crab,core,256737,4353321
2011,MYS,MALAYSIA,crab,core,345332,4046855
2011,NOR,NORWAY,crab,core,104267,2879803
2011,BHS,BAHAMAS,crab,core,63809,1463167
2011,BHR,BAHRAIN,crab,core,260124,1059146
2011,JPN,JAPAN,crab,core,109799,984274
2011,ECU,ECUADOR,crab,core,53794,817675
2011,NIC,NICARAGUA,crab,core,129947,527598
2011,BRA,BRAZIL,crab,core,16762,404184
2011,HKG,CHINA - HONG KONG,crab,core,19363,303741
2011,PER,PERU,crab,core,25585,249094
2011,HUN,HUNGARY,crab,core,18146,243129
2011,PAK,PAKISTAN,crab,core,17853,240030
2011,AUS,AUSTRALIA,crab,core,8170,236030
2011,DNK,DENMARK,crab,core,9979,137500
2011,ITA,ITALY,crab,core,9960,103518
2011,SWE,SWEDEN,crab,core,11421,91576
2011,SGP,SINGAPORE,crab,core,5120,35840
2011,IRL,IRELAND,crab,core,1530,11475
2011,DOM,DOMINICAN REPUBLIC,crab,core,1650,10864
2011,PRT,PORTUGAL,crab,core,680,5095
2011,GUY,GUYANA,crab,core,700,5000
2011,CHN,CHINA,crawfish_freshwater,extended,1966582,18322964
2011,ESP,SPAIN,crawfish_freshwater,extended,254727,3200360
2011,JPN,JAPAN,crawfish_freshwater,extended,51047,1111212
2011,TUR,TURKEY,crawfish_freshwater,extended,41400,491040
2011,CAN,CANADA,crawfish_freshwater,extended,28078,417100
2011,TWN,TAIWAN,crawfish_freshwater,extended,3000,14750
2011,LTU,LITHUANIA,crawfish_freshwater,extended,792,7098
2011,CHN,CHINA,eel_sturgeon_shad,extended,263016,3694238
2011,VNM,VIETNAM,eel_sturgeon_shad,extended,155488,628831
2011,KOR,SOUTH KOREA,eel_sturgeon_shad,extended,41395,494251
2011,CAN,CANADA,eel_sturgeon_shad,extended,27776,272426
2011,JPN,JAPAN,eel_sturgeon_shad,extended,2509,75783
2011,PRT,PORTUGAL,eel_sturgeon_shad,extended,3672,36224
2011,NZL,NEW ZEALAND,eel_sturgeon_shad,extended,2652,29756
2011,THA,THAILAND,eel_sturgeon_shad,extended,5018,18465
2011,SEN,SENEGAL,eel_sturgeon_shad,extended,1350,4423
2011,CHN,CHINA,flatfish,core,20422979,86920282
2011,CAN,CANADA,flatfish,core,5044390,30879109
2011,ARG,ARGENTINA,flatfish,core,2096632,12411416
2011,NLD,NETHERLANDS,flatfish,core,864424,12345256
2011,ISL,ICELAND,flatfish,core,292099,2597185
2011,VNM,VIETNAM,flatfish,core,681791,2503781
2011,THA,THAILAND,flatfish,core,269686,1745298
2011,BEL,BELGIUM,flatfish,core,144973,1410075
2011,MEX,MEXICO,flatfish,core,380059,1058194
2011,KOR,SOUTH KOREA,flatfish,core,71886,899153
2011,CHL,CHILE,flatfish,core,85291,800509
2011,NOR,NORWAY,flatfish,core,57720,433230
2011,FRA,FRANCE,flatfish,core,57407,413247
2011,PAN,PANAMA,flatfish,core,73444,284249
2011,TUR,TURKEY,flatfish,core,36340,259622
2011,NIC,NICARAGUA,flatfish,core,58413,212189
2011,MUS,MAURITIUS,flatfish,core,15558,170388
2011,IDN,INDONESIA,flatfish,core,35563,158184
2011,GRL,GREENLAND,flatfish,core,15959,148089
2011,GBR,UNITED KINGDOM,flatfish,core,5129,144319
2011,ESP,SPAIN,flatfish,core,25239,114150
2011,ECU,ECUADOR,flatfish,core,43062,94178
2011,JPN,JAPAN,flatfish,core,4224,84553
2011,GTM,GUATEMALA,flatfish,core,9580,38389
2011,RUS,RUSSIAN FEDERATION,flatfish,core,8385,32129
2011,IND,INDIA,flatfish,core,17948,21846
2011,SPM,ST.PIERRE & MIQUELON,flatfish,core,4498,14802
2011,SUR,SURINAME,flatfish,core,1914,11317
2011,NZL,NEW ZEALAND,flatfish,core,1428,9343
2011,DNK,DENMARK,flatfish,core,148,4888
2011,SLV,EL SALVADOR,flatfish,core,925,4144
2011,PRT,PORTUGAL,flatfish,core,83,2526
2011,ITA,ITALY,flatfish,core,68,2297
2011,CAN,CANADA,halibut,core,3391356,56140083
2011,CHN,CHINA,halibut,core,1426397,22800130
2011,MEX,MEXICO,halibut,core,660516,2446880
2011,NOR,NORWAY,halibut,core,165393,2419553
2011,ISL,ICELAND,halibut,core,114040,695890
2011,FRA,FRANCE,halibut,core,64647,687622
2011,CHL,CHILE,halibut,core,23589,311473
2011,KOR,SOUTH KOREA,halibut,core,10240,196370
2011,GBR,UNITED KINGDOM,halibut,core,3704,64169
2011,JPN,JAPAN,halibut,core,1195,21953
2011,SPM,ST.PIERRE & MIQUELON,halibut,core,1394,19116
2011,RUS,RUSSIAN FEDERATION,halibut,core,521,10331
2011,CAN,CANADA,herring,core,12054858,30443447
2011,DEU,GERMANY,herring,core,1361671,6871361
2011,NOR,NORWAY,herring,core,2026445,6140871
2011,NLD,NETHERLANDS,herring,core,254478,5360425
2011,PHL,PHILIPPINES,herring,core,495201,2186399
2011,CHN,CHINA,herring,core,373270,2135219
2011,POL,POLAND,herring,core,547010,1878187
2011,SWE,SWEDEN,herring,core,163097,584129
2011,BLR,BELARUS,herring,core,274322,429570
2011,GBR,UNITED KINGDOM,herring,core,72682,385839
2011,LVA,LATVIA,herring,core,91878,290853
2011,LTU,LITHUANIA,herring,core,76326,289064
2011,VNM,VIETNAM,herring,core,135154,281171
2011,ECU,ECUADOR,herring,core,158401,276720
2011,RUS,RUSSIAN FEDERATION,herring,core,88904,262763
2011,ISL,ICELAND,herring,core,49054,262311
2011,UKR,UKRAINE,herring,core,76488,199307
2011,JPN,JAPAN,herring,core,9776,153296
2011,FIN,FINLAND,herring,core,15920,144902
2011,IDN,INDONESIA,herring,core,20321,133703
2011,THA,THAILAND,herring,core,33611,132234
2011,KOR,SOUTH KOREA,herring,core,33137,129693
2011,DNK,DENMARK,herring,core,27926,126913
2011,MEX,MEXICO,herring,core,94025,102966
2011,GIN,GUINEA,herring,core,60550,54875
2011,IRL,IRELAND,herring,core,4275,28421
2011,CIV,IVORY COAST,herring,core,10900,13179
2011,GRC,GREECE,herring,core,1153,10540
2011,JAM,JAMAICA,herring,core,1366,8760
2011,SEN,SENEGAL,herring,core,1775,7006
2011,LKA,SRI LANKA,herring,core,1662,5274
2011,GHA,GHANA,herring,core,2441,5150
2011,CMR,CAMEROON,herring,core,4570,4250
2011,ITA,ITALY,herring,core,40,3158
2011,ESP,SPAIN,herring,core,32,2701
2011,CAN,CANADA,inland_freshwater_other,extended,7228450,77764677
2011,RUS,RUSSIAN FEDERATION,inland_freshwater_other,extended,643565,8762700
2011,TUR,TURKEY,inland_freshwater_other,extended,359681,4850633
2011,PER,PERU,inland_freshwater_other,extended,1033723,2512910
2011,KAZ,KAZAKHSTAN,inland_freshwater_other,extended,118060,1737832
2011,POL,POLAND,inland_freshwater_other,extended,108593,1560234
2011,UGA,UGANDA,inland_freshwater_other,extended,212250,1100236
2011,TZA,TANZANIA,inland_freshwater_other,extended,138936,970500
2011,UKR,UKRAINE,inland_freshwater_other,extended,70644,861742
2011,TWN,TAIWAN,inland_freshwater_other,extended,432813,843643
2011,EST,ESTONIA,inland_freshwater_other,extended,46268,643871
2011,VNM,VIETNAM,inland_freshwater_other,extended,115761,533035
2011,NLD,NETHERLANDS,inland_freshwater_other,extended,40429,514527
2011,CHN,CHINA,inland_freshwater_other,extended,64512,323334
2011,UZB,UZBEKISTAN,inland_freshwater_other,extended,16000,197300
2011,HKG,CHINA - HONG KONG,inland_freshwater_other,extended,5561,168188
2011,KOR,SOUTH KOREA,inland_freshwater_other,extended,57469,152199
2011,JPN,JAPAN,inland_freshwater_other,extended,5887,95192
2011,CHL,CHILE,inland_freshwater_other,extended,24000,49200
2011,THA,THAILAND,inland_freshwater_other,extended,2475,12669
2011,ECU,ECUADOR,large_pelagics_other,extended,5369553,45735980
2011,TWN,TAIWAN,large_pelagics_other,extended,4901415,45314567
2011,PER,PERU,large_pelagics_other,extended,5017062,42298503
2011,GTM,GUATEMALA,large_pelagics_other,extended,1450399,9999638
2011,CRI,COSTA RICA,large_pelagics_other,extended,729050,6520499
2011,PAN,PANAMA,large_pelagics_other,extended,562493,4562065
2011,VNM,VIETNAM,large_pelagics_other,extended,550912,3675613
2011,IDN,INDONESIA,large_pelagics_other,extended,366382,3377438
2011,SLV,EL SALVADOR,large_pelagics_other,extended,293111,2137685
2011,CHN,CHINA,large_pelagics_other,extended,268695,1490813
2011,MEX,MEXICO,large_pelagics_other,extended,624616,1393681
2011,NIC,NICARAGUA,large_pelagics_other,extended,167388,1302965
2011,TTO,TRINIDAD & TOBAGO,large_pelagics_other,extended,86996,728542
2011,CHL,CHILE,large_pelagics_other,extended,56160,643292
2011,PHL,PHILIPPINES,large_pelagics_other,extended,64314,605523
2011,JPN,JAPAN,large_pelagics_other,extended,69138,469565
2011,LKA,SRI LANKA,large_pelagics_other,extended,39472,366387
2011,THA,THAILAND,large_pelagics_other,extended,42399,336913
2011,SGP,SINGAPORE,large_pelagics_other,extended,14994,121497
2011,AUS,AUSTRALIA,large_pelagics_other,extended,17660,118882
2011,SUR,SURINAME,large_pelagics_other,extended,14885,114837
2011,NLD,NETHERLANDS,large_pelagics_other,extended,10727,98357
2011,FJI,FIJI,large_pelagics_other,extended,21188,94886
2011,NZL,NEW ZEALAND,large_pelagics_other,extended,4680,71175
2011,PYF,FRENCH POLYNESIA,large_pelagics_other,extended,7795,66265
2011,IND,INDIA,large_pelagics_other,extended,13294,60913
2011,BRA,BRAZIL,large_pelagics_other,extended,3557,21972
2011,FRA,FRANCE,large_pelagics_other,extended,472,16734
2011,MYS,MALAYSIA,large_pelagics_other,extended,3084,15877
2011,VCT,ST.VINCENT-GRENADINE,large_pelagics_other,extended,1128,13721
2011,TON,TONGA,large_pelagics_other,extended,1267,11501
2011,MHL,MARSHALL IS.,large_pelagics_other,extended,5174,10382
2011,SEN,SENEGAL,large_pelagics_other,extended,2507,9825
2011,CAN,CANADA,large_pelagics_other,extended,1422,9401
2011,FSM,FED STATES OF MICRON,large_pelagics_other,extended,2874,7849
2011,GRD,GRENADA,large_pelagics_other,extended,424,5818
2011,COL,COLOMBIA,large_pelagics_other,extended,594,4384
2011,ITA,ITALY,large_pelagics_other,extended,40,2915
2011,CAN,CANADA,lobster,core,42672635,809717589
2011,BRA,BRAZIL,lobster,core,2216248,55616713
2011,HND,HONDURAS,lobster,core,1671121,49131182
2011,BHS,BAHAMAS,lobster,core,1395849,40348549
2011,NIC,NICARAGUA,lobster,core,1847570,35423839
2011,AUS,AUSTRALIA,lobster,core,354348,21426822
2011,ZAF,SOUTH AFRICA,lobster,core,332920,16318860
2011,BLZ,BELIZE,lobster,core,252093,7729610
2011,CHN,CHINA,lobster,core,567990,6110787
2011,DOM,DOMINICAN REPUBLIC,lobster,core,332710,5404178
2011,COL,COLOMBIA,lobster,core,128665,3679987
2011,MEX,MEXICO,lobster,core,127971,3078608
2011,SHN,ST.HELENA,lobster,core,121281,2591115
2011,TCA,TURKS & CAICOS IS.,lobster,core,72264,1972440
2011,VNM,VIETNAM,lobster,core,98784,1936072
2011,JAM,JAMAICA,lobster,core,63314,1884503
2011,ARE,UNITED ARAB EMIRATES,lobster,core,74070,1877386
2011,THA,THAILAND,lobster,core,114736,1755251
2011,PAN,PANAMA,lobster,core,108347,1496148
2011,NZL,NEW ZEALAND,lobster,core,54106,1449473
2011,CHL,CHILE,lobster,core,96925,1321871
2011,PNG,PAPUA NEW GUINEA,lobster,core,28917,1310168
2011,ESP,SPAIN,lobster,core,219931,1237298
2011,JPN,JAPAN,lobster,core,49211,1067913
2011,ECU,ECUADOR,lobster,core,61385,1057260
2011,TWN,TAIWAN,lobster,core,49681,854446
2011,MOZ,MOZAMBIQUE,lobster,core,15495,780989
2011,NAM,NAMIBIA,lobster,core,8369,256695
2011,TTO,TRINIDAD & TOBAGO,lobster,core,5719,121123
2011,LKA,SRI LANKA,lobster,core,6559,110573
2011,SGP,SINGAPORE,lobster,core,13917,71070
2011,KIR,KIRIBATI,lobster,core,2200,52001
2011,IDN,INDONESIA,lobster,core,7871,48187
2011,CRI,COSTA RICA,lobster,core,1234,35369
2011,FRA,FRANCE,lobster,core,188,23640
2011,PHL,PHILIPPINES,lobster,core,2124,23332
2011,GBR,UNITED KINGDOM,lobster,core,463,16221
2011,HTI,HAITI,lobster,core,854,10850
2011,PRT,PORTUGAL,lobster,core,36,3527
2011,MYS,MALAYSIA,lobster,core,500,2425
2011,NLD,NETHERLANDS,lobster,core,104,2216
2011,SLV,EL SALVADOR,lobster,core,499,2200
2011,CHN,CHINA,mackerel,core,5831913,11619940
2011,NOR,NORWAY,mackerel,core,2950190,10388915
2011,THA,THAILAND,mackerel,core,4092354,10241207
2011,PHL,PHILIPPINES,mackerel,core,1626244,6416653
2011,KOR,SOUTH KOREA,mackerel,core,1144839,6004235
2011,CAN,CANADA,mackerel,core,1693539,5265801
2011,JPN,JAPAN,mackerel,core,1090343,3742383
2011,IND,INDIA,mackerel,core,1019714,2675594
2011,VNM,VIETNAM,mackerel,core,529587,1664350
2011,TWN,TAIWAN,mackerel,core,641451,1350976
2011,PRT,PORTUGAL,mackerel,core,180347,703097
2011,PER,PERU,mackerel,core,258979,638009
2011,MEX,MEXICO,mackerel,core,574701,622428
2011,GBR,UNITED KINGDOM,mackerel,core,99200,420813
2011,IDN,INDONESIA,mackerel,core,85175,382761
2011,MYS,MALAYSIA,mackerel,core,98351,337339
2011,ECU,ECUADOR,mackerel,core,189269,325532
2011,MAR,MOROCCO,mackerel,core,79566,214702
2011,POL,POLAND,mackerel,core,53008,213530
2011,DEU,GERMANY,mackerel,core,46863,199744
2011,DNK,DENMARK,mackerel,core,48960,162360
2011,ARG,ARGENTINA,mackerel,core,99443,160096
2011,ISL,ICELAND,mackerel,core,66884,152713
2011,LVA,LATVIA,mackerel,core,27602,125599
2011,ESP,SPAIN,mackerel,core,52337,104315
2011,FRO,FAROE IS.,mackerel,core,48000,96000
2011,NLD,NETHERLANDS,mackerel,core,28067,92649
2011,CPV,CAPE VERDE,mackerel,core,41350,59586
2011,HRV,CROATIA,mackerel,core,7782,54234
2011,SVN,SLOVENIA,mackerel,core,6911,53268
2011,SWE,SWEDEN,mackerel,core,12000,48600
2011,NIC,NICARAGUA,mackerel,core,18765,45788
2011,GRC,GREECE,mackerel,core,2630,31476
2011,LTU,LITHUANIA,mackerel,core,5232,27999
2011,GTM,GUATEMALA,mackerel,core,4602,20688
2011,ARE,UNITED ARAB EMIRATES,mackerel,core,5460,12613
2011,SLV,EL SALVADOR,mackerel,core,11975,11220
2011,CRI,COSTA RICA,mackerel,core,562,3965
2011,VCT,ST.VINCENT-GRENADINE,mackerel,core,380,3268
2011,LKA,SRI LANKA,mackerel,core,619,2040
2011,NZL,NEW ZEALAND,mussels,core,10155931,43277493
2011,CAN,CANADA,mussels,core,13894772,35855072
2011,CHL,CHILE,mussels,core,4522214,10889827
2011,MEX,MEXICO,mussels,core,245200,774481
2011,CHN,CHINA,mussels,core,88537,241570
2011,PER,PERU,mussels,core,18158,41942
2011,BEL,BELGIUM,mussels,core,4069,40560
2011,PHL,PHILIPPINES,mussels,core,8213,20851
2011,PRT,PORTUGAL,mussels,core,3215,17122
2011,THA,THAILAND,mussels,core,3062,15554
2011,HKG,CHINA - HONG KONG,mussels,core,1525,14563
2011,KOR,SOUTH KOREA,mussels,core,200,4988
2011,NOR,NORWAY,mussels,core,28,2772
2011,CHN,CHINA,other_groundfish,core,18918002,96908897
2011,CAN,CANADA,other_groundfish,core,20817249,59442310
2011,ISL,ICELAND,other_groundfish,core,4098400,36657033
2011,NOR,NORWAY,other_groundfish,core,8507438,28430582
2011,NZL,NEW ZEALAND,other_groundfish,core,1794916,20590301
2011,RUS,RUSSIAN FEDERATION,other_groundfish,core,1990750,12246876
2011,ARG,ARGENTINA,other_groundfish,core,1340610,4245423
2011,NAM,NAMIBIA,other_groundfish,core,609294,3969903
2011,THA,THAILAND,other_groundfish,core,122546,1715242
2011,PER,PERU,other_groundfish,core,643452,1503751
2011,VNM,VIETNAM,other_groundfish,core,64900,690761
2011,POL,POLAND,other_groundfish,core,100507,589316
2011,ZAF,SOUTH AFRICA,other_groundfish,core,114452,555609
2011,AUS,AUSTRALIA,other_groundfish,core,34399,495531
2011,CHL,CHILE,other_groundfish,core,66127,415828
2011,URY,URUGUAY,other_groundfish,core,60243,350645
2011,KOR,SOUTH KOREA,other_groundfish,core,119653,328168
2011,DNK,DENMARK,other_groundfish,core,86951,322413
2011,TWN,TAIWAN,other_groundfish,core,86235,319563
2011,MEX,MEXICO,other_groundfish,core,165472,230647
2011,BGD,BANGLADESH,other_groundfish,core,44595,173151
2011,PRT,PORTUGAL,other_groundfish,core,33025,123414
2011,ECU,ECUADOR,other_groundfish,core,18735,57413
2011,JPN,JAPAN,other_groundfish,core,20038,38408
2011,GUY,GUYANA,other_groundfish,core,5066,23516
2011,IND,INDIA,other_groundfish,core,17962,22520
2011,BRA,BRAZIL,other_groundfish,core,2549,12101
2011,SPM,ST.PIERRE & MIQUELON,other_groundfish,core,1996,7649
2011,CHN,CHINA,other_shellfish_specialty,extended,4841742,22064209
2011,MEX,MEXICO,other_shellfish_specialty,extended,94901,3770437
2011,AUS,AUSTRALIA,other_shellfish_specialty,extended,57963,2884290
2011,CHL,CHILE,other_shellfish_specialty,extended,105551,2301473
2011,NIC,NICARAGUA,other_shellfish_specialty,extended,134129,1742005
2011,FRA,FRANCE,other_shellfish_specialty,extended,146175,1391160
2011,TWN,TAIWAN,other_shellfish_specialty,extended,35501,1001993
2011,IDN,INDONESIA,other_shellfish_specialty,extended,311451,996309
2011,TCA,TURKS & CAICOS IS.,other_shellfish_specialty,extended,112671,980002
2011,HND,HONDURAS,other_shellfish_specialty,extended,58804,749722
2011,BLZ,BELIZE,other_shellfish_specialty,extended,58719,738426
2011,VNM,VIETNAM,other_shellfish_specialty,extended,133543,520197
2011,NZL,NEW ZEALAND,other_shellfish_specialty,extended,6067,342714
2011,CAN,CANADA,other_shellfish_specialty,extended,69998,308810
2011,JPN,JAPAN,other_shellfish_specialty,extended,7904,203709
2011,HKG,CHINA - HONG KONG,other_shellfish_specialty,extended,5781,176498
2011,ISL,ICELAND,other_shellfish_specialty,extended,45409,132962
2011,ZAF,SOUTH AFRICA,other_shellfish_specialty,extended,5317,113409
2011,PER,PERU,other_shellfish_specialty,extended,8411,90250
2011,IRL,IRELAND,other_shellfish_specialty,extended,18181,55160
2011,KNA,ST.KITTS-NEVIS,other_shellfish_specialty,extended,8184,54380
2011,GHA,GHANA,other_shellfish_specialty,extended,2247,42230
2011,KOR,SOUTH KOREA,other_shellfish_specialty,extended,3120,39239
2011,THA,THAILAND,other_shellfish_specialty,extended,9142,25906
2011,BHS,BAHAMAS,other_shellfish_specialty,extended,2218,23750
2011,GIN,GUINEA,other_shellfish_specialty,extended,3950,5000
2011,TUR,TURKEY,other_shellfish_specialty,extended,925,4889
2011,CIV,IVORY COAST,other_shellfish_specialty,extended,5500,3000
2011,PRT,PORTUGAL,other_shellfish_specialty,extended,540,2917
2011,CHN,CHINA,oysters,core,4651228,31107706
2011,KOR,SOUTH KOREA,oysters,core,3890549,23335476
2011,CAN,CANADA,oysters,core,2268170,13350137
2011,JPN,JAPAN,oysters,core,346912,2989030
2011,MEX,MEXICO,oysters,core,835262,2297258
2011,HKG,CHINA - HONG KONG,oysters,core,106550,453852
2011,NZL,NEW ZEALAND,oysters,core,33788,235861
2011,COL,COLOMBIA,oysters,core,11441,80869
2011,MYS,MALAYSIA,oysters,core,778,5925
2011,TTO,TRINIDAD & TOBAGO,oysters,core,91,5444
2011,PER,PERU,oysters,core,296,4840
2011,PHL,PHILIPPINES,oysters,core,1605,3582
2011,VNM,VIETNAM,pangasius_basa_swai,extended,85546937,303320331
2011,CHN,CHINA,pangasius_basa_swai,extended,1596050,8119702
2011,THA,THAILAND,pangasius_basa_swai,extended,1251263,4094653
2011,KHM,CAMBODIA,pangasius_basa_swai,extended,552068,1318272
2011,MYS,MALAYSIA,pangasius_basa_swai,extended,41225,128434
2011,IND,INDIA,pangasius_basa_swai,extended,16838,117716
2011,ESP,SPAIN,pangasius_basa_swai,extended,1410,5415
2011,CHN,CHINA,pollock,core,72874128,191014648
2011,ISL,ICELAND,pollock,core,808274,4424678
2011,RUS,RUSSIAN FEDERATION,pollock,core,927939,2994687
2011,CAN,CANADA,pollock,core,604381,1613629
2011,KOR,SOUTH KOREA,pollock,core,373721,1202310
2011,ESP,SPAIN,pollock,core,192212,831239
2011,VNM,VIETNAM,pollock,core,118774,394035
2011,NOR,NORWAY,pollock,core,39960,167356
2011,JPN,JAPAN,pollock,core,11652,71002
2011,IDN,INDONESIA,pollock,core,3869,44606
2011,CHE,SWITZERLAND,pollock,core,17690,37980
2011,FRA,FRANCE,pollock,core,2358,23774
2011,IND,INDIA,pollock,core,1816,9788
2011,GBR,UNITED KINGDOM,pollock,core,301,5742
2011,GRC,GREECE,reef_fish_other,extended,1259245,11573201
2011,CAN,CANADA,reef_fish_other,extended,343160,441583
2011,TUR,TURKEY,reef_fish_other,extended,64983,368591
2011,TWN,TAIWAN,reef_fish_other,extended,57079,243294
2011,ESP,SPAIN,reef_fish_other,extended,17557,198499
2011,CYP,CYPRUS,reef_fish_other,extended,8256,106859
2011,MUS,MAURITIUS,reef_fish_other,extended,11645,81207
2011,URY,URUGUAY,reef_fish_other,extended,2513,49861
2011,MEX,MEXICO,reef_fish_other,extended,11869,30794
2011,FRA,FRANCE,reef_fish_other,extended,3150,20597
2011,AUS,AUSTRALIA,reef_fish_other,extended,3800,16409
2011,PRT,PORTUGAL,reef_fish_other,extended,628,13749
2011,CHN,CHINA,reef_fish_other,extended,2000,12800
2011,VNM,VIETNAM,reef_fish_other,extended,650,12174
2011,NLD,NETHERLANDS,reef_fish_other,extended,816,11268
2011,SEN,SENEGAL,reef_fish_other,extended,504,7807
2011,CRI,COSTA RICA,reef_fish_other,extended,296,2176
2011,JPN,JAPAN,reef_fish_other,extended,192,2079
2011,CAN,CANADA,sablefish,core,830832,1936394
2011,MEX,MEXICO,sablefish,core,2323,4971
2011,CHL,CHILE,salmon,core,59531733,630427009
2011,CAN,CANADA,salmon,core,79202353,548612498
2011,CHN,CHINA,salmon,core,39296961,242943956
2011,NOR,NORWAY,salmon,core,19661109,233597510
2011,GBR,UNITED KINGDOM,salmon,core,17111463,122688779
2011,FRO,FAROE IS.,salmon,core,15500270,100713970
2011,THA,THAILAND,salmon,core,3738675,26293926
2011,NLD,NETHERLANDS,salmon,core,1272586,25232256
2011,ISL,ICELAND,salmon,core,1122900,12095723
2011,DNK,DENMARK,salmon,core,756288,11689140
2011,NZL,NEW ZEALAND,salmon,core,1130827,11137535
2011,FRA,FRANCE,salmon,core,515277,7406580
2011,POL,POLAND,salmon,core,276641,4893505
2011,RUS,RUSSIAN FEDERATION,salmon,core,469503,4389905
2011,IRL,IRELAND,salmon,core,330984,3949550
2011,IDN,INDONESIA,salmon,core,187992,1455888
2011,SWE,SWEDEN,salmon,core,45780,871699
2011,DEU,GERMANY,salmon,core,39869,686047
2011,VNM,VIETNAM,salmon,core,36039,248687
2011,JPN,JAPAN,salmon,core,18355,233394
2011,HKG,CHINA - HONG KONG,salmon,core,21773,96480
2011,ECU,ECUADOR,salmon,core,8537,59788
2011,CHE,SWITZERLAND,salmon,core,384,56298
2011,CRI,COSTA RICA,salmon,core,5346,52214
2011,ARG,ARGENTINA,salmon,core,17201,44660
2011,TWN,TAIWAN,salmon,core,9163,37209
2011,AUS,AUSTRALIA,salmon,core,1715,15374
2011,MDV,MALDIVE IS.,salmon,core,417,8649
2011,LVA,LATVIA,salmon,core,288,6353
2011,ISR,ISRAEL,salmon,core,1551,5465
2011,GUY,GUYANA,salmon,core,2397,3822
2011,COL,COLOMBIA,salmon,core,327,2808
2011,CHN,CHINA,scallops,core,12553952,95576372
2011,CAN,CANADA,scallops,core,3160927,68294190
2011,JPN,JAPAN,scallops,core,2263428,60392585
2011,PER,PERU,scallops,core,2790839,37109143
2011,MEX,MEXICO,scallops,core,2204160,17163866
2011,ARG,ARGENTINA,scallops,core,1243131,10861384
2011,PHL,PHILIPPINES,scallops,core,1114628,5819675
2011,FRA,FRANCE,scallops,core,238026,2049624
2011,CHL,CHILE,scallops,core,90174,1390708
2011,HKG,CHINA - HONG KONG,scallops,core,68932,1026981
2011,RUS,RUSSIAN FEDERATION,scallops,core,17720,384742
2011,VNM,VIETNAM,scallops,core,11649,169180
2011,MYS,MALAYSIA,scallops,core,1975,72011
2011,NOR,NORWAY,scallops,core,2064,25245
2011,ESP,SPAIN,scallops,core,1028,15797
2011,TWN,TAIWAN,scallops,core,1959,13099
2011,AUS,AUSTRALIA,scallops,core,386,8359
2011,FSM,FED STATES OF MICRON,scallops,core,564,3250
2011,KOR,SOUTH KOREA,scallops,core,400,2895
2011,CAN,CANADA,sea_cucumber_urchin_other_inverts,extended,2524875,5799385
2011,NOR,NORWAY,sea_cucumber_urchin_other_inverts,extended,588060,2907336
2011,CHL,CHILE,sea_cucumber_urchin_other_inverts,extended,9879,247468
2011,JPN,JAPAN,sea_cucumber_urchin_other_inverts,extended,566,87965
2011,KOR,SOUTH KOREA,sea_cucumber_urchin_other_inverts,extended,1252,12520
2011,HKG,CHINA - HONG KONG,sharks_rays_skates,extended,44750,1534849
2011,CHN,CHINA,sharks_rays_skates,extended,17660,1066918
2011,NZL,NEW ZEALAND,sharks_rays_skates,extended,25112,287790
2011,CAN,CANADA,sharks_rays_skates,extended,68232,128005
2011,BRA,BRAZIL,sharks_rays_skates,extended,17340,98342
2011,AUS,AUSTRALIA,sharks_rays_skates,extended,7130,84980
2011,MEX,MEXICO,sharks_rays_skates,extended,29876,42137
2011,ESP,SPAIN,sharks_rays_skates,extended,2130,38801
2011,ECU,ECUADOR,sharks_rays_skates,extended,5574,35659
2011,TWN,TAIWAN,sharks_rays_skates,extended,5443,22800
2011,CRI,COSTA RICA,sharks_rays_skates,extended,7896,22706
2011,TTO,TRINIDAD & TOBAGO,sharks_rays_skates,extended,1845,11191
2011,IND,INDIA,sharks_rays_skates,extended,539,2999
2011,THA,THAILAND,shrimp,core,185782912,1718809771
2011,IDN,INDONESIA,shrimp,core,70334479,695099204
2011,ECU,ECUADOR,shrimp,core,73790889,531021093
2011,IND,INDIA,shrimp,core,48224667,525652544
2011,VNM,VIETNAM,shrimp,core,45424698,521146411
2011,MEX,MEXICO,shrimp,core,30872953,291078254
2011,CHN,CHINA,shrimp,core,42972364,289349752
2011,MYS,MALAYSIA,shrimp,core,29266913,209455362
2011,HND,HONDURAS,shrimp,core,10423958,68953562
2011,PER,PERU,shrimp,core,8317503,61740530
2011,BGD,BANGLADESH,shrimp,core,4471794,59427040
2011,PAN,PANAMA,shrimp,core,3269347,31309305
2011,CAN,CANADA,shrimp,core,2665640,29720716
2011,GUY,GUYANA,shrimp,core,6539047,23932550
2011,NIC,NICARAGUA,shrimp,core,3355692,23471646
2011,GTM,GUATEMALA,shrimp,core,2711755,23204975
2011,VEN,VENEZUELA,shrimp,core,2464896,13763195
2011,ARG,ARGENTINA,shrimp,core,835118,8292217
2011,PHL,PHILIPPINES,shrimp,core,1331055,7761861
2011,COL,COLOMBIA,shrimp,core,718776,5902870
2011,ARE,UNITED ARAB EMIRATES,shrimp,core,876144,5219527
2011,SAU,SAUDI ARABIA,shrimp,core,286955,3181669
2011,PAK,PAKISTAN,shrimp,core,131809,3044514
2011,TWN,TAIWAN,shrimp,core,374379,2782931
2011,NGA,NIGERIA,shrimp,core,111456,2582352
2011,BLZ,BELIZE,shrimp,core,202486,1816031
2011,SUR,SURINAME,shrimp,core,362206,1644549
2011,NCL,NEW CALEDONIA,shrimp,core,86812,1179045
2011,LKA,SRI LANKA,shrimp,core,134911,848960
2011,SLV,EL SALVADOR,shrimp,core,140605,843021
2011,CRI,COSTA RICA,shrimp,core,52898,719073
2011,HKG,CHINA - HONG KONG,shrimp,core,76037,712390
2011,KOR,SOUTH KOREA,shrimp,core,117817,622991
2011,DNK,DENMARK,shrimp,core,84865,516500
2011,MDG,MADAGASCAR,shrimp,core,19812,402507
2011,SGP,SINGAPORE,shrimp,core,39107,213536
2011,CHL,CHILE,shrimp,core,15658,161200
2011,DEU,GERMANY,shrimp,core,28535,124871
2011,JPN,JAPAN,shrimp,core,14685,108630
2011,ISR,ISRAEL,shrimp,core,40280,103166
2011,GRL,GREENLAND,shrimp,core,4075,71104
2011,AUS,AUSTRALIA,shrimp,core,1400,31795
2011,ESP,SPAIN,shrimp,core,1052,27495
2011,PRT,PORTUGAL,shrimp,core,4647,21490
2011,GHA,GHANA,shrimp,core,2126,19249
2011,GBR,UNITED KINGDOM,shrimp,core,696,10918
2011,FRA,FRANCE,shrimp,core,202,4673
2011,TTO,TRINIDAD & TOBAGO,shrimp,core,870,4650
2011,MUS,MAURITIUS,shrimp,core,272,2269
2011,MAR,MOROCCO,small_pelagics_other,extended,4461768,28247933
2011,POL,POLAND,small_pelagics_other,extended,4983398,24270868
2011,CAN,CANADA,small_pelagics_other,extended,12852129,22822693
2011,THA,THAILAND,small_pelagics_other,extended,5710902,16478104
2011,ECU,ECUADOR,small_pelagics_other,extended,3228861,6001142
2011,ESP,SPAIN,small_pelagics_other,extended,853718,5820809
2011,ITA,ITALY,small_pelagics_other,extended,736427,5584564
2011,CHN,CHINA,small_pelagics_other,extended,1960356,4541432
2011,PHL,PHILIPPINES,small_pelagics_other,extended,2506051,4484812
2011,PRT,PORTUGAL,small_pelagics_other,extended,1049174,4017158
2011,CHL,CHILE,small_pelagics_other,extended,398010,2764550
2011,VNM,VIETNAM,small_pelagics_other,extended,494790,2617359
2011,KOR,SOUTH KOREA,small_pelagics_other,extended,246860,2410359
2011,MEX,MEXICO,small_pelagics_other,extended,2104069,1857303
2011,ARG,ARGENTINA,small_pelagics_other,extended,362300,1628502
2011,PER,PERU,small_pelagics_other,extended,242834,1531068
2011,GBR,UNITED KINGDOM,small_pelagics_other,extended,166324,1516022
2011,LVA,LATVIA,small_pelagics_other,extended,360882,1152862
2011,JPN,JAPAN,small_pelagics_other,extended,199346,896204
2011,NOR,NORWAY,small_pelagics_other,extended,114826,425086
2011,ISL,ICELAND,small_pelagics_other,extended,330543,365530
2011,TUR,TURKEY,small_pelagics_other,extended,38096,320112
2011,GUY,GUYANA,small_pelagics_other,extended,72310,236185
2011,NLD,NETHERLANDS,small_pelagics_other,extended,13081,155591
2011,IND,INDIA,small_pelagics_other,extended,64058,125843
2011,AUS,AUSTRALIA,small_pelagics_other,extended,15200,120556
2011,SWE,SWEDEN,small_pelagics_other,extended,30138,116779
2011,HRV,CROATIA,small_pelagics_other,extended,21032,109296
2011,FRA,FRANCE,small_pelagics_other,extended,27758,105469
2011,SUR,SURINAME,small_pelagics_other,extended,25395,86334
2011,GRC,GREECE,small_pelagics_other,extended,7778,81095
2011,PAN,PANAMA,small_pelagics_other,extended,60000,64600
2011,TWN,TAIWAN,small_pelagics_other,extended,11179,61767
2011,MYS,MALAYSIA,small_pelagics_other,extended,16348,48676
2011,GTM,GUATEMALA,small_pelagics_other,extended,17860,31625
2011,RUS,RUSSIAN FEDERATION,small_pelagics_other,extended,8513,28292
2011,CRI,COSTA RICA,small_pelagics_other,extended,13085,26998
2011,HKG,CHINA - HONG KONG,small_pelagics_other,extended,3142,24240
2011,DEU,GERMANY,small_pelagics_other,extended,3832,24217
2011,SVN,SLOVENIA,small_pelagics_other,extended,3131,20733
2011,UKR,UKRAINE,small_pelagics_other,extended,4460,14736
2011,LTU,LITHUANIA,small_pelagics_other,extended,3977,11875
2011,ISR,ISRAEL,small_pelagics_other,extended,3982,11771
2011,LKA,SRI LANKA,small_pelagics_other,extended,2533,9000
2011,NIC,NICARAGUA,small_pelagics_other,extended,2687,4443
2011,MEX,MEXICO,snapper_grouper,core,7026249,42143148
2011,NIC,NICARAGUA,snapper_grouper,core,2314628,13849801
2011,PAN,PANAMA,snapper_grouper,core,1764071,12278926
2011,BRA,BRAZIL,snapper_grouper,core,2026735,10760981
2011,SUR,SURINAME,snapper_grouper,core,1157746,6608517
2011,IDN,INDONESIA,snapper_grouper,core,798522,4970808
2011,NZL,NEW ZEALAND,snapper_grouper,core,467323,3655279
2011,CRI,COSTA RICA,snapper_grouper,core,519731,3426364
2011,GUY,GUYANA,snapper_grouper,core,611872,2591665
2011,HND,HONDURAS,snapper_grouper,core,437790,2538306
2011,TTO,TRINIDAD & TOBAGO,snapper_grouper,core,288831,1677649
2011,ECU,ECUADOR,snapper_grouper,core,112950,852440
2011,THA,THAILAND,snapper_grouper,core,115078,835158
2011,BHS,BAHAMAS,snapper_grouper,core,109872,829173
2011,VEN,VENEZUELA,snapper_grouper,core,91213,795657
2011,TON,TONGA,snapper_grouper,core,67069,701199
2011,SLV,EL SALVADOR,snapper_grouper,core,95591,677350
2011,IND,INDIA,snapper_grouper,core,143948,418963
2011,GTM,GUATEMALA,snapper_grouper,core,63135,388680
2011,VNM,VIETNAM,snapper_grouper,core,54322,357087
2011,CHL,CHILE,snapper_grouper,core,23238,127365
2011,CHN,CHINA,snapper_grouper,core,10260,66100
2011,BLZ,BELIZE,snapper_grouper,core,4227,27813
2011,ARG,ARGENTINA,snapper_grouper,core,8173,19566
2011,ZAF,SOUTH AFRICA,snapper_grouper,core,3910,18382
2011,AUS,AUSTRALIA,snapper_grouper,core,2874,17646
2011,ARE,UNITED ARAB EMIRATES,snapper_grouper,core,4500,15345
2011,COL,COLOMBIA,snapper_grouper,core,1573,12266
2011,CPV,CAPE VERDE,snapper_grouper,core,2058,11834
2011,PHL,PHILIPPINES,snapper_grouper,core,1025,9989
2011,ITA,ITALY,snapper_grouper,core,794,7438
2011,BRB,BARBADOS,snapper_grouper,core,769,5088
2011,FJI,FIJI,snapper_grouper,core,2353,4705
2011,KOR,SOUTH KOREA,snapper_grouper,core,1091,3424
2011,SYC,SEYCHELLES,snapper_grouper,core,381,2961
2011,CHN,CHINA,squid_octopus,core,41640975,173562994
2011,THA,THAILAND,squid_octopus,core,5580221,32843807
2011,IND,INDIA,squid_octopus,core,8463957,32310998
2011,PHL,PHILIPPINES,squid_octopus,core,5678537,24101610
2011,KOR,SOUTH KOREA,squid_octopus,core,4881551,17669191
2011,TWN,TAIWAN,squid_octopus,core,3358668,17351378
2011,ESP,SPAIN,squid_octopus,core,2147541,16129279
2011,IDN,INDONESIA,squid_octopus,core,2094284,13009030
2011,PER,PERU,squid_octopus,core,3260890,10415468
2011,JPN,JAPAN,squid_octopus,core,843327,8609991
2011,VNM,VIETNAM,squid_octopus,core,1049416,6196523
2011,NZL,NEW ZEALAND,squid_octopus,core,1679602,5971751
2011,PRT,PORTUGAL,squid_octopus,core,624107,5807756
2011,MEX,MEXICO,squid_octopus,core,1039949,4038350
2011,ARG,ARGENTINA,squid_octopus,core,1602743,4028574
2011,CHL,CHILE,squid_octopus,core,854474,2010652
2011,MYS,MALAYSIA,squid_octopus,core,346028,1196806
2011,NLD,NETHERLANDS,squid_octopus,core,147828,869591
2011,URY,URUGUAY,squid_octopus,core,174405,507400
2011,SEN,SENEGAL,squid_octopus,core,41170,429731
2011,HKG,CHINA - HONG KONG,squid_octopus,core,30227,404392
2011,MAR,MOROCCO,squid_octopus,core,18568,259299
2011,LKA,SRI LANKA,squid_octopus,core,60489,216806
2011,CAN,CANADA,squid_octopus,core,71916,209278
2011,ECU,ECUADOR,squid_octopus,core,84024,169291
2011,ITA,ITALY,squid_octopus,core,7925,135223
2011,MRT,MAURITANIA,squid_octopus,core,13517,118732
2011,BHR,BAHRAIN,squid_octopus,core,14764,76548
2011,AUS,AUSTRALIA,squid_octopus,core,5707,69831
2011,BEL,BELGIUM,squid_octopus,core,3088,42693
2011,GBR,UNITED KINGDOM,squid_octopus,core,4960,36076
2011,RUS,RUSSIAN FEDERATION,squid_octopus,core,148,4489
2011,TUR,TURKEY,squid_octopus,core,580,4205
2011,NIC,NICARAGUA,squid_octopus,core,454,2264
2011,SGP,SINGAPORE,swordfish,core,1498770,14684497
2011,CAN,CANADA,swordfish,core,1213537,14540360
2011,ECU,ECUADOR,swordfish,core,1428068,10124101
2011,CRI,COSTA RICA,swordfish,core,684288,6249664
2011,CHL,CHILE,swordfish,core,1540907,5642097
2011,PAN,PANAMA,swordfish,core,553927,3411368
2011,IDN,INDONESIA,swordfish,core,453428,3200224
2011,BRA,BRAZIL,swordfish,core,342314,2202973
2011,NZL,NEW ZEALAND,swordfish,core,229018,1860155
2011,MEX,MEXICO,swordfish,core,326637,1620551
2011,AUS,AUSTRALIA,swordfish,core,113728,1346525
2011,ZAF,SOUTH AFRICA,swordfish,core,214507,1208753
2011,VNM,VIETNAM,swordfish,core,112047,1101057
2011,KOR,SOUTH KOREA,swordfish,core,425312,440689
2011,THA,THAILAND,swordfish,core,48898,430214
2011,FJI,FIJI,swordfish,core,30390,184351
2011,TTO,TRINIDAD & TOBAGO,swordfish,core,10272,111012
2011,JPN,JAPAN,swordfish,core,8165,94439
2011,NIC,NICARAGUA,swordfish,core,8015,72061
2011,URY,URUGUAY,swordfish,core,9922,43911
2011,ESP,SPAIN,swordfish,core,1903,19791
2011,LKA,SRI LANKA,swordfish,core,1040,13194
2011,TWN,TAIWAN,swordfish,core,1268,8242
2011,BRB,BARBADOS,swordfish,core,264,2182
2011,CHN,CHINA,tilapia,core,144377682,572327292
2011,HND,HONDURAS,tilapia,core,8132524,62070887
2011,IDN,INDONESIA,tilapia,core,9226857,60110033
2011,ECU,ECUADOR,tilapia,core,8158878,53324108
2011,CRI,COSTA RICA,tilapia,core,5402843,38381688
2011,TWN,TAIWAN,tilapia,core,13918696,36897994
2011,COL,COLOMBIA,tilapia,core,2387121,18305712
2011,THA,THAILAND,tilapia,core,1888120,8791908
2011,MYS,MALAYSIA,tilapia,core,767520,3999297
2011,SLV,EL SALVADOR,tilapia,core,344754,2531905
2011,NOR,NORWAY,tilapia,core,131309,1863137
2011,PER,PERU,tilapia,core,141993,1285787
2011,VNM,VIETNAM,tilapia,core,313608,993565
2011,PAN,PANAMA,tilapia,core,267884,710877
2011,IND,INDIA,tilapia,core,406749,537785
2011,BRA,BRAZIL,tilapia,core,73493,529550
2011,PHL,PHILIPPINES,tilapia,core,198892,418949
2011,MEX,MEXICO,tilapia,core,118023,417644
2011,ARG,ARGENTINA,tilapia,core,75115,277316
2011,HKG,CHINA - HONG KONG,tilapia,core,59875,108530
2011,CHL,CHILE,tilapia,core,12261,97577
2011,GUY,GUYANA,tilapia,core,20336,62781
2011,BGD,BANGLADESH,tilapia,core,20900,52726
2011,CAN,CANADA,tilapia,core,10297,18125
2011,ARE,UNITED ARAB EMIRATES,tilapia,core,6500,13750
2011,ITA,ITALY,tilapia,core,101,3313
2011,CHL,CHILE,toothfish,extended,3700344,61964009
2011,KOR,SOUTH KOREA,toothfish,extended,965015,20637546
2011,ARG,ARGENTINA,toothfish,extended,914473,18760005
2011,GBR,UNITED KINGDOM,toothfish,extended,598774,12929591
2011,NZL,NEW ZEALAND,toothfish,extended,663122,12606558
2011,REU,REUNION,toothfish,extended,433493,9561380
2011,FLK,FALKLAND IS.,toothfish,extended,299108,6881016
2011,RUS,RUSSIAN FEDERATION,toothfish,extended,349740,6545079
2011,ESP,SPAIN,toothfish,extended,274212,6091837
2011,URY,URUGUAY,toothfish,extended,330124,5565835
2011,JPN,JAPAN,toothfish,extended,239412,5298824
2011,SHN,ST.HELENA,toothfish,extended,231436,5121638
2011,FRA,FRANCE,toothfish,extended,202991,4606404
2011,ZAF,SOUTH AFRICA,toothfish,extended,140390,3034094
2011,AUS,AUSTRALIA,toothfish,extended,132524,2792839
2011,CHN,CHINA,toothfish,extended,140439,2633347
2011,PER,PERU,toothfish,extended,123777,1472396
2011,MUS,MAURITIUS,toothfish,extended,60852,1077823
2011,UKR,UKRAINE,toothfish,extended,41073,882851
2011,VNM,VIETNAM,toothfish,extended,26807,74242
2011,ECU,ECUADOR,toothfish,extended,5869,14264
2011,THA,THAILAND,toothfish,extended,15,5909
2011,GRC,GREECE,toothfish,extended,3240,3240
2011,CHL,CHILE,trout,core,2022929,19090576
2011,CAN,CANADA,trout,core,1937995,12913998
2011,COL,COLOMBIA,trout,core,299064,2086876
2011,ARG,ARGENTINA,trout,core,433720,1490425
2011,AUS,AUSTRALIA,trout,core,84253,963640
2011,NOR,NORWAY,trout,core,93302,507982
2011,GUY,GUYANA,trout,core,56764,305042
2011,ISL,ICELAND,trout,core,27790,206703
2011,MEX,MEXICO,trout,core,36478,152220
2011,KOR,SOUTH KOREA,trout,core,16284,87700
2011,IRL,IRELAND,trout,core,5927,47022
2011,SUR,SURINAME,trout,core,7321,45192
2011,GBR,UNITED KINGDOM,trout,core,3129,18173
2011,CRI,COSTA RICA,trout,core,1091,5542
2011,VNM,VIETNAM,trout,core,138,3243
2011,PAN,PANAMA,trout,core,349,2503
2011,THA,THAILAND,tuna,core,128350389,529142100
2011,PHL,PHILIPPINES,tuna,core,30869078,134761820
2011,IDN,INDONESIA,tuna,core,19443219,128716168
2011,VNM,VIETNAM,tuna,core,24461712,118856715
2011,ECU,ECUADOR,tuna,core,21507828,113672292
2011,CHN,CHINA,tuna,core,13667141,55925143
2011,COL,COLOMBIA,tuna,core,6861154,35633157
2011,TTO,TRINIDAD & TOBAGO,tuna,core,8257190,32831053
2011,FJI,FIJI,tuna,core,6606732,32665468
2011,MUS,MAURITIUS,tuna,core,8646209,21500967
2011,CAN,CANADA,tuna,core,4520004,20670670
2011,PAN,PANAMA,tuna,core,2002465,18863168
2011,MEX,MEXICO,tuna,core,4213537,16598001
2011,PNG,PAPUA NEW GUINEA,tuna,core,3342021,12833318
2011,KOR,SOUTH KOREA,tuna,core,1494563,10892310
2011,MHL,MARSHALL IS.,tuna,core,2408807,10453400
2011,CRI,COSTA RICA,tuna,core,1108887,9790995
2011,LKA,SRI LANKA,tuna,core,858272,8484634
2011,ESP,SPAIN,tuna,core,327812,7732362
2011,VEN,VENEZUELA,tuna,core,527772,6168152
2011,SUR,SURINAME,tuna,core,685514,5093029
2011,JPN,JAPAN,tuna,core,220204,4473411
2011,GRD,GRENADA,tuna,core,542530,4323345
2011,SGP,SINGAPORE,tuna,core,518871,3442973
2011,PRT,PORTUGAL,tuna,core,281658,2744291
2011,ZAF,SOUTH AFRICA,tuna,core,416923,2552351
2011,MDV,MALDIVE IS.,tuna,core,189916,2319127
2011,TWN,TAIWAN,tuna,core,291059,2174318
2011,PYF,FRENCH POLYNESIA,tuna,core,251399,2017110
2011,AUS,AUSTRALIA,tuna,core,131560,1905382
2011,MYS,MALAYSIA,tuna,core,297009,1616815
2011,ITA,ITALY,tuna,core,140790,1478675
2011,BRA,BRAZIL,tuna,core,186675,1427478
2011,GRC,GREECE,tuna,core,46778,1409577
2011,MLT,MALTA,tuna,core,42412,885155
2011,GUY,GUYANA,tuna,core,83026,763304
2011,FSM,FED STATES OF MICRON,tuna,core,110206,712366
2011,HRV,CROATIA,tuna,core,28854,618303
2011,IND,INDIA,tuna,core,88708,599132
2011,GTM,GUATEMALA,tuna,core,100400,463720
2011,ISR,ISRAEL,tuna,core,69405,451585
2011,BRB,BARBADOS,tuna,core,56294,429853
2011,NZL,NEW ZEALAND,tuna,core,235635,362717
2011,WSM,WESTERN SAMOA,tuna,core,63806,339494
2011,HKG,CHINA - HONG KONG,tuna,core,95256,299068
2011,BLZ,BELIZE,tuna,core,15787,201771
2011,VUT,VANUATU,tuna,core,68302,198973
2011,CPV,CAPE VERDE,tuna,core,18361,154003
2011,PER,PERU,tuna,core,25600,148693
2011,GIN,GUINEA,tuna,core,12033,145900
2011,TUN,TUNISIA,tuna,core,23868,127659
2011,TON,TONGA,tuna,core,10747,112298
2011,DEU,GERMANY,tuna,core,1384,66577
2011,HND,HONDURAS,tuna,core,6796,63673
2011,SYC,SEYCHELLES,tuna,core,3475,48316
2011,GBR,UNITED KINGDOM,tuna,core,2589,39946
2011,VCT,ST.VINCENT-GRENADINE,tuna,core,3392,30117
2011,POL,POLAND,tuna,core,6738,24336
2011,CHL,CHILE,tuna,core,3490,24114
2011,TUR,TURKEY,tuna,core,1127,22347
2011,NIC,NICARAGUA,tuna,core,2473,17740
2011,DOM,DOMINICAN REPUBLIC,tuna,core,1053,17188
2011,FRA,FRANCE,tuna,core,270,11418
2011,COK,COOK IS.,tuna,core,1355,5961
2011,FIN,FINLAND,tuna,core,1578,3156
2011,URY,URUGUAY,tuna,core,643,2127
2012,CHN,CHINA,catfish_other,extended,2968149,21135356
2012,BRA,BRAZIL,catfish_other,extended,441581,1341743
2012,PHL,PHILIPPINES,catfish_other,extended,90380,522184
2012,CAN,CANADA,catfish_other,extended,30622,379916
2012,JPN,JAPAN,catfish_other,extended,58929,344828
2012,VNM,VIETNAM,catfish_other,extended,72519,214645
2012,NZL,NEW ZEALAND,catfish_other,extended,42475,160573
2012,ISL,ICELAND,catfish_other,extended,8419,105283
2012,TWN,TAIWAN,catfish_other,extended,31752,69514
2012,PYF,FRENCH POLYNESIA,catfish_other,extended,5392,59825
2012,GUY,GUYANA,catfish_other,extended,10791,42006
2012,THA,THAILAND,catfish_other,extended,13180,27569
2012,MEX,MEXICO,catfish_other,extended,7706,23575
2012,GBR,UNITED KINGDOM,catfish_other,extended,1745,15372
2012,HKG,CHINA - HONG KONG,catfish_other,extended,1115,7480
2012,ECU,ECUADOR,catfish_other,extended,515,5954
2012,NOR,NORWAY,catfish_other,extended,1147,3278
2012,GRC,GREECE,catfish_other,extended,42,3224
2012,NLD,NETHERLANDS,catfish_other,extended,360,2844
2012,CHN,CHINA,clams,core,12314631,25397089
2012,CAN,CANADA,clams,core,3056799,20703893
2012,VNM,VIETNAM,clams,core,1682344,5134977
2012,THA,THAILAND,clams,core,1122855,3555513
2012,IDN,INDONESIA,clams,core,1123332,3431720
2012,NZL,NEW ZEALAND,clams,core,507187,2098885
2012,CHL,CHILE,clams,core,362658,1150076
2012,MEX,MEXICO,clams,core,371831,878531
2012,NLD,NETHERLANDS,clams,core,210185,555586
2012,PER,PERU,clams,core,104912,336916
2012,JPN,JAPAN,clams,core,48060,301142
2012,IND,INDIA,clams,core,61570,155652
2012,KOR,SOUTH KOREA,clams,core,28948,118518
2012,MYS,MALAYSIA,clams,core,15650,48881
2012,TWN,TAIWAN,clams,core,16455,44851
2012,ESP,SPAIN,clams,core,1783,25363
2012,ITA,ITALY,clams,core,3018,22882
2012,ECU,ECUADOR,clams,core,1598,4009
2012,PRT,PORTUGAL,clams,core,700,3253
2012,FSM,FED STATES OF MICRON,clams,core,332,2738
2012,CHN,CHINA,cod,core,33409904,198498667
2012,ISL,ICELAND,cod,core,5828162,47651736
2012,CAN,CANADA,cod,core,3750201,31916698
2012,RUS,RUSSIAN FEDERATION,cod,core,3547849,25484861
2012,NOR,NORWAY,cod,core,2360454,23250843
2012,THA,THAILAND,cod,core,1052586,7485442
2012,POL,POLAND,cod,core,796969,4149780
2012,PRT,PORTUGAL,cod,core,250393,1944795
2012,NLD,NETHERLANDS,cod,core,55964,1182256
2012,VNM,VIETNAM,cod,core,166263,1140055
2012,GBR,UNITED KINGDOM,cod,core,54957,515704
2012,DEU,GERMANY,cod,core,14412,435699
2012,ESP,SPAIN,cod,core,13222,186996
2012,DNK,DENMARK,cod,core,17237,124640
2012,NZL,NEW ZEALAND,cod,core,10589,74032
2012,JPN,JAPAN,cod,core,2522,60627
2012,IND,INDIA,cod,core,9679,60327
2012,KOR,SOUTH KOREA,cod,core,3320,57880
2012,FRO,FAROE IS.,cod,core,2139,30426
2012,IRL,IRELAND,cod,core,6290,13996
2012,LTU,LITHUANIA,cod,core,8990,13635
2012,PHL,PHILIPPINES,cod,core,5694,13495
2012,ARE,UNITED ARAB EMIRATES,cod,core,3000,13200
2012,ITA,ITALY,cod,core,1157,11454
2012,MEX,MEXICO,cod,core,6630,11354
2012,BRA,BRAZIL,cod,core,2183,11180
2012,TWN,TAIWAN,cod,core,600,7813
2012,FIN,FINLAND,cod,core,401,3562
2012,GHA,GHANA,cod,core,400,3500
2012,CAN,CANADA,crab,core,40315020,432825576
2012,IDN,INDONESIA,crab,core,10890928,227802971
2012,RUS,RUSSIAN FEDERATION,crab,core,12603270,175211538
2012,CHN,CHINA,crab,core,10381344,140855583
2012,PHL,PHILIPPINES,crab,core,3203871,74492152
2012,THA,THAILAND,crab,core,3414675,58564998
2012,VNM,VIETNAM,crab,core,3142930,55512983
2012,ARG,ARGENTINA,crab,core,2475300,42709808
2012,MEX,MEXICO,crab,core,2541858,33767308
2012,IND,INDIA,crab,core,1586948,31344739
2012,VEN,VENEZUELA,crab,core,1456715,17315495
2012,CHL,CHILE,crab,core,591922,9958922
2012,LKA,SRI LANKA,crab,core,653119,9188822
2012,KOR,SOUTH KOREA,crab,core,817579,9022258
2012,NOR,NORWAY,crab,core,377536,6970449
2012,COL,COLOMBIA,crab,core,355288,6583462
2012,GRL,GREENLAND,crab,core,593991,6111576
2012,MYS,MALAYSIA,crab,core,278845,3588613
2012,JPN,JAPAN,crab,core,193000,2263448
2012,BHS,BAHAMAS,crab,core,72334,1859104
2012,ECU,ECUADOR,crab,core,62592,971832
2012,PAK,PAKISTAN,crab,core,24542,425997
2012,DNK,DENMARK,crab,core,41385,398846
2012,NIC,NICARAGUA,crab,core,105470,394231
2012,BHR,BAHRAIN,crab,core,57966,234991
2012,AUS,AUSTRALIA,crab,core,5882,169885
2012,PER,PERU,crab,core,5979,137746
2012,ITA,ITALY,crab,core,7740,75914
2012,SWE,SWEDEN,crab,core,9122,67832
2012,HKG,CHINA - HONG KONG,crab,core,21802,67512
2012,DOM,DOMINICAN REPUBLIC,crab,core,2996,23402
2012,PAN,PANAMA,crab,core,4349,22407
2012,HND,HONDURAS,crab,core,4082,16200
2012,ZAF,SOUTH AFRICA,crab,core,585,14823
2012,PRT,PORTUGAL,crab,core,1430,8382
2012,IRL,IRELAND,crab,core,337,5133
2012,TWN,TAIWAN,crab,core,648,4804
2012,GUY,GUYANA,crab,core,736,3240
2012,ESP,SPAIN,crab,core,212,2547
2012,SGP,SINGAPORE,crab,core,198,2400
2012,CHN,CHINA,crawfish_freshwater,extended,8544654,86313166
2012,ESP,SPAIN,crawfish_freshwater,extended,500251,5133942
2012,JPN,JAPAN,crawfish_freshwater,extended,72457,1703067
2012,TUR,TURKEY,crawfish_freshwater,extended,121036,1526868
2012,CAN,CANADA,crawfish_freshwater,extended,24620,431431
2012,CHN,CHINA,eel_sturgeon_shad,extended,2365637,54040030
2012,VNM,VIETNAM,eel_sturgeon_shad,extended,177351,831402
2012,CAN,CANADA,eel_sturgeon_shad,extended,112135,703548
2012,KOR,SOUTH KOREA,eel_sturgeon_shad,extended,29759,441022
2012,TWN,TAIWAN,eel_sturgeon_shad,extended,53774,381855
2012,JPN,JAPAN,eel_sturgeon_shad,extended,35166,333499
2012,MEX,MEXICO,eel_sturgeon_shad,extended,32624,219824
2012,CHL,CHILE,eel_sturgeon_shad,extended,45200,147991
2012,PHL,PHILIPPINES,eel_sturgeon_shad,extended,13735,119809
2012,ISL,ICELAND,eel_sturgeon_shad,extended,8944,92747
2012,BRA,BRAZIL,eel_sturgeon_shad,extended,12213,69311
2012,ARG,ARGENTINA,eel_sturgeon_shad,extended,18144,64800
2012,THA,THAILAND,eel_sturgeon_shad,extended,10268,48957
2012,PRT,PORTUGAL,eel_sturgeon_shad,extended,6143,37149
2012,NLD,NETHERLANDS,eel_sturgeon_shad,extended,2062,34067
2012,GRC,GREECE,eel_sturgeon_shad,extended,3240,29658
2012,GUY,GUYANA,eel_sturgeon_shad,extended,5000,18500
2012,ESP,SPAIN,eel_sturgeon_shad,extended,977,13460
2012,NZL,NEW ZEALAND,eel_sturgeon_shad,extended,900,11608
2012,HKG,CHINA - HONG KONG,eel_sturgeon_shad,extended,2606,10129
2012,KEN,KENYA,eel_sturgeon_shad,extended,1080,6588
2012,POL,POLAND,eel_sturgeon_shad,extended,1296,4592
2012,BGD,BANGLADESH,eel_sturgeon_shad,extended,13,3186
2012,BEL,BELGIUM,eel_sturgeon_shad,extended,130,2166
2012,CHN,CHINA,flatfish,core,17324440,81612633
2012,CAN,CANADA,flatfish,core,3467638,21692840
2012,NLD,NETHERLANDS,flatfish,core,1485960,17940632
2012,ARG,ARGENTINA,flatfish,core,1827750,10866455
2012,THA,THAILAND,flatfish,core,555398,3513378
2012,ISL,ICELAND,flatfish,core,322779,2637273
2012,KOR,SOUTH KOREA,flatfish,core,109146,1499310
2012,MEX,MEXICO,flatfish,core,375984,1491429
2012,VNM,VIETNAM,flatfish,core,392843,1156407
2012,ESP,SPAIN,flatfish,core,111689,894738
2012,IDN,INDONESIA,flatfish,core,46288,860539
2012,CHL,CHILE,flatfish,core,51350,577325
2012,FRA,FRANCE,flatfish,core,72021,574347
2012,TUR,TURKEY,flatfish,core,52637,400133
2012,LKA,SRI LANKA,flatfish,core,51920,226122
2012,NOR,NORWAY,flatfish,core,24312,171517
2012,PAN,PANAMA,flatfish,core,33376,156752
2012,NZL,NEW ZEALAND,flatfish,core,33483,146382
2012,TWN,TAIWAN,flatfish,core,18560,102100
2012,MYS,MALAYSIA,flatfish,core,19180,100771
2012,NIC,NICARAGUA,flatfish,core,27317,100194
2012,SUR,SURINAME,flatfish,core,19555,94199
2012,ECU,ECUADOR,flatfish,core,54400,75954
2012,SGP,SINGAPORE,flatfish,core,5895,62300
2012,GBR,UNITED KINGDOM,flatfish,core,1846,55311
2012,JPN,JAPAN,flatfish,core,2292,31132
2012,RUS,RUSSIAN FEDERATION,flatfish,core,680,26812
2012,PRT,PORTUGAL,flatfish,core,1084,24687
2012,IND,INDIA,flatfish,core,1886,9570
2012,ARE,UNITED ARAB EMIRATES,flatfish,core,2160,8791
2012,PAK,PAKISTAN,flatfish,core,2691,8066
2012,DNK,DENMARK,flatfish,core,235,7076
2012,CRI,COSTA RICA,flatfish,core,359,5080
2012,KEN,KENYA,flatfish,core,140,3730
2012,BHS,BAHAMAS,flatfish,core,589,2275
2012,ITA,ITALY,flatfish,core,72,2267
2012,PHL,PHILIPPINES,flatfish,core,408,2100
2012,CAN,CANADA,halibut,core,3712021,58753305
2012,CHN,CHINA,halibut,core,1127792,20408434
2012,MEX,MEXICO,halibut,core,728345,3197634
2012,NOR,NORWAY,halibut,core,156182,2277223
2012,KOR,SOUTH KOREA,halibut,core,28279,493004
2012,FRA,FRANCE,halibut,core,49845,478289
2012,ISL,ICELAND,halibut,core,57039,299708
2012,GBR,UNITED KINGDOM,halibut,core,10124,132065
2012,CHL,CHILE,halibut,core,4089,60378
2012,DNK,DENMARK,halibut,core,5526,42518
2012,ESP,SPAIN,halibut,core,1098,8854
2012,JPN,JAPAN,halibut,core,47,3294
2012,CAN,CANADA,herring,core,10994606,31811217
2012,DEU,GERMANY,herring,core,2071705,7806420
2012,CHN,CHINA,herring,core,708866,3078385
2012,NOR,NORWAY,herring,core,668812,1595483
2012,POL,POLAND,herring,core,406903,1483239
2012,PHL,PHILIPPINES,herring,core,331891,1316542
2012,BLR,BELARUS,herring,core,318148,1079561
2012,NLD,NETHERLANDS,herring,core,117892,695211
2012,GBR,UNITED KINGDOM,herring,core,137852,615817
2012,SWE,SWEDEN,herring,core,126791,499004
2012,VNM,VIETNAM,herring,core,185955,417399
2012,ISL,ICELAND,herring,core,60811,291207
2012,LTU,LITHUANIA,herring,core,64501,265757
2012,RUS,RUSSIAN FEDERATION,herring,core,104912,250817
2012,MEX,MEXICO,herring,core,173730,239618
2012,LVA,LATVIA,herring,core,75576,238368
2012,JPN,JAPAN,herring,core,11298,156875
2012,ECU,ECUADOR,herring,core,80851,138202
2012,UKR,UKRAINE,herring,core,46520,122795
2012,FIN,FINLAND,herring,core,12240,107715
2012,FRO,FAROE IS.,herring,core,44700,102810
2012,THA,THAILAND,herring,core,13241,98900
2012,PAN,PANAMA,herring,core,26048,84600
2012,IND,INDIA,herring,core,22325,47500
2012,GIN,GUINEA,herring,core,47550,46700
2012,IRL,IRELAND,herring,core,5985,44937
2012,PRT,PORTUGAL,herring,core,14700,43391
2012,KOR,SOUTH KOREA,herring,core,19618,37886
2012,ISR,ISRAEL,herring,core,5668,19498
2012,CMR,CAMEROON,herring,core,9944,12682
2012,GRC,GREECE,herring,core,1294,12315
2012,DNK,DENMARK,herring,core,1744,10616
2012,HKG,CHINA - HONG KONG,herring,core,1587,10124
2012,CIV,IVORY COAST,herring,core,10830,8860
2012,GHA,GHANA,herring,core,6638,8320
2012,SLE,SIERRA LEONE,herring,core,7600,4000
2012,SEN,SENEGAL,herring,core,1900,2560
2012,JAM,JAMAICA,herring,core,487,2400
2012,LKA,SRI LANKA,herring,core,1154,2225
2012,CAN,CANADA,inland_freshwater_other,extended,7138219,70850172
2012,RUS,RUSSIAN FEDERATION,inland_freshwater_other,extended,496298,6320731
2012,TUR,TURKEY,inland_freshwater_other,extended,317720,3878879
2012,POL,POLAND,inland_freshwater_other,extended,106633,1322358
2012,TZA,TANZANIA,inland_freshwater_other,extended,199842,1321664
2012,KAZ,KAZAKHSTAN,inland_freshwater_other,extended,89011,1320221
2012,UGA,UGANDA,inland_freshwater_other,extended,237576,1173495
2012,PER,PERU,inland_freshwater_other,extended,289908,796144
2012,UKR,UKRAINE,inland_freshwater_other,extended,45536,616335
2012,NLD,NETHERLANDS,inland_freshwater_other,extended,27842,539294
2012,CHN,CHINA,inland_freshwater_other,extended,70988,411551
2012,TWN,TAIWAN,inland_freshwater_other,extended,82529,272889
2012,EST,ESTONIA,inland_freshwater_other,extended,21779,270917
2012,CHL,CHILE,inland_freshwater_other,extended,87905,230976
2012,VNM,VIETNAM,inland_freshwater_other,extended,37332,161130
2012,KEN,KENYA,inland_freshwater_other,extended,33146,151497
2012,UZB,UZBEKISTAN,inland_freshwater_other,extended,17712,125543
2012,JPN,JAPAN,inland_freshwater_other,extended,21318,81043
2012,SGP,SINGAPORE,inland_freshwater_other,extended,21044,70151
2012,THA,THAILAND,inland_freshwater_other,extended,9500,45391
2012,KOR,SOUTH KOREA,inland_freshwater_other,extended,21576,43506
2012,ARG,ARGENTINA,inland_freshwater_other,extended,12620,38870
2012,PRT,PORTUGAL,inland_freshwater_other,extended,2932,21549
2012,HKG,CHINA - HONG KONG,inland_freshwater_other,extended,2260,10125
2012,FRO,FAROE IS.,inland_freshwater_other,extended,548,2815
2012,ECU,ECUADOR,large_pelagics_other,extended,7790184,73920251
2012,PER,PERU,large_pelagics_other,extended,7131004,72010264
2012,TWN,TAIWAN,large_pelagics_other,extended,3299266,36663819
2012,CRI,COSTA RICA,large_pelagics_other,extended,1257445,10704683
2012,PAN,PANAMA,large_pelagics_other,extended,1126050,9315128
2012,GTM,GUATEMALA,large_pelagics_other,extended,1636738,8232108
2012,VNM,VIETNAM,large_pelagics_other,extended,823311,6898370
2012,IDN,INDONESIA,large_pelagics_other,extended,343441,3323038
2012,SLV,EL SALVADOR,large_pelagics_other,extended,322841,2116842
2012,NIC,NICARAGUA,large_pelagics_other,extended,300515,1901671
2012,CHN,CHINA,large_pelagics_other,extended,270535,1748385
2012,LKA,SRI LANKA,large_pelagics_other,extended,135940,1321094
2012,MEX,MEXICO,large_pelagics_other,extended,446681,1261701
2012,CHL,CHILE,large_pelagics_other,extended,89695,1206814
2012,REU,REUNION,large_pelagics_other,extended,31954,300753
2012,JPN,JAPAN,large_pelagics_other,extended,35746,279367
2012,PHL,PHILIPPINES,large_pelagics_other,extended,24285,219692
2012,THA,THAILAND,large_pelagics_other,extended,26753,178060
2012,FJI,FIJI,large_pelagics_other,extended,43829,160561
2012,COL,COLOMBIA,large_pelagics_other,extended,21487,154044
2012,SUR,SURINAME,large_pelagics_other,extended,21288,140665
2012,PYF,FRENCH POLYNESIA,large_pelagics_other,extended,11020,93116
2012,DOM,DOMINICAN REPUBLIC,large_pelagics_other,extended,6113,78919
2012,BRA,BRAZIL,large_pelagics_other,extended,8461,72879
2012,ZAF,SOUTH AFRICA,large_pelagics_other,extended,9252,71874
2012,HND,HONDURAS,large_pelagics_other,extended,10047,63128
2012,MOZ,MOZAMBIQUE,large_pelagics_other,extended,6515,35052
2012,PAK,PAKISTAN,large_pelagics_other,extended,5372,29837
2012,IND,INDIA,large_pelagics_other,extended,3352,20281
2012,TTO,TRINIDAD & TOBAGO,large_pelagics_other,extended,2293,20090
2012,SGP,SINGAPORE,large_pelagics_other,extended,2268,18973
2012,MYS,MALAYSIA,large_pelagics_other,extended,9821,18966
2012,NZL,NEW ZEALAND,large_pelagics_other,extended,1500,18395
2012,CAN,CANADA,large_pelagics_other,extended,2566,18224
2012,AUS,AUSTRALIA,large_pelagics_other,extended,1163,9860
2012,BRB,BARBADOS,large_pelagics_other,extended,717,6320
2012,TON,TONGA,large_pelagics_other,extended,643,5319
2012,ITA,ITALY,large_pelagics_other,extended,49,4310
2012,GRC,GREECE,large_pelagics_other,extended,20,4264
2012,FRA,FRANCE,large_pelagics_other,extended,421,4202
2012,TUR,TURKEY,large_pelagics_other,extended,1005,4103
2012,CAN,CANADA,lobster,core,46803901,873363001
2012,HND,HONDURAS,lobster,core,1704353,48348985
2012,BHS,BAHAMAS,lobster,core,1801392,48219470
2012,BRA,BRAZIL,lobster,core,1481111,40034919
2012,NIC,NICARAGUA,lobster,core,1738068,33309345
2012,ZAF,SOUTH AFRICA,lobster,core,252315,14098452
2012,AUS,AUSTRALIA,lobster,core,204843,12396166
2012,BLZ,BELIZE,lobster,core,203987,6110493
2012,CHN,CHINA,lobster,core,609697,5697116
2012,DOM,DOMINICAN REPUBLIC,lobster,core,330898,4173479
2012,JAM,JAMAICA,lobster,core,111734,3331873
2012,COL,COLOMBIA,lobster,core,112267,3220510
2012,SHN,ST.HELENA,lobster,core,117945,2704835
2012,CHL,CHILE,lobster,core,102328,1659794
2012,TCA,TURKS & CAICOS IS.,lobster,core,55470,1497520
2012,PNG,PAPUA NEW GUINEA,lobster,core,33089,1483340
2012,MEX,MEXICO,lobster,core,38178,1300167
2012,NZL,NEW ZEALAND,lobster,core,35267,1223965
2012,THA,THAILAND,lobster,core,80601,1216967
2012,PAN,PANAMA,lobster,core,103707,1112454
2012,ECU,ECUADOR,lobster,core,45943,737917
2012,ESP,SPAIN,lobster,core,193092,706690
2012,ARE,UNITED ARAB EMIRATES,lobster,core,28620,659433
2012,JPN,JAPAN,lobster,core,25748,605030
2012,CRI,COSTA RICA,lobster,core,17417,530370
2012,LKA,SRI LANKA,lobster,core,68236,459733
2012,VNM,VIETNAM,lobster,core,9892,209082
2012,TWN,TAIWAN,lobster,core,7041,132100
2012,HTI,HAITI,lobster,core,11881,117567
2012,SGP,SINGAPORE,lobster,core,16490,106700
2012,IDN,INDONESIA,lobster,core,3824,65994
2012,ISL,ICELAND,lobster,core,2379,57061
2012,MOZ,MOZAMBIQUE,lobster,core,4402,44440
2012,TTO,TRINIDAD & TOBAGO,lobster,core,2530,33647
2012,NAM,NAMIBIA,lobster,core,227,19125
2012,GBR,UNITED KINGDOM,lobster,core,1530,19067
2012,ITA,ITALY,lobster,core,392,17733
2012,TUR,TURKEY,lobster,core,1440,17274
2012,FRA,FRANCE,lobster,core,199,15788
2012,NGA,NIGERIA,lobster,core,294,5340
2012,MYS,MALAYSIA,lobster,core,1000,4850
2012,PRT,PORTUGAL,lobster,core,500,2660
2012,NLD,NETHERLANDS,lobster,core,100,2405
2012,IRL,IRELAND,lobster,core,300,2181
2012,CHN,CHINA,mackerel,core,5808025,14161496
2012,THA,THAILAND,mackerel,core,4192795,14061961
2012,NOR,NORWAY,mackerel,core,2808059,7955345
2012,JPN,JAPAN,mackerel,core,1171669,6191019
2012,VNM,VIETNAM,mackerel,core,1291898,5010616
2012,KOR,SOUTH KOREA,mackerel,core,1045406,4971829
2012,PHL,PHILIPPINES,mackerel,core,873069,3684604
2012,CAN,CANADA,mackerel,core,810685,3476475
2012,ECU,ECUADOR,mackerel,core,367705,1785517
2012,TWN,TAIWAN,mackerel,core,703971,1778842
2012,MEX,MEXICO,mackerel,core,485897,1029559
2012,IND,INDIA,mackerel,core,277512,1012181
2012,NZL,NEW ZEALAND,mackerel,core,124847,975116
2012,BRA,BRAZIL,mackerel,core,195691,938355
2012,PAN,PANAMA,mackerel,core,102649,807639
2012,PER,PERU,mackerel,core,246644,628047
2012,GRC,GREECE,mackerel,core,66262,618133
2012,PRT,PORTUGAL,mackerel,core,115051,584411
2012,GBR,UNITED KINGDOM,mackerel,core,117135,567232
2012,ISL,ICELAND,mackerel,core,145179,487195
2012,CHL,CHILE,mackerel,core,117386,364663
2012,COL,COLOMBIA,mackerel,core,49609,358620
2012,FJI,FIJI,mackerel,core,99322,275049
2012,MYS,MALAYSIA,mackerel,core,87643,246144
2012,DNK,DENMARK,mackerel,core,67480,235292
2012,MAR,MOROCCO,mackerel,core,32939,223095
2012,POL,POLAND,mackerel,core,70876,220343
2012,FRO,FAROE IS.,mackerel,core,43802,190950
2012,SUR,SURINAME,mackerel,core,26786,183542
2012,SVN,SLOVENIA,mackerel,core,24473,167577
2012,CRI,COSTA RICA,mackerel,core,21016,137381
2012,SWE,SWEDEN,mackerel,core,47000,122310
2012,DEU,GERMANY,mackerel,core,20381,111293
2012,PYF,FRENCH POLYNESIA,mackerel,core,14309,99920
2012,HRV,CROATIA,mackerel,core,11819,97367
2012,NIC,NICARAGUA,mackerel,core,19450,76858
2012,ARG,ARGENTINA,mackerel,core,49896,70050
2012,LVA,LATVIA,mackerel,core,17490,63925
2012,GTM,GUATEMALA,mackerel,core,11039,31844
2012,ARE,UNITED ARAB EMIRATES,mackerel,core,13180,30817
2012,ITA,ITALY,mackerel,core,1753,27848
2012,IDN,INDONESIA,mackerel,core,3397,26487
2012,NLD,NETHERLANDS,mackerel,core,10002,25443
2012,ESP,SPAIN,mackerel,core,2555,24350
2012,RUS,RUSSIAN FEDERATION,mackerel,core,7150,23654
2012,LTU,LITHUANIA,mackerel,core,3971,18809
2012,HKG,CHINA - HONG KONG,mackerel,core,4338,16844
2012,GUY,GUYANA,mackerel,core,1940,16500
2012,TON,TONGA,mackerel,core,1448,16200
2012,CYP,CYPRUS,mackerel,core,1900,15123
2012,MDV,MALDIVE IS.,mackerel,core,1169,11464
2012,BHS,BAHAMAS,mackerel,core,726,3200
2012,CPV,CAPE VERDE,mackerel,core,530,3017
2012,COK,COOK IS.,mackerel,core,491,2159
2012,NZL,NEW ZEALAND,mussels,core,10978804,46527557
2012,CAN,CANADA,mussels,core,15806299,41585252
2012,CHL,CHILE,mussels,core,6978205,17243981
2012,CHN,CHINA,mussels,core,245350,1323418
2012,MEX,MEXICO,mussels,core,101770,374580
2012,ESP,SPAIN,mussels,core,42383,314344
2012,ITA,ITALY,mussels,core,29605,244575
2012,DNK,DENMARK,mussels,core,46049,169165
2012,THA,THAILAND,mussels,core,22597,168073
2012,KOR,SOUTH KOREA,mussels,core,19670,102444
2012,BEL,BELGIUM,mussels,core,3773,36553
2012,HKG,CHINA - HONG KONG,mussels,core,1637,17374
2012,ARE,UNITED ARAB EMIRATES,mussels,core,3600,14190
2012,ECU,ECUADOR,mussels,core,1645,8161
2012,PRT,PORTUGAL,mussels,core,1279,6879
2012,AUS,AUSTRALIA,mussels,core,50,2950
2012,CMR,CAMEROON,mussels,core,551,2732
2012,CHN,CHINA,other_groundfish,core,19716581,102657632
2012,CAN,CANADA,other_groundfish,core,18495624,57181522
2012,ISL,ICELAND,other_groundfish,core,4865825,44160633
2012,NOR,NORWAY,other_groundfish,core,11569942,37161662
2012,NZL,NEW ZEALAND,other_groundfish,core,1698712,16029329
2012,RUS,RUSSIAN FEDERATION,other_groundfish,core,1460231,9778851
2012,ARG,ARGENTINA,other_groundfish,core,2938531,9741351
2012,NAM,NAMIBIA,other_groundfish,core,864611,5393357
2012,ZAF,SOUTH AFRICA,other_groundfish,core,566122,3007476
2012,PER,PERU,other_groundfish,core,507471,1280247
2012,BGD,BANGLADESH,other_groundfish,core,284936,1256424
2012,CHL,CHILE,other_groundfish,core,219803,1028432
2012,SGP,SINGAPORE,other_groundfish,core,177276,681782
2012,URY,URUGUAY,other_groundfish,core,254286,658090
2012,THA,THAILAND,other_groundfish,core,69050,517207
2012,TWN,TAIWAN,other_groundfish,core,111962,405462
2012,DNK,DENMARK,other_groundfish,core,89041,341105
2012,JPN,JAPAN,other_groundfish,core,45404,324321
2012,TUR,TURKEY,other_groundfish,core,15825,174840
2012,VNM,VIETNAM,other_groundfish,core,14207,121524
2012,PRT,PORTUGAL,other_groundfish,core,23812,118424
2012,IDN,INDONESIA,other_groundfish,core,19028,105129
2012,PAK,PAKISTAN,other_groundfish,core,21000,99650
2012,TTO,TRINIDAD & TOBAGO,other_groundfish,core,11872,90441
2012,IND,INDIA,other_groundfish,core,46200,66610
2012,BRA,BRAZIL,other_groundfish,core,9112,59368
2012,KOR,SOUTH KOREA,other_groundfish,core,14801,52498
2012,FRA,FRANCE,other_groundfish,core,3764,47087
2012,FJI,FIJI,other_groundfish,core,7018,34069
2012,MEX,MEXICO,other_groundfish,core,17997,33924
2012,ECU,ECUADOR,other_groundfish,core,5821,17677
2012,SLV,EL SALVADOR,other_groundfish,core,1693,13362
2012,ESP,SPAIN,other_groundfish,core,996,11787
2012,NIC,NICARAGUA,other_groundfish,core,1642,11617
2012,HKG,CHINA - HONG KONG,other_groundfish,core,2456,8256
2012,FRO,FAROE IS.,other_groundfish,core,798,8184
2012,SUR,SURINAME,other_groundfish,core,1179,6748
2012,COL,COLOMBIA,other_groundfish,core,582,5106
2012,PAN,PANAMA,other_groundfish,core,789,3611
2012,GUY,GUYANA,other_groundfish,core,662,3431
2012,HND,HONDURAS,other_groundfish,core,279,2535
2012,CHN,CHINA,other_shellfish_specialty,extended,3813371,16161377
2012,MEX,MEXICO,other_shellfish_specialty,extended,364310,7632133
2012,VNM,VIETNAM,other_shellfish_specialty,extended,1401599,6476800
2012,AUS,AUSTRALIA,other_shellfish_specialty,extended,94716,3088952
2012,FRA,FRANCE,other_shellfish_specialty,extended,303658,2058231
2012,MYS,MALAYSIA,other_shellfish_specialty,extended,554185,2013807
2012,NIC,NICARAGUA,other_shellfish_specialty,extended,152044,1837477
2012,CHL,CHILE,other_shellfish_specialty,extended,73116,1609200
2012,BLZ,BELIZE,other_shellfish_specialty,extended,118730,1478698
2012,IDN,INDONESIA,other_shellfish_specialty,extended,344936,1291856
2012,HKG,CHINA - HONG KONG,other_shellfish_specialty,extended,39486,1040911
2012,NZL,NEW ZEALAND,other_shellfish_specialty,extended,38615,679384
2012,TWN,TAIWAN,other_shellfish_specialty,extended,9755,552377
2012,CAN,CANADA,other_shellfish_specialty,extended,95175,443886
2012,TCA,TURKS & CAICOS IS.,other_shellfish_specialty,extended,45588,420000
2012,THA,THAILAND,other_shellfish_specialty,extended,65484,263447
2012,KOR,SOUTH KOREA,other_shellfish_specialty,extended,27637,221342
2012,JPN,JAPAN,other_shellfish_specialty,extended,10960,165519
2012,BHS,BAHAMAS,other_shellfish_specialty,extended,12270,164363
2012,HND,HONDURAS,other_shellfish_specialty,extended,13381,162250
2012,SGP,SINGAPORE,other_shellfish_specialty,extended,1469,113040
2012,ZAF,SOUTH AFRICA,other_shellfish_specialty,extended,4296,91640
2012,KNA,ST.KITTS-NEVIS,other_shellfish_specialty,extended,9266,63893
2012,PAN,PANAMA,other_shellfish_specialty,extended,4763,63000
2012,ISL,ICELAND,other_shellfish_specialty,extended,20398,56095
2012,ITA,ITALY,other_shellfish_specialty,extended,3269,27970
2012,PER,PERU,other_shellfish_specialty,extended,1235,27788
2012,PRT,PORTUGAL,other_shellfish_specialty,extended,1884,9921
2012,CIV,IVORY COAST,other_shellfish_specialty,extended,702,8500
2012,ESP,SPAIN,other_shellfish_specialty,extended,443,7776
2012,TUR,TURKEY,other_shellfish_specialty,extended,286,3283
2012,NGA,NIGERIA,other_shellfish_specialty,extended,3700,2300
2012,CHN,CHINA,oysters,core,3873493,24814733
2012,CAN,CANADA,oysters,core,2617605,16177943
2012,KOR,SOUTH KOREA,oysters,core,952259,5838566
2012,MEX,MEXICO,oysters,core,1138759,3566443
2012,JPN,JAPAN,oysters,core,141152,1335757
2012,THA,THAILAND,oysters,core,79545,311507
2012,NZL,NEW ZEALAND,oysters,core,47640,290450
2012,ITA,ITALY,oysters,core,17280,241746
2012,HKG,CHINA - HONG KONG,oysters,core,51667,228130
2012,IND,INDIA,oysters,core,35861,79060
2012,MYS,MALAYSIA,oysters,core,2594,29350
2012,NLD,NETHERLANDS,oysters,core,1969,7409
2012,VNM,VIETNAM,pangasius_basa_swai,extended,103217726,340495011
2012,CHN,CHINA,pangasius_basa_swai,extended,637270,3597214
2012,THA,THAILAND,pangasius_basa_swai,extended,53928,187180
2012,KHM,CAMBODIA,pangasius_basa_swai,extended,48383,139961
2012,CAN,CANADA,pangasius_basa_swai,extended,13111,41912
2012,MEX,MEXICO,pangasius_basa_swai,extended,796,5117
2012,ESP,SPAIN,pangasius_basa_swai,extended,905,3227
2012,CHN,CHINA,pollock,core,53273617,140099822
2012,CAN,CANADA,pollock,core,1608057,5664725
2012,VNM,VIETNAM,pollock,core,1613271,4118614
2012,ISL,ICELAND,pollock,core,667950,3660777
2012,KOR,SOUTH KOREA,pollock,core,684736,2221770
2012,RUS,RUSSIAN FEDERATION,pollock,core,230733,820908
2012,ESP,SPAIN,pollock,core,44461,458453
2012,NAM,NAMIBIA,pollock,core,30703,233438
2012,FRO,FAROE IS.,pollock,core,35924,198816
2012,PRT,PORTUGAL,pollock,core,14551,126295
2012,ARG,ARGENTINA,pollock,core,30699,105524
2012,THA,THAILAND,pollock,core,28000,88600
2012,HKG,CHINA - HONG KONG,pollock,core,15160,61862
2012,DNK,DENMARK,pollock,core,27385,58131
2012,JPN,JAPAN,pollock,core,4880,33598
2012,FRA,FRANCE,pollock,core,1908,16598
2012,PHL,PHILIPPINES,pollock,core,5523,14674
2012,ARE,UNITED ARAB EMIRATES,pollock,core,3155,9530
2012,TUR,TURKEY,pollock,core,385,7280
2012,GBR,UNITED KINGDOM,pollock,core,178,6056
2012,NLD,NETHERLANDS,pollock,core,180,2834
2012,NOR,NORWAY,pollock,core,90,2280
2012,GRC,GREECE,reef_fish_other,extended,2216482,19766791
2012,ESP,SPAIN,reef_fish_other,extended,232377,2724807
2012,TUR,TURKEY,reef_fish_other,extended,214298,1759323
2012,PAN,PANAMA,reef_fish_other,extended,216614,1446056
2012,CYP,CYPRUS,reef_fish_other,extended,142629,1318508
2012,TWN,TAIWAN,reef_fish_other,extended,238688,1039532
2012,CAN,CANADA,reef_fish_other,extended,415010,979803
2012,COL,COLOMBIA,reef_fish_other,extended,110879,878070
2012,JPN,JAPAN,reef_fish_other,extended,53714,722732
2012,TTO,TRINIDAD & TOBAGO,reef_fish_other,extended,81663,698485
2012,CHN,CHINA,reef_fish_other,extended,148876,455099
2012,GTM,GUATEMALA,reef_fish_other,extended,36093,240152
2012,MUS,MAURITIUS,reef_fish_other,extended,21435,180704
2012,SLV,EL SALVADOR,reef_fish_other,extended,26385,179956
2012,TUN,TUNISIA,reef_fish_other,extended,18530,116773
2012,MEX,MEXICO,reef_fish_other,extended,16879,106226
2012,ITA,ITALY,reef_fish_other,extended,6191,83483
2012,NOR,NORWAY,reef_fish_other,extended,5088,74454
2012,ECU,ECUADOR,reef_fish_other,extended,11995,69851
2012,NZL,NEW ZEALAND,reef_fish_other,extended,9612,61944
2012,VNM,VIETNAM,reef_fish_other,extended,4110,53602
2012,NLD,NETHERLANDS,reef_fish_other,extended,1734,47839
2012,GBR,UNITED KINGDOM,reef_fish_other,extended,2285,33640
2012,PRT,PORTUGAL,reef_fish_other,extended,904,23854
2012,TKL,TOKELAU IS.,reef_fish_other,extended,2600,21477
2012,FRA,FRANCE,reef_fish_other,extended,1471,18294
2012,PHL,PHILIPPINES,reef_fish_other,extended,4650,10538
2012,CHL,CHILE,reef_fish_other,extended,367,6239
2012,BRA,BRAZIL,reef_fish_other,extended,400,4320
2012,ISL,ICELAND,reef_fish_other,extended,350,3870
2012,KOR,SOUTH KOREA,reef_fish_other,extended,87,2676
2012,MRT,MAURITANIA,reef_fish_other,extended,300,2565
2012,SUR,SURINAME,reef_fish_other,extended,441,2256
2012,CRI,COSTA RICA,reef_fish_other,extended,248,2188
2012,CAN,CANADA,sablefish,core,689673,1988459
2012,MEX,MEXICO,sablefish,core,1784,8878
2012,CHL,CHILE,salmon,core,98150320,801755598
2012,CAN,CANADA,salmon,core,94894448,569640348
2012,CHN,CHINA,salmon,core,33011682,212716111
2012,NOR,NORWAY,salmon,core,16002922,154924599
2012,GBR,UNITED KINGDOM,salmon,core,14363382,95268210
2012,FRO,FAROE IS.,salmon,core,12226773,70104630
2012,NLD,NETHERLANDS,salmon,core,1745599,33222382
2012,THA,THAILAND,salmon,core,4463669,31998851
2012,ISL,ICELAND,salmon,core,1836710,16454913
2012,POL,POLAND,salmon,core,643938,8727997
2012,FRA,FRANCE,salmon,core,531816,8207776
2012,NZL,NEW ZEALAND,salmon,core,828015,6507874
2012,RUS,RUSSIAN FEDERATION,salmon,core,697397,5687107
2012,DNK,DENMARK,salmon,core,297149,4875089
2012,IRL,IRELAND,salmon,core,387820,4720464
2012,IDN,INDONESIA,salmon,core,153795,2483743
2012,SWE,SWEDEN,salmon,core,68032,1284361
2012,DEU,GERMANY,salmon,core,77429,955515
2012,VNM,VIETNAM,salmon,core,185185,772014
2012,JPN,JAPAN,salmon,core,72192,710635
2012,ISR,ISRAEL,salmon,core,21019,186307
2012,MEX,MEXICO,salmon,core,32782,166126
2012,PRT,PORTUGAL,salmon,core,32553,121391
2012,KOR,SOUTH KOREA,salmon,core,23816,97831
2012,PHL,PHILIPPINES,salmon,core,2635,75777
2012,ECU,ECUADOR,salmon,core,6041,54255
2012,CHE,SWITZERLAND,salmon,core,460,49695
2012,CRI,COSTA RICA,salmon,core,4770,37886
2012,URY,URUGUAY,salmon,core,17452,29668
2012,ARE,UNITED ARAB EMIRATES,salmon,core,1632,28016
2012,GRC,GREECE,salmon,core,3996,26348
2012,LTU,LITHUANIA,salmon,core,1400,16390
2012,TWN,TAIWAN,salmon,core,1359,13576
2012,COL,COLOMBIA,salmon,core,1834,13368
2012,BRA,BRAZIL,salmon,core,2231,13327
2012,UKR,UKRAINE,salmon,core,2974,9704
2012,ESP,SPAIN,salmon,core,540,7392
2012,LVA,LATVIA,salmon,core,213,3574
2012,FIN,FINLAND,salmon,core,108,2238
2012,JPN,JAPAN,scallops,core,3853246,83558979
2012,CAN,CANADA,scallops,core,2794865,63436771
2012,CHN,CHINA,scallops,core,4452411,34169123
2012,PER,PERU,scallops,core,1108519,16644486
2012,ARG,ARGENTINA,scallops,core,1845966,15524312
2012,PHL,PHILIPPINES,scallops,core,750459,3370218
2012,MEX,MEXICO,scallops,core,398581,2382992
2012,CHL,CHILE,scallops,core,110041,1823390
2012,FRA,FRANCE,scallops,core,224093,1664309
2012,HKG,CHINA - HONG KONG,scallops,core,34058,899342
2012,VNM,VIETNAM,scallops,core,36372,785228
2012,RUS,RUSSIAN FEDERATION,scallops,core,20000,430000
2012,ESP,SPAIN,scallops,core,746,19585
2012,ITA,ITALY,scallops,core,1632,13929
2012,GBR,UNITED KINGDOM,scallops,core,200,10569
2012,TWN,TAIWAN,scallops,core,1040,6760
2012,MEX,MEXICO,sea_cucumber_urchin_other_inverts,extended,1106332,19230354
2012,CAN,CANADA,sea_cucumber_urchin_other_inverts,extended,4929452,9163441
2012,HTI,HAITI,sea_cucumber_urchin_other_inverts,extended,51366,738113
2012,HND,HONDURAS,sea_cucumber_urchin_other_inverts,extended,56528,573040
2012,GRC,GREECE,sea_cucumber_urchin_other_inverts,extended,39865,537091
2012,BLZ,BELIZE,sea_cucumber_urchin_other_inverts,extended,10474,404550
2012,JPN,JAPAN,sea_cucumber_urchin_other_inverts,extended,20163,310456
2012,CHL,CHILE,sea_cucumber_urchin_other_inverts,extended,8771,250552
2012,TWN,TAIWAN,sea_cucumber_urchin_other_inverts,extended,12902,134500
2012,KOR,SOUTH KOREA,sea_cucumber_urchin_other_inverts,extended,9009,128623
2012,EGY,EGYPT,sea_cucumber_urchin_other_inverts,extended,5104,89953
2012,DOM,DOMINICAN REPUBLIC,sea_cucumber_urchin_other_inverts,extended,7712,87786
2012,HKG,CHINA - HONG KONG,sea_cucumber_urchin_other_inverts,extended,1244,75860
2012,PHL,PHILIPPINES,sea_cucumber_urchin_other_inverts,extended,1000,58000
2012,CHN,CHINA,sea_cucumber_urchin_other_inverts,extended,2422,53771
2012,NOR,NORWAY,sea_cucumber_urchin_other_inverts,extended,10000,19140
2012,MAR,MOROCCO,sea_cucumber_urchin_other_inverts,extended,340,17570
2012,LKA,SRI LANKA,sea_cucumber_urchin_other_inverts,extended,1500,15000
2012,ESP,SPAIN,sea_cucumber_urchin_other_inverts,extended,261,8930
2012,BHS,BAHAMAS,sea_cucumber_urchin_other_inverts,extended,717,7907
2012,PER,PERU,sea_cucumber_urchin_other_inverts,extended,1275,7447
2012,ISL,ICELAND,sea_cucumber_urchin_other_inverts,extended,253,6889
2012,SGP,SINGAPORE,sea_cucumber_urchin_other_inverts,extended,49,6668
2012,NZL,NEW ZEALAND,sharks_rays_skates,extended,26952,605845
2012,HKG,CHINA - HONG KONG,sharks_rays_skates,extended,53242,260695
2012,CAN,CANADA,sharks_rays_skates,extended,82347,151053
2012,CHN,CHINA,sharks_rays_skates,extended,15510,130694
2012,BRA,BRAZIL,sharks_rays_skates,extended,14263,75927
2012,MEX,MEXICO,sharks_rays_skates,extended,25141,43411
2012,ESP,SPAIN,sharks_rays_skates,extended,2205,39454
2012,GUY,GUYANA,sharks_rays_skates,extended,26076,24425
2012,CRI,COSTA RICA,sharks_rays_skates,extended,6260,21593
2012,IND,INDIA,sharks_rays_skates,extended,907,4000
2012,THA,THAILAND,shrimp,core,135935872,1201957120
2012,IDN,INDONESIA,shrimp,core,74063645,658731112
2012,IND,INDIA,shrimp,core,66011225,575040815
2012,ECU,ECUADOR,shrimp,core,81502612,559904774
2012,VNM,VIETNAM,shrimp,core,41158344,448083043
2012,MEX,MEXICO,shrimp,core,26292005,256149553
2012,CHN,CHINA,shrimp,core,35663646,228413612
2012,MYS,MALAYSIA,shrimp,core,23475092,171001209
2012,PER,PERU,shrimp,core,8383210,61561773
2012,HND,HONDURAS,shrimp,core,9109435,57727999
2012,GUY,GUYANA,shrimp,core,8978896,41147281
2012,BGD,BANGLADESH,shrimp,core,2698611,38623139
2012,NIC,NICARAGUA,shrimp,core,4677081,31037108
2012,PAN,PANAMA,shrimp,core,3185102,27627368
2012,CAN,CANADA,shrimp,core,2140057,26227604
2012,GTM,GUATEMALA,shrimp,core,2612548,19851758
2012,VEN,VENEZUELA,shrimp,core,2634731,12342113
2012,ARG,ARGENTINA,shrimp,core,684784,6420430
2012,PHL,PHILIPPINES,shrimp,core,1240935,5789345
2012,ARE,UNITED ARAB EMIRATES,shrimp,core,954926,5774451
2012,PAK,PAKISTAN,shrimp,core,175545,3868060
2012,SUR,SURINAME,shrimp,core,661902,3523970
2012,COL,COLOMBIA,shrimp,core,559153,3279861
2012,NGA,NIGERIA,shrimp,core,110279,3028062
2012,BLZ,BELIZE,shrimp,core,461235,2973360
2012,SAU,SAUDI ARABIA,shrimp,core,333954,2895229
2012,TWN,TAIWAN,shrimp,core,300494,2553516
2012,CRI,COSTA RICA,shrimp,core,82198,1185936
2012,LKA,SRI LANKA,shrimp,core,143187,1139269
2012,MDG,MADAGASCAR,shrimp,core,47189,894857
2012,NCL,NEW CALEDONIA,shrimp,core,52552,705699
2012,HKG,CHINA - HONG KONG,shrimp,core,62231,666894
2012,KOR,SOUTH KOREA,shrimp,core,94458,477762
2012,SLV,EL SALVADOR,shrimp,core,50598,443032
2012,DNK,DENMARK,shrimp,core,70701,390396
2012,DEU,GERMANY,shrimp,core,47844,263562
2012,NOR,NORWAY,shrimp,core,14743,243864
2012,MCO,MONACO,shrimp,core,11366,224001
2012,CHL,CHILE,shrimp,core,18145,194800
2012,SGP,SINGAPORE,shrimp,core,19060,176903
2012,TCA,TURKS & CAICOS IS.,shrimp,core,18770,151997
2012,ESP,SPAIN,shrimp,core,5569,120570
2012,TUN,TUNISIA,shrimp,core,13608,117150
2012,GRL,GREENLAND,shrimp,core,3699,102145
2012,ITA,ITALY,shrimp,core,6971,73693
2012,MOZ,MOZAMBIQUE,shrimp,core,3700,66242
2012,JPN,JAPAN,shrimp,core,9421,63572
2012,PRT,PORTUGAL,shrimp,core,11504,62509
2012,GBR,UNITED KINGDOM,shrimp,core,2688,40704
2012,CIV,IVORY COAST,shrimp,core,752,13180
2012,ISL,ICELAND,shrimp,core,486,11249
2012,FRA,FRANCE,shrimp,core,326,8278
2012,GRC,GREECE,shrimp,core,786,7632
2012,RUS,RUSSIAN FEDERATION,shrimp,core,136,4821
2012,TTO,TRINIDAD & TOBAGO,shrimp,core,1211,4133
2012,MAR,MOROCCO,small_pelagics_other,extended,5516893,38882966
2012,POL,POLAND,small_pelagics_other,extended,4246431,23958163
2012,THA,THAILAND,small_pelagics_other,extended,6574402,21382853
2012,CAN,CANADA,small_pelagics_other,extended,9110635,19968833
2012,ECU,ECUADOR,small_pelagics_other,extended,5069556,10145665
2012,ITA,ITALY,small_pelagics_other,extended,701899,5766361
2012,ESP,SPAIN,small_pelagics_other,extended,776662,5488985
2012,CHN,CHINA,small_pelagics_other,extended,2172448,4442367
2012,VNM,VIETNAM,small_pelagics_other,extended,725172,4354201
2012,PRT,PORTUGAL,small_pelagics_other,extended,1044378,4198164
2012,PER,PERU,small_pelagics_other,extended,735897,3686426
2012,KOR,SOUTH KOREA,small_pelagics_other,extended,455821,3664162
2012,PHL,PHILIPPINES,small_pelagics_other,extended,1789740,3550890
2012,CHL,CHILE,small_pelagics_other,extended,407134,3028278
2012,ARG,ARGENTINA,small_pelagics_other,extended,683370,2024054
2012,GBR,UNITED KINGDOM,small_pelagics_other,extended,316823,1675149
2012,LVA,LATVIA,small_pelagics_other,extended,430231,1477207
2012,MEX,MEXICO,small_pelagics_other,extended,1556578,1425750
2012,JPN,JAPAN,small_pelagics_other,extended,210358,805953
2012,GUY,GUYANA,small_pelagics_other,extended,161828,481032
2012,ISL,ICELAND,small_pelagics_other,extended,334684,364128
2012,TUR,TURKEY,small_pelagics_other,extended,51554,356372
2012,NOR,NORWAY,small_pelagics_other,extended,258609,347566
2012,HRV,CROATIA,small_pelagics_other,extended,36477,216875
2012,IND,INDIA,small_pelagics_other,extended,87680,149142
2012,NLD,NETHERLANDS,small_pelagics_other,extended,13834,135946
2012,FRA,FRANCE,small_pelagics_other,extended,38447,117553
2012,ZAF,SOUTH AFRICA,small_pelagics_other,extended,17167,110443
2012,MYS,MALAYSIA,small_pelagics_other,extended,21782,98969
2012,SVN,SLOVENIA,small_pelagics_other,extended,15840,98611
2012,HKG,CHINA - HONG KONG,small_pelagics_other,extended,21875,92378
2012,SWE,SWEDEN,small_pelagics_other,extended,24011,79322
2012,UKR,UKRAINE,small_pelagics_other,extended,21022,53353
2012,TWN,TAIWAN,small_pelagics_other,extended,13153,52936
2012,GRC,GREECE,small_pelagics_other,extended,5368,37413
2012,RUS,RUSSIAN FEDERATION,small_pelagics_other,extended,9452,30161
2012,LTU,LITHUANIA,small_pelagics_other,extended,4528,23394
2012,DEU,GERMANY,small_pelagics_other,extended,3413,19992
2012,SEN,SENEGAL,small_pelagics_other,extended,22000,16544
2012,CRI,COSTA RICA,small_pelagics_other,extended,8108,15138
2012,SUR,SURINAME,small_pelagics_other,extended,2400,10440
2012,NIC,NICARAGUA,small_pelagics_other,extended,1878,3104
2012,BEL,BELGIUM,small_pelagics_other,extended,122,2087
2012,MEX,MEXICO,snapper_grouper,core,7692174,49984994
2012,BRA,BRAZIL,snapper_grouper,core,2982790,16481060
2012,NIC,NICARAGUA,snapper_grouper,core,2240687,14048235
2012,PAN,PANAMA,snapper_grouper,core,1809675,12995669
2012,SUR,SURINAME,snapper_grouper,core,1140915,6743082
2012,IDN,INDONESIA,snapper_grouper,core,814467,6063217
2012,NZL,NEW ZEALAND,snapper_grouper,core,543762,4214375
2012,CRI,COSTA RICA,snapper_grouper,core,636623,4183350
2012,HND,HONDURAS,snapper_grouper,core,525047,3208690
2012,GUY,GUYANA,snapper_grouper,core,673296,2824584
2012,TTO,TRINIDAD & TOBAGO,snapper_grouper,core,387871,2334484
2012,CHN,CHINA,snapper_grouper,core,117125,742476
2012,TON,TONGA,snapper_grouper,core,62349,678317
2012,BHS,BAHAMAS,snapper_grouper,core,76211,546293
2012,SLV,EL SALVADOR,snapper_grouper,core,74327,544441
2012,THA,THAILAND,snapper_grouper,core,77121,541192
2012,IND,INDIA,snapper_grouper,core,131740,472483
2012,ECU,ECUADOR,snapper_grouper,core,57072,420205
2012,LKA,SRI LANKA,snapper_grouper,core,42150,343554
2012,VNM,VIETNAM,snapper_grouper,core,54102,334918
2012,GTM,GUATEMALA,snapper_grouper,core,42224,228835
2012,OMN,OMAN,snapper_grouper,core,7425,69734
2012,SYC,SEYCHELLES,snapper_grouper,core,3053,25179
2012,CAN,CANADA,snapper_grouper,core,15665,21335
2012,PHL,PHILIPPINES,snapper_grouper,core,650,15600
2012,TWN,TAIWAN,snapper_grouper,core,783,14705
2012,ISL,ICELAND,snapper_grouper,core,1758,13889
2012,KOR,SOUTH KOREA,snapper_grouper,core,1920,13300
2012,ARE,UNITED ARAB EMIRATES,snapper_grouper,core,3180,13187
2012,MDV,MALDIVE IS.,snapper_grouper,core,1065,10891
2012,BLZ,BELIZE,snapper_grouper,core,1467,10738
2012,COL,COLOMBIA,snapper_grouper,core,1276,8375
2012,GRC,GREECE,snapper_grouper,core,1297,7764
2012,JPN,JAPAN,snapper_grouper,core,2496,6652
2012,MHL,MARSHALL IS.,snapper_grouper,core,937,6504
2012,DOM,DOMINICAN REPUBLIC,snapper_grouper,core,997,6367
2012,PER,PERU,snapper_grouper,core,1527,6122
2012,VEN,VENEZUELA,snapper_grouper,core,1247,5500
2012,CHL,CHILE,snapper_grouper,core,547,4051
2012,MCO,MONACO,snapper_grouper,core,560,3211
2012,FJI,FIJI,snapper_grouper,core,203,2240
2012,GRD,GRENADA,snapper_grouper,core,202,2100
2012,CHN,CHINA,squid_octopus,core,40966051,183608324
2012,THA,THAILAND,squid_octopus,core,5573799,35637614
2012,IND,INDIA,squid_octopus,core,7904456,33750709
2012,ESP,SPAIN,squid_octopus,core,3456056,25949932
2012,IDN,INDONESIA,squid_octopus,core,3002203,19184686
2012,PHL,PHILIPPINES,squid_octopus,core,4078039,18789001
2012,TWN,TAIWAN,squid_octopus,core,3537127,17177383
2012,JPN,JAPAN,squid_octopus,core,1172045,15500146
2012,KOR,SOUTH KOREA,squid_octopus,core,3685051,14270967
2012,PER,PERU,squid_octopus,core,3810596,13595616
2012,ARG,ARGENTINA,squid_octopus,core,4941122,11986846
2012,VNM,VIETNAM,squid_octopus,core,1630394,9558112
2012,PRT,PORTUGAL,squid_octopus,core,728284,5671188
2012,MEX,MEXICO,squid_octopus,core,1930589,5587579
2012,FLK,FALKLAND IS.,squid_octopus,core,1890163,3895137
2012,NZL,NEW ZEALAND,squid_octopus,core,849848,3657835
2012,CHL,CHILE,squid_octopus,core,1104254,3112317
2012,MYS,MALAYSIA,squid_octopus,core,210884,1095397
2012,URY,URUGUAY,squid_octopus,core,367255,951496
2012,LKA,SRI LANKA,squid_octopus,core,208994,938572
2012,MAR,MOROCCO,squid_octopus,core,74609,845034
2012,HKG,CHINA - HONG KONG,squid_octopus,core,63399,694835
2012,TZA,TANZANIA,squid_octopus,core,64340,619641
2012,TUN,TUNISIA,squid_octopus,core,21133,277624
2012,CAN,CANADA,squid_octopus,core,18176,215642
2012,NLD,NETHERLANDS,squid_octopus,core,43900,164853
2012,ITA,ITALY,squid_octopus,core,11835,137309
2012,SEN,SENEGAL,squid_octopus,core,24299,118280
2012,ECU,ECUADOR,squid_octopus,core,29408,84587
2012,FRA,FRANCE,squid_octopus,core,12120,70889
2012,BHR,BAHRAIN,squid_octopus,core,12973,67446
2012,TUR,TURKEY,squid_octopus,core,5920,65016
2012,GRC,GREECE,squid_octopus,core,12830,62870
2012,BEL,BELGIUM,squid_octopus,core,6863,48404
2012,AUS,AUSTRALIA,squid_octopus,core,2300,46920
2012,BRA,BRAZIL,squid_octopus,core,2313,33243
2012,TCA,TURKS & CAICOS IS.,squid_octopus,core,2041,29000
2012,NIC,NICARAGUA,squid_octopus,core,5048,26289
2012,SGP,SINGAPORE,squid_octopus,core,2693,14349
2012,GBR,UNITED KINGDOM,squid_octopus,core,1170,8707
2012,MRT,MAURITANIA,squid_octopus,core,245,2219
2012,ECU,ECUADOR,swordfish,core,2122573,14125511
2012,CAN,CANADA,swordfish,core,1220583,13950123
2012,SGP,SINGAPORE,swordfish,core,1301469,13727152
2012,CRI,COSTA RICA,swordfish,core,1060386,8786202
2012,CHL,CHILE,swordfish,core,994419,8460709
2012,IDN,INDONESIA,swordfish,core,333151,3849384
2012,PAN,PANAMA,swordfish,core,406865,2675985
2012,BRA,BRAZIL,swordfish,core,408795,2606948
2012,MEX,MEXICO,swordfish,core,330177,1864326
2012,AUS,AUSTRALIA,swordfish,core,131813,1688989
2012,NZL,NEW ZEALAND,swordfish,core,195761,1674093
2012,ZAF,SOUTH AFRICA,swordfish,core,231423,1654237
2012,VNM,VIETNAM,swordfish,core,93003,935460
2012,THA,THAILAND,swordfish,core,27242,265464
2012,FJI,FIJI,swordfish,core,37220,182340
2012,CHN,CHINA,swordfish,core,30792,179846
2012,NIC,NICARAGUA,swordfish,core,13840,110378
2012,SYC,SEYCHELLES,swordfish,core,9658,75631
2012,TTO,TRINIDAD & TOBAGO,swordfish,core,6162,62866
2012,JPN,JAPAN,swordfish,core,3176,41455
2012,TWN,TAIWAN,swordfish,core,22952,37950
2012,LKA,SRI LANKA,swordfish,core,2162,23826
2012,PRT,PORTUGAL,swordfish,core,8012,13788
2012,URY,URUGUAY,swordfish,core,750,12118
2012,BRB,BARBADOS,swordfish,core,182,2600
2012,CHN,CHINA,tilapia,core,175536367,661320189
2012,IDN,INDONESIA,tilapia,core,11967807,77704552
2012,HND,HONDURAS,tilapia,core,7991538,61814904
2012,ECU,ECUADOR,tilapia,core,8381359,51868981
2012,CRI,COSTA RICA,tilapia,core,5704238,43147240
2012,TWN,TAIWAN,tilapia,core,12661257,37563349
2012,COL,COLOMBIA,tilapia,core,2904317,23017758
2012,THA,THAILAND,tilapia,core,2962341,15564663
2012,MYS,MALAYSIA,tilapia,core,708646,4489319
2012,PAN,PANAMA,tilapia,core,443149,2196231
2012,PER,PERU,tilapia,core,202072,1889858
2012,SLV,EL SALVADOR,tilapia,core,165427,1306950
2012,VNM,VIETNAM,tilapia,core,373164,1039371
2012,PAK,PAKISTAN,tilapia,core,80850,575672
2012,ARG,ARGENTINA,tilapia,core,291895,536616
2012,PHL,PHILIPPINES,tilapia,core,161486,414240
2012,KOR,SOUTH KOREA,tilapia,core,34424,267006
2012,CHL,CHILE,tilapia,core,53908,239900
2012,HKG,CHINA - HONG KONG,tilapia,core,119748,216320
2012,MEX,MEXICO,tilapia,core,13414,204520
2012,IND,INDIA,tilapia,core,127798,180377
2012,SGP,SINGAPORE,tilapia,core,33712,93568
2012,WSM,WESTERN SAMOA,tilapia,core,19890,85992
2012,BRA,BRAZIL,tilapia,core,11007,79130
2012,ITA,ITALY,tilapia,core,18144,77957
2012,RUS,RUSSIAN FEDERATION,tilapia,core,14433,64784
2012,ISL,ICELAND,tilapia,core,12482,54859
2012,ARE,UNITED ARAB EMIRATES,tilapia,core,19910,42867
2012,NIC,NICARAGUA,tilapia,core,4771,30717
2012,CAN,CANADA,tilapia,core,7748,29606
2012,ZMB,ZAMBIA,tilapia,core,1590,5760
2012,GHA,GHANA,tilapia,core,175,2450
2012,GUY,GUYANA,tilapia,core,1020,2146
2012,CHL,CHILE,toothfish,extended,1907462,40519326
2012,KOR,SOUTH KOREA,toothfish,extended,1112411,21448801
2012,NZL,NEW ZEALAND,toothfish,extended,730586,15522480
2012,GBR,UNITED KINGDOM,toothfish,extended,676633,13115964
2012,ARG,ARGENTINA,toothfish,extended,516793,10091326
2012,REU,REUNION,toothfish,extended,439601,8916198
2012,CHN,CHINA,toothfish,extended,291054,8543675
2012,ESP,SPAIN,toothfish,extended,402396,7895865
2012,FLK,FALKLAND IS.,toothfish,extended,338453,7305846
2012,ZAF,SOUTH AFRICA,toothfish,extended,234384,4431335
2012,RUS,RUSSIAN FEDERATION,toothfish,extended,249149,4254463
2012,URY,URUGUAY,toothfish,extended,189203,3826546
2012,JPN,JAPAN,toothfish,extended,192592,3695568
2012,SHN,ST.HELENA,toothfish,extended,151160,3121067
2012,AUS,AUSTRALIA,toothfish,extended,143769,2600016
2012,NOR,NORWAY,toothfish,extended,116795,2190557
2012,PER,PERU,toothfish,extended,96825,1632055
2012,UKR,UKRAINE,toothfish,extended,73803,1418479
2012,FRA,FRANCE,toothfish,extended,68878,1416456
2012,MUS,MAURITIUS,toothfish,extended,41064,825243
2012,IDN,INDONESIA,toothfish,extended,18157,240120
2012,VNM,VIETNAM,toothfish,extended,2994,8700
2012,MEX,MEXICO,toothfish,extended,715,5612
2012,GRC,GREECE,toothfish,extended,700,3711
2012,CHL,CHILE,trout,core,6077099,49907374
2012,CAN,CANADA,trout,core,1169191,8661225
2012,COL,COLOMBIA,trout,core,758117,5687094
2012,ARG,ARGENTINA,trout,core,668365,2373422
2012,NOR,NORWAY,trout,core,229950,1697194
2012,PER,PERU,trout,core,110773,972305
2012,VNM,VIETNAM,trout,core,53584,759741
2012,GBR,UNITED KINGDOM,trout,core,88537,616445
2012,AUS,AUSTRALIA,trout,core,47473,611764
2012,CRI,COSTA RICA,trout,core,68371,530456
2012,MEX,MEXICO,trout,core,46891,291537
2012,NZL,NEW ZEALAND,trout,core,17299,65635
2012,DNK,DENMARK,trout,core,3714,60571
2012,BRA,BRAZIL,trout,core,13367,46956
2012,ISL,ICELAND,trout,core,3624,46674
2012,SLV,EL SALVADOR,trout,core,6463,23923
2012,GTM,GUATEMALA,trout,core,16125,21989
2012,IRL,IRELAND,trout,core,1646,12258
2012,ARE,UNITED ARAB EMIRATES,trout,core,3000,12210
2012,CHN,CHINA,trout,core,1021,6036
2012,UKR,UKRAINE,trout,core,200,3760
2012,SYC,SEYCHELLES,trout,core,190,2285
2012,PAN,PANAMA,trout,core,254,2100
2012,TUR,TURKEY,trout,core,153,2062
2012,THA,THAILAND,tuna,core,105470691,570106229
2012,PHL,PHILIPPINES,tuna,core,26859279,181512794
2012,VNM,VIETNAM,tuna,core,25448080,163444814
2012,IDN,INDONESIA,tuna,core,18337925,162384628
2012,ECU,ECUADOR,tuna,core,20947469,133740794
2012,CHN,CHINA,tuna,core,19036505,98296883
2012,FJI,FIJI,tuna,core,12255027,75877609
2012,COL,COLOMBIA,tuna,core,13881760,70957254
2012,MUS,MAURITIUS,tuna,core,5784270,29713346
2012,MEX,MEXICO,tuna,core,5937506,23155343
2012,TTO,TRINIDAD & TOBAGO,tuna,core,2045093,22021437
2012,LKA,SRI LANKA,tuna,core,1944339,20754070
2012,PAN,PANAMA,tuna,core,1836862,17083030
2012,CRI,COSTA RICA,tuna,core,1552551,16295357
2012,CAN,CANADA,tuna,core,1034777,12527914
2012,MHL,MARSHALL IS.,tuna,core,2072486,12285002
2012,MDV,MALDIVE IS.,tuna,core,953092,12019185
2012,ESP,SPAIN,tuna,core,525637,11811267
2012,KOR,SOUTH KOREA,tuna,core,1755951,10836304
2012,JPN,JAPAN,tuna,core,801319,10564354
2012,VEN,VENEZUELA,tuna,core,686527,7806291
2012,PYF,FRENCH POLYNESIA,tuna,core,773924,7030110
2012,SGP,SINGAPORE,tuna,core,803599,6559889
2012,PNG,PAPUA NEW GUINEA,tuna,core,1044736,5659874
2012,SUR,SURINAME,tuna,core,836867,5458375
2012,TWN,TAIWAN,tuna,core,497620,4782037
2012,GRD,GRENADA,tuna,core,520978,4426861
2012,BRA,BRAZIL,tuna,core,299328,2785298
2012,ZAF,SOUTH AFRICA,tuna,core,242836,1899198
2012,IND,INDIA,tuna,core,224454,1829905
2012,PRT,PORTUGAL,tuna,core,175116,1580084
2012,ISR,ISRAEL,tuna,core,368262,1512721
2012,ITA,ITALY,tuna,core,189682,1349654
2012,VUT,VANUATU,tuna,core,189818,1114286
2012,BRB,BARBADOS,tuna,core,126717,1065926
2012,SLB,SOLOMON IS.,tuna,core,121053,883685
2012,AUS,AUSTRALIA,tuna,core,53943,867812
2012,MLT,MALTA,tuna,core,114466,440367
2012,MSR,MONTSERRAT,tuna,core,18597,365821
2012,PER,PERU,tuna,core,56311,308446
2012,SLV,EL SALVADOR,tuna,core,50025,266646
2012,COK,COOK IS.,tuna,core,61087,261675
2012,HKG,CHINA - HONG KONG,tuna,core,63280,237636
2012,DEU,GERMANY,tuna,core,4782,216356
2012,WSM,WESTERN SAMOA,tuna,core,29618,175551
2012,TUR,TURKEY,tuna,core,30831,133046
2012,HRV,CROATIA,tuna,core,17562,123313
2012,SYC,SEYCHELLES,tuna,core,8475,88945
2012,MYS,MALAYSIA,tuna,core,10831,86560
2012,GRC,GREECE,tuna,core,2235,66283
2012,CHL,CHILE,tuna,core,3944,59783
2012,POL,POLAND,tuna,core,9968,49343
2012,VCT,ST.VINCENT-GRENADINE,tuna,core,4304,47455
2012,SRB,SERBIA,tuna,core,1075,47222
2012,CPV,CAPE VERDE,tuna,core,14420,45281
2012,CYP,CYPRUS,tuna,core,12155,40233
2012,FSM,FED STATES OF MICRON,tuna,core,16240,28160
2012,NZL,NEW ZEALAND,tuna,core,2891,18702
2012,GTM,GUATEMALA,tuna,core,1266,17444
2012,TUN,TUNISIA,tuna,core,1923,16740
2012,NLD,NETHERLANDS,tuna,core,1105,16017
2012,CIV,IVORY COAST,tuna,core,1061,15912
2012,MDA,MOLDOVA,tuna,core,939,15498
2012,TON,TONGA,tuna,core,1225,13901
2012,HND,HONDURAS,tuna,core,1376,9099
2012,SEN,SENEGAL,tuna,core,223,3008
2012,URY,URUGUAY,tuna,core,188,2322
2013,CHN,CHINA,catfish_other,extended,6144444,24048148
2013,BRA,BRAZIL,catfish_other,extended,482913,1526929
2013,PHL,PHILIPPINES,catfish_other,extended,107833,619728
2013,VNM,VIETNAM,catfish_other,extended,86115,239904
2013,CHL,CHILE,catfish_other,extended,4808,53715
2013,CAN,CANADA,catfish_other,extended,3039,52005
2013,THA,THAILAND,catfish_other,extended,12900,42564
2013,MMR,BURMA,catfish_other,extended,7299,40866
2013,TWN,TAIWAN,catfish_other,extended,10886,22345
2013,IND,INDIA,catfish_other,extended,5443,18000
2013,ISL,ICELAND,catfish_other,extended,1452,10286
2013,NOR,NORWAY,catfish_other,extended,2532,6494
2013,GUY,GUYANA,catfish_other,extended,680,6000
2013,MEX,MEXICO,catfish_other,extended,1406,3270
2013,BGD,BANGLADESH,catfish_other,extended,71,2993
2013,PYF,FRENCH POLYNESIA,catfish_other,extended,580,2627
2013,CHN,CHINA,clams,core,13426790,27715596
2013,CAN,CANADA,clams,core,3050971,21811773
2013,IDN,INDONESIA,clams,core,1458380,4632844
2013,VNM,VIETNAM,clams,core,1668850,4414386
2013,THA,THAILAND,clams,core,1007662,3241078
2013,NZL,NEW ZEALAND,clams,core,520786,2237012
2013,MEX,MEXICO,clams,core,382608,1498598
2013,CHL,CHILE,clams,core,349208,1362295
2013,NLD,NETHERLANDS,clams,core,203169,518406
2013,JPN,JAPAN,clams,core,27195,308551
2013,PER,PERU,clams,core,61686,194678
2013,NOR,NORWAY,clams,core,19748,114284
2013,PHL,PHILIPPINES,clams,core,22440,96717
2013,ESP,SPAIN,clams,core,13385,78009
2013,TWN,TAIWAN,clams,core,33258,68783
2013,KOR,SOUTH KOREA,clams,core,9243,55983
2013,MYS,MALAYSIA,clams,core,13608,40000
2013,ECU,ECUADOR,clams,core,5139,17595
2013,ITA,ITALY,clams,core,2303,17490
2013,PAN,PANAMA,clams,core,10388,13255
2013,PRT,PORTUGAL,clams,core,2152,12146
2013,HKG,CHINA - HONG KONG,clams,core,499,5720
2013,CHN,CHINA,cod,core,37164077,183961272
2013,ISL,ICELAND,cod,core,7963261,58475909
2013,RUS,RUSSIAN FEDERATION,cod,core,5210512,35263822
2013,CAN,CANADA,cod,core,4126883,32147350
2013,NOR,NORWAY,cod,core,3799235,27766196
2013,THA,THAILAND,cod,core,1528055,9632229
2013,POL,POLAND,cod,core,1120473,4823602
2013,DEU,GERMANY,cod,core,111629,1939323
2013,PRT,PORTUGAL,cod,core,230831,1781592
2013,NLD,NETHERLANDS,cod,core,22253,778806
2013,VNM,VIETNAM,cod,core,138252,743658
2013,GRL,GREENLAND,cod,core,137119,702031
2013,GBR,UNITED KINGDOM,cod,core,72394,348265
2013,BEL,BELGIUM,cod,core,3000,281778
2013,ESP,SPAIN,cod,core,20539,256674
2013,NZL,NEW ZEALAND,cod,core,11677,120550
2013,KOR,SOUTH KOREA,cod,core,14423,112182
2013,JPN,JAPAN,cod,core,1463,33489
2013,DNK,DENMARK,cod,core,3337,24531
2013,MEX,MEXICO,cod,core,11196,23891
2013,IRL,IRELAND,cod,core,5441,16193
2013,FRO,FAROE IS.,cod,core,1118,15803
2013,TWN,TAIWAN,cod,core,2177,15405
2013,ECU,ECUADOR,cod,core,3610,8183
2013,PHL,PHILIPPINES,cod,core,2037,6750
2013,FIN,FINLAND,cod,core,405,3341
2013,CAN,CANADA,crab,core,48935502,538025947
2013,RUS,RUSSIAN FEDERATION,crab,core,16428671,233546470
2013,IDN,INDONESIA,crab,core,10334806,192205348
2013,CHN,CHINA,crab,core,10452751,139334018
2013,PHL,PHILIPPINES,crab,core,3212099,65932933
2013,THA,THAILAND,crab,core,2775269,48648550
2013,VNM,VIETNAM,crab,core,2794233,47748600
2013,MEX,MEXICO,crab,core,2826629,29899228
2013,ARG,ARGENTINA,crab,core,2168311,23497568
2013,VEN,VENEZUELA,crab,core,1637808,22892847
2013,IND,INDIA,crab,core,1247243,22246530
2013,CHL,CHILE,crab,core,688562,11386258
2013,KOR,SOUTH KOREA,crab,core,973827,11344082
2013,NOR,NORWAY,crab,core,382101,7607094
2013,MYS,MALAYSIA,crab,core,420417,7147596
2013,GRL,GREENLAND,crab,core,679252,7076414
2013,LKA,SRI LANKA,crab,core,627828,6316047
2013,MMR,BURMA,crab,core,264982,4519225
2013,COL,COLOMBIA,crab,core,230209,4023413
2013,BHS,BAHAMAS,crab,core,104185,2704153
2013,JPN,JAPAN,crab,core,128341,1381647
2013,ESP,SPAIN,crab,core,156013,1258090
2013,NIC,NICARAGUA,crab,core,248759,831081
2013,ECU,ECUADOR,crab,core,48293,770655
2013,PAK,PAKISTAN,crab,core,33940,583322
2013,IRL,IRELAND,crab,core,66276,482068
2013,BHR,BAHRAIN,crab,core,86565,400175
2013,AUS,AUSTRALIA,crab,core,4775,184458
2013,MOZ,MOZAMBIQUE,crab,core,8478,177302
2013,PER,PERU,crab,core,8983,138770
2013,DNK,DENMARK,crab,core,11775,119145
2013,SWE,SWEDEN,crab,core,6593,82751
2013,ITA,ITALY,crab,core,7293,79980
2013,NAM,NAMIBIA,crab,core,10070,70490
2013,SUR,SURINAME,crab,core,2742,40133
2013,HND,HONDURAS,crab,core,5917,38747
2013,PRT,PORTUGAL,crab,core,3930,28759
2013,GBR,UNITED KINGDOM,crab,core,802,14870
2013,BLZ,BELIZE,crab,core,2250,13141
2013,HKG,CHINA - HONG KONG,crab,core,321,11884
2013,TTO,TRINIDAD & TOBAGO,crab,core,1496,10469
2013,DOM,DOMINICAN REPUBLIC,crab,core,981,7875
2013,SGP,SINGAPORE,crab,core,598,5370
2013,GRD,GRENADA,crab,core,234,3600
2013,TWN,TAIWAN,crab,core,324,2402
2013,CHN,CHINA,crawfish_freshwater,extended,8149104,83046694
2013,ESP,SPAIN,crawfish_freshwater,extended,638977,5324797
2013,JPN,JAPAN,crawfish_freshwater,extended,83064,1558812
2013,EGY,EGYPT,crawfish_freshwater,extended,30028,322190
2013,CAN,CANADA,crawfish_freshwater,extended,2231,39844
2013,CHN,CHINA,eel_sturgeon_shad,extended,2207754,44719484
2013,JPN,JAPAN,eel_sturgeon_shad,extended,117332,956487
2013,ISL,ICELAND,eel_sturgeon_shad,extended,98850,751134
2013,TWN,TAIWAN,eel_sturgeon_shad,extended,146165,744664
2013,VNM,VIETNAM,eel_sturgeon_shad,extended,114404,466577
2013,KOR,SOUTH KOREA,eel_sturgeon_shad,extended,29177,460014
2013,ARG,ARGENTINA,eel_sturgeon_shad,extended,120312,419286
2013,CAN,CANADA,eel_sturgeon_shad,extended,46436,374039
2013,BRA,BRAZIL,eel_sturgeon_shad,extended,40704,251120
2013,NOR,NORWAY,eel_sturgeon_shad,extended,18741,126246
2013,URY,URUGUAY,eel_sturgeon_shad,extended,25038,96048
2013,IDN,INDONESIA,eel_sturgeon_shad,extended,21954,82280
2013,MEX,MEXICO,eel_sturgeon_shad,extended,11770,71009
2013,PAK,PAKISTAN,eel_sturgeon_shad,extended,22453,67353
2013,NLD,NETHERLANDS,eel_sturgeon_shad,extended,3076,64782
2013,GRC,GREECE,eel_sturgeon_shad,extended,4798,45003
2013,PRT,PORTUGAL,eel_sturgeon_shad,extended,2041,27311
2013,GTM,GUATEMALA,eel_sturgeon_shad,extended,17527,25714
2013,THA,THAILAND,eel_sturgeon_shad,extended,4488,23284
2013,LKA,SRI LANKA,eel_sturgeon_shad,extended,1228,17947
2013,PAN,PANAMA,eel_sturgeon_shad,extended,11849,17030
2013,MDV,MALDIVE IS.,eel_sturgeon_shad,extended,1058,15104
2013,GBR,UNITED KINGDOM,eel_sturgeon_shad,extended,1076,13010
2013,ESP,SPAIN,eel_sturgeon_shad,extended,725,10595
2013,MMR,BURMA,eel_sturgeon_shad,extended,460,8413
2013,BEL,BELGIUM,eel_sturgeon_shad,extended,6,5710
2013,ECU,ECUADOR,eel_sturgeon_shad,extended,2957,4950
2013,PHL,PHILIPPINES,eel_sturgeon_shad,extended,610,4590
2013,NZL,NEW ZEALAND,eel_sturgeon_shad,extended,270,2976
2013,CHN,CHINA,flatfish,core,18370892,81931583
2013,CAN,CANADA,flatfish,core,5550516,29463038
2013,NLD,NETHERLANDS,flatfish,core,1124307,16526422
2013,ARG,ARGENTINA,flatfish,core,1510060,9690824
2013,THA,THAILAND,flatfish,core,711218,4530079
2013,ISL,ICELAND,flatfish,core,398599,3172282
2013,KOR,SOUTH KOREA,flatfish,core,156109,2086930
2013,MEX,MEXICO,flatfish,core,428378,2083866
2013,ESP,SPAIN,flatfish,core,282214,1402181
2013,GRL,GREENLAND,flatfish,core,255306,1135600
2013,IDN,INDONESIA,flatfish,core,49131,831642
2013,FRA,FRANCE,flatfish,core,90888,699039
2013,VNM,VIETNAM,flatfish,core,253673,505406
2013,CHL,CHILE,flatfish,core,39986,418762
2013,TUR,TURKEY,flatfish,core,41876,394399
2013,NOR,NORWAY,flatfish,core,45852,354050
2013,PAN,PANAMA,flatfish,core,66885,289271
2013,NIC,NICARAGUA,flatfish,core,56432,241508
2013,BEL,BELGIUM,flatfish,core,17049,202747
2013,GBR,UNITED KINGDOM,flatfish,core,9704,129718
2013,GTM,GUATEMALA,flatfish,core,19170,56789
2013,ECU,ECUADOR,flatfish,core,18200,42513
2013,PHL,PHILIPPINES,flatfish,core,3654,30798
2013,ZAF,SOUTH AFRICA,flatfish,core,2457,28439
2013,JPN,JAPAN,flatfish,core,2054,26799
2013,PRT,PORTUGAL,flatfish,core,863,17113
2013,DNK,DENMARK,flatfish,core,324,9880
2013,CRI,COSTA RICA,flatfish,core,672,6712
2013,BRA,BRAZIL,flatfish,core,1179,5264
2013,NZL,NEW ZEALAND,flatfish,core,485,3729
2013,TWN,TAIWAN,flatfish,core,82,2220
2013,ITA,ITALY,flatfish,core,57,2065
2013,BHS,BAHAMAS,flatfish,core,620,2052
2013,CAN,CANADA,halibut,core,3928457,60953523
2013,CHN,CHINA,halibut,core,1529283,19922950
2013,MEX,MEXICO,halibut,core,563207,2912308
2013,RUS,RUSSIAN FEDERATION,halibut,core,143288,1436215
2013,NOR,NORWAY,halibut,core,82950,863845
2013,KOR,SOUTH KOREA,halibut,core,15377,357236
2013,FRA,FRANCE,halibut,core,25072,221680
2013,GBR,UNITED KINGDOM,halibut,core,6563,91137
2013,SPM,ST.PIERRE & MIQUELON,halibut,core,6199,52856
2013,THA,THAILAND,halibut,core,9374,32465
2013,ISL,ICELAND,halibut,core,1454,15566
2013,CAN,CANADA,herring,core,10948891,33688286
2013,DEU,GERMANY,herring,core,2866110,5414441
2013,POL,POLAND,herring,core,731564,2801397
2013,CHN,CHINA,herring,core,382850,2419339
2013,NOR,NORWAY,herring,core,668206,1544595
2013,BLR,BELARUS,herring,core,348593,1270079
2013,PHL,PHILIPPINES,herring,core,178026,713284
2013,SWE,SWEDEN,herring,core,220485,707603
2013,ISL,ICELAND,herring,core,122566,640356
2013,NLD,NETHERLANDS,herring,core,105412,616224
2013,DNK,DENMARK,herring,core,224267,592823
2013,LTU,LITHUANIA,herring,core,121022,475055
2013,LVA,LATVIA,herring,core,115596,415437
2013,UKR,UKRAINE,herring,core,189145,401894
2013,GBR,UNITED KINGDOM,herring,core,79154,299317
2013,ECU,ECUADOR,herring,core,165599,274100
2013,RUS,RUSSIAN FEDERATION,herring,core,81047,270367
2013,JPN,JAPAN,herring,core,16352,199120
2013,FIN,FINLAND,herring,core,18360,174297
2013,THA,THAILAND,herring,core,23931,126424
2013,GIN,GUINEA,herring,core,76550,74283
2013,KOR,SOUTH KOREA,herring,core,17880,55436
2013,FRO,FAROE IS.,herring,core,22980,52854
2013,IRL,IRELAND,herring,core,5341,41290
2013,MEX,MEXICO,herring,core,20000,35700
2013,ITA,ITALY,herring,core,24750,24750
2013,MMR,BURMA,herring,core,5381,23545
2013,NGA,NIGERIA,herring,core,2730,19679
2013,GRC,GREECE,herring,core,2070,18920
2013,VNM,VIETNAM,herring,core,4066,16162
2013,GHA,GHANA,herring,core,7000,12397
2013,LKA,SRI LANKA,herring,core,1948,6555
2013,CIV,IVORY COAST,herring,core,6200,5091
2013,CAN,CANADA,inland_freshwater_other,extended,6798533,68404929
2013,RUS,RUSSIAN FEDERATION,inland_freshwater_other,extended,335082,4331545
2013,TUR,TURKEY,inland_freshwater_other,extended,221763,2519900
2013,UGA,UGANDA,inland_freshwater_other,extended,290168,1318793
2013,POL,POLAND,inland_freshwater_other,extended,83814,1096691
2013,PER,PERU,inland_freshwater_other,extended,405734,889948
2013,NLD,NETHERLANDS,inland_freshwater_other,extended,62831,888352
2013,CHN,CHINA,inland_freshwater_other,extended,116246,553867
2013,KAZ,KAZAKHSTAN,inland_freshwater_other,extended,40797,521841
2013,EST,ESTONIA,inland_freshwater_other,extended,41085,433464
2013,TWN,TAIWAN,inland_freshwater_other,extended,115267,350211
2013,VNM,VIETNAM,inland_freshwater_other,extended,74364,313579
2013,KEN,KENYA,inland_freshwater_other,extended,59844,296124
2013,TZA,TANZANIA,inland_freshwater_other,extended,36260,218160
2013,UKR,UKRAINE,inland_freshwater_other,extended,13931,185233
2013,MMR,BURMA,inland_freshwater_other,extended,33605,89225
2013,PRT,PORTUGAL,inland_freshwater_other,extended,14377,57992
2013,UZB,UZBEKISTAN,inland_freshwater_other,extended,11880,34950
2013,JPN,JAPAN,inland_freshwater_other,extended,4253,33332
2013,KOR,SOUTH KOREA,inland_freshwater_other,extended,6000,29922
2013,THA,THAILAND,inland_freshwater_other,extended,2722,6447
2013,ECU,ECUADOR,large_pelagics_other,extended,7502604,57018514
2013,PER,PERU,large_pelagics_other,extended,5051862,36166773
2013,TWN,TAIWAN,large_pelagics_other,extended,3022636,20976895
2013,CRI,COSTA RICA,large_pelagics_other,extended,1523337,10910642
2013,PAN,PANAMA,large_pelagics_other,extended,1048029,7322720
2013,GTM,GUATEMALA,large_pelagics_other,extended,1451207,4795204
2013,NIC,NICARAGUA,large_pelagics_other,extended,623495,3698920
2013,MEX,MEXICO,large_pelagics_other,extended,676023,2166619
2013,VNM,VIETNAM,large_pelagics_other,extended,302479,2062879
2013,SLV,EL SALVADOR,large_pelagics_other,extended,143655,837388
2013,ZAF,SOUTH AFRICA,large_pelagics_other,extended,97513,749986
2013,CHL,CHILE,large_pelagics_other,extended,31068,433029
2013,IDN,INDONESIA,large_pelagics_other,extended,50979,359187
2013,SUR,SURINAME,large_pelagics_other,extended,44073,314384
2013,FJI,FIJI,large_pelagics_other,extended,85795,301876
2013,PYF,FRENCH POLYNESIA,large_pelagics_other,extended,35584,301353
2013,TTO,TRINIDAD & TOBAGO,large_pelagics_other,extended,38542,290341
2013,CHN,CHINA,large_pelagics_other,extended,51253,220346
2013,JPN,JAPAN,large_pelagics_other,extended,22707,164002
2013,JAM,JAMAICA,large_pelagics_other,extended,18404,135923
2013,CAN,CANADA,large_pelagics_other,extended,17424,101005
2013,DOM,DOMINICAN REPUBLIC,large_pelagics_other,extended,7489,99055
2013,NAM,NAMIBIA,large_pelagics_other,extended,10538,82042
2013,LKA,SRI LANKA,large_pelagics_other,extended,8795,70894
2013,HND,HONDURAS,large_pelagics_other,extended,10954,70620
2013,PHL,PHILIPPINES,large_pelagics_other,extended,9234,63774
2013,BRB,BARBADOS,large_pelagics_other,extended,5146,45817
2013,THA,THAILAND,large_pelagics_other,extended,8727,44226
2013,BRA,BRAZIL,large_pelagics_other,extended,4533,36439
2013,TON,TONGA,large_pelagics_other,extended,9770,35848
2013,FRA,FRANCE,large_pelagics_other,extended,160,14019
2013,KGZ,KYRGYZSTAN,large_pelagics_other,extended,1360,13800
2013,PAK,PAKISTAN,large_pelagics_other,extended,669,4350
2013,BGD,BANGLADESH,large_pelagics_other,extended,3228,3293
2013,SLB,SOLOMON IS.,large_pelagics_other,extended,168,2520
2013,VEN,VENEZUELA,large_pelagics_other,extended,250,2401
2013,GRC,GREECE,large_pelagics_other,extended,15,2289
2013,CAN,CANADA,lobster,core,48440728,886190867
2013,BRA,BRAZIL,lobster,core,1696460,54565296
2013,HND,HONDURAS,lobster,core,1425566,41445746
2013,BHS,BAHAMAS,lobster,core,1520047,39669539
2013,NIC,NICARAGUA,lobster,core,1745071,28914707
2013,ZAF,SOUTH AFRICA,lobster,core,553648,19367371
2013,AUS,AUSTRALIA,lobster,core,229727,11091832
2013,CHN,CHINA,lobster,core,845822,5959362
2013,BLZ,BELIZE,lobster,core,187497,5943377
2013,DOM,DOMINICAN REPUBLIC,lobster,core,261683,5187305
2013,JAM,JAMAICA,lobster,core,150008,4649135
2013,COL,COLOMBIA,lobster,core,97324,3191576
2013,ARE,UNITED ARAB EMIRATES,lobster,core,107081,2965386
2013,SHN,ST.HELENA,lobster,core,142296,2942208
2013,NZL,NEW ZEALAND,lobster,core,94768,2825814
2013,THA,THAILAND,lobster,core,89881,1660481
2013,PAN,PANAMA,lobster,core,107258,1495373
2013,TCA,TURKS & CAICOS IS.,lobster,core,49959,1387740
2013,ESP,SPAIN,lobster,core,342428,1371170
2013,CHL,CHILE,lobster,core,69683,1352273
2013,PNG,PAPUA NEW GUINEA,lobster,core,24676,1083909
2013,TWN,TAIWAN,lobster,core,46414,846001
2013,LKA,SRI LANKA,lobster,core,72029,692151
2013,JPN,JAPAN,lobster,core,36174,689514
2013,ECU,ECUADOR,lobster,core,25984,484842
2013,HTI,HAITI,lobster,core,34704,438063
2013,PER,PERU,lobster,core,28567,378180
2013,MEX,MEXICO,lobster,core,13085,318917
2013,VNM,VIETNAM,lobster,core,11158,236430
2013,ISL,ICELAND,lobster,core,16527,169108
2013,DNK,DENMARK,lobster,core,4800,99918
2013,SGP,SINGAPORE,lobster,core,6835,41870
2013,CRI,COSTA RICA,lobster,core,3066,30420
2013,MAR,MOROCCO,lobster,core,1108,29036
2013,NAM,NAMIBIA,lobster,core,1359,23669
2013,GBR,UNITED KINGDOM,lobster,core,807,23268
2013,NGA,NIGERIA,lobster,core,1036,21035
2013,VCT,ST.VINCENT-GRENADINE,lobster,core,828,14576
2013,IRL,IRELAND,lobster,core,492,7331
2013,ITA,ITALY,lobster,core,104,5055
2013,PRT,PORTUGAL,lobster,core,118,2091
2013,CHN,CHINA,mackerel,core,6350500,13603431
2013,NOR,NORWAY,mackerel,core,3294492,9869919
2013,THA,THAILAND,mackerel,core,2129253,6973989
2013,JPN,JAPAN,mackerel,core,845441,5620873
2013,VNM,VIETNAM,mackerel,core,1263951,4799922
2013,KOR,SOUTH KOREA,mackerel,core,1179159,3752688
2013,CAN,CANADA,mackerel,core,728079,3165886
2013,ECU,ECUADOR,mackerel,core,335199,2174772
2013,TWN,TAIWAN,mackerel,core,803358,1793279
2013,BRA,BRAZIL,mackerel,core,193886,929228
2013,NZL,NEW ZEALAND,mackerel,core,87212,817773
2013,PRT,PORTUGAL,mackerel,core,130994,680519
2013,GRC,GREECE,mackerel,core,62398,640340
2013,IND,INDIA,mackerel,core,211248,614949
2013,GBR,UNITED KINGDOM,mackerel,core,121644,539769
2013,COL,COLOMBIA,mackerel,core,72502,515490
2013,PHL,PHILIPPINES,mackerel,core,172031,468629
2013,DEU,GERMANY,mackerel,core,170803,432403
2013,PAN,PANAMA,mackerel,core,58569,432026
2013,MAR,MOROCCO,mackerel,core,53019,384283
2013,MEX,MEXICO,mackerel,core,157540,349571
2013,IDN,INDONESIA,mackerel,core,68557,346159
2013,NLD,NETHERLANDS,mackerel,core,143958,345554
2013,MYS,MALAYSIA,mackerel,core,77854,321359
2013,PER,PERU,mackerel,core,124942,284786
2013,POL,POLAND,mackerel,core,64102,270706
2013,FJI,FIJI,mackerel,core,55628,212509
2013,FRO,FAROE IS.,mackerel,core,77000,200305
2013,ESP,SPAIN,mackerel,core,61840,182277
2013,CHL,CHILE,mackerel,core,75879,180320
2013,ISL,ICELAND,mackerel,core,53840,145514
2013,NIC,NICARAGUA,mackerel,core,36585,125725
2013,PYF,FRENCH POLYNESIA,mackerel,core,16877,113489
2013,SVN,SLOVENIA,mackerel,core,13144,98132
2013,LVA,LATVIA,mackerel,core,28133,98037
2013,DNK,DENMARK,mackerel,core,13000,71000
2013,ARG,ARGENTINA,mackerel,core,43239,60599
2013,TUR,TURKEY,mackerel,core,6118,60145
2013,RUS,RUSSIAN FEDERATION,mackerel,core,13497,56174
2013,HRV,CROATIA,mackerel,core,5903,49904
2013,SUR,SURINAME,mackerel,core,6638,49760
2013,ITA,ITALY,mackerel,core,7069,46937
2013,LTU,LITHUANIA,mackerel,core,9394,46777
2013,HKG,CHINA - HONG KONG,mackerel,core,17340,25163
2013,SLB,SOLOMON IS.,mackerel,core,2100,18699
2013,CRI,COSTA RICA,mackerel,core,2018,14492
2013,FRA,FRANCE,mackerel,core,50,5618
2013,CPV,CAPE VERDE,mackerel,core,572,4015
2013,GTM,GUATEMALA,mackerel,core,1091,3608
2013,LKA,SRI LANKA,mackerel,core,612,2606
2013,CAN,CANADA,mussels,core,15596411,43015041
2013,NZL,NEW ZEALAND,mussels,core,8865767,41573542
2013,CHL,CHILE,mussels,core,7023829,17852871
2013,CHN,CHINA,mussels,core,317950,1154555
2013,MEX,MEXICO,mussels,core,102523,411950
2013,THA,THAILAND,mussels,core,56164,355631
2013,ESP,SPAIN,mussels,core,47573,323439
2013,ARG,ARGENTINA,mussels,core,130043,242344
2013,HKG,CHINA - HONG KONG,mussels,core,4911,83919
2013,PRT,PORTUGAL,mussels,core,13240,79899
2013,BEL,BELGIUM,mussels,core,7789,54929
2013,PER,PERU,mussels,core,18126,45954
2013,DNK,DENMARK,mussels,core,14447,41990
2013,KOR,SOUTH KOREA,mussels,core,4504,41797
2013,ECU,ECUADOR,mussels,core,1464,11658
2013,ITA,ITALY,mussels,core,1073,9107
2013,CHN,CHINA,other_groundfish,core,17316913,91634775
2013,ISL,ICELAND,other_groundfish,core,4520756,45560589
2013,CAN,CANADA,other_groundfish,core,13467312,44221745
2013,NOR,NORWAY,other_groundfish,core,9040986,32894834
2013,NZL,NEW ZEALAND,other_groundfish,core,2061593,20518338
2013,RUS,RUSSIAN FEDERATION,other_groundfish,core,1787228,11203805
2013,ARG,ARGENTINA,other_groundfish,core,2405106,7814559
2013,NAM,NAMIBIA,other_groundfish,core,874201,6532377
2013,ZAF,SOUTH AFRICA,other_groundfish,core,500800,2875464
2013,PER,PERU,other_groundfish,core,435979,1127592
2013,BGD,BANGLADESH,other_groundfish,core,128704,891154
2013,DNK,DENMARK,other_groundfish,core,243427,765141
2013,URY,URUGUAY,other_groundfish,core,261384,604247
2013,CHL,CHILE,other_groundfish,core,93864,551709
2013,ECU,ECUADOR,other_groundfish,core,148736,423751
2013,MMR,BURMA,other_groundfish,core,135053,419395
2013,VNM,VIETNAM,other_groundfish,core,67464,365746
2013,THA,THAILAND,other_groundfish,core,35579,321527
2013,BRA,BRAZIL,other_groundfish,core,49722,312936
2013,TWN,TAIWAN,other_groundfish,core,45416,255403
2013,SGP,SINGAPORE,other_groundfish,core,66058,217138
2013,MEX,MEXICO,other_groundfish,core,173198,215888
2013,IND,INDIA,other_groundfish,core,23476,198353
2013,PAK,PAKISTAN,other_groundfish,core,31550,147783
2013,TTO,TRINIDAD & TOBAGO,other_groundfish,core,17120,128906
2013,GBR,UNITED KINGDOM,other_groundfish,core,29724,103952
2013,PRT,PORTUGAL,other_groundfish,core,23094,101115
2013,KOR,SOUTH KOREA,other_groundfish,core,46216,97622
2013,ESP,SPAIN,other_groundfish,core,6717,78875
2013,SLV,EL SALVADOR,other_groundfish,core,6655,44533
2013,FRO,FAROE IS.,other_groundfish,core,3741,28463
2013,JPN,JAPAN,other_groundfish,core,394,5916
2013,FJI,FIJI,other_groundfish,core,909,4575
2013,CHN,CHINA,other_shellfish_specialty,extended,3701916,17048452
2013,MEX,MEXICO,other_shellfish_specialty,extended,338851,7715818
2013,VNM,VIETNAM,other_shellfish_specialty,extended,1257407,5586711
2013,NIC,NICARAGUA,other_shellfish_specialty,extended,350878,4132657
2013,AUS,AUSTRALIA,other_shellfish_specialty,extended,132387,3001504
2013,IDN,INDONESIA,other_shellfish_specialty,extended,633036,2871759
2013,FRA,FRANCE,other_shellfish_specialty,extended,322677,2854214
2013,MYS,MALAYSIA,other_shellfish_specialty,extended,671096,2767377
2013,BHS,BAHAMAS,other_shellfish_specialty,extended,157844,2158971
2013,BLZ,BELIZE,other_shellfish_specialty,extended,151389,1988165
2013,CHL,CHILE,other_shellfish_specialty,extended,74854,1940604
2013,HKG,CHINA - HONG KONG,other_shellfish_specialty,extended,70899,1532312
2013,TWN,TAIWAN,other_shellfish_specialty,extended,26575,734356
2013,NZL,NEW ZEALAND,other_shellfish_specialty,extended,53387,520918
2013,HND,HONDURAS,other_shellfish_specialty,extended,34948,465706
2013,TCA,TURKS & CAICOS IS.,other_shellfish_specialty,extended,39362,351300
2013,JPN,JAPAN,other_shellfish_specialty,extended,18124,326774
2013,CAN,CANADA,other_shellfish_specialty,extended,69811,307791
2013,THA,THAILAND,other_shellfish_specialty,extended,39672,181805
2013,KOR,SOUTH KOREA,other_shellfish_specialty,extended,10145,94068
2013,KNA,ST.KITTS-NEVIS,other_shellfish_specialty,extended,7502,50050
2013,ZAF,SOUTH AFRICA,other_shellfish_specialty,extended,4075,39309
2013,GHA,GHANA,other_shellfish_specialty,extended,2455,35000
2013,PER,PERU,other_shellfish_specialty,extended,1122,18750
2013,IND,INDIA,other_shellfish_specialty,extended,5027,14477
2013,ITA,ITALY,other_shellfish_specialty,extended,1165,10977
2013,MRT,MAURITANIA,other_shellfish_specialty,extended,90,9000
2013,PRT,PORTUGAL,other_shellfish_specialty,extended,970,7096
2013,VCT,ST.VINCENT-GRENADINE,other_shellfish_specialty,extended,920,5970
2013,ESP,SPAIN,other_shellfish_specialty,extended,778,4978
2013,CIV,IVORY COAST,other_shellfish_specialty,extended,3800,2666
2013,ECU,ECUADOR,other_shellfish_specialty,extended,313,2208
2013,TGO,TOGO,other_shellfish_specialty,extended,272,2100
2013,CHN,CHINA,oysters,core,3402241,23773060
2013,CAN,CANADA,oysters,core,2945515,20224862
2013,KOR,SOUTH KOREA,oysters,core,2456826,15395322
2013,JPN,JAPAN,oysters,core,201694,1987502
2013,MEX,MEXICO,oysters,core,557444,1979051
2013,HKG,CHINA - HONG KONG,oysters,core,104609,890042
2013,NZL,NEW ZEALAND,oysters,core,71409,554280
2013,THA,THAILAND,oysters,core,57258,264208
2013,ITA,ITALY,oysters,core,8064,112815
2013,VNM,VIETNAM,pangasius_basa_swai,extended,110417266,335101778
2013,CHN,CHINA,pangasius_basa_swai,extended,478941,1993455
2013,NZL,NEW ZEALAND,pangasius_basa_swai,extended,16573,73718
2013,CHN,CHINA,pollock,core,53980831,142584522
2013,VNM,VIETNAM,pollock,core,3562624,9224491
2013,CAN,CANADA,pollock,core,1690664,6207472
2013,KOR,SOUTH KOREA,pollock,core,549771,1925220
2013,ISL,ICELAND,pollock,core,244409,1458261
2013,ESP,SPAIN,pollock,core,45666,709195
2013,RUS,RUSSIAN FEDERATION,pollock,core,276175,449406
2013,IND,INDIA,pollock,core,57596,135766
2013,NOR,NORWAY,pollock,core,34778,114716
2013,PRT,PORTUGAL,pollock,core,8657,87499
2013,JPN,JAPAN,pollock,core,3499,22949
2013,GBR,UNITED KINGDOM,pollock,core,95,5712
2013,ECU,ECUADOR,pollock,core,735,4860
2013,FRA,FRANCE,pollock,core,477,4150
2013,GRC,GREECE,reef_fish_other,extended,2438315,21338858
2013,TUR,TURKEY,reef_fish_other,extended,846354,6961376
2013,PAN,PANAMA,reef_fish_other,extended,594586,4035632
2013,TTO,TRINIDAD & TOBAGO,reef_fish_other,extended,348491,2865618
2013,ESP,SPAIN,reef_fish_other,extended,277760,2669253
2013,GTM,GUATEMALA,reef_fish_other,extended,301543,1822942
2013,CYP,CYPRUS,reef_fish_other,extended,182998,1752412
2013,CAN,CANADA,reef_fish_other,extended,729559,1456628
2013,SLV,EL SALVADOR,reef_fish_other,extended,163347,940162
2013,FRA,FRANCE,reef_fish_other,extended,241192,824875
2013,FLK,FALKLAND IS.,reef_fish_other,extended,153339,524418
2013,URY,URUGUAY,reef_fish_other,extended,127435,435827
2013,JPN,JAPAN,reef_fish_other,extended,30882,431238
2013,ARG,ARGENTINA,reef_fish_other,extended,124044,424231
2013,TWN,TAIWAN,reef_fish_other,extended,111511,356868
2013,COL,COLOMBIA,reef_fish_other,extended,36591,324243
2013,CHN,CHINA,reef_fish_other,extended,71140,280560
2013,MUS,MAURITIUS,reef_fish_other,extended,23130,182754
2013,ITA,ITALY,reef_fish_other,extended,10281,151471
2013,NLD,NETHERLANDS,reef_fish_other,extended,4513,131583
2013,NZL,NEW ZEALAND,reef_fish_other,extended,11845,130038
2013,GBR,UNITED KINGDOM,reef_fish_other,extended,9101,101439
2013,MEX,MEXICO,reef_fish_other,extended,32592,83620
2013,NIC,NICARAGUA,reef_fish_other,extended,10963,68622
2013,PRT,PORTUGAL,reef_fish_other,extended,2507,51900
2013,IDN,INDONESIA,reef_fish_other,extended,8612,25985
2013,VNM,VIETNAM,reef_fish_other,extended,2801,23656
2013,ECU,ECUADOR,reef_fish_other,extended,3722,22393
2013,GUY,GUYANA,reef_fish_other,extended,1665,9526
2013,SUR,SURINAME,reef_fish_other,extended,1411,6019
2013,CHL,CHILE,reef_fish_other,extended,380,4520
2013,CAN,CANADA,sablefish,core,259090,1357258
2013,MEX,MEXICO,sablefish,core,9683,27349
2013,CHL,CHILE,salmon,core,114864559,1149217199
2013,CAN,CANADA,salmon,core,78389708,554878252
2013,NOR,NORWAY,salmon,core,19472672,216099031
2013,CHN,CHINA,salmon,core,37231908,207595402
2013,FRO,FAROE IS.,salmon,core,15558683,124590493
2013,GBR,UNITED KINGDOM,salmon,core,12905833,113889386
2013,NLD,NETHERLANDS,salmon,core,1945365,45093136
2013,THA,THAILAND,salmon,core,6871971,42525903
2013,RUS,RUSSIAN FEDERATION,salmon,core,4130378,37066222
2013,DNK,DENMARK,salmon,core,1459270,20534669
2013,ISL,ICELAND,salmon,core,1740873,17155847
2013,POL,POLAND,salmon,core,854890,13669468
2013,NZL,NEW ZEALAND,salmon,core,1093093,8233812
2013,IRL,IRELAND,salmon,core,394546,4547448
2013,IDN,INDONESIA,salmon,core,193153,3442204
2013,SWE,SWEDEN,salmon,core,108481,1962165
2013,DEU,GERMANY,salmon,core,118308,1795881
2013,FRA,FRANCE,salmon,core,73523,1426565
2013,JPN,JAPAN,salmon,core,29242,309026
2013,ECU,ECUADOR,salmon,core,24668,245605
2013,VNM,VIETNAM,salmon,core,8910,139623
2013,PRT,PORTUGAL,salmon,core,34292,109289
2013,HKG,CHINA - HONG KONG,salmon,core,21773,64880
2013,ISR,ISRAEL,salmon,core,3471,59315
2013,MEX,MEXICO,salmon,core,12798,38862
2013,TWN,TAIWAN,salmon,core,17477,37167
2013,LTU,LITHUANIA,salmon,core,2415,33379
2013,PAN,PANAMA,salmon,core,1696,18327
2013,MDV,MALDIVE IS.,salmon,core,1149,16571
2013,AUS,AUSTRALIA,salmon,core,1393,12889
2013,KOR,SOUTH KOREA,salmon,core,774,10759
2013,CHE,SWITZERLAND,salmon,core,45,8646
2013,GRC,GREECE,salmon,core,749,8389
2013,BRA,BRAZIL,salmon,core,616,8164
2013,PER,PERU,salmon,core,998,7011
2013,MMR,BURMA,salmon,core,1835,6555
2013,LVA,LATVIA,salmon,core,181,2864
2013,COL,COLOMBIA,salmon,core,564,2568
2013,TTO,TRINIDAD & TOBAGO,salmon,core,771,2420
2013,JPN,JAPAN,scallops,core,5927074,120387726
2013,CAN,CANADA,scallops,core,4071358,96380445
2013,PER,PERU,scallops,core,5595724,65487882
2013,CHN,CHINA,scallops,core,7339562,50310549
2013,ARG,ARGENTINA,scallops,core,3484132,27530341
2013,HKG,CHINA - HONG KONG,scallops,core,78278,2644503
2013,CHL,CHILE,scallops,core,152155,2518045
2013,MEX,MEXICO,scallops,core,223132,1583515
2013,FRA,FRANCE,scallops,core,202733,1485567
2013,PHL,PHILIPPINES,scallops,core,315765,1021686
2013,FRO,FAROE IS.,scallops,core,72000,770460
2013,VNM,VIETNAM,scallops,core,69112,725882
2013,ESP,SPAIN,scallops,core,49429,399910
2013,TWN,TAIWAN,scallops,core,3236,226660
2013,RUS,RUSSIAN FEDERATION,scallops,core,10000,159834
2013,IDN,INDONESIA,scallops,core,1600,126801
2013,NZL,NEW ZEALAND,scallops,core,18507,113880
2013,AUS,AUSTRALIA,scallops,core,215,5159
2013,GBR,UNITED KINGDOM,scallops,core,300,3908
2013,MEX,MEXICO,sea_cucumber_urchin_other_inverts,extended,1507486,33672626
2013,CAN,CANADA,sea_cucumber_urchin_other_inverts,extended,4355757,8020834
2013,HND,HONDURAS,sea_cucumber_urchin_other_inverts,extended,244848,2520141
2013,HTI,HAITI,sea_cucumber_urchin_other_inverts,extended,43855,954245
2013,JPN,JAPAN,sea_cucumber_urchin_other_inverts,extended,68335,801748
2013,GRC,GREECE,sea_cucumber_urchin_other_inverts,extended,53048,552921
2013,BLZ,BELIZE,sea_cucumber_urchin_other_inverts,extended,15255,351806
2013,HKG,CHINA - HONG KONG,sea_cucumber_urchin_other_inverts,extended,8738,311816
2013,CHN,CHINA,sea_cucumber_urchin_other_inverts,extended,16974,264976
2013,VNM,VIETNAM,sea_cucumber_urchin_other_inverts,extended,106708,256184
2013,TWN,TAIWAN,sea_cucumber_urchin_other_inverts,extended,17426,206661
2013,JAM,JAMAICA,sea_cucumber_urchin_other_inverts,extended,11085,186361
2013,CHL,CHILE,sea_cucumber_urchin_other_inverts,extended,6546,172994
2013,PHL,PHILIPPINES,sea_cucumber_urchin_other_inverts,extended,3000,167850
2013,MRT,MAURITANIA,sea_cucumber_urchin_other_inverts,extended,2304,126000
2013,EGY,EGYPT,sea_cucumber_urchin_other_inverts,extended,2082,101799
2013,TUR,TURKEY,sea_cucumber_urchin_other_inverts,extended,8323,92660
2013,KOR,SOUTH KOREA,sea_cucumber_urchin_other_inverts,extended,5841,79594
2013,TUN,TUNISIA,sea_cucumber_urchin_other_inverts,extended,1596,65100
2013,ESP,SPAIN,sea_cucumber_urchin_other_inverts,extended,291,30320
2013,NIC,NICARAGUA,sea_cucumber_urchin_other_inverts,extended,1178,20984
2013,DOM,DOMINICAN REPUBLIC,sea_cucumber_urchin_other_inverts,extended,1875,11128
2013,IDN,INDONESIA,sea_cucumber_urchin_other_inverts,extended,68,8545
2013,PER,PERU,sea_cucumber_urchin_other_inverts,extended,388,2422
2013,NZL,NEW ZEALAND,sharks_rays_skates,extended,50000,550907
2013,HKG,CHINA - HONG KONG,sharks_rays_skates,extended,66388,328858
2013,CAN,CANADA,sharks_rays_skates,extended,343562,287569
2013,MEX,MEXICO,sharks_rays_skates,extended,57122,128185
2013,CHN,CHINA,sharks_rays_skates,extended,9527,75384
2013,ESP,SPAIN,sharks_rays_skates,extended,2604,55640
2013,BRA,BRAZIL,sharks_rays_skates,extended,3234,18653
2013,CRI,COSTA RICA,sharks_rays_skates,extended,4356,10646
2013,TTO,TRINIDAD & TOBAGO,sharks_rays_skates,extended,1987,9051
2013,IDN,INDONESIA,sharks_rays_skates,extended,105,7560
2013,FRA,FRANCE,sharks_rays_skates,extended,2979,6568
2013,MMR,BURMA,sharks_rays_skates,extended,520,4522
2013,ZAF,SOUTH AFRICA,sharks_rays_skates,extended,84,3408
2013,IND,INDIA,shrimp,core,90983559,1006751975
2013,IDN,INDONESIA,shrimp,core,81146909,909764843
2013,THA,THAILAND,shrimp,core,84047730,904872922
2013,VNM,VIETNAM,shrimp,core,59827425,727997503
2013,ECU,ECUADOR,shrimp,core,74728383,656224822
2013,MEX,MEXICO,shrimp,core,18486614,263972806
2013,CHN,CHINA,shrimp,core,32504514,238626031
2013,PER,PERU,shrimp,core,9015951,88783506
2013,MYS,MALAYSIA,shrimp,core,10494739,81615832
2013,HND,HONDURAS,shrimp,core,8532457,75536064
2013,BGD,BANGLADESH,shrimp,core,3568598,53117054
2013,PAN,PANAMA,shrimp,core,4802335,50712570
2013,GUY,GUYANA,shrimp,core,8733742,45408800
2013,NIC,NICARAGUA,shrimp,core,3208624,26580266
2013,CAN,CANADA,shrimp,core,2344194,25685005
2013,GTM,GUATEMALA,shrimp,core,2373899,22321444
2013,PHL,PHILIPPINES,shrimp,core,2467975,20561440
2013,ARG,ARGENTINA,shrimp,core,1726203,16283283
2013,VEN,VENEZUELA,shrimp,core,2066422,13710833
2013,BLZ,BELIZE,shrimp,core,783451,7372902
2013,PAK,PAKISTAN,shrimp,core,228944,6040251
2013,SUR,SURINAME,shrimp,core,935992,5635432
2013,ARE,UNITED ARAB EMIRATES,shrimp,core,790608,5574718
2013,MMR,BURMA,shrimp,core,369005,4561481
2013,NGA,NIGERIA,shrimp,core,158701,4531842
2013,TWN,TAIWAN,shrimp,core,337729,3031306
2013,LKA,SRI LANKA,shrimp,core,311764,2629309
2013,CRI,COSTA RICA,shrimp,core,123311,1767593
2013,BRN,BRUNEI,shrimp,core,91293,1758862
2013,HKG,CHINA - HONG KONG,shrimp,core,61765,1114128
2013,SLV,EL SALVADOR,shrimp,core,147694,947187
2013,KOR,SOUTH KOREA,shrimp,core,114801,588048
2013,SGP,SINGAPORE,shrimp,core,43984,546561
2013,NCL,NEW CALEDONIA,shrimp,core,32880,541493
2013,COL,COLOMBIA,shrimp,core,20698,448433
2013,CHL,CHILE,shrimp,core,28457,310084
2013,DNK,DENMARK,shrimp,core,53979,300223
2013,AUS,AUSTRALIA,shrimp,core,8010,213475
2013,MDG,MADAGASCAR,shrimp,core,10351,210798
2013,ESP,SPAIN,shrimp,core,8128,207915
2013,NLD,NETHERLANDS,shrimp,core,8813,201516
2013,BRA,BRAZIL,shrimp,core,9020,119345
2013,JPN,JAPAN,shrimp,core,14225,96865
2013,PRT,PORTUGAL,shrimp,core,11720,84815
2013,MOZ,MOZAMBIQUE,shrimp,core,1428,50497
2013,MAR,MOROCCO,shrimp,core,5208,37316
2013,ISL,ICELAND,shrimp,core,4000,24200
2013,SEN,SENEGAL,shrimp,core,1752,21063
2013,ITA,ITALY,shrimp,core,312,11754
2013,NOR,NORWAY,shrimp,core,810,8568
2013,GRC,GREECE,shrimp,core,749,8389
2013,TUN,TUNISIA,shrimp,core,216,4513
2013,CIV,IVORY COAST,shrimp,core,595,4260
2013,CMR,CAMEROON,shrimp,core,274,2008
2013,MAR,MOROCCO,small_pelagics_other,extended,5726056,42448618
2013,POL,POLAND,small_pelagics_other,extended,4621241,27622226
2013,CAN,CANADA,small_pelagics_other,extended,9198169,21323117
2013,THA,THAILAND,small_pelagics_other,extended,4102249,13720253
2013,ECU,ECUADOR,small_pelagics_other,extended,4469118,9061125
2013,ESP,SPAIN,small_pelagics_other,extended,724408,5338238
2013,CHN,CHINA,small_pelagics_other,extended,1930919,4413401
2013,ITA,ITALY,small_pelagics_other,extended,340403,4376738
2013,VNM,VIETNAM,small_pelagics_other,extended,814176,4345336
2013,PRT,PORTUGAL,small_pelagics_other,extended,1003053,4336943
2013,KOR,SOUTH KOREA,small_pelagics_other,extended,622920,3881243
2013,PER,PERU,small_pelagics_other,extended,568425,2973067
2013,PHL,PHILIPPINES,small_pelagics_other,extended,1444674,2869449
2013,CHL,CHILE,small_pelagics_other,extended,232020,1880446
2013,LVA,LATVIA,small_pelagics_other,extended,550237,1800644
2013,GBR,UNITED KINGDOM,small_pelagics_other,extended,320251,1743568
2013,ARG,ARGENTINA,small_pelagics_other,extended,432295,1371153
2013,MEX,MEXICO,small_pelagics_other,extended,973007,1026253
2013,JPN,JAPAN,small_pelagics_other,extended,219423,1002782
2013,TUR,TURKEY,small_pelagics_other,extended,80332,463686
2013,ISL,ICELAND,small_pelagics_other,extended,372834,413846
2013,GUY,GUYANA,small_pelagics_other,extended,103798,404604
2013,IND,INDIA,small_pelagics_other,extended,141171,257526
2013,FRA,FRANCE,small_pelagics_other,extended,49194,209492
2013,MYS,MALAYSIA,small_pelagics_other,extended,23622,154774
2013,HRV,CROATIA,small_pelagics_other,extended,21661,141604
2013,NOR,NORWAY,small_pelagics_other,extended,75000,85900
2013,SVN,SLOVENIA,small_pelagics_other,extended,9873,60515
2013,GRC,GREECE,small_pelagics_other,extended,6649,50165
2013,TUN,TUNISIA,small_pelagics_other,extended,10713,45179
2013,TWN,TAIWAN,small_pelagics_other,extended,10970,40838
2013,UKR,UKRAINE,small_pelagics_other,extended,16712,40549
2013,DEU,GERMANY,small_pelagics_other,extended,6955,40503
2013,RUS,RUSSIAN FEDERATION,small_pelagics_other,extended,11172,34397
2013,VEN,VENEZUELA,small_pelagics_other,extended,29536,32558
2013,CRI,COSTA RICA,small_pelagics_other,extended,8450,23509
2013,SUR,SURINAME,small_pelagics_other,extended,4415,19563
2013,VCT,ST.VINCENT-GRENADINE,small_pelagics_other,extended,3490,17096
2013,SWE,SWEDEN,small_pelagics_other,extended,1513,15677
2013,NIC,NICARAGUA,small_pelagics_other,extended,4809,11270
2013,LKA,SRI LANKA,small_pelagics_other,extended,2068,10233
2013,PAN,PANAMA,small_pelagics_other,extended,3680,6440
2013,HKG,CHINA - HONG KONG,small_pelagics_other,extended,3756,5456
2013,BRA,BRAZIL,small_pelagics_other,extended,1962,3544
2013,BEL,BELGIUM,small_pelagics_other,extended,122,2163
2013,MEX,MEXICO,snapper_grouper,core,7880539,55581093
2013,BRA,BRAZIL,snapper_grouper,core,3096478,17688831
2013,NIC,NICARAGUA,snapper_grouper,core,2233456,14195776
2013,PAN,PANAMA,snapper_grouper,core,1677712,12251724
2013,SUR,SURINAME,snapper_grouper,core,1311680,8314774
2013,NZL,NEW ZEALAND,snapper_grouper,core,589144,4756635
2013,TTO,TRINIDAD & TOBAGO,snapper_grouper,core,713792,4321395
2013,IDN,INDONESIA,snapper_grouper,core,517845,3828919
2013,GUY,GUYANA,snapper_grouper,core,918915,3819702
2013,CRI,COSTA RICA,snapper_grouper,core,373629,2557745
2013,HND,HONDURAS,snapper_grouper,core,485538,2411027
2013,SLV,EL SALVADOR,snapper_grouper,core,121726,860386
2013,TON,TONGA,snapper_grouper,core,59563,632908
2013,GTM,GUATEMALA,snapper_grouper,core,80336,499711
2013,BHS,BAHAMAS,snapper_grouper,core,69759,493725
2013,ECU,ECUADOR,snapper_grouper,core,60226,451622
2013,CHN,CHINA,snapper_grouper,core,49368,404821
2013,THA,THAILAND,snapper_grouper,core,55741,369872
2013,IND,INDIA,snapper_grouper,core,94526,305247
2013,VNM,VIETNAM,snapper_grouper,core,20621,142669
2013,OMN,OMAN,snapper_grouper,core,10371,92991
2013,PHL,PHILIPPINES,snapper_grouper,core,18565,84549
2013,TWN,TAIWAN,snapper_grouper,core,33567,64871
2013,TCA,TURKS & CAICOS IS.,snapper_grouper,core,11418,62373
2013,VEN,VENEZUELA,snapper_grouper,core,6451,57342
2013,FJI,FIJI,snapper_grouper,core,1637,16376
2013,VCT,ST.VINCENT-GRENADINE,snapper_grouper,core,2798,15271
2013,ARG,ARGENTINA,snapper_grouper,core,4990,12225
2013,PAK,PAKISTAN,snapper_grouper,core,1066,5987
2013,KOR,SOUTH KOREA,snapper_grouper,core,952,3203
2013,SEN,SENEGAL,snapper_grouper,core,282,3137
2013,JPN,JAPAN,snapper_grouper,core,49,3028
2013,HKG,CHINA - HONG KONG,snapper_grouper,core,263,2625
2013,LKA,SRI LANKA,snapper_grouper,core,300,2400
2013,GHA,GHANA,snapper_grouper,core,20,2330
2013,CHN,CHINA,squid_octopus,core,43177522,178457170
2013,THA,THAILAND,squid_octopus,core,5063879,31427732
2013,ESP,SPAIN,squid_octopus,core,4868632,27953261
2013,IND,INDIA,squid_octopus,core,5959881,24221688
2013,TWN,TAIWAN,squid_octopus,core,3141790,13936241
2013,KOR,SOUTH KOREA,squid_octopus,core,4353087,13913966
2013,JPN,JAPAN,squid_octopus,core,1149906,12458808
2013,PER,PERU,squid_octopus,core,3461393,10788936
2013,ARG,ARGENTINA,squid_octopus,core,5138666,9941493
2013,PHL,PHILIPPINES,squid_octopus,core,2888131,9825902
2013,IDN,INDONESIA,squid_octopus,core,1830002,8244161
2013,NZL,NEW ZEALAND,squid_octopus,core,1761730,5206497
2013,PRT,PORTUGAL,squid_octopus,core,813086,4804688
2013,MEX,MEXICO,squid_octopus,core,1739058,4455694
2013,VNM,VIETNAM,squid_octopus,core,575006,3752256
2013,MAR,MOROCCO,squid_octopus,core,283345,2180964
2013,MYS,MALAYSIA,squid_octopus,core,368740,1487669
2013,CHL,CHILE,squid_octopus,core,447846,1116521
2013,LKA,SRI LANKA,squid_octopus,core,211063,1041220
2013,HKG,CHINA - HONG KONG,squid_octopus,core,58285,580539
2013,ITA,ITALY,squid_octopus,core,17412,251574
2013,URY,URUGUAY,squid_octopus,core,102562,211027
2013,CAN,CANADA,squid_octopus,core,13243,174084
2013,GRC,GREECE,squid_octopus,core,25022,153951
2013,ZAF,SOUTH AFRICA,squid_octopus,core,16435,112049
2013,TZA,TANZANIA,squid_octopus,core,11055,82623
2013,KEN,KENYA,squid_octopus,core,9700,77238
2013,BRA,BRAZIL,squid_octopus,core,18768,69626
2013,MRT,MAURITANIA,squid_octopus,core,7962,69405
2013,AUS,AUSTRALIA,squid_octopus,core,17650,62152
2013,SEN,SENEGAL,squid_octopus,core,8985,59804
2013,MMR,BURMA,squid_octopus,core,20646,57214
2013,SGP,SINGAPORE,squid_octopus,core,11473,50019
2013,BEL,BELGIUM,squid_octopus,core,5351,41308
2013,NLD,NETHERLANDS,squid_octopus,core,6601,26875
2013,ARE,UNITED ARAB EMIRATES,squid_octopus,core,6654,26515
2013,ECU,ECUADOR,squid_octopus,core,7407,19959
2013,NIC,NICARAGUA,squid_octopus,core,3628,18535
2013,ISL,ICELAND,squid_octopus,core,2700,15750
2013,GBR,UNITED KINGDOM,squid_octopus,core,945,9307
2013,LTU,LITHUANIA,squid_octopus,core,765,3419
2013,TUN,TUNISIA,squid_octopus,core,360,3277
2013,ECU,ECUADOR,swordfish,core,1867670,15172512
2013,CAN,CANADA,swordfish,core,1187312,14209615
2013,CRI,COSTA RICA,swordfish,core,883983,7549316
2013,SGP,SINGAPORE,swordfish,core,858350,7267596
2013,CHL,CHILE,swordfish,core,555672,5327044
2013,BRA,BRAZIL,swordfish,core,577325,3840140
2013,PAN,PANAMA,swordfish,core,394173,3400402
2013,NZL,NEW ZEALAND,swordfish,core,323465,2589173
2013,MEX,MEXICO,swordfish,core,388833,2442705
2013,AUS,AUSTRALIA,swordfish,core,176035,2247472
2013,ZAF,SOUTH AFRICA,swordfish,core,297932,2045358
2013,IDN,INDONESIA,swordfish,core,188957,1850923
2013,VNM,VIETNAM,swordfish,core,186361,1595233
2013,ESP,SPAIN,swordfish,core,77280,834954
2013,VUT,VANUATU,swordfish,core,14429,180205
2013,PHL,PHILIPPINES,swordfish,core,13901,162523
2013,FJI,FIJI,swordfish,core,23746,148692
2013,SYC,SEYCHELLES,swordfish,core,11918,109761
2013,FRA,FRANCE,swordfish,core,13426,80799
2013,THA,THAILAND,swordfish,core,6965,80770
2013,NIC,NICARAGUA,swordfish,core,8604,79110
2013,TTO,TRINIDAD & TOBAGO,swordfish,core,7144,75181
2013,IND,INDIA,swordfish,core,11528,37722
2013,TCA,TURKS & CAICOS IS.,swordfish,core,2940,24446
2013,PYF,FRENCH POLYNESIA,swordfish,core,1980,15699
2013,ARG,ARGENTINA,swordfish,core,12974,9152
2013,LKA,SRI LANKA,swordfish,core,587,7189
2013,CHN,CHINA,tilapia,core,170511325,700381351
2013,IDN,INDONESIA,tilapia,core,11847326,81824993
2013,HND,HONDURAS,tilapia,core,8263492,64756904
2013,CRI,COSTA RICA,tilapia,core,6792319,51265369
2013,TWN,TAIWAN,tilapia,core,18558658,42213311
2013,ECU,ECUADOR,tilapia,core,5667281,36718920
2013,COL,COLOMBIA,tilapia,core,3876616,31016331
2013,MEX,MEXICO,tilapia,core,1676542,13394541
2013,THA,THAILAND,tilapia,core,1940923,10343723
2013,PAN,PANAMA,tilapia,core,737771,4024748
2013,SLV,EL SALVADOR,tilapia,core,395441,2796311
2013,VNM,VIETNAM,tilapia,core,1199486,2245860
2013,PER,PERU,tilapia,core,200928,1578161
2013,MYS,MALAYSIA,tilapia,core,136341,862622
2013,PAK,PAKISTAN,tilapia,core,95250,699810
2013,ARG,ARGENTINA,tilapia,core,310175,587952
2013,NOR,NORWAY,tilapia,core,37260,541100
2013,BRA,BRAZIL,tilapia,core,67445,503250
2013,PHL,PHILIPPINES,tilapia,core,103401,304162
2013,ISL,ICELAND,tilapia,core,48291,268159
2013,KOR,SOUTH KOREA,tilapia,core,66645,255754
2013,CHL,CHILE,tilapia,core,35111,200048
2013,HKG,CHINA - HONG KONG,tilapia,core,77625,183121
2013,HTI,HAITI,tilapia,core,6307,127377
2013,KGZ,KYRGYZSTAN,tilapia,core,17962,105636
2013,NIC,NICARAGUA,tilapia,core,21682,83059
2013,RUS,RUSSIAN FEDERATION,tilapia,core,17057,75763
2013,IND,INDIA,tilapia,core,38700,53786
2013,GUY,GUYANA,tilapia,core,7861,48487
2013,BGD,BANGLADESH,tilapia,core,9500,35594
2013,MMR,BURMA,tilapia,core,3874,14331
2013,GHA,GHANA,tilapia,core,322,11500
2013,PRT,PORTUGAL,tilapia,core,1374,10008
2013,CAN,CANADA,tilapia,core,1497,9066
2013,SYC,SEYCHELLES,tilapia,core,499,3412
2013,SLE,SIERRA LEONE,tilapia,core,748,2600
2013,GIN,GUINEA,tilapia,core,197,2031
2013,CHL,CHILE,toothfish,extended,1708852,40025377
2013,KOR,SOUTH KOREA,toothfish,extended,2002133,25383182
2013,ARG,ARGENTINA,toothfish,extended,1116610,21302155
2013,NZL,NEW ZEALAND,toothfish,extended,734620,13769953
2013,FLK,FALKLAND IS.,toothfish,extended,1096008,13029887
2013,REU,REUNION,toothfish,extended,791048,9751685
2013,AUS,AUSTRALIA,toothfish,extended,441089,9414032
2013,URY,URUGUAY,toothfish,extended,350877,4689353
2013,SHN,ST.HELENA,toothfish,extended,330147,4198370
2013,UKR,UKRAINE,toothfish,extended,178687,3691789
2013,ZAF,SOUTH AFRICA,toothfish,extended,183647,3683656
2013,GBR,UNITED KINGDOM,toothfish,extended,202106,3662490
2013,CHN,CHINA,toothfish,extended,114681,3515954
2013,ESP,SPAIN,toothfish,extended,197598,3486295
2013,RUS,RUSSIAN FEDERATION,toothfish,extended,186114,2710029
2013,PER,PERU,toothfish,extended,222204,2412034
2013,FRA,FRANCE,toothfish,extended,86228,1660773
2013,JPN,JAPAN,toothfish,extended,75494,1384483
2013,NOR,NORWAY,toothfish,extended,49101,896094
2013,MUS,MAURITIUS,toothfish,extended,16706,329866
2013,CHL,CHILE,trout,core,5518808,53537875
2013,CAN,CANADA,trout,core,1411703,10548142
2013,COL,COLOMBIA,trout,core,789554,6019806
2013,ARG,ARGENTINA,trout,core,605887,2134553
2013,NOR,NORWAY,trout,core,202560,1934067
2013,GBR,UNITED KINGDOM,trout,core,239926,1722620
2013,CRI,COSTA RICA,trout,core,89463,701026
2013,PER,PERU,trout,core,56241,492118
2013,AUS,AUSTRALIA,trout,core,34657,479058
2013,PAN,PANAMA,trout,core,39435,343178
2013,VNM,VIETNAM,trout,core,23221,328000
2013,DNK,DENMARK,trout,core,19071,319248
2013,CHN,CHINA,trout,core,22541,272857
2013,ESP,SPAIN,trout,core,17500,71542
2013,JPN,JAPAN,trout,core,5156,66274
2013,MEX,MEXICO,trout,core,5925,30712
2013,SUR,SURINAME,trout,core,8880,30636
2013,TUR,TURKEY,trout,core,3892,28255
2013,RUS,RUSSIAN FEDERATION,trout,core,845,13394
2013,ISL,ICELAND,trout,core,788,10694
2013,GTM,GUATEMALA,trout,core,7035,9085
2013,IRL,IRELAND,trout,core,1916,5685
2013,DEU,GERMANY,trout,core,544,2903
2013,BRA,BRAZIL,trout,core,162,2148
2013,THA,THAILAND,tuna,core,106324087,539281506
2013,IDN,INDONESIA,tuna,core,18191680,148281932
2013,VNM,VIETNAM,tuna,core,24630607,145713911
2013,ECU,ECUADOR,tuna,core,19554231,137633358
2013,PHL,PHILIPPINES,tuna,core,22362516,136053031
2013,CHN,CHINA,tuna,core,23268503,117356409
2013,FJI,FIJI,tuna,core,13479360,70746320
2013,COL,COLOMBIA,tuna,core,9510674,52697931
2013,MUS,MAURITIUS,tuna,core,7464449,43478036
2013,MEX,MEXICO,tuna,core,4956227,26622401
2013,LKA,SRI LANKA,tuna,core,2469792,23650387
2013,CAN,CANADA,tuna,core,3391638,22558224
2013,TTO,TRINIDAD & TOBAGO,tuna,core,1674418,17786626
2013,MDV,MALDIVE IS.,tuna,core,1276989,17327881
2013,CRI,COSTA RICA,tuna,core,1637178,16942711
2013,ESP,SPAIN,tuna,core,691553,15010574
2013,PAN,PANAMA,tuna,core,1690538,14902986
2013,VEN,VENEZUELA,tuna,core,963247,11376400
2013,MHL,MARSHALL IS.,tuna,core,1832141,9935013
2013,KOR,SOUTH KOREA,tuna,core,1557960,9507962
2013,SLB,SOLOMON IS.,tuna,core,1481794,8010052
2013,PYF,FRENCH POLYNESIA,tuna,core,642602,5983539
2013,JPN,JAPAN,tuna,core,489851,5721199
2013,SUR,SURINAME,tuna,core,851803,5700525
2013,PNG,PAPUA NEW GUINEA,tuna,core,927836,5565324
2013,GRD,GRENADA,tuna,core,751960,5397301
2013,BRA,BRAZIL,tuna,core,521969,4713450
2013,TWN,TAIWAN,tuna,core,379002,2802662
2013,ZAF,SOUTH AFRICA,tuna,core,383106,2558668
2013,PRT,PORTUGAL,tuna,core,246790,2217312
2013,AUS,AUSTRALIA,tuna,core,176021,1855918
2013,SGP,SINGAPORE,tuna,core,219860,1722006
2013,BRB,BARBADOS,tuna,core,154540,1465229
2013,MYS,MALAYSIA,tuna,core,248241,1153305
2013,ITA,ITALY,tuna,core,120173,958102
2013,SYC,SEYCHELLES,tuna,core,114102,868069
2013,ISR,ISRAEL,tuna,core,205410,779577
2013,PER,PERU,tuna,core,100715,583773
2013,FSM,FED STATES OF MICRON,tuna,core,46620,544402
2013,HKG,CHINA - HONG KONG,tuna,core,128024,493332
2013,HRV,CROATIA,tuna,core,113499,413802
2013,DEU,GERMANY,tuna,core,15031,319168
2013,TUR,TURKEY,tuna,core,65499,261962
2013,CPV,CAPE VERDE,tuna,core,20505,228002
2013,CIV,IVORY COAST,tuna,core,13008,185089
2013,MLT,MALTA,tuna,core,27807,125211
2013,SEN,SENEGAL,tuna,core,8489,109321
2013,CYP,CYPRUS,tuna,core,28587,101294
2013,VUT,VANUATU,tuna,core,20249,97594
2013,TUN,TUNISIA,tuna,core,7508,92958
2013,SLV,EL SALVADOR,tuna,core,9468,86808
2013,GRC,GREECE,tuna,core,3523,82394
2013,TCA,TURKS & CAICOS IS.,tuna,core,12219,77579
2013,IND,INDIA,tuna,core,6712,62898
2013,CHL,CHILE,tuna,core,5080,61593
2013,COK,COOK IS.,tuna,core,24776,58550
2013,FRA,FRANCE,tuna,core,2597,37690
2013,NZL,NEW ZEALAND,tuna,core,8050,35416
2013,SWE,SWEDEN,tuna,core,2956,24900
2013,KIR,KIRIBATI,tuna,core,1067,24862
2013,POL,POLAND,tuna,core,2938,13109
2013,WSM,WESTERN SAMOA,tuna,core,2435,12179
2013,DOM,DOMINICAN REPUBLIC,tuna,core,653,10800
2013,TON,TONGA,tuna,core,1467,8780
2013,SVN,SLOVENIA,tuna,core,575,8153
2013,SVK,SLOVAKIA,tuna,core,990,6032
2014,CHN,CHINA,catfish_other,extended,7363553,35575796
2014,VNM,VIETNAM,catfish_other,extended,181008,561451
2014,BRA,BRAZIL,catfish_other,extended,130866,418330
2014,PHL,PHILIPPINES,catfish_other,extended,19372,108239
2014,MMR,BURMA,catfish_other,extended,6443,55684
2014,GUY,GUYANA,catfish_other,extended,4620,39933
2014,THA,THAILAND,catfish_other,extended,6110,16943
2014,PYF,FRENCH POLYNESIA,catfish_other,extended,1356,13523
2014,ISL,ICELAND,catfish_other,extended,1024,13012
2014,VEN,VENEZUELA,catfish_other,extended,6524,10112
2014,IND,INDIA,catfish_other,extended,868,6699
2014,CHN,CHINA,clams,core,13783019,29118483
2014,CAN,CANADA,clams,core,2668811,20786243
2014,VNM,VIETNAM,clams,core,2082239,5573018
2014,THA,THAILAND,clams,core,1517431,4753466
2014,IDN,INDONESIA,clams,core,938251,2963267
2014,CHL,CHILE,clams,core,707092,2757343
2014,MEX,MEXICO,clams,core,639609,2337890
2014,NZL,NEW ZEALAND,clams,core,517376,2031302
2014,NLD,NETHERLANDS,clams,core,188196,491508
2014,TWN,TAIWAN,clams,core,148905,416893
2014,JPN,JAPAN,clams,core,16295,202915
2014,PHL,PHILIPPINES,clams,core,28614,148488
2014,PER,PERU,clams,core,35983,123852
2014,KOR,SOUTH KOREA,clams,core,8292,71157
2014,ESP,SPAIN,clams,core,5978,66387
2014,ITA,ITALY,clams,core,4265,32276
2014,ECU,ECUADOR,clams,core,6444,27674
2014,PAN,PANAMA,clams,core,13213,16365
2014,PRT,PORTUGAL,clams,core,2214,11887
2014,PLW,PALAU,clams,core,140,2939
2014,CHN,CHINA,cod,core,45818314,239186892
2014,ISL,ICELAND,cod,core,7354048,64455788
2014,CAN,CANADA,cod,core,4812845,32172754
2014,RUS,RUSSIAN FEDERATION,cod,core,4386885,29791330
2014,NOR,NORWAY,cod,core,3573241,24842072
2014,THA,THAILAND,cod,core,1230287,8065420
2014,VNM,VIETNAM,cod,core,336193,2001877
2014,PRT,PORTUGAL,cod,core,265688,1736598
2014,POL,POLAND,cod,core,299095,1515381
2014,DEU,GERMANY,cod,core,12038,813941
2014,GBR,UNITED KINGDOM,cod,core,72376,674401
2014,NLD,NETHERLANDS,cod,core,36570,624851
2014,GRL,GREENLAND,cod,core,63615,413730
2014,ESP,SPAIN,cod,core,47695,333691
2014,FRO,FAROE IS.,cod,core,14795,128174
2014,IRL,IRELAND,cod,core,5197,59571
2014,JPN,JAPAN,cod,core,1705,44084
2014,NZL,NEW ZEALAND,cod,core,2110,22454
2014,MEX,MEXICO,cod,core,2380,16732
2014,PHL,PHILIPPINES,cod,core,5397,15750
2014,GRC,GREECE,cod,core,1647,13674
2014,KOR,SOUTH KOREA,cod,core,2802,13352
2014,MHL,MARSHALL IS.,cod,core,1420,11085
2014,LVA,LATVIA,cod,core,1175,3720
2014,CAN,CANADA,crab,core,44510411,513446523
2014,IDN,INDONESIA,crab,core,10342741,261911238
2014,RUS,RUSSIAN FEDERATION,crab,core,15500093,259787336
2014,CHN,CHINA,crab,core,11248736,151733642
2014,PHL,PHILIPPINES,crab,core,3457829,91219397
2014,VNM,VIETNAM,crab,core,3343769,68536808
2014,THA,THAILAND,crab,core,2769184,51533718
2014,MEX,MEXICO,crab,core,2810806,37108390
2014,IND,INDIA,crab,core,1165662,30652570
2014,VEN,VENEZUELA,crab,core,1725349,27676465
2014,ARG,ARGENTINA,crab,core,2021624,25006496
2014,MMR,BURMA,crab,core,1116347,24405440
2014,KOR,SOUTH KOREA,crab,core,1013881,10953706
2014,CHL,CHILE,crab,core,605062,9331398
2014,LKA,SRI LANKA,crab,core,536587,7359604
2014,MYS,MALAYSIA,crab,core,285606,6311914
2014,NOR,NORWAY,crab,core,401197,5932219
2014,LTU,LITHUANIA,crab,core,542764,5239712
2014,GRL,GREENLAND,crab,core,370831,4196939
2014,BHS,BAHAMAS,crab,core,135892,4043837
2014,COL,COLOMBIA,crab,core,113633,2210500
2014,NIC,NICARAGUA,crab,core,223277,1277200
2014,ECU,ECUADOR,crab,core,62822,1266674
2014,JPN,JAPAN,crab,core,107409,1263241
2014,ESP,SPAIN,crab,core,57764,704096
2014,TWN,TAIWAN,crab,core,12111,373465
2014,BHR,BAHRAIN,crab,core,46615,206182
2014,IRL,IRELAND,crab,core,22271,171723
2014,HKG,CHINA - HONG KONG,crab,core,41127,151812
2014,ITA,ITALY,crab,core,8305,84557
2014,AUS,AUSTRALIA,crab,core,1699,76040
2014,PAK,PAKISTAN,crab,core,6494,65144
2014,HND,HONDURAS,crab,core,5239,48178
2014,GUY,GUYANA,crab,core,5770,41625
2014,PER,PERU,crab,core,2161,26270
2014,SWE,SWEDEN,crab,core,3137,24212
2014,PRT,PORTUGAL,crab,core,2312,17805
2014,DOM,DOMINICAN REPUBLIC,crab,core,1936,13712
2014,FRA,FRANCE,crab,core,564,12973
2014,BLZ,BELIZE,crab,core,1034,4400
2014,ISL,ICELAND,crab,core,2492,3730
2014,SUR,SURINAME,crab,core,386,2940
2014,GBR,UNITED KINGDOM,crab,core,271,2717
2014,CHN,CHINA,crawfish_freshwater,extended,7449607,76465699
2014,ESP,SPAIN,crawfish_freshwater,extended,571692,5056720
2014,JPN,JAPAN,crawfish_freshwater,extended,90398,2024018
2014,EGY,EGYPT,crawfish_freshwater,extended,12302,235944
2014,NGA,NIGERIA,crawfish_freshwater,extended,1041,5739
2014,CHN,CHINA,eel_sturgeon_shad,extended,2806377,45275653
2014,TWN,TAIWAN,eel_sturgeon_shad,extended,176010,1059127
2014,ISL,ICELAND,eel_sturgeon_shad,extended,74042,1044533
2014,KOR,SOUTH KOREA,eel_sturgeon_shad,extended,38618,667017
2014,JPN,JAPAN,eel_sturgeon_shad,extended,48693,543813
2014,ARG,ARGENTINA,eel_sturgeon_shad,extended,140743,513118
2014,CAN,CANADA,eel_sturgeon_shad,extended,42811,500357
2014,NOR,NORWAY,eel_sturgeon_shad,extended,30995,289545
2014,ESP,SPAIN,eel_sturgeon_shad,extended,31443,245241
2014,BRA,BRAZIL,eel_sturgeon_shad,extended,43177,237317
2014,VNM,VIETNAM,eel_sturgeon_shad,extended,59473,221573
2014,GRC,GREECE,eel_sturgeon_shad,extended,20196,170584
2014,IDN,INDONESIA,eel_sturgeon_shad,extended,43908,164560
2014,PAN,PANAMA,eel_sturgeon_shad,extended,19289,161965
2014,NLD,NETHERLANDS,eel_sturgeon_shad,extended,4577,91807
2014,TUR,TURKEY,eel_sturgeon_shad,extended,6935,80138
2014,PRT,PORTUGAL,eel_sturgeon_shad,extended,7215,62374
2014,THA,THAILAND,eel_sturgeon_shad,extended,15110,62005
2014,CHL,CHILE,eel_sturgeon_shad,extended,6185,60680
2014,GBR,UNITED KINGDOM,eel_sturgeon_shad,extended,3960,47987
2014,LKA,SRI LANKA,eel_sturgeon_shad,extended,1195,5970
2014,LVA,LATVIA,eel_sturgeon_shad,extended,520,4082
2014,HKG,CHINA - HONG KONG,eel_sturgeon_shad,extended,930,3600
2014,POL,POLAND,eel_sturgeon_shad,extended,864,3457
2014,CHN,CHINA,flatfish,core,16109077,67415992
2014,CAN,CANADA,flatfish,core,4175394,26020908
2014,NLD,NETHERLANDS,flatfish,core,1221406,12891320
2014,ARG,ARGENTINA,flatfish,core,1604668,10977984
2014,MEX,MEXICO,flatfish,core,618465,4011271
2014,THA,THAILAND,flatfish,core,584424,3688830
2014,ISL,ICELAND,flatfish,core,388544,3388466
2014,KOR,SOUTH KOREA,flatfish,core,119154,1789175
2014,ESP,SPAIN,flatfish,core,90680,1087590
2014,VNM,VIETNAM,flatfish,core,260806,745188
2014,FRA,FRANCE,flatfish,core,85958,608822
2014,GRL,GREENLAND,flatfish,core,129206,574706
2014,NOR,NORWAY,flatfish,core,68946,471994
2014,BEL,BELGIUM,flatfish,core,33248,442983
2014,NIC,NICARAGUA,flatfish,core,66882,296584
2014,PAN,PANAMA,flatfish,core,61628,236108
2014,IND,INDIA,flatfish,core,58009,211001
2014,KAZ,KAZAKHSTAN,flatfish,core,32051,188522
2014,TWN,TAIWAN,flatfish,core,21500,105477
2014,GBR,UNITED KINGDOM,flatfish,core,11122,104399
2014,IDN,INDONESIA,flatfish,core,4300,67687
2014,PRT,PORTUGAL,flatfish,core,1528,38429
2014,JPN,JAPAN,flatfish,core,2906,30074
2014,DNK,DENMARK,flatfish,core,654,19578
2014,NZL,NEW ZEALAND,flatfish,core,1414,12775
2014,ITA,ITALY,flatfish,core,381,12477
2014,MMR,BURMA,flatfish,core,662,8224
2014,FRO,FAROE IS.,flatfish,core,4120,8101
2014,BRA,BRAZIL,flatfish,core,703,7329
2014,LKA,SRI LANKA,flatfish,core,650,4805
2014,CAN,CANADA,halibut,core,4277558,71520559
2014,CHN,CHINA,halibut,core,1436958,24342496
2014,MEX,MEXICO,halibut,core,405730,2281745
2014,NOR,NORWAY,halibut,core,78146,1324662
2014,KOR,SOUTH KOREA,halibut,core,14978,302972
2014,FRA,FRANCE,halibut,core,27940,197827
2014,NLD,NETHERLANDS,halibut,core,43464,164206
2014,RUS,RUSSIAN FEDERATION,halibut,core,7446,88926
2014,GBR,UNITED KINGDOM,halibut,core,5478,76218
2014,ISL,ICELAND,halibut,core,1026,12259
2014,ESP,SPAIN,halibut,core,956,12197
2014,AUS,AUSTRALIA,halibut,core,363,11975
2014,CAN,CANADA,herring,core,10444562,33817800
2014,DEU,GERMANY,herring,core,985854,5437844
2014,POL,POLAND,herring,core,740933,3039415
2014,CHN,CHINA,herring,core,380681,2418298
2014,ECU,ECUADOR,herring,core,929500,1844149
2014,BLR,BELARUS,herring,core,493169,1804080
2014,ISL,ICELAND,herring,core,181412,1298176
2014,NOR,NORWAY,herring,core,545688,1276508
2014,LTU,LITHUANIA,herring,core,175091,664096
2014,PHL,PHILIPPINES,herring,core,121369,575626
2014,SWE,SWEDEN,herring,core,119873,572685
2014,DNK,DENMARK,herring,core,121984,543205
2014,NLD,NETHERLANDS,herring,core,121415,542279
2014,GBR,UNITED KINGDOM,herring,core,77240,407371
2014,LVA,LATVIA,herring,core,97768,251455
2014,JPN,JAPAN,herring,core,15729,191052
2014,RUS,RUSSIAN FEDERATION,herring,core,35183,181278
2014,MMR,BURMA,herring,core,9500,101803
2014,THA,THAILAND,herring,core,21116,81142
2014,KOR,SOUTH KOREA,herring,core,28948,64728
2014,FIN,FINLAND,herring,core,6120,59483
2014,GIN,GUINEA,herring,core,50002,44325
2014,UKR,UKRAINE,herring,core,9042,40856
2014,MEX,MEXICO,herring,core,16330,22000
2014,GRC,GREECE,herring,core,1982,18686
2014,IRL,IRELAND,herring,core,1432,13911
2014,BRA,BRAZIL,herring,core,8505,12758
2014,VNM,VIETNAM,herring,core,2150,10772
2014,SEN,SENEGAL,herring,core,2798,8904
2014,SVK,SLOVAKIA,herring,core,1210,5359
2014,GHA,GHANA,herring,core,700,4500
2014,JAM,JAMAICA,herring,core,298,2400
2014,CAN,CANADA,inland_freshwater_other,extended,7115808,73914858
2014,RUS,RUSSIAN FEDERATION,inland_freshwater_other,extended,331018,4264961
2014,POL,POLAND,inland_freshwater_other,extended,185440,2369853
2014,TUR,TURKEY,inland_freshwater_other,extended,153065,1962032
2014,UGA,UGANDA,inland_freshwater_other,extended,287376,1703982
2014,KAZ,KAZAKHSTAN,inland_freshwater_other,extended,96885,1258935
2014,PER,PERU,inland_freshwater_other,extended,427119,933812
2014,CHN,CHINA,inland_freshwater_other,extended,151465,802428
2014,EST,ESTONIA,inland_freshwater_other,extended,42165,548539
2014,VNM,VIETNAM,inland_freshwater_other,extended,140025,411501
2014,KEN,KENYA,inland_freshwater_other,extended,61197,389086
2014,NLD,NETHERLANDS,inland_freshwater_other,extended,20141,207547
2014,TWN,TAIWAN,inland_freshwater_other,extended,73868,195119
2014,TZA,TANZANIA,inland_freshwater_other,extended,18180,136350
2014,MMR,BURMA,inland_freshwater_other,extended,45356,135566
2014,PRT,PORTUGAL,inland_freshwater_other,extended,21326,93395
2014,UKR,UKRAINE,inland_freshwater_other,extended,5979,79943
2014,CHL,CHILE,inland_freshwater_other,extended,19800,75764
2014,JPN,JAPAN,inland_freshwater_other,extended,1261,14171
2014,HKG,CHINA - HONG KONG,inland_freshwater_other,extended,721,4134
2014,KOR,SOUTH KOREA,inland_freshwater_other,extended,300,3575
2014,ECU,ECUADOR,large_pelagics_other,extended,7028268,57971339
2014,PER,PERU,large_pelagics_other,extended,5581660,46039971
2014,TWN,TAIWAN,large_pelagics_other,extended,5864653,45052799
2014,CRI,COSTA RICA,large_pelagics_other,extended,1944122,14464943
2014,PAN,PANAMA,large_pelagics_other,extended,1595958,11313319
2014,IDN,INDONESIA,large_pelagics_other,extended,725027,5707855
2014,GTM,GUATEMALA,large_pelagics_other,extended,1271788,5473501
2014,NIC,NICARAGUA,large_pelagics_other,extended,721639,4670538
2014,VNM,VIETNAM,large_pelagics_other,extended,591869,3922407
2014,CHN,CHINA,large_pelagics_other,extended,307058,1819859
2014,MEX,MEXICO,large_pelagics_other,extended,341906,892730
2014,FJI,FIJI,large_pelagics_other,extended,197299,865648
2014,PYF,FRENCH POLYNESIA,large_pelagics_other,extended,94347,711977
2014,AUS,AUSTRALIA,large_pelagics_other,extended,35649,328772
2014,CHL,CHILE,large_pelagics_other,extended,38549,312257
2014,LKA,SRI LANKA,large_pelagics_other,extended,23472,206008
2014,SLV,EL SALVADOR,large_pelagics_other,extended,33458,203986
2014,THA,THAILAND,large_pelagics_other,extended,28334,200153
2014,TON,TONGA,large_pelagics_other,extended,46204,199938
2014,SUR,SURINAME,large_pelagics_other,extended,20267,173679
2014,TTO,TRINIDAD & TOBAGO,large_pelagics_other,extended,26915,156143
2014,PHL,PHILIPPINES,large_pelagics_other,extended,20728,148258
2014,ZAF,SOUTH AFRICA,large_pelagics_other,extended,8921,85292
2014,MYS,MALAYSIA,large_pelagics_other,extended,9525,80455
2014,DOM,DOMINICAN REPUBLIC,large_pelagics_other,extended,6460,73013
2014,BRA,BRAZIL,large_pelagics_other,extended,4939,40840
2014,JPN,JAPAN,large_pelagics_other,extended,4415,32840
2014,VEN,VENEZUELA,large_pelagics_other,extended,3429,31276
2014,CAN,CANADA,large_pelagics_other,extended,3289,23252
2014,IND,INDIA,large_pelagics_other,extended,5844,18853
2014,GRC,GREECE,large_pelagics_other,extended,90,13823
2014,NZL,NEW ZEALAND,large_pelagics_other,extended,650,5370
2014,CAN,CANADA,lobster,core,52828280,1064927837
2014,BRA,BRAZIL,lobster,core,1622371,54590189
2014,HND,HONDURAS,lobster,core,1285636,38571818
2014,BHS,BAHAMAS,lobster,core,1240203,33213536
2014,NIC,NICARAGUA,lobster,core,1621315,31739401
2014,ZAF,SOUTH AFRICA,lobster,core,362742,20816886
2014,AUS,AUSTRALIA,lobster,core,214222,9129699
2014,BLZ,BELIZE,lobster,core,210724,6432305
2014,JAM,JAMAICA,lobster,core,155195,4775158
2014,DOM,DOMINICAN REPUBLIC,lobster,core,181653,4673683
2014,CHN,CHINA,lobster,core,852173,4583967
2014,NZL,NEW ZEALAND,lobster,core,92454,3032207
2014,SHN,ST.HELENA,lobster,core,137889,2752482
2014,COL,COLOMBIA,lobster,core,89222,2638218
2014,TCA,TURKS & CAICOS IS.,lobster,core,57216,1675620
2014,CHL,CHILE,lobster,core,75867,1661758
2014,THA,THAILAND,lobster,core,75375,1491933
2014,ARE,UNITED ARAB EMIRATES,lobster,core,46621,1359816
2014,IRL,IRELAND,lobster,core,97190,1328401
2014,MEX,MEXICO,lobster,core,50736,1008374
2014,PAN,PANAMA,lobster,core,78499,966843
2014,JPN,JAPAN,lobster,core,41774,908085
2014,PNG,PAPUA NEW GUINEA,lobster,core,14322,596706
2014,ESP,SPAIN,lobster,core,66806,369673
2014,ISL,ICELAND,lobster,core,17654,315414
2014,TWN,TAIWAN,lobster,core,19630,287353
2014,PRT,PORTUGAL,lobster,core,43406,285252
2014,MOZ,MOZAMBIQUE,lobster,core,6924,275765
2014,VNM,VIETNAM,lobster,core,11906,251598
2014,PER,PERU,lobster,core,16420,245436
2014,TTO,TRINIDAD & TOBAGO,lobster,core,20182,223208
2014,ECU,ECUADOR,lobster,core,9256,216034
2014,LCA,ST.LUCIA,lobster,core,4536,187163
2014,NAM,NAMIBIA,lobster,core,5335,181424
2014,LKA,SRI LANKA,lobster,core,11354,130515
2014,FRO,FAROE IS.,lobster,core,6345,110774
2014,DNK,DENMARK,lobster,core,8984,104800
2014,IDN,INDONESIA,lobster,core,4207,97398
2014,HTI,HAITI,lobster,core,6485,92417
2014,NLD,NETHERLANDS,lobster,core,3780,59327
2014,VCT,ST.VINCENT-GRENADINE,lobster,core,1547,20056
2014,SGP,SINGAPORE,lobster,core,3466,18756
2014,MAR,MOROCCO,lobster,core,197,7916
2014,FRA,FRANCE,lobster,core,42,7869
2014,HKG,CHINA - HONG KONG,lobster,core,136,5685
2014,BGD,BANGLADESH,lobster,core,619,5250
2014,MYS,MALAYSIA,lobster,core,1000,4850
2014,CHN,CHINA,mackerel,core,6786642,13793243
2014,NOR,NORWAY,mackerel,core,3738837,10298070
2014,THA,THAILAND,mackerel,core,2422778,8246062
2014,JPN,JAPAN,mackerel,core,1003280,7146157
2014,VNM,VIETNAM,mackerel,core,1412182,4877560
2014,CAN,CANADA,mackerel,core,702339,3061895
2014,KOR,SOUTH KOREA,mackerel,core,929577,3050123
2014,TWN,TAIWAN,mackerel,core,614849,1174503
2014,BRA,BRAZIL,mackerel,core,211697,1028012
2014,ECU,ECUADOR,mackerel,core,127066,973717
2014,PRT,PORTUGAL,mackerel,core,175314,893378
2014,GBR,UNITED KINGDOM,mackerel,core,220030,836310
2014,GRC,GREECE,mackerel,core,76092,792339
2014,NLD,NETHERLANDS,mackerel,core,266811,658344
2014,IND,INDIA,mackerel,core,232282,642710
2014,ESP,SPAIN,mackerel,core,340167,589493
2014,MEX,MEXICO,mackerel,core,208815,549006
2014,TUN,TUNISIA,mackerel,core,49583,544494
2014,COL,COLOMBIA,mackerel,core,55700,396325
2014,POL,POLAND,mackerel,core,68415,375281
2014,CHL,CHILE,mackerel,core,124635,360383
2014,ISL,ICELAND,mackerel,core,156103,344455
2014,SUR,SURINAME,mackerel,core,44214,331068
2014,MYS,MALAYSIA,mackerel,core,104231,318808
2014,DNK,DENMARK,mackerel,core,65660,254120
2014,PER,PERU,mackerel,core,100570,250889
2014,PHL,PHILIPPINES,mackerel,core,76794,227906
2014,PAN,PANAMA,mackerel,core,24839,195642
2014,IDN,INDONESIA,mackerel,core,34763,154777
2014,MAR,MOROCCO,mackerel,core,19646,154623
2014,DEU,GERMANY,mackerel,core,26851,143657
2014,SVN,SLOVENIA,mackerel,core,17154,131031
2014,FJI,FIJI,mackerel,core,21255,120909
2014,NZL,NEW ZEALAND,mackerel,core,23565,120851
2014,FRO,FAROE IS.,mackerel,core,70686,119634
2014,NIC,NICARAGUA,mackerel,core,12093,101382
2014,LTU,LITHUANIA,mackerel,core,17014,89700
2014,ARG,ARGENTINA,mackerel,core,55094,77814
2014,LVA,LATVIA,mackerel,core,16392,59622
2014,IRL,IRELAND,mackerel,core,50000,50700
2014,RUS,RUSSIAN FEDERATION,mackerel,core,20610,48836
2014,HRV,CROATIA,mackerel,core,5572,48182
2014,SLB,SOLOMON IS.,mackerel,core,4396,19389
2014,FRA,FRANCE,mackerel,core,846,12769
2014,PYF,FRENCH POLYNESIA,mackerel,core,1554,12604
2014,AUS,AUSTRALIA,mackerel,core,853,11101
2014,CPV,CAPE VERDE,mackerel,core,2189,10077
2014,CRI,COSTA RICA,mackerel,core,1320,9818
2014,PAK,PAKISTAN,mackerel,core,2000,4844
2014,GHA,GHANA,mackerel,core,1395,3520
2014,MRT,MAURITANIA,mackerel,core,2320,2320
2014,NZL,NEW ZEALAND,mussels,core,9794470,59898472
2014,CAN,CANADA,mussels,core,14507798,40484433
2014,CHL,CHILE,mussels,core,8691019,23968018
2014,CHN,CHINA,mussels,core,402354,1233412
2014,THA,THAILAND,mussels,core,145028,1004652
2014,MEX,MEXICO,mussels,core,221836,907237
2014,ESP,SPAIN,mussels,core,45116,317011
2014,ITA,ITALY,mussels,core,10179,117553
2014,DNK,DENMARK,mussels,core,7001,112867
2014,PRT,PORTUGAL,mussels,core,10963,79333
2014,BEL,BELGIUM,mussels,core,24001,69769
2014,JPN,JAPAN,mussels,core,10810,60770
2014,VNM,VIETNAM,mussels,core,18144,40090
2014,ECU,ECUADOR,mussels,core,3713,33463
2014,KOR,SOUTH KOREA,mussels,core,4722,32207
2014,HKG,CHINA - HONG KONG,mussels,core,1540,12313
2014,NLD,NETHERLANDS,mussels,core,1420,7238
2014,CHN,CHINA,other_groundfish,core,14749512,100650784
2014,CAN,CANADA,other_groundfish,core,12379546,47210394
2014,ISL,ICELAND,other_groundfish,core,3919035,42706575
2014,NOR,NORWAY,other_groundfish,core,5985429,28568557
2014,NZL,NEW ZEALAND,other_groundfish,core,1739816,20800954
2014,ARG,ARGENTINA,other_groundfish,core,2905541,9213371
2014,RUS,RUSSIAN FEDERATION,other_groundfish,core,1225715,9063794
2014,NAM,NAMIBIA,other_groundfish,core,699769,5166742
2014,ZAF,SOUTH AFRICA,other_groundfish,core,553151,3012796
2014,MMR,BURMA,other_groundfish,core,322855,1264658
2014,PER,PERU,other_groundfish,core,473353,1086159
2014,BGD,BANGLADESH,other_groundfish,core,207518,1036912
2014,ECU,ECUADOR,other_groundfish,core,333861,1034567
2014,FRO,FAROE IS.,other_groundfish,core,149095,736416
2014,CHL,CHILE,other_groundfish,core,153165,686031
2014,IDN,INDONESIA,other_groundfish,core,37328,494717
2014,MEX,MEXICO,other_groundfish,core,292734,420596
2014,BRA,BRAZIL,other_groundfish,core,46124,316396
2014,URY,URUGUAY,other_groundfish,core,126019,293663
2014,TWN,TAIWAN,other_groundfish,core,53941,184353
2014,PRT,PORTUGAL,other_groundfish,core,36074,153229
2014,PAK,PAKISTAN,other_groundfish,core,20918,113998
2014,IND,INDIA,other_groundfish,core,20689,101742
2014,SLV,EL SALVADOR,other_groundfish,core,13238,83622
2014,TTO,TRINIDAD & TOBAGO,other_groundfish,core,7922,61324
2014,THA,THAILAND,other_groundfish,core,6557,50392
2014,HKG,CHINA - HONG KONG,other_groundfish,core,9597,35969
2014,ESP,SPAIN,other_groundfish,core,8462,32980
2014,GBR,UNITED KINGDOM,other_groundfish,core,735,8100
2014,VNM,VIETNAM,other_groundfish,core,2093,7734
2014,FRA,FRANCE,other_groundfish,core,411,3625
2014,CHN,CHINA,other_shellfish_specialty,extended,5325615,26047950
2014,MEX,MEXICO,other_shellfish_specialty,extended,322155,7228377
2014,AUS,AUSTRALIA,other_shellfish_specialty,extended,119931,3816295
2014,BHS,BAHAMAS,other_shellfish_specialty,extended,179588,2375260
2014,CHL,CHILE,other_shellfish_specialty,extended,89504,2063779
2014,FRA,FRANCE,other_shellfish_specialty,extended,211968,2002887
2014,MYS,MALAYSIA,other_shellfish_specialty,extended,538677,1863959
2014,NIC,NICARAGUA,other_shellfish_specialty,extended,150881,1766083
2014,HKG,CHINA - HONG KONG,other_shellfish_specialty,extended,62439,1589093
2014,IDN,INDONESIA,other_shellfish_specialty,extended,248997,1165383
2014,TWN,TAIWAN,other_shellfish_specialty,extended,29241,1152908
2014,NZL,NEW ZEALAND,other_shellfish_specialty,extended,55946,652316
2014,VNM,VIETNAM,other_shellfish_specialty,extended,134351,623633
2014,BLZ,BELIZE,other_shellfish_specialty,extended,45088,593225
2014,HND,HONDURAS,other_shellfish_specialty,extended,56586,476388
2014,TCA,TURKS & CAICOS IS.,other_shellfish_specialty,extended,46188,402350
2014,CAN,CANADA,other_shellfish_specialty,extended,42674,339572
2014,THA,THAILAND,other_shellfish_specialty,extended,74969,295843
2014,JPN,JAPAN,other_shellfish_specialty,extended,17339,281634
2014,KOR,SOUTH KOREA,other_shellfish_specialty,extended,19090,197716
2014,ZAF,SOUTH AFRICA,other_shellfish_specialty,extended,5788,123458
2014,KNA,ST.KITTS-NEVIS,other_shellfish_specialty,extended,9549,63700
2014,ECU,ECUADOR,other_shellfish_specialty,extended,20410,62505
2014,ITA,ITALY,other_shellfish_specialty,extended,4942,59139
2014,SGP,SINGAPORE,other_shellfish_specialty,extended,734,55296
2014,JAM,JAMAICA,other_shellfish_specialty,extended,2902,39200
2014,ESP,SPAIN,other_shellfish_specialty,extended,4421,26294
2014,IND,INDIA,other_shellfish_specialty,extended,10115,24490
2014,PRT,PORTUGAL,other_shellfish_specialty,extended,1256,11629
2014,GHA,GHANA,other_shellfish_specialty,extended,2618,11520
2014,PER,PERU,other_shellfish_specialty,extended,617,6700
2014,NGA,NIGERIA,other_shellfish_specialty,extended,500,4200
2014,CAN,CANADA,oysters,core,2738263,20164007
2014,CHN,CHINA,oysters,core,2905087,19829328
2014,KOR,SOUTH KOREA,oysters,core,2440729,14571085
2014,MEX,MEXICO,oysters,core,1498148,5473806
2014,JPN,JAPAN,oysters,core,320310,2360477
2014,HKG,CHINA - HONG KONG,oysters,core,190860,1098617
2014,NZL,NEW ZEALAND,oysters,core,62506,550375
2014,CMR,CAMEROON,oysters,core,12096,93696
2014,CHL,CHILE,oysters,core,18244,44644
2014,IRL,IRELAND,oysters,core,6,2228
2014,VNM,VIETNAM,pangasius_basa_swai,extended,99765891,309377928
2014,CHN,CHINA,pangasius_basa_swai,extended,224114,975768
2014,BGD,BANGLADESH,pangasius_basa_swai,extended,16330,216000
2014,MMR,BURMA,pangasius_basa_swai,extended,16539,54600
2014,CHN,CHINA,pollock,core,48963733,132640975
2014,VNM,VIETNAM,pollock,core,4006170,10795166
2014,CAN,CANADA,pollock,core,2042931,5383579
2014,KOR,SOUTH KOREA,pollock,core,451238,1793863
2014,ISL,ICELAND,pollock,core,225528,1006192
2014,ESP,SPAIN,pollock,core,35206,296388
2014,THA,THAILAND,pollock,core,32515,127047
2014,RUS,RUSSIAN FEDERATION,pollock,core,30923,98752
2014,JPN,JAPAN,pollock,core,8649,52814
2014,PRT,PORTUGAL,pollock,core,4255,41434
2014,MEX,MEXICO,pollock,core,5500,36375
2014,PHL,PHILIPPINES,pollock,core,4570,13500
2014,NOR,NORWAY,pollock,core,675,12540
2014,CMR,CAMEROON,pollock,core,777,8826
2014,GBR,UNITED KINGDOM,pollock,core,136,5841
2014,ECU,ECUADOR,pollock,core,780,4558
2014,GRC,GREECE,reef_fish_other,extended,2515320,21258165
2014,TUR,TURKEY,reef_fish_other,extended,1841071,14915615
2014,PAN,PANAMA,reef_fish_other,extended,764679,7001024
2014,GTM,GUATEMALA,reef_fish_other,extended,288018,2110683
2014,CYP,CYPRUS,reef_fish_other,extended,183981,1928049
2014,ESP,SPAIN,reef_fish_other,extended,153525,1633471
2014,CAN,CANADA,reef_fish_other,extended,518656,1121974
2014,TTO,TRINIDAD & TOBAGO,reef_fish_other,extended,121374,973887
2014,GBR,UNITED KINGDOM,reef_fish_other,extended,73165,679425
2014,JPN,JAPAN,reef_fish_other,extended,55617,587765
2014,SLV,EL SALVADOR,reef_fish_other,extended,85330,539521
2014,NIC,NICARAGUA,reef_fish_other,extended,60607,435843
2014,TWN,TAIWAN,reef_fish_other,extended,46237,204380
2014,ECU,ECUADOR,reef_fish_other,extended,25183,177066
2014,CHN,CHINA,reef_fish_other,extended,41268,160123
2014,MUS,MAURITIUS,reef_fish_other,extended,17595,150211
2014,NLD,NETHERLANDS,reef_fish_other,extended,4627,136199
2014,NZL,NEW ZEALAND,reef_fish_other,extended,9877,107385
2014,ITA,ITALY,reef_fish_other,extended,5567,103744
2014,PRT,PORTUGAL,reef_fish_other,extended,2350,83215
2014,MEX,MEXICO,reef_fish_other,extended,12103,66455
2014,IDN,INDONESIA,reef_fish_other,extended,5193,15610
2014,HKG,CHINA - HONG KONG,reef_fish_other,extended,2444,12230
2014,BRA,BRAZIL,reef_fish_other,extended,970,10603
2014,NOR,NORWAY,reef_fish_other,extended,1050,6710
2014,DOM,DOMINICAN REPUBLIC,reef_fish_other,extended,600,3873
2014,FJI,FIJI,reef_fish_other,extended,318,3860
2014,FRA,FRANCE,reef_fish_other,extended,157,3369
2014,MRT,MAURITANIA,reef_fish_other,extended,430,2800
2014,POL,POLAND,reef_fish_other,extended,230,2063
2014,CAN,CANADA,sablefish,core,689850,3152456
2014,DNK,DENMARK,sablefish,core,2057,16123
2014,MEX,MEXICO,sablefish,core,4102,12488
2014,CHL,CHILE,salmon,core,132487846,1406393302
2014,CAN,CANADA,salmon,core,64451070,491918674
2014,NOR,NORWAY,salmon,core,27625341,313651065
2014,CHN,CHINA,salmon,core,42127191,244961193
2014,GBR,UNITED KINGDOM,salmon,core,15868843,137297829
2014,FRO,FAROE IS.,salmon,core,16852166,132615708
2014,NLD,NETHERLANDS,salmon,core,2284317,49266048
2014,THA,THAILAND,salmon,core,4706914,25533450
2014,DEU,GERMANY,salmon,core,1990454,25381106
2014,DNK,DENMARK,salmon,core,1674494,24074796
2014,ISL,ICELAND,salmon,core,2121559,20160671
2014,RUS,RUSSIAN FEDERATION,salmon,core,1380391,12898092
2014,POL,POLAND,salmon,core,876815,12340261
2014,NZL,NEW ZEALAND,salmon,core,766721,8520493
2014,IRL,IRELAND,salmon,core,281584,3636910
2014,SWE,SWEDEN,salmon,core,138729,2602090
2014,FRA,FRANCE,salmon,core,124712,2408619
2014,VNM,VIETNAM,salmon,core,208187,1751503
2014,IDN,INDONESIA,salmon,core,17813,301678
2014,JPN,JAPAN,salmon,core,29720,297634
2014,PRT,PORTUGAL,salmon,core,66358,257699
2014,MDV,MALDIVE IS.,salmon,core,7883,136934
2014,LTU,LITHUANIA,salmon,core,4819,51718
2014,KOR,SOUTH KOREA,salmon,core,3888,43582
2014,PHL,PHILIPPINES,salmon,core,2819,25553
2014,ROU,ROMANIA,salmon,core,3349,25432
2014,GRD,GRENADA,salmon,core,2273,25390
2014,CHE,SWITZERLAND,salmon,core,116,25043
2014,ESP,SPAIN,salmon,core,3176,20656
2014,COL,COLOMBIA,salmon,core,2042,15800
2014,TWN,TAIWAN,salmon,core,826,9878
2014,LVA,LATVIA,salmon,core,1236,6983
2014,TTO,TRINIDAD & TOBAGO,salmon,core,432,5242
2014,PAN,PANAMA,salmon,core,227,4464
2014,IND,INDIA,salmon,core,700,3114
2014,BRA,BRAZIL,salmon,core,140,2763
2014,JPN,JAPAN,scallops,core,6421954,141661499
2014,CAN,CANADA,scallops,core,4390058,115872409
2014,CHN,CHINA,scallops,core,10527742,70464500
2014,PER,PERU,scallops,core,2957718,33205430
2014,ARG,ARGENTINA,scallops,core,2189623,22875547
2014,FRO,FAROE IS.,scallops,core,288000,3042556
2014,HKG,CHINA - HONG KONG,scallops,core,33888,1875221
2014,FRA,FRANCE,scallops,core,281612,1769571
2014,MEX,MEXICO,scallops,core,61212,734072
2014,PHL,PHILIPPINES,scallops,core,133919,656054
2014,CHL,CHILE,scallops,core,45250,578958
2014,THA,THAILAND,scallops,core,70860,577765
2014,VNM,VIETNAM,scallops,core,22709,308611
2014,NZL,NEW ZEALAND,scallops,core,37032,245136
2014,GRL,GREENLAND,scallops,core,9348,185464
2014,GBR,UNITED KINGDOM,scallops,core,17038,164485
2014,RUS,RUSSIAN FEDERATION,scallops,core,22500,132975
2014,ESP,SPAIN,scallops,core,937,23068
2014,DOM,DOMINICAN REPUBLIC,scallops,core,305,4647
2014,TWN,TAIWAN,scallops,core,599,3972
2014,MEX,MEXICO,sea_cucumber_urchin_other_inverts,extended,915505,19282553
2014,CAN,CANADA,sea_cucumber_urchin_other_inverts,extended,4512688,8609726
2014,NOR,NORWAY,sea_cucumber_urchin_other_inverts,extended,2425055,5562454
2014,ESP,SPAIN,sea_cucumber_urchin_other_inverts,extended,877441,4404289
2014,HND,HONDURAS,sea_cucumber_urchin_other_inverts,extended,247901,2842578
2014,HTI,HAITI,sea_cucumber_urchin_other_inverts,extended,32815,960144
2014,JPN,JAPAN,sea_cucumber_urchin_other_inverts,extended,27480,868926
2014,GRC,GREECE,sea_cucumber_urchin_other_inverts,extended,29114,442246
2014,HKG,CHINA - HONG KONG,sea_cucumber_urchin_other_inverts,extended,23863,437841
2014,BLZ,BELIZE,sea_cucumber_urchin_other_inverts,extended,14979,275377
2014,TWN,TAIWAN,sea_cucumber_urchin_other_inverts,extended,15377,274023
2014,CHL,CHILE,sea_cucumber_urchin_other_inverts,extended,8983,240988
2014,CHN,CHINA,sea_cucumber_urchin_other_inverts,extended,15753,188917
2014,VNM,VIETNAM,sea_cucumber_urchin_other_inverts,extended,37664,117729
2014,KOR,SOUTH KOREA,sea_cucumber_urchin_other_inverts,extended,4154,97868
2014,TUR,TURKEY,sea_cucumber_urchin_other_inverts,extended,8933,89325
2014,IDN,INDONESIA,sea_cucumber_urchin_other_inverts,extended,7489,61808
2014,PER,PERU,sea_cucumber_urchin_other_inverts,extended,1650,46793
2014,NIC,NICARAGUA,sea_cucumber_urchin_other_inverts,extended,5025,46510
2014,MRT,MAURITANIA,sea_cucumber_urchin_other_inverts,extended,380,24700
2014,BGR,BULGARIA,sea_cucumber_urchin_other_inverts,extended,958,21345
2014,FRA,FRANCE,sea_cucumber_urchin_other_inverts,extended,166,16027
2014,EGY,EGYPT,sea_cucumber_urchin_other_inverts,extended,315,13290
2014,LKA,SRI LANKA,sea_cucumber_urchin_other_inverts,extended,200,10000
2014,DOM,DOMINICAN REPUBLIC,sea_cucumber_urchin_other_inverts,extended,847,3330
2014,NZL,NEW ZEALAND,sharks_rays_skates,extended,34175,406461
2014,CAN,CANADA,sharks_rays_skates,extended,121110,299574
2014,MEX,MEXICO,sharks_rays_skates,extended,85341,253559
2014,HKG,CHINA - HONG KONG,sharks_rays_skates,extended,10665,220828
2014,ESP,SPAIN,sharks_rays_skates,extended,2566,46203
2014,BRA,BRAZIL,sharks_rays_skates,extended,2451,13306
2014,IND,INDIA,sharks_rays_skates,extended,1814,8000
2014,CRI,COSTA RICA,sharks_rays_skates,extended,3344,7362
2014,PAN,PANAMA,sharks_rays_skates,extended,912,3618
2014,ARG,ARGENTINA,sharks_rays_skates,extended,125,3319
2014,KOR,SOUTH KOREA,sharks_rays_skates,extended,100,2536
2014,IND,INDIA,shrimp,core,108817029,1381822361
2014,IDN,INDONESIA,shrimp,core,103330853,1318700714
2014,VNM,VIETNAM,shrimp,core,73707707,1003873445
2014,ECU,ECUADOR,shrimp,core,92429641,901347356
2014,THA,THAILAND,shrimp,core,65242136,821170796
2014,MEX,MEXICO,shrimp,core,20356492,303179020
2014,CHN,CHINA,shrimp,core,32560772,271480645
2014,MYS,MALAYSIA,shrimp,core,17705575,178480755
2014,PER,PERU,shrimp,core,11757118,124641609
2014,HND,HONDURAS,shrimp,core,8014967,66486535
2014,ARG,ARGENTINA,shrimp,core,4495412,44135410
2014,PAN,PANAMA,shrimp,core,4136268,42575689
2014,GUY,GUYANA,shrimp,core,6682748,37607824
2014,CAN,CANADA,shrimp,core,2401549,30537776
2014,PHL,PHILIPPINES,shrimp,core,2901538,27635648
2014,GTM,GUATEMALA,shrimp,core,2239956,24429896
2014,BGD,BANGLADESH,shrimp,core,1492605,24196585
2014,VEN,VENEZUELA,shrimp,core,3424298,23618309
2014,NIC,NICARAGUA,shrimp,core,2754710,22377324
2014,MMR,BURMA,shrimp,core,813586,12866650
2014,BLZ,BELIZE,shrimp,core,766841,9531594
2014,PAK,PAKISTAN,shrimp,core,441581,5641344
2014,LKA,SRI LANKA,shrimp,core,583217,5481634
2014,SUR,SURINAME,shrimp,core,802923,5111476
2014,NGA,NIGERIA,shrimp,core,181018,4839636
2014,ARE,UNITED ARAB EMIRATES,shrimp,core,610354,4828878
2014,TWN,TAIWAN,shrimp,core,317775,3229641
2014,BRN,BRUNEI,shrimp,core,95645,1690142
2014,HKG,CHINA - HONG KONG,shrimp,core,89711,1131830
2014,CRI,COSTA RICA,shrimp,core,66277,957521
2014,KOR,SOUTH KOREA,shrimp,core,117224,731618
2014,NCL,NEW CALEDONIA,shrimp,core,32772,609867
2014,CHL,CHILE,shrimp,core,47563,567420
2014,SLV,EL SALVADOR,shrimp,core,55811,529578
2014,PRT,PORTUGAL,shrimp,core,17399,466415
2014,ESP,SPAIN,shrimp,core,15936,298943
2014,DNK,DENMARK,shrimp,core,29508,270871
2014,BGR,BULGARIA,shrimp,core,17019,224690
2014,COL,COLOMBIA,shrimp,core,16175,213960
2014,JPN,JAPAN,shrimp,core,10675,176719
2014,SEN,SENEGAL,shrimp,core,5904,173405
2014,GBR,UNITED KINGDOM,shrimp,core,2160,50288
2014,AUS,AUSTRALIA,shrimp,core,1975,40844
2014,SGP,SINGAPORE,shrimp,core,3896,16126
2014,MAR,MOROCCO,shrimp,core,348,13121
2014,ITA,ITALY,shrimp,core,396,12420
2014,GRL,GREENLAND,shrimp,core,406,9723
2014,TUN,TUNISIA,shrimp,core,456,8650
2014,CIV,IVORY COAST,shrimp,core,670,4800
2014,MOZ,MOZAMBIQUE,shrimp,core,180,4429
2014,GRC,GREECE,shrimp,core,50,3880
2014,NLD,NETHERLANDS,shrimp,core,90,3460
2014,BRA,BRAZIL,shrimp,core,334,2259
2014,MAR,MOROCCO,small_pelagics_other,extended,5103054,39114051
2014,CAN,CANADA,small_pelagics_other,extended,10034043,28262579
2014,POL,POLAND,small_pelagics_other,extended,3671360,21912388
2014,THA,THAILAND,small_pelagics_other,extended,4535314,13981043
2014,ECU,ECUADOR,small_pelagics_other,extended,4765632,10477137
2014,VNM,VIETNAM,small_pelagics_other,extended,1544188,7354739
2014,CHN,CHINA,small_pelagics_other,extended,3087276,7199706
2014,ESP,SPAIN,small_pelagics_other,extended,743602,5485021
2014,ITA,ITALY,small_pelagics_other,extended,453365,5264448
2014,PER,PERU,small_pelagics_other,extended,744098,5122755
2014,PRT,PORTUGAL,small_pelagics_other,extended,1079043,5115105
2014,KOR,SOUTH KOREA,small_pelagics_other,extended,583042,3590901
2014,PHL,PHILIPPINES,small_pelagics_other,extended,1708085,3367955
2014,ARG,ARGENTINA,small_pelagics_other,extended,365751,2034970
2014,MEX,MEXICO,small_pelagics_other,extended,1206094,1836568
2014,CHL,CHILE,small_pelagics_other,extended,203408,1641907
2014,LVA,LATVIA,small_pelagics_other,extended,450044,1465423
2014,GBR,UNITED KINGDOM,small_pelagics_other,extended,306304,1452103
2014,JPN,JAPAN,small_pelagics_other,extended,152602,707571
2014,TUR,TURKEY,small_pelagics_other,extended,101163,679470
2014,TUN,TUNISIA,small_pelagics_other,extended,79789,418574
2014,ISL,ICELAND,small_pelagics_other,extended,267597,307737
2014,IND,INDIA,small_pelagics_other,extended,133335,260816
2014,NOR,NORWAY,small_pelagics_other,extended,201258,247900
2014,GUY,GUYANA,small_pelagics_other,extended,52633,211620
2014,MYS,MALAYSIA,small_pelagics_other,extended,40273,198992
2014,DEU,GERMANY,small_pelagics_other,extended,18164,159635
2014,HRV,CROATIA,small_pelagics_other,extended,21683,133237
2014,FRA,FRANCE,small_pelagics_other,extended,7972,114396
2014,SVN,SLOVENIA,small_pelagics_other,extended,13109,91338
2014,SWE,SWEDEN,small_pelagics_other,extended,8032,84193
2014,TWN,TAIWAN,small_pelagics_other,extended,9704,50210
2014,HKG,CHINA - HONG KONG,small_pelagics_other,extended,10154,45727
2014,GRC,GREECE,small_pelagics_other,extended,4297,42770
2014,SUR,SURINAME,small_pelagics_other,extended,9422,41568
2014,ZAF,SOUTH AFRICA,small_pelagics_other,extended,5629,22877
2014,OMN,OMAN,small_pelagics_other,extended,25000,19750
2014,LTU,LITHUANIA,small_pelagics_other,extended,3755,16229
2014,EST,ESTONIA,small_pelagics_other,extended,2008,16106
2014,LKA,SRI LANKA,small_pelagics_other,extended,3100,12937
2014,RUS,RUSSIAN FEDERATION,small_pelagics_other,extended,4315,11649
2014,CRI,COSTA RICA,small_pelagics_other,extended,3912,11250
2014,BGD,BANGLADESH,small_pelagics_other,extended,400,6567
2014,BRA,BRAZIL,small_pelagics_other,extended,2985,6498
2014,NIC,NICARAGUA,small_pelagics_other,extended,2631,5220
2014,UKR,UKRAINE,small_pelagics_other,extended,2145,3888
2014,VCT,ST.VINCENT-GRENADINE,small_pelagics_other,extended,440,2140
2014,MEX,MEXICO,snapper_grouper,core,6576119,50364257
2014,NIC,NICARAGUA,snapper_grouper,core,2712699,17223495
2014,BRA,BRAZIL,snapper_grouper,core,2533089,15079044
2014,PAN,PANAMA,snapper_grouper,core,1874013,14446322
2014,SUR,SURINAME,snapper_grouper,core,1125463,7447471
2014,TTO,TRINIDAD & TOBAGO,snapper_grouper,core,901627,6443119
2014,CRI,COSTA RICA,snapper_grouper,core,659504,4471444
2014,NZL,NEW ZEALAND,snapper_grouper,core,532092,4264532
2014,IDN,INDONESIA,snapper_grouper,core,493079,3637183
2014,GUY,GUYANA,snapper_grouper,core,753603,3349850
2014,HND,HONDURAS,snapper_grouper,core,390755,2209748
2014,SLV,EL SALVADOR,snapper_grouper,core,167028,1276020
2014,GTM,GUATEMALA,snapper_grouper,core,164181,1117670
2014,VEN,VENEZUELA,snapper_grouper,core,125359,1076470
2014,IND,INDIA,snapper_grouper,core,129284,544746
2014,THA,THAILAND,snapper_grouper,core,85357,524463
2014,BHS,BAHAMAS,snapper_grouper,core,72497,513508
2014,ECU,ECUADOR,snapper_grouper,core,57849,448668
2014,TWN,TAIWAN,snapper_grouper,core,172744,396443
2014,TON,TONGA,snapper_grouper,core,35638,369152
2014,FJI,FIJI,snapper_grouper,core,34853,263903
2014,CHN,CHINA,snapper_grouper,core,36673,107692
2014,VNM,VIETNAM,snapper_grouper,core,6218,35057
2014,TCA,TURKS & CAICOS IS.,snapper_grouper,core,3059,25794
2014,LKA,SRI LANKA,snapper_grouper,core,2162,19271
2014,MYS,MALAYSIA,snapper_grouper,core,1310,18995
2014,BHR,BAHRAIN,snapper_grouper,core,2503,14622
2014,CAN,CANADA,snapper_grouper,core,3311,12220
2014,TUR,TURKEY,snapper_grouper,core,1056,7956
2014,CHL,CHILE,snapper_grouper,core,574,4648
2014,MUS,MAURITIUS,snapper_grouper,core,780,4413
2014,KIR,KIRIBATI,snapper_grouper,core,200,4409
2014,MDV,MALDIVE IS.,snapper_grouper,core,428,3445
2014,PRT,PORTUGAL,snapper_grouper,core,480,2990
2014,PAK,PAKISTAN,snapper_grouper,core,227,2502
2014,GRD,GRENADA,snapper_grouper,core,381,2250
2014,KOR,SOUTH KOREA,snapper_grouper,core,544,2213
2014,CHN,CHINA,squid_octopus,core,42887386,167821198
2014,ESP,SPAIN,squid_octopus,core,5469708,40998913
2014,THA,THAILAND,squid_octopus,core,4849051,30119877
2014,IND,INDIA,squid_octopus,core,5721541,23123412
2014,TWN,TAIWAN,squid_octopus,core,4132948,14680703
2014,JPN,JAPAN,squid_octopus,core,1269225,12819799
2014,KOR,SOUTH KOREA,squid_octopus,core,4710539,12450367
2014,ARG,ARGENTINA,squid_octopus,core,7656481,12305155
2014,IDN,INDONESIA,squid_octopus,core,2730557,12007019
2014,PHL,PHILIPPINES,squid_octopus,core,3229401,10394133
2014,PER,PERU,squid_octopus,core,2643573,9241448
2014,PRT,PORTUGAL,squid_octopus,core,1161172,8724473
2014,VNM,VIETNAM,squid_octopus,core,1019987,5341746
2014,MEX,MEXICO,squid_octopus,core,1033016,4621269
2014,NZL,NEW ZEALAND,squid_octopus,core,953593,2974476
2014,MYS,MALAYSIA,squid_octopus,core,442905,1703035
2014,CHL,CHILE,squid_octopus,core,644261,1480527
2014,MAR,MOROCCO,squid_octopus,core,167238,1475833
2014,HKG,CHINA - HONG KONG,squid_octopus,core,140413,1007310
2014,LKA,SRI LANKA,squid_octopus,core,161036,752817
2014,ITA,ITALY,squid_octopus,core,35451,403091
2014,CAN,CANADA,squid_octopus,core,24194,320040
2014,ECU,ECUADOR,squid_octopus,core,61096,252084
2014,MRT,MAURITANIA,squid_octopus,core,29747,238382
2014,URY,URUGUAY,squid_octopus,core,101615,164870
2014,NLD,NETHERLANDS,squid_octopus,core,32802,163836
2014,SEN,SENEGAL,squid_octopus,core,16749,137253
2014,BEL,BELGIUM,squid_octopus,core,19810,74272
2014,AUS,AUSTRALIA,squid_octopus,core,3450,70380
2014,MMR,BURMA,squid_octopus,core,3684,41804
2014,ZAF,SOUTH AFRICA,squid_octopus,core,4409,36109
2014,SGP,SINGAPORE,squid_octopus,core,5921,23786
2014,GRC,GREECE,squid_octopus,core,1909,22811
2014,PAK,PAKISTAN,squid_octopus,core,2500,9083
2014,GBR,UNITED KINGDOM,squid_octopus,core,770,5941
2014,ECU,ECUADOR,swordfish,core,2505322,19162612
2014,CAN,CANADA,swordfish,core,1248239,14911141
2014,SGP,SINGAPORE,swordfish,core,845757,7646393
2014,CRI,COSTA RICA,swordfish,core,802866,6799001
2014,PAN,PANAMA,swordfish,core,843909,5872033
2014,AUS,AUSTRALIA,swordfish,core,327158,4052612
2014,VUT,VANUATU,swordfish,core,370567,4018564
2014,MEX,MEXICO,swordfish,core,541707,3694940
2014,BRA,BRAZIL,swordfish,core,489071,3222842
2014,CHL,CHILE,swordfish,core,343723,3133181
2014,ESP,SPAIN,swordfish,core,231574,2653155
2014,VNM,VIETNAM,swordfish,core,222581,1902898
2014,NZL,NEW ZEALAND,swordfish,core,243975,1697626
2014,IDN,INDONESIA,swordfish,core,163926,1666197
2014,ZAF,SOUTH AFRICA,swordfish,core,133839,697970
2014,TCA,TURKS & CAICOS IS.,swordfish,core,23208,206472
2014,NIC,NICARAGUA,swordfish,core,17733,135526
2014,TTO,TRINIDAD & TOBAGO,swordfish,core,12431,114949
2014,FJI,FIJI,swordfish,core,16962,96629
2014,LKA,SRI LANKA,swordfish,core,14645,94489
2014,MYS,MALAYSIA,swordfish,core,6824,68509
2014,SEN,SENEGAL,swordfish,core,23100,66990
2014,PYF,FRENCH POLYNESIA,swordfish,core,3684,28220
2014,SYC,SEYCHELLES,swordfish,core,2452,22707
2014,THA,THAILAND,swordfish,core,4357,22294
2014,GBR,UNITED KINGDOM,swordfish,core,758,7170
2014,BRB,BARBADOS,swordfish,core,406,4016
2014,GUY,GUYANA,swordfish,core,1452,2183
2014,CHN,CHINA,tilapia,core,173912676,773652567
2014,HND,HONDURAS,tilapia,core,10331139,81514684
2014,IDN,INDONESIA,tilapia,core,11608146,78325428
2014,CRI,COSTA RICA,tilapia,core,5455371,42294679
2014,TWN,TAIWAN,tilapia,core,13685242,37928449
2014,COL,COLOMBIA,tilapia,core,4140588,33287712
2014,MEX,MEXICO,tilapia,core,4057176,28973279
2014,ECU,ECUADOR,tilapia,core,2521957,15279187
2014,THA,THAILAND,tilapia,core,2496259,11606116
2014,VNM,VIETNAM,tilapia,core,2883618,8558296
2014,MYS,MALAYSIA,tilapia,core,336906,2385507
2014,PER,PERU,tilapia,core,183307,1737279
2014,NOR,NORWAY,tilapia,core,85650,1234200
2014,PAK,PAKISTAN,tilapia,core,141510,1012658
2014,SLV,EL SALVADOR,tilapia,core,108596,832497
2014,PAN,PANAMA,tilapia,core,281906,823523
2014,BRA,BRAZIL,tilapia,core,56199,420375
2014,GTM,GUATEMALA,tilapia,core,41787,362341
2014,ARG,ARGENTINA,tilapia,core,187460,359925
2014,ISL,ICELAND,tilapia,core,25324,337904
2014,CHL,CHILE,tilapia,core,34952,272184
2014,HTI,HAITI,tilapia,core,12738,213740
2014,HKG,CHINA - HONG KONG,tilapia,core,41694,192000
2014,MMR,BURMA,tilapia,core,31776,123363
2014,RUS,RUSSIAN FEDERATION,tilapia,core,24539,117795
2014,SGP,SINGAPORE,tilapia,core,22109,116934
2014,SWE,SWEDEN,tilapia,core,20412,110700
2014,GBR,UNITED KINGDOM,tilapia,core,7989,74160
2014,IND,INDIA,tilapia,core,35418,70942
2014,ESP,SPAIN,tilapia,core,7003,42750
2014,ITA,ITALY,tilapia,core,19958,40554
2014,NIC,NICARAGUA,tilapia,core,16198,40229
2014,SLE,SIERRA LEONE,tilapia,core,6350,40000
2014,BGD,BANGLADESH,tilapia,core,14028,39850
2014,KOR,SOUTH KOREA,tilapia,core,6512,36315
2014,CAN,CANADA,tilapia,core,6000,26200
2014,PRT,PORTUGAL,tilapia,core,2364,10528
2014,PHL,PHILIPPINES,tilapia,core,2566,10286
2014,CHL,CHILE,toothfish,extended,2074805,42653091
2014,ARG,ARGENTINA,toothfish,extended,1337395,28059002
2014,KOR,SOUTH KOREA,toothfish,extended,1013635,21325011
2014,FLK,FALKLAND IS.,toothfish,extended,922002,19482475
2014,REU,REUNION,toothfish,extended,601507,12337199
2014,NZL,NEW ZEALAND,toothfish,extended,550404,11411954
2014,AUS,AUSTRALIA,toothfish,extended,331084,7623855
2014,FRA,FRANCE,toothfish,extended,309225,6836931
2014,SHN,ST.HELENA,toothfish,extended,320686,6040683
2014,ZAF,SOUTH AFRICA,toothfish,extended,152309,3404970
2014,RUS,RUSSIAN FEDERATION,toothfish,extended,151822,3164992
2014,URY,URUGUAY,toothfish,extended,134404,2898273
2014,ESP,SPAIN,toothfish,extended,122348,2724505
2014,NOR,NORWAY,toothfish,extended,133284,2711203
2014,PER,PERU,toothfish,extended,337633,2329169
2014,JPN,JAPAN,toothfish,extended,93545,1969784
2014,UKR,UKRAINE,toothfish,extended,72365,1676348
2014,MUS,MAURITIUS,toothfish,extended,67534,1570074
2014,GBR,UNITED KINGDOM,toothfish,extended,42948,1116628
2014,TUR,TURKEY,toothfish,extended,1974,37635
2014,GRC,GREECE,toothfish,extended,1114,11559
2014,CHL,CHILE,trout,core,5947073,67900433
2014,CAN,CANADA,trout,core,869553,6577457
2014,COL,COLOMBIA,trout,core,772200,5928867
2014,NOR,NORWAY,trout,core,518970,4702830
2014,GBR,UNITED KINGDOM,trout,core,490505,3777759
2014,ARG,ARGENTINA,trout,core,506307,1728488
2014,PER,PERU,trout,core,132340,1319238
2014,CHN,CHINA,trout,core,99020,781427
2014,CRI,COSTA RICA,trout,core,83311,675969
2014,AUS,AUSTRALIA,trout,core,50394,640914
2014,DNK,DENMARK,trout,core,27459,483571
2014,ISL,ICELAND,trout,core,13769,159494
2014,MEX,MEXICO,trout,core,15452,102859
2014,PAN,PANAMA,trout,core,9799,86655
2014,TUR,TURKEY,trout,core,17450,74675
2014,ECU,ECUADOR,trout,core,2617,32723
2014,VNM,VIETNAM,trout,core,1628,19532
2014,GUY,GUYANA,trout,core,4142,16045
2014,HKG,CHINA - HONG KONG,trout,core,599,3000
2014,THA,THAILAND,tuna,core,107793724,475312852
2014,IDN,INDONESIA,tuna,core,19676022,146373281
2014,PHL,PHILIPPINES,tuna,core,25734791,133781455
2014,VNM,VIETNAM,tuna,core,23654049,131823180
2014,ECU,ECUADOR,tuna,core,18576347,126246934
2014,CHN,CHINA,tuna,core,28999872,119633784
2014,FJI,FIJI,tuna,core,12179976,64640634
2014,MUS,MAURITIUS,tuna,core,8129049,43150581
2014,COL,COLOMBIA,tuna,core,6235627,38674988
2014,MEX,MEXICO,tuna,core,7275284,36581955
2014,LKA,SRI LANKA,tuna,core,3181494,30911617
2014,TTO,TRINIDAD & TOBAGO,tuna,core,2094259,24481785
2014,MDV,MALDIVE IS.,tuna,core,1808825,21286835
2014,CAN,CANADA,tuna,core,2235357,20254114
2014,ESP,SPAIN,tuna,core,1150335,18040506
2014,CRI,COSTA RICA,tuna,core,1133511,11446289
2014,KOR,SOUTH KOREA,tuna,core,1414850,11331925
2014,MHL,MARSHALL IS.,tuna,core,1737324,8405686
2014,SUR,SURINAME,tuna,core,1311665,8063578
2014,PAN,PANAMA,tuna,core,1093118,7600822
2014,JPN,JAPAN,tuna,core,627691,7202795
2014,SLB,SOLOMON IS.,tuna,core,1273803,6919536
2014,VEN,VENEZUELA,tuna,core,596576,6888586
2014,PYF,FRENCH POLYNESIA,tuna,core,712825,6432489
2014,GRD,GRENADA,tuna,core,804935,5715687
2014,BRA,BRAZIL,tuna,core,605800,5271548
2014,AUS,AUSTRALIA,tuna,core,307084,3791610
2014,TWN,TAIWAN,tuna,core,274179,2405058
2014,ZAF,SOUTH AFRICA,tuna,core,359978,2134904
2014,PRT,PORTUGAL,tuna,core,275573,1862159
2014,BRB,BARBADOS,tuna,core,161533,1564789
2014,ITA,ITALY,tuna,core,216151,1140458
2014,SGP,SINGAPORE,tuna,core,91193,853665
2014,DEU,GERMANY,tuna,core,13466,694744
2014,PER,PERU,tuna,core,157536,692424
2014,ISR,ISRAEL,tuna,core,75883,477966
2014,KIR,KIRIBATI,tuna,core,30718,468292
2014,CIV,IVORY COAST,tuna,core,31022,449111
2014,TUR,TURKEY,tuna,core,81162,442573
2014,VUT,VANUATU,tuna,core,42690,440408
2014,MYS,MALAYSIA,tuna,core,56980,392387
2014,HRV,CROATIA,tuna,core,78837,260951
2014,CPV,CAPE VERDE,tuna,core,30191,216430
2014,PNG,PAPUA NEW GUINEA,tuna,core,37053,210487
2014,SLV,EL SALVADOR,tuna,core,27763,209362
2014,SYC,SEYCHELLES,tuna,core,18084,168181
2014,MLT,MALTA,tuna,core,43297,150564
2014,IND,INDIA,tuna,core,34282,131549
2014,NLD,NETHERLANDS,tuna,core,7914,112809
2014,TUN,TUNISIA,tuna,core,2266,110531
2014,FRA,FRANCE,tuna,core,7595,106643
2014,HKG,CHINA - HONG KONG,tuna,core,19417,74660
2014,CHL,CHILE,tuna,core,14514,70646
2014,TON,TONGA,tuna,core,5380,38181
2014,NZL,NEW ZEALAND,tuna,core,4488,27777
2014,TCA,TURKS & CAICOS IS.,tuna,core,2703,21306
2014,GTM,GUATEMALA,tuna,core,22500,16313
2014,SEN,SENEGAL,tuna,core,1148,14807
2014,VCT,ST.VINCENT-GRENADINE,tuna,core,1402,13510
2014,NOR,NORWAY,tuna,core,743,13347
2014,GRC,GREECE,tuna,core,548,12073
2014,GBR,UNITED KINGDOM,tuna,core,935,10515
2014,NIC,NICARAGUA,tuna,core,1145,9658
2014,HND,HONDURAS,tuna,core,1612,7107
2015,CHN,CHINA,catfish_other,extended,4996556,31598730
2015,VNM,VIETNAM,catfish_other,extended,92612,259423
2015,BRA,BRAZIL,catfish_other,extended,41707,174692
2015,MMR,BURMA,catfish_other,extended,8903,68352
2015,PHL,PHILIPPINES,catfish_other,extended,11467,56850
2015,GUY,GUYANA,catfish_other,extended,12439,51431
2015,BGD,BANGLADESH,catfish_other,extended,4854,36794
2015,PRT,PORTUGAL,catfish_other,extended,6681,32045
2015,PAK,PAKISTAN,catfish_other,extended,10773,25184
2015,MEX,MEXICO,catfish_other,extended,2409,13865
2015,THA,THAILAND,catfish_other,extended,2600,11800
2015,ISL,ICELAND,catfish_other,extended,1612,10067
2015,TWN,TAIWAN,catfish_other,extended,1905,7759
2015,IND,INDIA,catfish_other,extended,547,3614
2015,VEN,VENEZUELA,catfish_other,extended,1313,2626
2015,CHN,CHINA,clams,core,15322733,30743921
2015,CAN,CANADA,clams,core,3492301,24521404
2015,VNM,VIETNAM,clams,core,2078730,5153455
2015,IDN,INDONESIA,clams,core,878653,2983033
2015,CHL,CHILE,clams,core,693147,2627808
2015,THA,THAILAND,clams,core,575901,2092788
2015,MEX,MEXICO,clams,core,444607,1448924
2015,NZL,NEW ZEALAND,clams,core,440028,1272632
2015,NLD,NETHERLANDS,clams,core,276658,573598
2015,JPN,JAPAN,clams,core,23718,221180
2015,TWN,TAIWAN,clams,core,70283,196782
2015,ESP,SPAIN,clams,core,52807,92037
2015,KOR,SOUTH KOREA,clams,core,9823,82925
2015,ECU,ECUADOR,clams,core,8733,18344
2015,PER,PERU,clams,core,2796,17210
2015,ITA,ITALY,clams,core,1474,11880
2015,PRT,PORTUGAL,clams,core,3330,11312
2015,PAN,PANAMA,clams,core,7789,9540
2015,HKG,CHINA - HONG KONG,clams,core,375,8063
2015,CHN,CHINA,cod,core,46083748,264236833
2015,ISL,ICELAND,cod,core,8219087,73950472
2015,CAN,CANADA,cod,core,4291788,32326372
2015,RUS,RUSSIAN FEDERATION,cod,core,4585958,31673433
2015,NOR,NORWAY,cod,core,3662013,26308838
2015,THA,THAILAND,cod,core,1090256,7333225
2015,POL,POLAND,cod,core,893039,3022127
2015,DEU,GERMANY,cod,core,128999,2405528
2015,VNM,VIETNAM,cod,core,362853,2294469
2015,PRT,PORTUGAL,cod,core,212587,1750157
2015,NZL,NEW ZEALAND,cod,core,24864,241446
2015,ESP,SPAIN,cod,core,22565,234128
2015,GBR,UNITED KINGDOM,cod,core,16806,184039
2015,GRL,GREENLAND,cod,core,19068,117704
2015,FRO,FAROE IS.,cod,core,33677,113547
2015,TWN,TAIWAN,cod,core,16329,111600
2015,JPN,JAPAN,cod,core,4179,57067
2015,MEX,MEXICO,cod,core,4234,51747
2015,AUS,AUSTRALIA,cod,core,1420,20211
2015,DNK,DENMARK,cod,core,1789,14632
2015,IRL,IRELAND,cod,core,2913,12777
2015,ITA,ITALY,cod,core,600,11494
2015,PHL,PHILIPPINES,cod,core,2609,8120
2015,HKG,CHINA - HONG KONG,cod,core,281,5988
2015,CMR,CAMEROON,cod,core,1992,3543
2015,NLD,NETHERLANDS,cod,core,253,2843
2015,CRI,COSTA RICA,cod,core,236,2046
2015,CAN,CANADA,crab,core,46103218,515178002
2015,RUS,RUSSIAN FEDERATION,crab,core,15276959,256326773
2015,IDN,INDONESIA,crab,core,11742211,246404285
2015,CHN,CHINA,crab,core,11100536,143071075
2015,PHL,PHILIPPINES,crab,core,3397692,76504936
2015,VNM,VIETNAM,crab,core,3131092,62691624
2015,THA,THAILAND,crab,core,2585270,45172834
2015,MEX,MEXICO,crab,core,3285639,37101856
2015,VEN,VENEZUELA,crab,core,1670725,25672614
2015,ARG,ARGENTINA,crab,core,2194581,25256933
2015,IND,INDIA,crab,core,1052004,23547063
2015,NOR,NORWAY,crab,core,1338925,15481786
2015,MMR,BURMA,crab,core,766020,15476245
2015,KOR,SOUTH KOREA,crab,core,993631,10265903
2015,LTU,LITHUANIA,crab,core,1036214,9645238
2015,LKA,SRI LANKA,crab,core,676926,7890952
2015,CHL,CHILE,crab,core,346125,5641207
2015,MYS,MALAYSIA,crab,core,239134,4769803
2015,BHS,BAHAMAS,crab,core,102498,3006583
2015,COL,COLOMBIA,crab,core,124338,2558407
2015,GRL,GREENLAND,crab,core,207196,2287884
2015,NIC,NICARAGUA,crab,core,183281,1937326
2015,LVA,LATVIA,crab,core,128767,1198710
2015,JPN,JAPAN,crab,core,76114,1079826
2015,ECU,ECUADOR,crab,core,42744,634076
2015,HND,HONDURAS,crab,core,15645,308923
2015,HKG,CHINA - HONG KONG,crab,core,63085,261457
2015,AUS,AUSTRALIA,crab,core,9683,209519
2015,BGD,BANGLADESH,crab,core,9297,158901
2015,BEL,BELGIUM,crab,core,18772,106505
2015,IRL,IRELAND,crab,core,14438,92920
2015,BHR,BAHRAIN,crab,core,16330,86702
2015,FRA,FRANCE,crab,core,2058,64370
2015,ITA,ITALY,crab,core,811,42254
2015,PRT,PORTUGAL,crab,core,3821,24688
2015,GRC,GREECE,crab,core,4042,19611
2015,DOM,DOMINICAN REPUBLIC,crab,core,1774,15710
2015,BLZ,BELIZE,crab,core,3012,13255
2015,SWE,SWEDEN,crab,core,1714,11152
2015,GUY,GUYANA,crab,core,545,3600
2015,CHN,CHINA,crawfish_freshwater,extended,4332458,58807341
2015,ESP,SPAIN,crawfish_freshwater,extended,456091,3363659
2015,JPN,JAPAN,crawfish_freshwater,extended,116639,2003094
2015,EGY,EGYPT,crawfish_freshwater,extended,6476,88536
2015,CMR,CAMEROON,crawfish_freshwater,extended,648,8392
2015,CHN,CHINA,eel_sturgeon_shad,extended,6482179,65759136
2015,NOR,NORWAY,eel_sturgeon_shad,extended,131108,1457522
2015,ISL,ICELAND,eel_sturgeon_shad,extended,104598,1204636
2015,CAN,CANADA,eel_sturgeon_shad,extended,107232,946274
2015,ARG,ARGENTINA,eel_sturgeon_shad,extended,231011,835752
2015,JPN,JAPAN,eel_sturgeon_shad,extended,86961,791402
2015,SUR,SURINAME,eel_sturgeon_shad,extended,164000,688905
2015,VNM,VIETNAM,eel_sturgeon_shad,extended,86231,300765
2015,TWN,TAIWAN,eel_sturgeon_shad,extended,51992,276161
2015,KOR,SOUTH KOREA,eel_sturgeon_shad,extended,8846,261860
2015,BRA,BRAZIL,eel_sturgeon_shad,extended,39860,256499
2015,GRC,GREECE,eel_sturgeon_shad,extended,21992,171935
2015,ESP,SPAIN,eel_sturgeon_shad,extended,17376,163687
2015,THA,THAILAND,eel_sturgeon_shad,extended,41771,140562
2015,GBR,UNITED KINGDOM,eel_sturgeon_shad,extended,25305,126313
2015,PRT,PORTUGAL,eel_sturgeon_shad,extended,8013,96505
2015,TUR,TURKEY,eel_sturgeon_shad,extended,9514,76671
2015,MEX,MEXICO,eel_sturgeon_shad,extended,16860,55755
2015,HKG,CHINA - HONG KONG,eel_sturgeon_shad,extended,3282,30485
2015,NLD,NETHERLANDS,eel_sturgeon_shad,extended,1464,23965
2015,PHL,PHILIPPINES,eel_sturgeon_shad,extended,1485,17580
2015,ITA,ITALY,eel_sturgeon_shad,extended,5202,16520
2015,ECU,ECUADOR,eel_sturgeon_shad,extended,2097,15948
2015,NZL,NEW ZEALAND,eel_sturgeon_shad,extended,3202,13276
2015,MDV,MALDIVE IS.,eel_sturgeon_shad,extended,1064,13065
2015,ZAF,SOUTH AFRICA,eel_sturgeon_shad,extended,736,5425
2015,PAN,PANAMA,eel_sturgeon_shad,extended,286,5355
2015,BGD,BANGLADESH,eel_sturgeon_shad,extended,600,4553
2015,ISR,ISRAEL,eel_sturgeon_shad,extended,1,3000
2015,BGR,BULGARIA,eel_sturgeon_shad,extended,220,2585
2015,GUY,GUYANA,eel_sturgeon_shad,extended,514,2083
2015,CHN,CHINA,flatfish,core,16538756,65866250
2015,CAN,CANADA,flatfish,core,5077241,30877525
2015,ARG,ARGENTINA,flatfish,core,1526305,10820129
2015,NLD,NETHERLANDS,flatfish,core,1137492,9597245
2015,THA,THAILAND,flatfish,core,1063631,6689395
2015,ISL,ICELAND,flatfish,core,568211,4092563
2015,MEX,MEXICO,flatfish,core,477479,2934478
2015,KOR,SOUTH KOREA,flatfish,core,155261,1973596
2015,ESP,SPAIN,flatfish,core,164507,1437371
2015,PAN,PANAMA,flatfish,core,216907,975050
2015,NOR,NORWAY,flatfish,core,150508,782632
2015,VNM,VIETNAM,flatfish,core,248025,575268
2015,IDN,INDONESIA,flatfish,core,23940,404748
2015,FRA,FRANCE,flatfish,core,11847,273791
2015,NIC,NICARAGUA,flatfish,core,67060,273620
2015,BRA,BRAZIL,flatfish,core,43608,193967
2015,TUR,TURKEY,flatfish,core,10121,83947
2015,NZL,NEW ZEALAND,flatfish,core,6899,67641
2015,PRT,PORTUGAL,flatfish,core,2083,49685
2015,KAZ,KAZAKHSTAN,flatfish,core,6803,40423
2015,GBR,UNITED KINGDOM,flatfish,core,1371,34768
2015,TWN,TAIWAN,flatfish,core,6000,24794
2015,JPN,JAPAN,flatfish,core,1144,23186
2015,BHS,BAHAMAS,flatfish,core,4797,22063
2015,DNK,DENMARK,flatfish,core,2542,15995
2015,TTO,TRINIDAD & TOBAGO,flatfish,core,1254,13820
2015,IND,INDIA,flatfish,core,1542,5520
2015,CRI,COSTA RICA,flatfish,core,328,3949
2015,MMR,BURMA,flatfish,core,276,3870
2015,ITA,ITALY,flatfish,core,68,2430
2015,CAN,CANADA,halibut,core,4693686,80787779
2015,CHN,CHINA,halibut,core,1798858,30290536
2015,NOR,NORWAY,halibut,core,199740,3023667
2015,MEX,MEXICO,halibut,core,463508,2615865
2015,KOR,SOUTH KOREA,halibut,core,16965,346288
2015,GBR,UNITED KINGDOM,halibut,core,22436,331114
2015,SPM,ST.PIERRE & MIQUELON,halibut,core,19822,166042
2015,ESP,SPAIN,halibut,core,6315,87901
2015,THA,THAILAND,halibut,core,11973,35920
2015,FRA,FRANCE,halibut,core,2597,24664
2015,ISL,ICELAND,halibut,core,363,5600
2015,JPN,JAPAN,halibut,core,101,2321
2015,CAN,CANADA,herring,core,11187897,32510983
2015,DEU,GERMANY,herring,core,1358105,5796728
2015,POL,POLAND,herring,core,868910,3261650
2015,CHN,CHINA,herring,core,332176,2313794
2015,BLR,BELARUS,herring,core,423753,1413735
2015,ECU,ECUADOR,herring,core,672204,1372635
2015,NOR,NORWAY,herring,core,648245,1199291
2015,ISL,ICELAND,herring,core,208735,1139568
2015,PHL,PHILIPPINES,herring,core,176962,822134
2015,LTU,LITHUANIA,herring,core,189305,669144
2015,GBR,UNITED KINGDOM,herring,core,116793,654406
2015,NLD,NETHERLANDS,herring,core,111884,591382
2015,SWE,SWEDEN,herring,core,91257,295398
2015,DNK,DENMARK,herring,core,107196,266954
2015,LVA,LATVIA,herring,core,91376,228447
2015,RUS,RUSSIAN FEDERATION,herring,core,50409,176604
2015,UKR,UKRAINE,herring,core,47271,147110
2015,THA,THAILAND,herring,core,28918,126318
2015,JPN,JAPAN,herring,core,17556,124921
2015,FIN,FINLAND,herring,core,9792,79734
2015,KOR,SOUTH KOREA,herring,core,11345,58096
2015,ESP,SPAIN,herring,core,16320,31800
2015,GIN,GUINEA,herring,core,50800,29000
2015,GRC,GREECE,herring,core,3149,27157
2015,SLE,SIERRA LEONE,herring,core,22950,26320
2015,BGD,BANGLADESH,herring,core,3120,23652
2015,IRL,IRELAND,herring,core,2158,18773
2015,VNM,VIETNAM,herring,core,1900,12771
2015,MMR,BURMA,herring,core,739,8250
2015,MEX,MEXICO,herring,core,6908,6852
2015,ISR,ISRAEL,herring,core,481,5678
2015,GHA,GHANA,herring,core,467,5261
2015,TWN,TAIWAN,herring,core,270,4190
2015,CAN,CANADA,inland_freshwater_other,extended,6030514,67416254
2015,RUS,RUSSIAN FEDERATION,inland_freshwater_other,extended,673894,8238036
2015,KAZ,KAZAKHSTAN,inland_freshwater_other,extended,368671,3917285
2015,POL,POLAND,inland_freshwater_other,extended,275650,3060140
2015,PER,PERU,inland_freshwater_other,extended,746024,1861899
2015,UGA,UGANDA,inland_freshwater_other,extended,273642,1615702
2015,TUR,TURKEY,inland_freshwater_other,extended,148540,1440221
2015,CHN,CHINA,inland_freshwater_other,extended,193838,847944
2015,TTO,TRINIDAD & TOBAGO,inland_freshwater_other,extended,119401,812394
2015,EST,ESTONIA,inland_freshwater_other,extended,59067,705823
2015,NLD,NETHERLANDS,inland_freshwater_other,extended,41507,383862
2015,KEN,KENYA,inland_freshwater_other,extended,37200,254040
2015,TWN,TAIWAN,inland_freshwater_other,extended,72114,173494
2015,CHL,CHILE,inland_freshwater_other,extended,44020,155761
2015,AUT,AUSTRIA,inland_freshwater_other,extended,16715,150570
2015,TZA,TANZANIA,inland_freshwater_other,extended,18180,145440
2015,VNM,VIETNAM,inland_freshwater_other,extended,38802,134973
2015,MMR,BURMA,inland_freshwater_other,extended,42521,114024
2015,UKR,UKRAINE,inland_freshwater_other,extended,10311,106824
2015,ECU,ECUADOR,inland_freshwater_other,extended,19958,57200
2015,KOR,SOUTH KOREA,inland_freshwater_other,extended,2305,28990
2015,HKG,CHINA - HONG KONG,inland_freshwater_other,extended,3180,24669
2015,DEU,GERMANY,inland_freshwater_other,extended,2640,23296
2015,JPN,JAPAN,inland_freshwater_other,extended,6271,22782
2015,PRT,PORTUGAL,inland_freshwater_other,extended,4836,16998
2015,BGD,BANGLADESH,inland_freshwater_other,extended,1680,12715
2015,PER,PERU,large_pelagics_other,extended,8152725,69709098
2015,ECU,ECUADOR,large_pelagics_other,extended,8082278,61665099
2015,TWN,TAIWAN,large_pelagics_other,extended,4698675,36839925
2015,PAN,PANAMA,large_pelagics_other,extended,1279266,10465686
2015,CRI,COSTA RICA,large_pelagics_other,extended,792890,7100489
2015,IDN,INDONESIA,large_pelagics_other,extended,598071,4810584
2015,VNM,VIETNAM,large_pelagics_other,extended,516453,3693660
2015,BRA,BRAZIL,large_pelagics_other,extended,388125,2744929
2015,GTM,GUATEMALA,large_pelagics_other,extended,395982,2632688
2015,TTO,TRINIDAD & TOBAGO,large_pelagics_other,extended,329381,2506069
2015,NIC,NICARAGUA,large_pelagics_other,extended,196867,1503371
2015,FJI,FIJI,large_pelagics_other,extended,175191,1105163
2015,CHL,CHILE,large_pelagics_other,extended,90398,893206
2015,CHN,CHINA,large_pelagics_other,extended,129114,891786
2015,MEX,MEXICO,large_pelagics_other,extended,108433,375815
2015,SLV,EL SALVADOR,large_pelagics_other,extended,37132,350630
2015,MYS,MALAYSIA,large_pelagics_other,extended,57313,349285
2015,TON,TONGA,large_pelagics_other,extended,57326,341663
2015,AUS,AUSTRALIA,large_pelagics_other,extended,18354,194150
2015,IND,INDIA,large_pelagics_other,extended,24150,151902
2015,JPN,JAPAN,large_pelagics_other,extended,21253,142239
2015,THA,THAILAND,large_pelagics_other,extended,21740,135707
2015,SUR,SURINAME,large_pelagics_other,extended,15428,110252
2015,DOM,DOMINICAN REPUBLIC,large_pelagics_other,extended,9142,90990
2015,NZL,NEW ZEALAND,large_pelagics_other,extended,13116,87920
2015,PYF,FRENCH POLYNESIA,large_pelagics_other,extended,10526,71601
2015,PHL,PHILIPPINES,large_pelagics_other,extended,4234,38189
2015,VEN,VENEZUELA,large_pelagics_other,extended,4132,29119
2015,CAN,CANADA,large_pelagics_other,extended,4612,28707
2015,BRB,BARBADOS,large_pelagics_other,extended,1680,12971
2015,SEN,SENEGAL,large_pelagics_other,extended,1727,10363
2015,LKA,SRI LANKA,large_pelagics_other,extended,836,8623
2015,GRD,GRENADA,large_pelagics_other,extended,2039,6117
2015,GRC,GREECE,large_pelagics_other,extended,467,6096
2015,CAN,CANADA,lobster,core,56600927,1185848337
2015,HND,HONDURAS,lobster,core,1646668,47290481
2015,BRA,BRAZIL,lobster,core,1418168,46532767
2015,BHS,BAHAMAS,lobster,core,1457576,40194785
2015,NIC,NICARAGUA,lobster,core,1899885,38799571
2015,ZAF,SOUTH AFRICA,lobster,core,286171,18332838
2015,AUS,AUSTRALIA,lobster,core,117163,6413167
2015,BLZ,BELIZE,lobster,core,192397,6343456
2015,DOM,DOMINICAN REPUBLIC,lobster,core,228094,5789005
2015,JAM,JAMAICA,lobster,core,153076,5081332
2015,CHN,CHINA,lobster,core,746468,4416930
2015,COL,COLOMBIA,lobster,core,106403,3418859
2015,NZL,NEW ZEALAND,lobster,core,96839,2999531
2015,SHN,ST.HELENA,lobster,core,103336,2243063
2015,CHL,CHILE,lobster,core,103187,2224614
2015,TCA,TURKS & CAICOS IS.,lobster,core,63249,1868020
2015,ARE,UNITED ARAB EMIRATES,lobster,core,46905,1261920
2015,PAN,PANAMA,lobster,core,54648,1185474
2015,VNM,VIETNAM,lobster,core,47967,1029379
2015,THA,THAILAND,lobster,core,39968,761015
2015,TWN,TAIWAN,lobster,core,58095,727499
2015,JPN,JAPAN,lobster,core,26146,525583
2015,ESP,SPAIN,lobster,core,73048,334816
2015,DNK,DENMARK,lobster,core,41620,333257
2015,PER,PERU,lobster,core,14263,226732
2015,NLD,NETHERLANDS,lobster,core,12813,203178
2015,FRO,FAROE IS.,lobster,core,6512,195234
2015,GBR,UNITED KINGDOM,lobster,core,10817,172112
2015,PRT,PORTUGAL,lobster,core,16343,167246
2015,ISL,ICELAND,lobster,core,13843,153157
2015,HTI,HAITI,lobster,core,9531,146051
2015,ECU,ECUADOR,lobster,core,24476,120429
2015,MEX,MEXICO,lobster,core,3682,95266
2015,ARG,ARGENTINA,lobster,core,2109,61248
2015,TTO,TRINIDAD & TOBAGO,lobster,core,4815,47030
2015,IRL,IRELAND,lobster,core,1367,40937
2015,NGA,NIGERIA,lobster,core,1394,13825
2015,VCT,ST.VINCENT-GRENADINE,lobster,core,362,12736
2015,MYS,MALAYSIA,lobster,core,1500,7275
2015,FRA,FRANCE,lobster,core,10,5846
2015,TUN,TUNISIA,lobster,core,212,4475
2015,VEN,VENEZUELA,lobster,core,127,3933
2015,HKG,CHINA - HONG KONG,lobster,core,100,3800
2015,CHN,CHINA,mackerel,core,7180963,14232061
2015,NOR,NORWAY,mackerel,core,5044105,10733513
2015,THA,THAILAND,mackerel,core,3022620,9733295
2015,VNM,VIETNAM,mackerel,core,2091780,7448318
2015,JPN,JAPAN,mackerel,core,513119,5170883
2015,KOR,SOUTH KOREA,mackerel,core,1454525,3116117
2015,CAN,CANADA,mackerel,core,586641,2658888
2015,ECU,ECUADOR,mackerel,core,411130,1440130
2015,SUR,SURINAME,mackerel,core,246621,1213948
2015,BRA,BRAZIL,mackerel,core,229490,1125556
2015,TWN,TAIWAN,mackerel,core,526323,926476
2015,PRT,PORTUGAL,mackerel,core,169425,805203
2015,CHL,CHILE,mackerel,core,238893,694263
2015,GRC,GREECE,mackerel,core,65242,599788
2015,ISL,ICELAND,mackerel,core,505104,574602
2015,TUN,TUNISIA,mackerel,core,48432,556298
2015,POL,POLAND,mackerel,core,81032,479842
2015,GBR,UNITED KINGDOM,mackerel,core,135190,408610
2015,MAR,MOROCCO,mackerel,core,58285,400934
2015,ESP,SPAIN,mackerel,core,252404,391939
2015,PER,PERU,mackerel,core,61290,339245
2015,MEX,MEXICO,mackerel,core,141796,313191
2015,IND,INDIA,mackerel,core,68129,304279
2015,MYS,MALAYSIA,mackerel,core,87292,277094
2015,IDN,INDONESIA,mackerel,core,48177,205385
2015,PHL,PHILIPPINES,mackerel,core,84178,186671
2015,COL,COLOMBIA,mackerel,core,24304,171693
2015,NIC,NICARAGUA,mackerel,core,20382,162606
2015,IRL,IRELAND,mackerel,core,122520,162008
2015,PAN,PANAMA,mackerel,core,18798,140002
2015,RUS,RUSSIAN FEDERATION,mackerel,core,55217,108756
2015,DEU,GERMANY,mackerel,core,19215,101616
2015,FRO,FAROE IS.,mackerel,core,48000,97900
2015,NLD,NETHERLANDS,mackerel,core,48710,87191
2015,LVA,LATVIA,mackerel,core,22563,72620
2015,PYF,FRENCH POLYNESIA,mackerel,core,6380,60633
2015,LTU,LITHUANIA,mackerel,core,12249,60482
2015,FJI,FIJI,mackerel,core,8635,57587
2015,SVN,SLOVENIA,mackerel,core,9810,56947
2015,HRV,CROATIA,mackerel,core,5189,43866
2015,FRA,FRANCE,mackerel,core,2875,27378
2015,NZL,NEW ZEALAND,mackerel,core,1889,24509
2015,HKG,CHINA - HONG KONG,mackerel,core,2300,21440
2015,TUR,TURKEY,mackerel,core,812,12770
2015,CPV,CAPE VERDE,mackerel,core,861,8572
2015,ARE,UNITED ARAB EMIRATES,mackerel,core,3795,7211
2015,GUY,GUYANA,mackerel,core,853,5358
2015,CRI,COSTA RICA,mackerel,core,455,3007
2015,CMR,CAMEROON,mackerel,core,2500,2800
2015,NGA,NIGERIA,mackerel,core,259,2030
2015,NZL,NEW ZEALAND,mussels,core,8980315,48452558
2015,CAN,CANADA,mussels,core,12801206,36234466
2015,CHL,CHILE,mussels,core,9688324,26099899
2015,CHN,CHINA,mussels,core,441105,1390544
2015,THA,THAILAND,mussels,core,127129,874569
2015,ESP,SPAIN,mussels,core,82762,461569
2015,MEX,MEXICO,mussels,core,75568,328491
2015,VNM,VIETNAM,mussels,core,44355,144301
2015,KOR,SOUTH KOREA,mussels,core,10858,83139
2015,DNK,DENMARK,mussels,core,20361,78106
2015,IRL,IRELAND,mussels,core,14548,77568
2015,ECU,ECUADOR,mussels,core,2797,35068
2015,PRT,PORTUGAL,mussels,core,4622,28988
2015,JPN,JAPAN,mussels,core,708,9958
2015,BEL,BELGIUM,mussels,core,14704,8674
2015,ITA,ITALY,mussels,core,625,6764
2015,HKG,CHINA - HONG KONG,mussels,core,1041,6160
2015,IND,INDIA,mussels,core,914,5904
2015,MAR,MOROCCO,mussels,core,463,2534
2015,CHN,CHINA,other_groundfish,core,11888455,73108121
2015,CAN,CANADA,other_groundfish,core,13262120,48573589
2015,ISL,ICELAND,other_groundfish,core,3414258,37180187
2015,NOR,NORWAY,other_groundfish,core,5529483,21848707
2015,NZL,NEW ZEALAND,other_groundfish,core,1406610,15164517
2015,ARG,ARGENTINA,other_groundfish,core,3168293,10652669
2015,RUS,RUSSIAN FEDERATION,other_groundfish,core,1415204,8865807
2015,ZAF,SOUTH AFRICA,other_groundfish,core,431256,2439860
2015,FRO,FAROE IS.,other_groundfish,core,398321,1654770
2015,MMR,BURMA,other_groundfish,core,209562,883873
2015,PER,PERU,other_groundfish,core,268457,776945
2015,ECU,ECUADOR,other_groundfish,core,265577,743256
2015,BGD,BANGLADESH,other_groundfish,core,153303,710999
2015,TWN,TAIWAN,other_groundfish,core,91187,414366
2015,BRA,BRAZIL,other_groundfish,core,61213,383955
2015,URY,URUGUAY,other_groundfish,core,168701,383152
2015,CHL,CHILE,other_groundfish,core,60204,367132
2015,THA,THAILAND,other_groundfish,core,22341,265457
2015,SWE,SWEDEN,other_groundfish,core,51520,159197
2015,NAM,NAMIBIA,other_groundfish,core,26471,127455
2015,GBR,UNITED KINGDOM,other_groundfish,core,7584,95841
2015,MEX,MEXICO,other_groundfish,core,70280,82652
2015,PRT,PORTUGAL,other_groundfish,core,21397,81787
2015,PAK,PAKISTAN,other_groundfish,core,10150,47952
2015,POL,POLAND,other_groundfish,core,4550,47656
2015,IDN,INDONESIA,other_groundfish,core,966,5879
2015,CHN,CHINA,other_shellfish_specialty,extended,5701345,26175048
2015,AUS,AUSTRALIA,other_shellfish_specialty,extended,262874,6453826
2015,MEX,MEXICO,other_shellfish_specialty,extended,343127,5852595
2015,NIC,NICARAGUA,other_shellfish_specialty,extended,220569,2581466
2015,BHS,BAHAMAS,other_shellfish_specialty,extended,192275,2454427
2015,HKG,CHINA - HONG KONG,other_shellfish_specialty,extended,108444,2358827
2015,CHL,CHILE,other_shellfish_specialty,extended,107301,2164014
2015,FRA,FRANCE,other_shellfish_specialty,extended,179068,1865678
2015,IDN,INDONESIA,other_shellfish_specialty,extended,398634,1861125
2015,TWN,TAIWAN,other_shellfish_specialty,extended,28830,917968
2015,CAN,CANADA,other_shellfish_specialty,extended,226559,916841
2015,KOR,SOUTH KOREA,other_shellfish_specialty,extended,107831,761890
2015,MYS,MALAYSIA,other_shellfish_specialty,extended,183717,572882
2015,HND,HONDURAS,other_shellfish_specialty,extended,173987,469755
2015,NZL,NEW ZEALAND,other_shellfish_specialty,extended,92481,411250
2015,JPN,JAPAN,other_shellfish_specialty,extended,16678,228823
2015,ECU,ECUADOR,other_shellfish_specialty,extended,133350,228441
2015,VNM,VIETNAM,other_shellfish_specialty,extended,50702,204558
2015,THA,THAILAND,other_shellfish_specialty,extended,46236,165880
2015,PER,PERU,other_shellfish_specialty,extended,16250,128120
2015,ISL,ICELAND,other_shellfish_specialty,extended,23968,118592
2015,KNA,ST.KITTS-NEVIS,other_shellfish_specialty,extended,10912,72785
2015,SGP,SINGAPORE,other_shellfish_specialty,extended,734,54432
2015,NGA,NIGERIA,other_shellfish_specialty,extended,3123,47483
2015,ZAF,SOUTH AFRICA,other_shellfish_specialty,extended,1707,36400
2015,GHA,GHANA,other_shellfish_specialty,extended,2271,31600
2015,CIV,IVORY COAST,other_shellfish_specialty,extended,14458,29155
2015,BIH,BOSNIA-HERCEGOVINA,other_shellfish_specialty,extended,1497,21450
2015,PRT,PORTUGAL,other_shellfish_specialty,extended,1778,8825
2015,ESP,SPAIN,other_shellfish_specialty,extended,473,7024
2015,VCT,ST.VINCENT-GRENADINE,other_shellfish_specialty,extended,494,6475
2015,TUR,TURKEY,other_shellfish_specialty,extended,190,2812
2015,CMR,CAMEROON,other_shellfish_specialty,extended,780,2250
2015,GIN,GUINEA,other_shellfish_specialty,extended,952,2100
2015,CHN,CHINA,oysters,core,3570834,23031217
2015,CAN,CANADA,oysters,core,2584869,20215151
2015,KOR,SOUTH KOREA,oysters,core,3202168,19653391
2015,MEX,MEXICO,oysters,core,1800292,5479430
2015,HKG,CHINA - HONG KONG,oysters,core,421726,1913756
2015,NZL,NEW ZEALAND,oysters,core,127446,823187
2015,JPN,JAPAN,oysters,core,58058,664390
2015,MYS,MALAYSIA,oysters,core,37650,204250
2015,THA,THAILAND,oysters,core,2400,26753
2015,ITA,ITALY,oysters,core,400,4362
2015,VNM,VIETNAM,pangasius_basa_swai,extended,108231235,318142020
2015,CHN,CHINA,pangasius_basa_swai,extended,145127,636683
2015,MMR,BURMA,pangasius_basa_swai,extended,66955,214074
2015,CHN,CHINA,pollock,core,47076361,126533178
2015,VNM,VIETNAM,pollock,core,4140138,11059271
2015,CAN,CANADA,pollock,core,1521062,5968033
2015,PHL,PHILIPPINES,pollock,core,1126165,2963178
2015,ISL,ICELAND,pollock,core,545253,1901880
2015,KOR,SOUTH KOREA,pollock,core,469127,1802565
2015,RUS,RUSSIAN FEDERATION,pollock,core,260044,796770
2015,THA,THAILAND,pollock,core,220113,657210
2015,ESP,SPAIN,pollock,core,38156,261535
2015,ZAF,SOUTH AFRICA,pollock,core,17962,118800
2015,FRO,FAROE IS.,pollock,core,15305,47979
2015,PRT,PORTUGAL,pollock,core,6850,45465
2015,TWN,TAIWAN,pollock,core,13608,27908
2015,ECU,ECUADOR,pollock,core,1715,8960
2015,GBR,UNITED KINGDOM,pollock,core,203,5432
2015,CMR,CAMEROON,pollock,core,4650,4745
2015,JPN,JAPAN,pollock,core,350,3697
2015,GRC,GREECE,reef_fish_other,extended,2677567,17294800
2015,TUR,TURKEY,reef_fish_other,extended,2152278,15061388
2015,PAN,PANAMA,reef_fish_other,extended,696625,7436780
2015,CYP,CYPRUS,reef_fish_other,extended,193808,1880805
2015,ESP,SPAIN,reef_fish_other,extended,167474,1549389
2015,TWN,TAIWAN,reef_fish_other,extended,326965,1300088
2015,JPN,JAPAN,reef_fish_other,extended,105095,1011479
2015,CAN,CANADA,reef_fish_other,extended,380032,856692
2015,ARG,ARGENTINA,reef_fish_other,extended,22859,478651
2015,CHN,CHINA,reef_fish_other,extended,69705,290916
2015,MUS,MAURITIUS,reef_fish_other,extended,33096,263688
2015,MEX,MEXICO,reef_fish_other,extended,42712,197225
2015,GBR,UNITED KINGDOM,reef_fish_other,extended,21974,175951
2015,HKG,CHINA - HONG KONG,reef_fish_other,extended,13652,141893
2015,NLD,NETHERLANDS,reef_fish_other,extended,5654,128749
2015,PRT,PORTUGAL,reef_fish_other,extended,4393,120858
2015,GTM,GUATEMALA,reef_fish_other,extended,20129,117738
2015,NZL,NEW ZEALAND,reef_fish_other,extended,10137,106291
2015,SLV,EL SALVADOR,reef_fish_other,extended,7756,55478
2015,ITA,ITALY,reef_fish_other,extended,729,22583
2015,GUY,GUYANA,reef_fish_other,extended,12902,18781
2015,FRA,FRANCE,reef_fish_other,extended,411,10067
2015,TKL,TOKELAU IS.,reef_fish_other,extended,1050,10013
2015,ZAF,SOUTH AFRICA,reef_fish_other,extended,3481,8851
2015,SUR,SURINAME,reef_fish_other,extended,972,6646
2015,POL,POLAND,reef_fish_other,extended,330,4777
2015,BRA,BRAZIL,reef_fish_other,extended,817,4273
2015,VNM,VIETNAM,reef_fish_other,extended,340,2992
2015,MMR,BURMA,reef_fish_other,extended,613,2942
2015,UKR,UKRAINE,reef_fish_other,extended,504,2016
2015,CAN,CANADA,sablefish,core,1399683,4310567
2015,MEX,MEXICO,sablefish,core,6538,24663
2015,CHL,CHILE,salmon,core,133713671,1155228458
2015,CAN,CANADA,salmon,core,91171604,596812314
2015,NOR,NORWAY,salmon,core,38481465,346008086
2015,CHN,CHINA,salmon,core,37564070,226683740
2015,GBR,UNITED KINGDOM,salmon,core,12931672,100919362
2015,FRO,FAROE IS.,salmon,core,13048279,88946018
2015,NLD,NETHERLANDS,salmon,core,2290225,49905467
2015,DEU,GERMANY,salmon,core,4151207,44299981
2015,THA,THAILAND,salmon,core,4839343,32216707
2015,ISL,ICELAND,salmon,core,2175952,19731281
2015,NZL,NEW ZEALAND,salmon,core,1320839,14114741
2015,GRC,GREECE,salmon,core,559971,12973978
2015,POL,POLAND,salmon,core,516839,7497767
2015,RUS,RUSSIAN FEDERATION,salmon,core,722115,5133304
2015,DNK,DENMARK,salmon,core,189932,2870375
2015,IRL,IRELAND,salmon,core,238308,2636630
2015,VNM,VIETNAM,salmon,core,348695,2400594
2015,SWE,SWEDEN,salmon,core,94727,1693561
2015,FRA,FRANCE,salmon,core,66054,1429777
2015,PRT,PORTUGAL,salmon,core,67108,526526
2015,JPN,JAPAN,salmon,core,42592,402954
2015,UKR,UKRAINE,salmon,core,16599,150936
2015,MDV,MALDIVE IS.,salmon,core,5867,111576
2015,ISR,ISRAEL,salmon,core,7633,103980
2015,CRI,COSTA RICA,salmon,core,13257,89914
2015,LTU,LITHUANIA,salmon,core,9282,88149
2015,LVA,LATVIA,salmon,core,9334,58748
2015,ESP,SPAIN,salmon,core,1369,42153
2015,ITA,ITALY,salmon,core,2617,35907
2015,PER,PERU,salmon,core,3140,33950
2015,ECU,ECUADOR,salmon,core,2757,23313
2015,BRA,BRAZIL,salmon,core,2998,21600
2015,VEN,VENEZUELA,salmon,core,1112,9210
2015,CHE,SWITZERLAND,salmon,core,49,8404
2015,AUS,AUSTRALIA,salmon,core,800,6907
2015,KOR,SOUTH KOREA,salmon,core,11,5905
2015,TWN,TAIWAN,salmon,core,630,5180
2015,JPN,JAPAN,scallops,core,4727701,119462729
2015,CAN,CANADA,scallops,core,3883423,98436862
2015,CHN,CHINA,scallops,core,9087110,78281611
2015,ARG,ARGENTINA,scallops,core,2592583,30911744
2015,PER,PERU,scallops,core,951731,12895549
2015,HKG,CHINA - HONG KONG,scallops,core,70677,2947382
2015,FRA,FRANCE,scallops,core,395429,1793289
2015,PHL,PHILIPPINES,scallops,core,299763,1578643
2015,CHL,CHILE,scallops,core,110708,1563613
2015,THA,THAILAND,scallops,core,110212,858834
2015,MEX,MEXICO,scallops,core,55294,738286
2015,VNM,VIETNAM,scallops,core,47997,430406
2015,SGP,SINGAPORE,scallops,core,16409,213312
2015,ESP,SPAIN,scallops,core,1841,32844
2015,NOR,NORWAY,scallops,core,325,23122
2015,KOR,SOUTH KOREA,scallops,core,3875,20989
2015,TWN,TAIWAN,scallops,core,905,6095
2015,MEX,MEXICO,sea_cucumber_urchin_other_inverts,extended,527409,15709685
2015,CAN,CANADA,sea_cucumber_urchin_other_inverts,extended,4241611,9408683
2015,NOR,NORWAY,sea_cucumber_urchin_other_inverts,extended,1463600,3366280
2015,JPN,JAPAN,sea_cucumber_urchin_other_inverts,extended,40608,2629456
2015,HND,HONDURAS,sea_cucumber_urchin_other_inverts,extended,153493,1965355
2015,GRC,GREECE,sea_cucumber_urchin_other_inverts,extended,118060,1769609
2015,HKG,CHINA - HONG KONG,sea_cucumber_urchin_other_inverts,extended,136038,1529043
2015,NIC,NICARAGUA,sea_cucumber_urchin_other_inverts,extended,100700,1405552
2015,TUR,TURKEY,sea_cucumber_urchin_other_inverts,extended,40636,1077735
2015,HTI,HAITI,sea_cucumber_urchin_other_inverts,extended,40800,888680
2015,CHN,CHINA,sea_cucumber_urchin_other_inverts,extended,76318,678404
2015,CHL,CHILE,sea_cucumber_urchin_other_inverts,extended,23519,577753
2015,PER,PERU,sea_cucumber_urchin_other_inverts,extended,19118,405509
2015,VNM,VIETNAM,sea_cucumber_urchin_other_inverts,extended,34577,296046
2015,FJI,FIJI,sea_cucumber_urchin_other_inverts,extended,4401,145800
2015,BLZ,BELIZE,sea_cucumber_urchin_other_inverts,extended,5977,121935
2015,BGR,BULGARIA,sea_cucumber_urchin_other_inverts,extended,17860,117554
2015,TWN,TAIWAN,sea_cucumber_urchin_other_inverts,extended,7750,107160
2015,ESP,SPAIN,sea_cucumber_urchin_other_inverts,extended,3015,93970
2015,KOR,SOUTH KOREA,sea_cucumber_urchin_other_inverts,extended,7453,70657
2015,PHL,PHILIPPINES,sea_cucumber_urchin_other_inverts,extended,1000,58000
2015,ISL,ICELAND,sea_cucumber_urchin_other_inverts,extended,25200,48636
2015,SGP,SINGAPORE,sea_cucumber_urchin_other_inverts,extended,4858,48576
2015,EGY,EGYPT,sea_cucumber_urchin_other_inverts,extended,800,35323
2015,COL,COLOMBIA,sea_cucumber_urchin_other_inverts,extended,2457,20696
2015,FRA,FRANCE,sea_cucumber_urchin_other_inverts,extended,280,20397
2015,DOM,DOMINICAN REPUBLIC,sea_cucumber_urchin_other_inverts,extended,2770,13850
2015,RUS,RUSSIAN FEDERATION,sea_cucumber_urchin_other_inverts,extended,94,11163
2015,IDN,INDONESIA,sea_cucumber_urchin_other_inverts,extended,45,2210
2015,NZL,NEW ZEALAND,sharks_rays_skates,extended,23250,271500
2015,CAN,CANADA,sharks_rays_skates,extended,71020,268935
2015,HKG,CHINA - HONG KONG,sharks_rays_skates,extended,4109,169997
2015,MEX,MEXICO,sharks_rays_skates,extended,56372,153660
2015,ESP,SPAIN,sharks_rays_skates,extended,3635,83607
2015,IND,INDIA,sharks_rays_skates,extended,2341,8232
2015,KOR,SOUTH KOREA,sharks_rays_skates,extended,470,6400
2015,BRA,BRAZIL,sharks_rays_skates,extended,965,4989
2015,IND,INDIA,shrimp,core,134619602,1272837672
2015,IDN,INDONESIA,shrimp,core,114401690,1100126387
2015,THA,THAILAND,shrimp,core,73444146,750809785
2015,VNM,VIETNAM,shrimp,core,60439162,657578904
2015,ECU,ECUADOR,shrimp,core,85701029,634893427
2015,MEX,MEXICO,shrimp,core,27995384,320381229
2015,CHN,CHINA,shrimp,core,28587522,189314833
2015,PER,PERU,shrimp,core,10274011,83707354
2015,MYS,MALAYSIA,shrimp,core,8294673,75435616
2015,GUY,GUYANA,shrimp,core,7269731,45431796
2015,ARG,ARGENTINA,shrimp,core,5071414,43847270
2015,BGD,BANGLADESH,shrimp,core,2125653,35423477
2015,GTM,GUATEMALA,shrimp,core,3946871,35413416
2015,PAN,PANAMA,shrimp,core,3199041,33246232
2015,HND,HONDURAS,shrimp,core,4757348,32333348
2015,CAN,CANADA,shrimp,core,4070287,30562147
2015,PHL,PHILIPPINES,shrimp,core,2337944,16024272
2015,NIC,NICARAGUA,shrimp,core,2310943,15322526
2015,VEN,VENEZUELA,shrimp,core,2318387,12582398
2015,PAK,PAKISTAN,shrimp,core,863546,10598070
2015,MMR,BURMA,shrimp,core,445926,8044777
2015,BLZ,BELIZE,shrimp,core,477571,5888140
2015,NGA,NIGERIA,shrimp,core,178189,4688873
2015,SUR,SURINAME,shrimp,core,370233,2516775
2015,ARE,UNITED ARAB EMIRATES,shrimp,core,281374,2444909
2015,SAU,SAUDI ARABIA,shrimp,core,355332,2207786
2015,TWN,TAIWAN,shrimp,core,209813,2158423
2015,COL,COLOMBIA,shrimp,core,168136,1953502
2015,CRI,COSTA RICA,shrimp,core,128881,1335711
2015,ESP,SPAIN,shrimp,core,84654,1270536
2015,SEN,SENEGAL,shrimp,core,30060,900495
2015,KOR,SOUTH KOREA,shrimp,core,106438,765282
2015,HKG,CHINA - HONG KONG,shrimp,core,99482,764773
2015,LKA,SRI LANKA,shrimp,core,108216,751436
2015,CHL,CHILE,shrimp,core,40727,483800
2015,PRT,PORTUGAL,shrimp,core,22376,480120
2015,SLV,EL SALVADOR,shrimp,core,48576,438265
2015,JPN,JAPAN,shrimp,core,41335,432072
2015,BRN,BRUNEI,shrimp,core,24780,315282
2015,DNK,DENMARK,shrimp,core,23916,277137
2015,NCL,NEW CALEDONIA,shrimp,core,16704,274906
2015,CYP,CYPRUS,shrimp,core,19101,135935
2015,MAR,MOROCCO,shrimp,core,2520,91711
2015,GBR,UNITED KINGDOM,shrimp,core,3042,55399
2015,GRL,GREENLAND,shrimp,core,2225,49586
2015,AUS,AUSTRALIA,shrimp,core,2545,48361
2015,TUN,TUNISIA,shrimp,core,2692,48292
2015,CIV,IVORY COAST,shrimp,core,1200,8000
2015,NLD,NETHERLANDS,shrimp,core,998,5500
2015,SGP,SINGAPORE,shrimp,core,149,3447
2015,HTI,HAITI,shrimp,core,201,3047
2015,BRA,BRAZIL,shrimp,core,553,2291
2015,MAR,MOROCCO,small_pelagics_other,extended,7772187,49859500
2015,CAN,CANADA,small_pelagics_other,extended,10517810,30160243
2015,POL,POLAND,small_pelagics_other,extended,3201573,19152394
2015,THA,THAILAND,small_pelagics_other,extended,3603990,10871715
2015,VNM,VIETNAM,small_pelagics_other,extended,1583648,8425914
2015,PER,PERU,small_pelagics_other,extended,867656,7845745
2015,CHN,CHINA,small_pelagics_other,extended,3277048,7030904
2015,ESP,SPAIN,small_pelagics_other,extended,781398,6349475
2015,ECU,ECUADOR,small_pelagics_other,extended,2688845,5843008
2015,ITA,ITALY,small_pelagics_other,extended,639589,5646947
2015,PRT,PORTUGAL,small_pelagics_other,extended,1027321,4207786
2015,PHL,PHILIPPINES,small_pelagics_other,extended,2152698,4135670
2015,KOR,SOUTH KOREA,small_pelagics_other,extended,494132,3216965
2015,ARG,ARGENTINA,small_pelagics_other,extended,563969,2540631
2015,LVA,LATVIA,small_pelagics_other,extended,715466,1988702
2015,GBR,UNITED KINGDOM,small_pelagics_other,extended,347765,1735952
2015,CHL,CHILE,small_pelagics_other,extended,117994,995996
2015,TUR,TURKEY,small_pelagics_other,extended,104199,724664
2015,IND,INDIA,small_pelagics_other,extended,154442,652198
2015,JPN,JAPAN,small_pelagics_other,extended,208011,592696
2015,MEX,MEXICO,small_pelagics_other,extended,346896,490224
2015,TUN,TUNISIA,small_pelagics_other,extended,100127,441340
2015,GUY,GUYANA,small_pelagics_other,extended,66715,248216
2015,MYS,MALAYSIA,small_pelagics_other,extended,40422,199122
2015,HRV,CROATIA,small_pelagics_other,extended,27967,184449
2015,FRA,FRANCE,small_pelagics_other,extended,16875,143530
2015,GRC,GREECE,small_pelagics_other,extended,14772,116579
2015,DEU,GERMANY,small_pelagics_other,extended,32857,112775
2015,HKG,CHINA - HONG KONG,small_pelagics_other,extended,15514,110631
2015,EGY,EGYPT,small_pelagics_other,extended,10600,73299
2015,PAK,PAKISTAN,small_pelagics_other,extended,13127,63468
2015,NOR,NORWAY,small_pelagics_other,extended,48363,57757
2015,SUR,SURINAME,small_pelagics_other,extended,20255,57509
2015,EST,ESTONIA,small_pelagics_other,extended,8132,55569
2015,BRA,BRAZIL,small_pelagics_other,extended,19700,52758
2015,TWN,TAIWAN,small_pelagics_other,extended,7904,35173
2015,CHE,SWITZERLAND,small_pelagics_other,extended,16320,29840
2015,SWE,SWEDEN,small_pelagics_other,extended,5981,29126
2015,NLD,NETHERLANDS,small_pelagics_other,extended,18112,19820
2015,LKA,SRI LANKA,small_pelagics_other,extended,4397,18532
2015,NIC,NICARAGUA,small_pelagics_other,extended,6669,13004
2015,LTU,LITHUANIA,small_pelagics_other,extended,3976,12092
2015,UKR,UKRAINE,small_pelagics_other,extended,8073,10675
2015,CRI,COSTA RICA,small_pelagics_other,extended,2412,9720
2015,RUS,RUSSIAN FEDERATION,small_pelagics_other,extended,2985,7918
2015,CPV,CAPE VERDE,small_pelagics_other,extended,850,5885
2015,PNG,PAPUA NEW GUINEA,small_pelagics_other,extended,2940,4480
2015,MMR,BURMA,small_pelagics_other,extended,434,3500
2015,MEX,MEXICO,snapper_grouper,core,7319497,56052138
2015,BRA,BRAZIL,snapper_grouper,core,3739191,22341776
2015,PAN,PANAMA,snapper_grouper,core,2543012,19073539
2015,NIC,NICARAGUA,snapper_grouper,core,2772585,17673857
2015,TTO,TRINIDAD & TOBAGO,snapper_grouper,core,1575403,12541222
2015,SUR,SURINAME,snapper_grouper,core,897404,6015799
2015,CRI,COSTA RICA,snapper_grouper,core,780442,5322170
2015,IDN,INDONESIA,snapper_grouper,core,574724,4191214
2015,GUY,GUYANA,snapper_grouper,core,892477,3992689
2015,NZL,NEW ZEALAND,snapper_grouper,core,474479,3643998
2015,SLV,EL SALVADOR,snapper_grouper,core,215800,1575235
2015,GTM,GUATEMALA,snapper_grouper,core,203803,1389665
2015,HND,HONDURAS,snapper_grouper,core,205354,1349862
2015,VEN,VENEZUELA,snapper_grouper,core,96225,821907
2015,TON,TONGA,snapper_grouper,core,66902,689990
2015,ECU,ECUADOR,snapper_grouper,core,76789,616215
2015,CHN,CHINA,snapper_grouper,core,96418,563256
2015,IND,INDIA,snapper_grouper,core,168017,499571
2015,THA,THAILAND,snapper_grouper,core,45271,328064
2015,BHS,BAHAMAS,snapper_grouper,core,43892,295232
2015,AUS,AUSTRALIA,snapper_grouper,core,22095,278798
2015,VNM,VIETNAM,snapper_grouper,core,31707,210036
2015,NOR,NORWAY,snapper_grouper,core,2058,41950
2015,ARG,ARGENTINA,snapper_grouper,core,8368,31041
2015,SEN,SENEGAL,snapper_grouper,core,640,5127
2015,GRD,GRENADA,snapper_grouper,core,622,4600
2015,FJI,FIJI,snapper_grouper,core,518,4232
2015,DOM,DOMINICAN REPUBLIC,snapper_grouper,core,984,3899
2015,BGD,BANGLADESH,snapper_grouper,core,600,2972
2015,HKG,CHINA - HONG KONG,snapper_grouper,core,180,2700
2015,JPN,JAPAN,snapper_grouper,core,203,2623
2015,COL,COLOMBIA,snapper_grouper,core,399,2552
2015,PAK,PAKISTAN,snapper_grouper,core,639,2464
2015,CHN,CHINA,squid_octopus,core,44520717,165656172
2015,ESP,SPAIN,squid_octopus,core,6738453,45645291
2015,THA,THAILAND,squid_octopus,core,5041587,29127970
2015,IND,INDIA,squid_octopus,core,6393445,27372139
2015,IDN,INDONESIA,squid_octopus,core,3488515,17473603
2015,TWN,TAIWAN,squid_octopus,core,4945675,15780217
2015,KOR,SOUTH KOREA,squid_octopus,core,7344552,15263218
2015,PHL,PHILIPPINES,squid_octopus,core,4045282,14165804
2015,JPN,JAPAN,squid_octopus,core,1442097,13478782
2015,PER,PERU,squid_octopus,core,3860338,13099215
2015,MEX,MEXICO,squid_octopus,core,1376388,6955431
2015,ARG,ARGENTINA,squid_octopus,core,4428697,6100761
2015,PRT,PORTUGAL,squid_octopus,core,857971,6009018
2015,VNM,VIETNAM,squid_octopus,core,875620,4461732
2015,MAR,MOROCCO,squid_octopus,core,402732,3020745
2015,CHL,CHILE,squid_octopus,core,825326,2054022
2015,MYS,MALAYSIA,squid_octopus,core,403240,1801422
2015,NZL,NEW ZEALAND,squid_octopus,core,362068,1738149
2015,HKG,CHINA - HONG KONG,squid_octopus,core,87524,726516
2015,ITA,ITALY,squid_octopus,core,48400,614394
2015,CAN,CANADA,squid_octopus,core,32555,416655
2015,LKA,SRI LANKA,squid_octopus,core,84294,368057
2015,MRT,MAURITANIA,squid_octopus,core,44445,341480
2015,AUS,AUSTRALIA,squid_octopus,core,12150,213480
2015,ZAF,SOUTH AFRICA,squid_octopus,core,13383,113987
2015,NLD,NETHERLANDS,squid_octopus,core,28754,109267
2015,GRC,GREECE,squid_octopus,core,13659,81461
2015,MAC,CHINA - MACAO,squid_octopus,core,6000,43651
2015,MMR,BURMA,squid_octopus,core,3234,40196
2015,URY,URUGUAY,squid_octopus,core,39824,40044
2015,TUN,TUNISIA,squid_octopus,core,1823,16667
2015,ECU,ECUADOR,squid_octopus,core,4855,14648
2015,COL,COLOMBIA,squid_octopus,core,1852,8505
2015,GBR,UNITED KINGDOM,squid_octopus,core,460,3816
2015,SGP,SINGAPORE,squid_octopus,core,600,2810
2015,BEL,BELGIUM,squid_octopus,core,299,2618
2015,ECU,ECUADOR,swordfish,core,3730260,26653857
2015,CAN,CANADA,swordfish,core,1245195,14617847
2015,SGP,SINGAPORE,swordfish,core,801756,7336660
2015,CRI,COSTA RICA,swordfish,core,834670,6683381
2015,PAN,PANAMA,swordfish,core,786543,5437715
2015,BRA,BRAZIL,swordfish,core,701804,4694210
2015,AUS,AUSTRALIA,swordfish,core,331718,3715201
2015,VNM,VIETNAM,swordfish,core,387933,3502320
2015,ESP,SPAIN,swordfish,core,253239,3087872
2015,NZL,NEW ZEALAND,swordfish,core,410628,2756868
2015,MEX,MEXICO,swordfish,core,367896,2111228
2015,CHL,CHILE,swordfish,core,233016,1853714
2015,IDN,INDONESIA,swordfish,core,313603,1775850
2015,ZAF,SOUTH AFRICA,swordfish,core,240411,1489027
2015,VUT,VANUATU,swordfish,core,105784,1029792
2015,LKA,SRI LANKA,swordfish,core,95485,719895
2015,MDV,MALDIVE IS.,swordfish,core,15288,116497
2015,NIC,NICARAGUA,swordfish,core,11853,83714
2015,TTO,TRINIDAD & TOBAGO,swordfish,core,5134,54722
2015,MYS,MALAYSIA,swordfish,core,3379,27365
2015,THA,THAILAND,swordfish,core,2320,18094
2015,PYF,FRENCH POLYNESIA,swordfish,core,2390,16652
2015,SYC,SEYCHELLES,swordfish,core,1661,13728
2015,ITA,ITALY,swordfish,core,700,13237
2015,MOZ,MOZAMBIQUE,swordfish,core,2241,11148
2015,NLD,NETHERLANDS,swordfish,core,886,10310
2015,PRT,PORTUGAL,swordfish,core,1326,9227
2015,CHN,CHINA,swordfish,core,908,5606
2015,BRB,BARBADOS,swordfish,core,771,5144
2015,TUR,TURKEY,swordfish,core,1217,3651
2015,CHN,CHINA,tilapia,core,168760626,638785223
2015,IDN,INDONESIA,tilapia,core,10428613,74414955
2015,HND,HONDURAS,tilapia,core,9878999,72441359
2015,COL,COLOMBIA,tilapia,core,5390163,44413952
2015,CRI,COSTA RICA,tilapia,core,5113347,37988292
2015,TWN,TAIWAN,tilapia,core,12406162,37402529
2015,MEX,MEXICO,tilapia,core,4249178,32665939
2015,ECU,ECUADOR,tilapia,core,2929356,18037376
2015,VNM,VIETNAM,tilapia,core,3604820,9317167
2015,THA,THAILAND,tilapia,core,1900958,8823633
2015,PER,PERU,tilapia,core,317144,2989291
2015,MMR,BURMA,tilapia,core,594953,2650293
2015,MYS,MALAYSIA,tilapia,core,308663,1853624
2015,NOR,NORWAY,tilapia,core,101450,1689350
2015,GTM,GUATEMALA,tilapia,core,142130,1165361
2015,PAK,PAKISTAN,tilapia,core,146195,1137443
2015,BRA,BRAZIL,tilapia,core,158841,1008242
2015,PAN,PANAMA,tilapia,core,234866,806728
2015,ARG,ARGENTINA,tilapia,core,277763,596783
2015,SLV,EL SALVADOR,tilapia,core,37406,426254
2015,BGD,BANGLADESH,tilapia,core,137758,405419
2015,ISL,ICELAND,tilapia,core,27585,350752
2015,CHL,CHILE,tilapia,core,34908,248515
2015,IND,INDIA,tilapia,core,103342,170148
2015,RUS,RUSSIAN FEDERATION,tilapia,core,42954,120244
2015,HTI,HAITI,tilapia,core,7508,113967
2015,KOR,SOUTH KOREA,tilapia,core,10514,76428
2015,HKG,CHINA - HONG KONG,tilapia,core,22000,72190
2015,FRO,FAROE IS.,tilapia,core,4662,30060
2015,SYC,SEYCHELLES,tilapia,core,9806,25224
2015,CAN,CANADA,tilapia,core,1617,12555
2015,SLE,SIERRA LEONE,tilapia,core,3500,11000
2015,PHL,PHILIPPINES,tilapia,core,3357,9731
2015,ITA,ITALY,tilapia,core,245,9000
2015,NIC,NICARAGUA,tilapia,core,2464,8261
2015,ARE,UNITED ARAB EMIRATES,tilapia,core,3000,6000
2015,NGA,NIGERIA,tilapia,core,980,2030
2015,CHL,CHILE,toothfish,extended,2824035,40366253
2015,ARG,ARGENTINA,toothfish,extended,1581417,38744709
2015,KOR,SOUTH KOREA,toothfish,extended,1282023,31792909
2015,AUS,AUSTRALIA,toothfish,extended,696458,17391291
2015,NZL,NEW ZEALAND,toothfish,extended,704859,17283784
2015,REU,REUNION,toothfish,extended,647979,16498593
2015,FLK,FALKLAND IS.,toothfish,extended,496556,12888327
2015,SHN,ST.HELENA,toothfish,extended,518852,12110205
2015,ZAF,SOUTH AFRICA,toothfish,extended,257699,6665523
2015,FRA,FRANCE,toothfish,extended,235106,5067372
2015,URY,URUGUAY,toothfish,extended,188561,4888498
2015,GBR,UNITED KINGDOM,toothfish,extended,168440,4591303
2015,RUS,RUSSIAN FEDERATION,toothfish,extended,167368,4268099
2015,UKR,UKRAINE,toothfish,extended,155966,3842121
2015,PER,PERU,toothfish,extended,687053,2806442
2015,MUS,MAURITIUS,toothfish,extended,70058,1222376
2015,ESP,SPAIN,toothfish,extended,42808,1070195
2015,JPN,JAPAN,toothfish,extended,35685,949768
2015,CYM,CAYMAN IS.,toothfish,extended,20525,539813
2015,TUR,TURKEY,toothfish,extended,1120,14028
2015,GRC,GREECE,toothfish,extended,115,2041
2015,CHL,CHILE,trout,core,6634420,65178091
2015,NOR,NORWAY,trout,core,3009391,19426062
2015,COL,COLOMBIA,trout,core,745484,5463067
2015,GBR,UNITED KINGDOM,trout,core,554732,4530872
2015,CAN,CANADA,trout,core,540138,4028420
2015,ARG,ARGENTINA,trout,core,541903,2007900
2015,PER,PERU,trout,core,100979,903428
2015,AUS,AUSTRALIA,trout,core,75309,800353
2015,CRI,COSTA RICA,trout,core,81710,705920
2015,DNK,DENMARK,trout,core,28766,454797
2015,ISL,ICELAND,trout,core,38907,394531
2015,CHN,CHINA,trout,core,30669,253450
2015,TUR,TURKEY,trout,core,52679,192439
2015,MEX,MEXICO,trout,core,36629,170350
2015,NLD,NETHERLANDS,trout,core,6911,73042
2015,GUY,GUYANA,trout,core,15356,64642
2015,GRC,GREECE,trout,core,2980,62076
2015,VNM,VIETNAM,trout,core,1855,34183
2015,HKG,CHINA - HONG KONG,trout,core,5234,31842
2015,JPN,JAPAN,trout,core,414,7994
2015,JAM,JAMAICA,trout,core,181,4000
2015,IRL,IRELAND,trout,core,391,3970
2015,THA,THAILAND,tuna,core,93598649,396683634
2015,IDN,INDONESIA,tuna,core,23049516,168302940
2015,VNM,VIETNAM,tuna,core,26135966,152118168
2015,ECU,ECUADOR,tuna,core,21719543,128455660
2015,CHN,CHINA,tuna,core,23956162,104227010
2015,PHL,PHILIPPINES,tuna,core,20138804,101837807
2015,FJI,FIJI,tuna,core,13034833,73602727
2015,LKA,SRI LANKA,tuna,core,3471812,40172904
2015,MUS,MAURITIUS,tuna,core,7161996,39946002
2015,MEX,MEXICO,tuna,core,6453827,31095792
2015,TTO,TRINIDAD & TOBAGO,tuna,core,2059678,24044944
2015,CAN,CANADA,tuna,core,2298661,21743501
2015,MDV,MALDIVE IS.,tuna,core,1909556,19222444
2015,ESP,SPAIN,tuna,core,1175741,18126182
2015,CRI,COSTA RICA,tuna,core,1489708,13725982
2015,COL,COLOMBIA,tuna,core,2015485,12321484
2015,AUS,AUSTRALIA,tuna,core,800774,9680217
2015,BRA,BRAZIL,tuna,core,1104310,9502497
2015,KOR,SOUTH KOREA,tuna,core,1028336,9093724
2015,TWN,TAIWAN,tuna,core,690887,8477291
2015,PYF,FRENCH POLYNESIA,tuna,core,1029636,8058114
2015,PAN,PANAMA,tuna,core,981654,7822647
2015,JPN,JAPAN,tuna,core,661830,7817631
2015,MHL,MARSHALL IS.,tuna,core,1439962,7074290
2015,VEN,VENEZUELA,tuna,core,514868,5859868
2015,SUR,SURINAME,tuna,core,1013754,5486902
2015,GRD,GRENADA,tuna,core,636831,4400498
2015,SLB,SOLOMON IS.,tuna,core,449431,2543909
2015,ZAF,SOUTH AFRICA,tuna,core,294583,2155009
2015,BRB,BARBADOS,tuna,core,192972,1882348
2015,PRT,PORTUGAL,tuna,core,282729,1818457
2015,ITA,ITALY,tuna,core,105020,1163730
2015,MYS,MALAYSIA,tuna,core,143972,1109672
2015,SEN,SENEGAL,tuna,core,203196,1061793
2015,KIR,KIRIBATI,tuna,core,95904,1000162
2015,SGP,SINGAPORE,tuna,core,105552,980217
2015,HRV,CROATIA,tuna,core,101454,857356
2015,MLT,MALTA,tuna,core,123515,731879
2015,CPV,CAPE VERDE,tuna,core,150440,589435
2015,TUR,TURKEY,tuna,core,96749,540525
2015,WSM,WESTERN SAMOA,tuna,core,54539,516466
2015,PER,PERU,tuna,core,83736,499905
2015,CIV,IVORY COAST,tuna,core,19727,237184
2015,VUT,VANUATU,tuna,core,19898,201477
2015,TON,TONGA,tuna,core,42374,186101
2015,IND,INDIA,tuna,core,16301,185450
2015,TUN,TUNISIA,tuna,core,7304,135274
2015,SLV,EL SALVADOR,tuna,core,12275,99683
2015,GRC,GREECE,tuna,core,6037,84644
2015,ISL,ICELAND,tuna,core,3245,60531
2015,ISR,ISRAEL,tuna,core,9761,57977
2015,FRA,FRANCE,tuna,core,6999,51836
2015,GBR,UNITED KINGDOM,tuna,core,4594,51812
2015,MOZ,MOZAMBIQUE,tuna,core,8516,41759
2015,SYC,SEYCHELLES,tuna,core,2848,31591
2015,MAR,MOROCCO,tuna,core,13561,29568
2015,CHL,CHILE,tuna,core,2235,24255
2015,GUY,GUYANA,tuna,core,1792,21726
2015,GTM,GUATEMALA,tuna,core,2987,20675
2015,PLW,PALAU,tuna,core,8510,17020
2015,NZL,NEW ZEALAND,tuna,core,1456,13559
2015,NOR,NORWAY,tuna,core,315,9800
2015,LVA,LATVIA,tuna,core,1618,8111
2015,NLD,NETHERLANDS,tuna,core,410,4784
2015,ARE,UNITED ARAB EMIRATES,tuna,core,1500,2850
2015,DEU,GERMANY,tuna,core,64,2407
2016,CHN,CHINA,catfish_other,extended,5292207,37457891
2016,VNM,VIETNAM,catfish_other,extended,185098,445292
2016,THA,THAILAND,catfish_other,extended,42222,185686
2016,GUY,GUYANA,catfish_other,extended,20796,155394
2016,MMR,BURMA,catfish_other,extended,14682,110953
2016,CAN,CANADA,catfish_other,extended,4990,34024
2016,ESP,SPAIN,catfish_other,extended,1200,12120
2016,ISL,ICELAND,catfish_other,extended,1269,5598
2016,MEX,MEXICO,catfish_other,extended,740,5419
2016,BRA,BRAZIL,catfish_other,extended,560,4432
2016,BGD,BANGLADESH,catfish_other,extended,1448,3736
2016,PAN,PANAMA,catfish_other,extended,521,2298
2016,CHN,CHINA,clams,core,15309419,29835101
2016,CAN,CANADA,clams,core,3906496,26231051
2016,VNM,VIETNAM,clams,core,2310776,5960410
2016,IDN,INDONESIA,clams,core,1150393,3428149
2016,MEX,MEXICO,clams,core,581619,1851869
2016,NZL,NEW ZEALAND,clams,core,496375,1819814
2016,THA,THAILAND,clams,core,439195,1741233
2016,CHL,CHILE,clams,core,605174,1644301
2016,NLD,NETHERLANDS,clams,core,294302,517482
2016,JPN,JAPAN,clams,core,68333,242165
2016,ESP,SPAIN,clams,core,6180,90181
2016,KOR,SOUTH KOREA,clams,core,10939,87603
2016,TWN,TAIWAN,clams,core,17652,49817
2016,ITA,ITALY,clams,core,2531,20022
2016,ECU,ECUADOR,clams,core,1008,18324
2016,PAN,PANAMA,clams,core,8553,11530
2016,PRT,PORTUGAL,clams,core,1159,9056
2016,PER,PERU,clams,core,1480,8377
2016,PHL,PHILIPPINES,clams,core,385,2228
2016,CHN,CHINA,cod,core,47770951,277790557
2016,ISL,ICELAND,cod,core,9718144,91550518
2016,CAN,CANADA,cod,core,4639558,35100236
2016,RUS,RUSSIAN FEDERATION,cod,core,4141791,30908301
2016,NOR,NORWAY,cod,core,3992631,29570807
2016,DEU,GERMANY,cod,core,459852,6497181
2016,VNM,VIETNAM,cod,core,911322,6315296
2016,PRT,PORTUGAL,cod,core,186917,1505284
2016,POL,POLAND,cod,core,213074,1067439
2016,CHL,CHILE,cod,core,112800,512901
2016,ESP,SPAIN,cod,core,32127,339918
2016,NLD,NETHERLANDS,cod,core,41836,193042
2016,DNK,DENMARK,cod,core,9135,119336
2016,FRO,FAROE IS.,cod,core,31660,107113
2016,NZL,NEW ZEALAND,cod,core,7568,89493
2016,GBR,UNITED KINGDOM,cod,core,15298,84908
2016,JPN,JAPAN,cod,core,1694,36674
2016,MEX,MEXICO,cod,core,8208,22317
2016,KOR,SOUTH KOREA,cod,core,3686,17370
2016,AUS,AUSTRALIA,cod,core,680,9519
2016,PHL,PHILIPPINES,cod,core,2183,6540
2016,IDN,INDONESIA,cod,core,998,6238
2016,TWN,TAIWAN,cod,core,2404,4620
2016,IND,INDIA,cod,core,638,2144
2016,CAN,CANADA,crab,core,43121136,572767029
2016,RUS,RUSSIAN FEDERATION,crab,core,17578272,342329820
2016,IDN,INDONESIA,crab,core,13897599,227422962
2016,CHN,CHINA,crab,core,8961906,110757693
2016,PHL,PHILIPPINES,crab,core,3027670,57498326
2016,VNM,VIETNAM,crab,core,3107852,51457991
2016,MEX,MEXICO,crab,core,3431686,31097029
2016,NOR,NORWAY,crab,core,2252820,30224268
2016,THA,THAILAND,crab,core,1858014,25643640
2016,IND,INDIA,crab,core,1306583,24494324
2016,VEN,VENEZUELA,crab,core,1705295,23589319
2016,ARG,ARGENTINA,crab,core,1604255,21459007
2016,MMR,BURMA,crab,core,973873,14183825
2016,KOR,SOUTH KOREA,crab,core,845793,9152274
2016,LKA,SRI LANKA,crab,core,872741,8428364
2016,CHL,CHILE,crab,core,463093,7351599
2016,LVA,LATVIA,crab,core,452170,4736571
2016,LTU,LITHUANIA,crab,core,423865,4684731
2016,GRL,GREENLAND,crab,core,356929,4505096
2016,COL,COLOMBIA,crab,core,233487,4146105
2016,MYS,MALAYSIA,crab,core,235316,2973145
2016,JPN,JAPAN,crab,core,134056,1644239
2016,BHS,BAHAMAS,crab,core,48480,1397293
2016,NIC,NICARAGUA,crab,core,181255,1290085
2016,SWE,SWEDEN,crab,core,36958,1111084
2016,DNK,DENMARK,crab,core,71862,968039
2016,HKG,CHINA - HONG KONG,crab,core,70995,822205
2016,BGD,BANGLADESH,crab,core,45790,628139
2016,GRC,GREECE,crab,core,74673,615234
2016,ECU,ECUADOR,crab,core,59104,491290
2016,FRA,FRANCE,crab,core,49717,231466
2016,ATG,ANTIGUA & BARBUDA,crab,core,11793,224133
2016,GBR,UNITED KINGDOM,crab,core,22188,206764
2016,AUS,AUSTRALIA,crab,core,3258,84663
2016,BHR,BAHRAIN,crab,core,16329,76990
2016,IRL,IRELAND,crab,core,9831,52258
2016,PRT,PORTUGAL,crab,core,7286,37767
2016,SGP,SINGAPORE,crab,core,2310,13629
2016,DOM,DOMINICAN REPUBLIC,crab,core,1550,11086
2016,GUY,GUYANA,crab,core,400,2880
2016,BLZ,BELIZE,crab,core,490,2200
2016,CHN,CHINA,crawfish_freshwater,extended,6035879,67419328
2016,ESP,SPAIN,crawfish_freshwater,extended,793456,4016422
2016,JPN,JAPAN,crawfish_freshwater,extended,124599,2910648
2016,CAN,CANADA,crawfish_freshwater,extended,6440,88885
2016,CMR,CAMEROON,crawfish_freshwater,extended,4572,22283
2016,ARM,ARMENIA,crawfish_freshwater,extended,18900,21820
2016,CHN,CHINA,eel_sturgeon_shad,extended,6183753,59789483
2016,NOR,NORWAY,eel_sturgeon_shad,extended,269546,2905715
2016,TWN,TAIWAN,eel_sturgeon_shad,extended,99535,1509973
2016,ISL,ICELAND,eel_sturgeon_shad,extended,114002,1237495
2016,CAN,CANADA,eel_sturgeon_shad,extended,112158,1163347
2016,JPN,JAPAN,eel_sturgeon_shad,extended,80119,834689
2016,VNM,VIETNAM,eel_sturgeon_shad,extended,120465,791598
2016,ARG,ARGENTINA,eel_sturgeon_shad,extended,130853,471413
2016,KOR,SOUTH KOREA,eel_sturgeon_shad,extended,17736,275231
2016,ESP,SPAIN,eel_sturgeon_shad,extended,25113,267508
2016,IND,INDIA,eel_sturgeon_shad,extended,44684,214855
2016,GRC,GREECE,eel_sturgeon_shad,extended,23391,184961
2016,SUR,SURINAME,eel_sturgeon_shad,extended,31062,134471
2016,BRA,BRAZIL,eel_sturgeon_shad,extended,26480,115037
2016,GBR,UNITED KINGDOM,eel_sturgeon_shad,extended,25350,108437
2016,PRT,PORTUGAL,eel_sturgeon_shad,extended,9105,87472
2016,THA,THAILAND,eel_sturgeon_shad,extended,26931,85124
2016,NLD,NETHERLANDS,eel_sturgeon_shad,extended,2769,49678
2016,PAN,PANAMA,eel_sturgeon_shad,extended,3368,42694
2016,TUR,TURKEY,eel_sturgeon_shad,extended,4342,35036
2016,NZL,NEW ZEALAND,eel_sturgeon_shad,extended,3132,33878
2016,UKR,UKRAINE,eel_sturgeon_shad,extended,11414,16767
2016,MMR,BURMA,eel_sturgeon_shad,extended,1236,6419
2016,TTO,TRINIDAD & TOBAGO,eel_sturgeon_shad,extended,479,4681
2016,SEN,SENEGAL,eel_sturgeon_shad,extended,387,3772
2016,CRI,COSTA RICA,eel_sturgeon_shad,extended,563,3716
2016,HKG,CHINA - HONG KONG,eel_sturgeon_shad,extended,735,3672
2016,DNK,DENMARK,eel_sturgeon_shad,extended,664,3608
2016,CHN,CHINA,flatfish,core,15977721,64348580
2016,CAN,CANADA,flatfish,core,4543327,27814026
2016,NLD,NETHERLANDS,flatfish,core,1439133,11212286
2016,ARG,ARGENTINA,flatfish,core,1269261,7888439
2016,ISL,ICELAND,flatfish,core,942687,6419213
2016,THA,THAILAND,flatfish,core,897266,5815119
2016,KOR,SOUTH KOREA,flatfish,core,123955,1927421
2016,MEX,MEXICO,flatfish,core,352050,1843240
2016,NOR,NORWAY,flatfish,core,235819,1305542
2016,PAN,PANAMA,flatfish,core,215294,1067292
2016,ESP,SPAIN,flatfish,core,87349,1043292
2016,IDN,INDONESIA,flatfish,core,58393,988617
2016,GRL,GREENLAND,flatfish,core,137759,612750
2016,VNM,VIETNAM,flatfish,core,214895,474779
2016,JPN,JAPAN,flatfish,core,125266,390057
2016,NIC,NICARAGUA,flatfish,core,86366,318603
2016,FRA,FRANCE,flatfish,core,28921,301210
2016,TWN,TAIWAN,flatfish,core,23279,195960
2016,ECU,ECUADOR,flatfish,core,40658,174567
2016,TUR,TURKEY,flatfish,core,18490,162524
2016,DEU,GERMANY,flatfish,core,25128,145748
2016,NIU,NIUE,flatfish,core,17268,129671
2016,KAZ,KAZAKHSTAN,flatfish,core,17236,117250
2016,DNK,DENMARK,flatfish,core,3936,93851
2016,PRT,PORTUGAL,flatfish,core,3263,70724
2016,GBR,UNITED KINGDOM,flatfish,core,2989,65413
2016,HKG,CHINA - HONG KONG,flatfish,core,20412,57600
2016,NZL,NEW ZEALAND,flatfish,core,5117,51076
2016,TTO,TRINIDAD & TOBAGO,flatfish,core,2790,34370
2016,BRA,BRAZIL,flatfish,core,3843,30225
2016,MRT,MAURITANIA,flatfish,core,2895,15436
2016,ITA,ITALY,flatfish,core,510,14084
2016,RUS,RUSSIAN FEDERATION,flatfish,core,3778,11664
2016,GIN,GUINEA,flatfish,core,2919,11145
2016,MMR,BURMA,flatfish,core,1365,9685
2016,LKA,SRI LANKA,flatfish,core,536,7995
2016,IND,INDIA,flatfish,core,564,6560
2016,CRI,COSTA RICA,flatfish,core,1157,5850
2016,BHS,BAHAMAS,flatfish,core,1529,4382
2016,GUY,GUYANA,flatfish,core,322,3028
2016,URY,URUGUAY,flatfish,core,265,2044
2016,CAN,CANADA,halibut,core,5195647,88762928
2016,CHN,CHINA,halibut,core,1644836,29760948
2016,NOR,NORWAY,halibut,core,266676,3921663
2016,MEX,MEXICO,halibut,core,484725,2732474
2016,FRA,FRANCE,halibut,core,42688,835777
2016,KOR,SOUTH KOREA,halibut,core,26376,601413
2016,GBR,UNITED KINGDOM,halibut,core,37556,597263
2016,ESP,SPAIN,halibut,core,12471,95676
2016,NLD,NETHERLANDS,halibut,core,4790,65053
2016,FRO,FAROE IS.,halibut,core,1496,33626
2016,SPM,ST.PIERRE & MIQUELON,halibut,core,2186,19835
2016,JPN,JAPAN,halibut,core,134,17167
2016,CAN,CANADA,herring,core,13160170,35620688
2016,DEU,GERMANY,herring,core,1212502,4828802
2016,POL,POLAND,herring,core,491079,1516149
2016,BLR,BELARUS,herring,core,425883,1425718
2016,NOR,NORWAY,herring,core,552045,960718
2016,ISL,ICELAND,herring,core,171971,944301
2016,CHN,CHINA,herring,core,219832,909498
2016,PHL,PHILIPPINES,herring,core,224022,769893
2016,LTU,LITHUANIA,herring,core,209321,737784
2016,ECU,ECUADOR,herring,core,318496,639078
2016,NLD,NETHERLANDS,herring,core,137867,596006
2016,GBR,UNITED KINGDOM,herring,core,111880,531363
2016,DNK,DENMARK,herring,core,127563,412217
2016,SWE,SWEDEN,herring,core,102486,356185
2016,LVA,LATVIA,herring,core,93089,202968
2016,UKR,UKRAINE,herring,core,50244,183476
2016,JPN,JAPAN,herring,core,32731,161392
2016,RUS,RUSSIAN FEDERATION,herring,core,40377,133844
2016,MMR,BURMA,herring,core,75824,117836
2016,KOR,SOUTH KOREA,herring,core,16269,87267
2016,FIN,FINLAND,herring,core,11325,68764
2016,EST,ESTONIA,herring,core,46770,51039
2016,GIN,GUINEA,herring,core,19515,40774
2016,IRL,IRELAND,herring,core,2880,22971
2016,GRC,GREECE,herring,core,1913,14319
2016,MEX,MEXICO,herring,core,10192,13728
2016,SEN,SENEGAL,herring,core,3946,11465
2016,JAM,JAMAICA,herring,core,3698,11216
2016,VNM,VIETNAM,herring,core,1600,10381
2016,BEL,BELGIUM,herring,core,54,6426
2016,EGY,EGYPT,herring,core,4692,5352
2016,SLE,SIERRA LEONE,herring,core,3720,4000
2016,FRA,FRANCE,herring,core,4,3375
2016,PRT,PORTUGAL,herring,core,78,2916
2016,GHA,GHANA,herring,core,1884,2400
2016,CAN,CANADA,inland_freshwater_other,extended,7485852,74437011
2016,RUS,RUSSIAN FEDERATION,inland_freshwater_other,extended,764521,8803772
2016,KAZ,KAZAKHSTAN,inland_freshwater_other,extended,282550,2864490
2016,TUR,TURKEY,inland_freshwater_other,extended,282113,2527950
2016,POL,POLAND,inland_freshwater_other,extended,243813,2462974
2016,UGA,UGANDA,inland_freshwater_other,extended,288894,2191681
2016,TTO,TRINIDAD & TOBAGO,inland_freshwater_other,extended,158900,1258555
2016,CHN,CHINA,inland_freshwater_other,extended,222138,883819
2016,EST,ESTONIA,inland_freshwater_other,extended,87547,640097
2016,PER,PERU,inland_freshwater_other,extended,131520,357351
2016,VNM,VIETNAM,inland_freshwater_other,extended,88238,284814
2016,TWN,TAIWAN,inland_freshwater_other,extended,57527,214629
2016,MMR,BURMA,inland_freshwater_other,extended,41772,121227
2016,CHL,CHILE,inland_freshwater_other,extended,29267,99020
2016,NLD,NETHERLANDS,inland_freshwater_other,extended,10175,95660
2016,KOR,SOUTH KOREA,inland_freshwater_other,extended,51540,94108
2016,UKR,UKRAINE,inland_freshwater_other,extended,10000,86636
2016,PRT,PORTUGAL,inland_freshwater_other,extended,4267,29220
2016,JPN,JAPAN,inland_freshwater_other,extended,2955,23870
2016,BGD,BANGLADESH,inland_freshwater_other,extended,2400,9840
2016,DNK,DENMARK,inland_freshwater_other,extended,1000,9812
2016,FRO,FAROE IS.,inland_freshwater_other,extended,6286,9273
2016,HKG,CHINA - HONG KONG,inland_freshwater_other,extended,2996,7480
2016,NZL,NEW ZEALAND,inland_freshwater_other,extended,110,2001
2016,PER,PERU,large_pelagics_other,extended,7733415,70451115
2016,TWN,TAIWAN,large_pelagics_other,extended,4984728,50455480
2016,ECU,ECUADOR,large_pelagics_other,extended,4488542,42551724
2016,BRA,BRAZIL,large_pelagics_other,extended,1062155,9575802
2016,VNM,VIETNAM,large_pelagics_other,extended,904826,6213935
2016,PAN,PANAMA,large_pelagics_other,extended,491136,5283609
2016,IDN,INDONESIA,large_pelagics_other,extended,560111,4594343
2016,TTO,TRINIDAD & TOBAGO,large_pelagics_other,extended,418433,3173771
2016,CRI,COSTA RICA,large_pelagics_other,extended,192560,2087400
2016,FJI,FIJI,large_pelagics_other,extended,137897,1203751
2016,CHN,CHINA,large_pelagics_other,extended,155322,1181814
2016,TON,TONGA,large_pelagics_other,extended,61048,508973
2016,CHL,CHILE,large_pelagics_other,extended,39795,346032
2016,JPN,JAPAN,large_pelagics_other,extended,49985,344585
2016,MYS,MALAYSIA,large_pelagics_other,extended,39158,328392
2016,NFK,NORFOLK IS.,large_pelagics_other,extended,19958,242583
2016,VEN,VENEZUELA,large_pelagics_other,extended,21770,200831
2016,MEX,MEXICO,large_pelagics_other,extended,21144,159233
2016,LKA,SRI LANKA,large_pelagics_other,extended,14409,133677
2016,IND,INDIA,large_pelagics_other,extended,14152,114243
2016,AUS,AUSTRALIA,large_pelagics_other,extended,11266,110925
2016,GTM,GUATEMALA,large_pelagics_other,extended,15048,106621
2016,PYF,FRENCH POLYNESIA,large_pelagics_other,extended,10467,80351
2016,ZAF,SOUTH AFRICA,large_pelagics_other,extended,6873,63686
2016,DOM,DOMINICAN REPUBLIC,large_pelagics_other,extended,7268,61628
2016,SLV,EL SALVADOR,large_pelagics_other,extended,5369,60978
2016,PAK,PAKISTAN,large_pelagics_other,extended,7438,58315
2016,SUR,SURINAME,large_pelagics_other,extended,8056,56082
2016,PHL,PHILIPPINES,large_pelagics_other,extended,7934,54696
2016,THA,THAILAND,large_pelagics_other,extended,14917,51128
2016,CAN,CANADA,large_pelagics_other,extended,5302,28930
2016,NZL,NEW ZEALAND,large_pelagics_other,extended,4211,27295
2016,URY,URUGUAY,large_pelagics_other,extended,1873,23613
2016,NIC,NICARAGUA,large_pelagics_other,extended,1975,20201
2016,ESP,SPAIN,large_pelagics_other,extended,1266,9273
2016,GRC,GREECE,large_pelagics_other,extended,60,8571
2016,ITA,ITALY,large_pelagics_other,extended,87,5842
2016,BRB,BARBADOS,large_pelagics_other,extended,533,5577
2016,FRA,FRANCE,large_pelagics_other,extended,501,4333
2016,SEN,SENEGAL,large_pelagics_other,extended,476,4186
2016,RUS,RUSSIAN FEDERATION,large_pelagics_other,extended,2751,3974
2016,HTI,HAITI,large_pelagics_other,extended,262,2859
2016,ARG,ARGENTINA,large_pelagics_other,extended,2000,2800
2016,OMN,OMAN,large_pelagics_other,extended,252,2522
2016,CAN,CANADA,lobster,core,53222365,1154977931
2016,HND,HONDURAS,lobster,core,1360137,38152001
2016,BHS,BAHAMAS,lobster,core,1179167,34866912
2016,BRA,BRAZIL,lobster,core,883271,28299971
2016,NIC,NICARAGUA,lobster,core,822494,21775461
2016,ZAF,SOUTH AFRICA,lobster,core,268781,17803365
2016,CHN,CHINA,lobster,core,1977320,10086068
2016,AUS,AUSTRALIA,lobster,core,159245,8488738
2016,BLZ,BELIZE,lobster,core,183285,5706000
2016,DOM,DOMINICAN REPUBLIC,lobster,core,185255,5551315
2016,NZL,NEW ZEALAND,lobster,core,115191,3548073
2016,CHL,CHILE,lobster,core,103560,2328165
2016,COL,COLOMBIA,lobster,core,72466,2170544
2016,ARE,UNITED ARAB EMIRATES,lobster,core,67533,1987113
2016,SHN,ST.HELENA,lobster,core,91323,1756957
2016,GBR,UNITED KINGDOM,lobster,core,74205,1621244
2016,TCA,TURKS & CAICOS IS.,lobster,core,58721,1447220
2016,JAM,JAMAICA,lobster,core,38644,1200431
2016,PAN,PANAMA,lobster,core,47543,1023577
2016,TWN,TAIWAN,lobster,core,67778,1013165
2016,ESP,SPAIN,lobster,core,202182,854734
2016,JPN,JAPAN,lobster,core,24863,556014
2016,VNM,VIETNAM,lobster,core,15744,317221
2016,MEX,MEXICO,lobster,core,7962,261097
2016,PRT,PORTUGAL,lobster,core,37036,238380
2016,ISL,ICELAND,lobster,core,17292,234285
2016,HTI,HAITI,lobster,core,8604,230543
2016,LKA,SRI LANKA,lobster,core,9430,198006
2016,PNG,PAPUA NEW GUINEA,lobster,core,4354,183984
2016,FRO,FAROE IS.,lobster,core,4448,169514
2016,IDN,INDONESIA,lobster,core,6736,167686
2016,NLD,NETHERLANDS,lobster,core,7704,139041
2016,TTO,TRINIDAD & TOBAGO,lobster,core,9665,134276
2016,THA,THAILAND,lobster,core,4517,102002
2016,ECU,ECUADOR,lobster,core,3548,69475
2016,IRL,IRELAND,lobster,core,922,28329
2016,NGA,NIGERIA,lobster,core,2167,26700
2016,DNK,DENMARK,lobster,core,1075,25307
2016,VCT,ST.VINCENT-GRENADINE,lobster,core,219,6534
2016,FRA,FRANCE,lobster,core,66,5150
2016,MYS,MALAYSIA,lobster,core,1000,4850
2016,ATG,ANTIGUA & BARBUDA,lobster,core,168,4319
2016,SGP,SINGAPORE,lobster,core,749,2430
2016,CHN,CHINA,mackerel,core,9087886,16576098
2016,THA,THAILAND,mackerel,core,2559614,9092552
2016,NOR,NORWAY,mackerel,core,4097936,8598945
2016,VNM,VIETNAM,mackerel,core,1835539,6154734
2016,JPN,JAPAN,mackerel,core,716253,5551270
2016,KOR,SOUTH KOREA,mackerel,core,1316511,3081160
2016,CAN,CANADA,mackerel,core,549460,2322399
2016,SUR,SURINAME,mackerel,core,430711,1911628
2016,ISL,ICELAND,mackerel,core,665094,1106981
2016,MEX,MEXICO,mackerel,core,1177487,1104381
2016,TWN,TAIWAN,mackerel,core,576449,1044351
2016,BRA,BRAZIL,mackerel,core,191223,942732
2016,ECU,ECUADOR,mackerel,core,495912,907717
2016,ESP,SPAIN,mackerel,core,244394,901713
2016,CHL,CHILE,mackerel,core,346697,896241
2016,TUN,TUNISIA,mackerel,core,75549,829710
2016,PRT,PORTUGAL,mackerel,core,212341,829053
2016,GBR,UNITED KINGDOM,mackerel,core,350897,776390
2016,IND,INDIA,mackerel,core,201318,635029
2016,POL,POLAND,mackerel,core,84239,587236
2016,IDN,INDONESIA,mackerel,core,94907,491189
2016,GRC,GREECE,mackerel,core,47903,430957
2016,MAR,MOROCCO,mackerel,core,102878,379272
2016,PER,PERU,mackerel,core,330807,337275
2016,IRL,IRELAND,mackerel,core,219880,294144
2016,PHL,PHILIPPINES,mackerel,core,129451,290047
2016,RUS,RUSSIAN FEDERATION,mackerel,core,133645,229781
2016,MYS,MALAYSIA,mackerel,core,80891,200277
2016,FRO,FAROE IS.,mackerel,core,86650,144212
2016,DEU,GERMANY,mackerel,core,27730,104744
2016,SVN,SLOVENIA,mackerel,core,17820,96459
2016,NLD,NETHERLANDS,mackerel,core,124025,94765
2016,PYF,FRENCH POLYNESIA,mackerel,core,9731,88085
2016,NIC,NICARAGUA,mackerel,core,9217,81579
2016,PAN,PANAMA,mackerel,core,13186,72326
2016,GUY,GUYANA,mackerel,core,11710,64708
2016,NZL,NEW ZEALAND,mackerel,core,34945,58206
2016,URY,URUGUAY,mackerel,core,4546,48207
2016,LVA,LATVIA,mackerel,core,14567,40183
2016,TUR,TURKEY,mackerel,core,3189,30620
2016,FJI,FIJI,mackerel,core,4437,30606
2016,HND,HONDURAS,mackerel,core,1512,19188
2016,LTU,LITHUANIA,mackerel,core,3613,16446
2016,MRT,MAURITANIA,mackerel,core,2297,11004
2016,HRV,CROATIA,mackerel,core,528,9750
2016,MMR,BURMA,mackerel,core,1478,6400
2016,FRA,FRANCE,mackerel,core,296,4689
2016,HKG,CHINA - HONG KONG,mackerel,core,992,4000
2016,ARE,UNITED ARAB EMIRATES,mackerel,core,2000,4000
2016,CMR,CAMEROON,mackerel,core,2215,3500
2016,COL,COLOMBIA,mackerel,core,1014,2860
2016,VEN,VENEZUELA,mackerel,core,327,2064
2016,NZL,NEW ZEALAND,mussels,core,10090293,50250837
2016,CAN,CANADA,mussels,core,14199266,39458068
2016,CHL,CHILE,mussels,core,10656756,26280633
2016,CHN,CHINA,mussels,core,460108,1290698
2016,THA,THAILAND,mussels,core,179304,1102326
2016,ESP,SPAIN,mussels,core,58452,429056
2016,MEX,MEXICO,mussels,core,66537,319515
2016,DNK,DENMARK,mussels,core,51485,235760
2016,KOR,SOUTH KOREA,mussels,core,31488,197814
2016,PRT,PORTUGAL,mussels,core,23239,125382
2016,ECU,ECUADOR,mussels,core,5586,58789
2016,IRL,IRELAND,mussels,core,11995,55208
2016,PER,PERU,mussels,core,17596,46415
2016,VNM,VIETNAM,mussels,core,19051,39290
2016,BEL,BELGIUM,mussels,core,3968,30025
2016,HKG,CHINA - HONG KONG,mussels,core,515,7275
2016,UKR,UKRAINE,mussels,core,960,6489
2016,JAM,JAMAICA,mussels,core,1015,4000
2016,CHN,CHINA,other_groundfish,core,16155449,75195729
2016,CAN,CANADA,other_groundfish,core,12576394,45433006
2016,ISL,ICELAND,other_groundfish,core,3550705,38493503
2016,NOR,NORWAY,other_groundfish,core,6326839,17955135
2016,NZL,NEW ZEALAND,other_groundfish,core,1368914,14467260
2016,ARG,ARGENTINA,other_groundfish,core,3843069,12508286
2016,RUS,RUSSIAN FEDERATION,other_groundfish,core,1697603,9226362
2016,ZAF,SOUTH AFRICA,other_groundfish,core,503094,2580241
2016,MMR,BURMA,other_groundfish,core,360011,1784620
2016,FRO,FAROE IS.,other_groundfish,core,536823,1441175
2016,PER,PERU,other_groundfish,core,381354,1396440
2016,CHL,CHILE,other_groundfish,core,296713,1064199
2016,ECU,ECUADOR,other_groundfish,core,284884,760886
2016,BRA,BRAZIL,other_groundfish,core,56248,388444
2016,URY,URUGUAY,other_groundfish,core,168494,351478
2016,BGD,BANGLADESH,other_groundfish,core,54754,322100
2016,MEX,MEXICO,other_groundfish,core,228214,290629
2016,PRT,PORTUGAL,other_groundfish,core,20283,75532
2016,TWN,TAIWAN,other_groundfish,core,24952,72878
2016,PAK,PAKISTAN,other_groundfish,core,12711,67883
2016,NAM,NAMIBIA,other_groundfish,core,13131,61378
2016,GBR,UNITED KINGDOM,other_groundfish,core,7076,58630
2016,THA,THAILAND,other_groundfish,core,15468,35806
2016,VNM,VIETNAM,other_groundfish,core,5884,31682
2016,IRL,IRELAND,other_groundfish,core,46600,30290
2016,POL,POLAND,other_groundfish,core,3600,30288
2016,DNK,DENMARK,other_groundfish,core,24000,17400
2016,JPN,JAPAN,other_groundfish,core,899,16264
2016,ESP,SPAIN,other_groundfish,core,681,4065
2016,KOR,SOUTH KOREA,other_groundfish,core,3220,3020
2016,CHN,CHINA,other_shellfish_specialty,extended,5007147,21987243
2016,MEX,MEXICO,other_shellfish_specialty,extended,195598,5169419
2016,AUS,AUSTRALIA,other_shellfish_specialty,extended,116636,4361010
2016,CHL,CHILE,other_shellfish_specialty,extended,179106,3727349
2016,NIC,NICARAGUA,other_shellfish_specialty,extended,345566,3443256
2016,BHS,BAHAMAS,other_shellfish_specialty,extended,200904,2608003
2016,HKG,CHINA - HONG KONG,other_shellfish_specialty,extended,132540,2562492
2016,IDN,INDONESIA,other_shellfish_specialty,extended,500968,2478498
2016,FRA,FRANCE,other_shellfish_specialty,extended,249738,2007342
2016,TWN,TAIWAN,other_shellfish_specialty,extended,22910,941893
2016,CAN,CANADA,other_shellfish_specialty,extended,162267,904564
2016,HND,HONDURAS,other_shellfish_specialty,extended,200436,890012
2016,ISL,ICELAND,other_shellfish_specialty,extended,119840,589377
2016,MYS,MALAYSIA,other_shellfish_specialty,extended,147154,498169
2016,NZL,NEW ZEALAND,other_shellfish_specialty,extended,94746,468658
2016,ECU,ECUADOR,other_shellfish_specialty,extended,209237,423056
2016,VNM,VIETNAM,other_shellfish_specialty,extended,111605,365591
2016,JPN,JAPAN,other_shellfish_specialty,extended,15615,286740
2016,THA,THAILAND,other_shellfish_specialty,extended,59778,243964
2016,ZAF,SOUTH AFRICA,other_shellfish_specialty,extended,10345,226612
2016,KOR,SOUTH KOREA,other_shellfish_specialty,extended,25560,191038
2016,GBR,UNITED KINGDOM,other_shellfish_specialty,extended,12010,112174
2016,CIV,IVORY COAST,other_shellfish_specialty,extended,15236,74518
2016,KNA,ST.KITTS-NEVIS,other_shellfish_specialty,extended,9548,63680
2016,PRT,PORTUGAL,other_shellfish_specialty,extended,8327,49173
2016,GHA,GHANA,other_shellfish_specialty,extended,11348,33049
2016,TUR,TURKEY,other_shellfish_specialty,extended,2160,22343
2016,CMR,CAMEROON,other_shellfish_specialty,extended,3253,15500
2016,GUY,GUYANA,other_shellfish_specialty,extended,1022,14651
2016,ESP,SPAIN,other_shellfish_specialty,extended,1057,14372
2016,ITA,ITALY,other_shellfish_specialty,extended,928,8784
2016,GIN,GUINEA,other_shellfish_specialty,extended,3266,6600
2016,PER,PERU,other_shellfish_specialty,extended,263,5608
2016,NGA,NIGERIA,other_shellfish_specialty,extended,522,4600
2016,CHN,CHINA,oysters,core,4081439,25856932
2016,CAN,CANADA,oysters,core,2745166,22645446
2016,KOR,SOUTH KOREA,oysters,core,2728712,16737710
2016,MEX,MEXICO,oysters,core,1573526,4621333
2016,JPN,JAPAN,oysters,core,315693,1883876
2016,HKG,CHINA - HONG KONG,oysters,core,326718,1475570
2016,NZL,NEW ZEALAND,oysters,core,189714,1130544
2016,ECU,ECUADOR,oysters,core,16329,104400
2016,TWN,TAIWAN,oysters,core,423,5139
2016,THA,THAILAND,oysters,core,1320,3040
2016,VNM,VIETNAM,pangasius_basa_swai,extended,131255040,367208300
2016,CHN,CHINA,pangasius_basa_swai,extended,9900,25080
2016,THA,THAILAND,pangasius_basa_swai,extended,10040,23632
2016,CHN,CHINA,pollock,core,40988752,103195200
2016,CAN,CANADA,pollock,core,1822615,6746359
2016,VNM,VIETNAM,pollock,core,1691896,4387892
2016,PHL,PHILIPPINES,pollock,core,1532825,3909488
2016,KOR,SOUTH KOREA,pollock,core,580575,2282660
2016,THA,THAILAND,pollock,core,464811,1416017
2016,ISL,ICELAND,pollock,core,146897,620101
2016,IDN,INDONESIA,pollock,core,196483,397051
2016,RUS,RUSSIAN FEDERATION,pollock,core,143374,368429
2016,ESP,SPAIN,pollock,core,12160,97858
2016,JPN,JAPAN,pollock,core,42102,87265
2016,CHL,CHILE,pollock,core,17089,42625
2016,PRT,PORTUGAL,pollock,core,6124,41474
2016,ARG,ARGENTINA,pollock,core,12796,37620
2016,FRA,FRANCE,pollock,core,3,5163
2016,ECU,ECUADOR,pollock,core,999,4662
2016,GRC,GREECE,reef_fish_other,extended,3816419,23193622
2016,TUR,TURKEY,reef_fish_other,extended,1628180,11199177
2016,PAN,PANAMA,reef_fish_other,extended,729114,7377398
2016,ESP,SPAIN,reef_fish_other,extended,329014,2615151
2016,JPN,JAPAN,reef_fish_other,extended,168879,1868687
2016,TWN,TAIWAN,reef_fish_other,extended,277663,1247601
2016,CYP,CYPRUS,reef_fish_other,extended,126996,1105810
2016,CAN,CANADA,reef_fish_other,extended,403199,992179
2016,ARG,ARGENTINA,reef_fish_other,extended,275785,943183
2016,MEX,MEXICO,reef_fish_other,extended,70734,453185
2016,ECU,ECUADOR,reef_fish_other,extended,44088,348200
2016,MUS,MAURITIUS,reef_fish_other,extended,51042,346331
2016,URY,URUGUAY,reef_fish_other,extended,22252,241820
2016,PRT,PORTUGAL,reef_fish_other,extended,8245,226199
2016,SEN,SENEGAL,reef_fish_other,extended,27834,222667
2016,NLD,NETHERLANDS,reef_fish_other,extended,5734,127091
2016,HKG,CHINA - HONG KONG,reef_fish_other,extended,23874,106915
2016,NZL,NEW ZEALAND,reef_fish_other,extended,7925,85447
2016,CHN,CHINA,reef_fish_other,extended,18032,70530
2016,VNM,VIETNAM,reef_fish_other,extended,9330,67019
2016,PER,PERU,reef_fish_other,extended,2305,57511
2016,IDN,INDONESIA,reef_fish_other,extended,3045,29176
2016,BRA,BRAZIL,reef_fish_other,extended,3299,27736
2016,ITA,ITALY,reef_fish_other,extended,1843,25335
2016,SUR,SURINAME,reef_fish_other,extended,1951,13332
2016,TKL,TOKELAU IS.,reef_fish_other,extended,1530,12828
2016,CRI,COSTA RICA,reef_fish_other,extended,638,4218
2016,OMN,OMAN,reef_fish_other,extended,330,3300
2016,POL,POLAND,reef_fish_other,extended,220,2209
2016,FRA,FRANCE,reef_fish_other,extended,112,2138
2016,CAN,CANADA,sablefish,core,1714307,4401867
2016,MEX,MEXICO,sablefish,core,33035,131047
2016,CHL,CHILE,salmon,core,131295443,1350679400
2016,CAN,CANADA,salmon,core,99971163,769251155
2016,NOR,NORWAY,salmon,core,38309321,412321372
2016,CHN,CHINA,salmon,core,38917228,217397529
2016,FRO,FAROE IS.,salmon,core,14573451,131344755
2016,GBR,UNITED KINGDOM,salmon,core,9990564,95142449
2016,DEU,GERMANY,salmon,core,5108942,65396551
2016,NLD,NETHERLANDS,salmon,core,1790937,36939395
2016,GRC,GREECE,salmon,core,1175860,28458606
2016,THA,THAILAND,salmon,core,4167942,24749509
2016,ISL,ICELAND,salmon,core,2213381,21832681
2016,NZL,NEW ZEALAND,salmon,core,1852186,18991595
2016,RUS,RUSSIAN FEDERATION,salmon,core,1871603,13233250
2016,POL,POLAND,salmon,core,482012,10443220
2016,DNK,DENMARK,salmon,core,283730,3415576
2016,IRL,IRELAND,salmon,core,276078,3397329
2016,SWE,SWEDEN,salmon,core,124034,2353582
2016,VNM,VIETNAM,salmon,core,362546,2242148
2016,FRA,FRANCE,salmon,core,37707,961359
2016,JPN,JAPAN,salmon,core,83858,793594
2016,LTU,LITHUANIA,salmon,core,36349,453460
2016,PRT,PORTUGAL,salmon,core,63992,216972
2016,CRI,COSTA RICA,salmon,core,29159,146157
2016,UKR,UKRAINE,salmon,core,10645,103805
2016,BEL,BELGIUM,salmon,core,9970,95326
2016,KOR,SOUTH KOREA,salmon,core,4947,40942
2016,ISR,ISRAEL,salmon,core,4043,36414
2016,CHE,SWITZERLAND,salmon,core,147,25469
2016,LVA,LATVIA,salmon,core,2910,24541
2016,ESP,SPAIN,salmon,core,744,6541
2016,SLE,SIERRA LEONE,salmon,core,600,4800
2016,TWN,TAIWAN,salmon,core,360,2936
2016,TTO,TRINIDAD & TOBAGO,salmon,core,46,2029
2016,JPN,JAPAN,scallops,core,3560008,95438368
2016,CAN,CANADA,scallops,core,3567646,90362722
2016,CHN,CHINA,scallops,core,10998496,86634817
2016,ARG,ARGENTINA,scallops,core,2687530,30052967
2016,PER,PERU,scallops,core,313803,6072602
2016,PHL,PHILIPPINES,scallops,core,915659,5813395
2016,HKG,CHINA - HONG KONG,scallops,core,123413,4237257
2016,CHL,CHILE,scallops,core,236983,3614650
2016,VNM,VIETNAM,scallops,core,201194,2361950
2016,FRA,FRANCE,scallops,core,391157,1757893
2016,MEX,MEXICO,scallops,core,85512,946520
2016,THA,THAILAND,scallops,core,42644,638990
2016,IDN,INDONESIA,scallops,core,19051,440670
2016,VEN,VENEZUELA,scallops,core,5020,56128
2016,ESP,SPAIN,scallops,core,1287,25101
2016,KOR,SOUTH KOREA,scallops,core,2044,15489
2016,TWN,TAIWAN,scallops,core,1034,14872
2016,CAN,CANADA,sea_cucumber_urchin_other_inverts,extended,3710995,9009539
2016,GRC,GREECE,sea_cucumber_urchin_other_inverts,extended,219810,4841850
2016,JPN,JAPAN,sea_cucumber_urchin_other_inverts,extended,156946,4541957
2016,MEX,MEXICO,sea_cucumber_urchin_other_inverts,extended,213375,3749030
2016,HKG,CHINA - HONG KONG,sea_cucumber_urchin_other_inverts,extended,250009,3602696
2016,HND,HONDURAS,sea_cucumber_urchin_other_inverts,extended,227835,3440973
2016,NIC,NICARAGUA,sea_cucumber_urchin_other_inverts,extended,152218,2451809
2016,CHN,CHINA,sea_cucumber_urchin_other_inverts,extended,174053,2071480
2016,TUR,TURKEY,sea_cucumber_urchin_other_inverts,extended,74805,1678715
2016,HTI,HAITI,sea_cucumber_urchin_other_inverts,extended,60662,1393036
2016,NOR,NORWAY,sea_cucumber_urchin_other_inverts,extended,482936,1110762
2016,CHL,CHILE,sea_cucumber_urchin_other_inverts,extended,48718,956329
2016,URY,URUGUAY,sea_cucumber_urchin_other_inverts,extended,228000,524400
2016,PER,PERU,sea_cucumber_urchin_other_inverts,extended,25460,456015
2016,FJI,FIJI,sea_cucumber_urchin_other_inverts,extended,14460,286275
2016,VNM,VIETNAM,sea_cucumber_urchin_other_inverts,extended,28001,228287
2016,ECU,ECUADOR,sea_cucumber_urchin_other_inverts,extended,20870,220344
2016,BHS,BAHAMAS,sea_cucumber_urchin_other_inverts,extended,5557,212720
2016,IDN,INDONESIA,sea_cucumber_urchin_other_inverts,extended,19490,204306
2016,KOR,SOUTH KOREA,sea_cucumber_urchin_other_inverts,extended,9830,184519
2016,TWN,TAIWAN,sea_cucumber_urchin_other_inverts,extended,13000,171800
2016,COL,COLOMBIA,sea_cucumber_urchin_other_inverts,extended,10600,160774
2016,ESP,SPAIN,sea_cucumber_urchin_other_inverts,extended,9296,136236
2016,MRT,MAURITANIA,sea_cucumber_urchin_other_inverts,extended,1886,84000
2016,BLZ,BELIZE,sea_cucumber_urchin_other_inverts,extended,4343,75535
2016,BGR,BULGARIA,sea_cucumber_urchin_other_inverts,extended,12500,62000
2016,JAM,JAMAICA,sea_cucumber_urchin_other_inverts,extended,4490,47479
2016,DOM,DOMINICAN REPUBLIC,sea_cucumber_urchin_other_inverts,extended,4952,44121
2016,BRA,BRAZIL,sea_cucumber_urchin_other_inverts,extended,780,39000
2016,LKA,SRI LANKA,sea_cucumber_urchin_other_inverts,extended,2800,28000
2016,FRA,FRANCE,sea_cucumber_urchin_other_inverts,extended,92,6933
2016,NLD,NETHERLANDS,sea_cucumber_urchin_other_inverts,extended,1089,3600
2016,NZL,NEW ZEALAND,sharks_rays_skates,extended,36900,442800
2016,HKG,CHINA - HONG KONG,sharks_rays_skates,extended,16226,313447
2016,BRA,BRAZIL,sharks_rays_skates,extended,88471,285300
2016,CAN,CANADA,sharks_rays_skates,extended,97521,237004
2016,NLD,NETHERLANDS,sharks_rays_skates,extended,15000,180000
2016,MEX,MEXICO,sharks_rays_skates,extended,35543,96346
2016,ESP,SPAIN,sharks_rays_skates,extended,2109,41722
2016,ISL,ICELAND,sharks_rays_skates,extended,1983,15133
2016,CHN,CHINA,sharks_rays_skates,extended,3000,14279
2016,TTO,TRINIDAD & TOBAGO,sharks_rays_skates,extended,2297,10475
2016,IND,INDIA,sharks_rays_skates,extended,1089,3214
2016,ECU,ECUADOR,sharks_rays_skates,extended,831,2200
2016,IND,INDIA,shrimp,core,153853258,1496553038
2016,IDN,INDONESIA,shrimp,core,117084327,1107683360
2016,THA,THAILAND,shrimp,core,82197748,825822250
2016,VNM,VIETNAM,shrimp,core,63605325,684557860
2016,ECU,ECUADOR,shrimp,core,73218943,584913081
2016,MEX,MEXICO,shrimp,core,25324441,294795815
2016,CHN,CHINA,shrimp,core,34838638,233159642
2016,PER,PERU,shrimp,core,9516381,83097402
2016,ARG,ARGENTINA,shrimp,core,7734350,69553746
2016,BGD,BANGLADESH,shrimp,core,4101951,61455020
2016,GUY,GUYANA,shrimp,core,8394083,51574791
2016,PAN,PANAMA,shrimp,core,3065565,32888854
2016,CAN,CANADA,shrimp,core,3922324,31237535
2016,GTM,GUATEMALA,shrimp,core,2872956,27718019
2016,HND,HONDURAS,shrimp,core,3647296,26717520
2016,PHL,PHILIPPINES,shrimp,core,2173607,16632488
2016,VEN,VENEZUELA,shrimp,core,2903425,16591203
2016,NIC,NICARAGUA,shrimp,core,2497094,16421470
2016,PAK,PAKISTAN,shrimp,core,260671,8010190
2016,SAU,SAUDI ARABIA,shrimp,core,1029883,7452913
2016,NGA,NIGERIA,shrimp,core,123717,3065864
2016,SUR,SURINAME,shrimp,core,474420,3063294
2016,MMR,BURMA,shrimp,core,174090,2742181
2016,BLZ,BELIZE,shrimp,core,211959,2566577
2016,ARE,UNITED ARAB EMIRATES,shrimp,core,232544,1730345
2016,MYS,MALAYSIA,shrimp,core,261235,1610386
2016,LKA,SRI LANKA,shrimp,core,171410,1557666
2016,CHL,CHILE,shrimp,core,119784,1546662
2016,TWN,TAIWAN,shrimp,core,141564,1386713
2016,SEN,SENEGAL,shrimp,core,28270,869777
2016,ESP,SPAIN,shrimp,core,73122,858198
2016,CRI,COSTA RICA,shrimp,core,71173,843109
2016,KOR,SOUTH KOREA,shrimp,core,122334,790908
2016,DNK,DENMARK,shrimp,core,68714,707009
2016,AUS,AUSTRALIA,shrimp,core,30725,632378
2016,HKG,CHINA - HONG KONG,shrimp,core,54699,605382
2016,COL,COLOMBIA,shrimp,core,44364,604255
2016,PRT,PORTUGAL,shrimp,core,25991,442817
2016,MDG,MADAGASCAR,shrimp,core,28384,428700
2016,NCL,NEW CALEDONIA,shrimp,core,24282,404972
2016,SLV,EL SALVADOR,shrimp,core,25191,348653
2016,BRN,BRUNEI,shrimp,core,25581,239846
2016,BRA,BRAZIL,shrimp,core,7855,237988
2016,CYP,CYPRUS,shrimp,core,19051,132794
2016,NOR,NORWAY,shrimp,core,16129,115560
2016,JPN,JAPAN,shrimp,core,1948,72881
2016,NZL,NEW ZEALAND,shrimp,core,15569,65928
2016,GRL,GREENLAND,shrimp,core,2155,53683
2016,MAR,MOROCCO,shrimp,core,502,18347
2016,RUS,RUSSIAN FEDERATION,shrimp,core,1176,11995
2016,GBR,UNITED KINGDOM,shrimp,core,882,11938
2016,SGP,SINGAPORE,shrimp,core,769,11087
2016,CIV,IVORY COAST,shrimp,core,458,7646
2016,ITA,ITALY,shrimp,core,209,6491
2016,SWE,SWEDEN,shrimp,core,288,5910
2016,JAM,JAMAICA,shrimp,core,475,3490
2016,GHA,GHANA,shrimp,core,332,2376
2016,HTI,HAITI,shrimp,core,269,2320
2016,MAR,MOROCCO,small_pelagics_other,extended,9408198,44284772
2016,POL,POLAND,small_pelagics_other,extended,7996645,27209486
2016,CAN,CANADA,small_pelagics_other,extended,7645194,19920768
2016,ECU,ECUADOR,small_pelagics_other,extended,4804116,10766160
2016,THA,THAILAND,small_pelagics_other,extended,3321347,9864133
2016,VNM,VIETNAM,small_pelagics_other,extended,1564764,8648729
2016,CHN,CHINA,small_pelagics_other,extended,3654563,7955671
2016,ESP,SPAIN,small_pelagics_other,extended,902892,6099147
2016,ITA,ITALY,small_pelagics_other,extended,573375,5742838
2016,PER,PERU,small_pelagics_other,extended,672724,5423593
2016,PHL,PHILIPPINES,small_pelagics_other,extended,1971754,3758696
2016,KOR,SOUTH KOREA,small_pelagics_other,extended,562782,3442541
2016,PRT,PORTUGAL,small_pelagics_other,extended,864940,3394985
2016,ARG,ARGENTINA,small_pelagics_other,extended,686558,2550014
2016,CHL,CHILE,small_pelagics_other,extended,254165,2308774
2016,LVA,LATVIA,small_pelagics_other,extended,830043,2299310
2016,MEX,MEXICO,small_pelagics_other,extended,3071272,2252045
2016,GBR,UNITED KINGDOM,small_pelagics_other,extended,262157,1258601
2016,IND,INDIA,small_pelagics_other,extended,214731,1125181
2016,TUR,TURKEY,small_pelagics_other,extended,159066,1078685
2016,JPN,JAPAN,small_pelagics_other,extended,327877,881340
2016,TUN,TUNISIA,small_pelagics_other,extended,72573,414944
2016,BRA,BRAZIL,small_pelagics_other,extended,89447,240523
2016,GUY,GUYANA,small_pelagics_other,extended,55324,233678
2016,MYS,MALAYSIA,small_pelagics_other,extended,61671,175295
2016,OMN,OMAN,small_pelagics_other,extended,130000,142923
2016,NOR,NORWAY,small_pelagics_other,extended,78951,135680
2016,FRA,FRANCE,small_pelagics_other,extended,10226,131726
2016,URY,URUGUAY,small_pelagics_other,extended,72264,125060
2016,ARE,UNITED ARAB EMIRATES,small_pelagics_other,extended,36288,89346
2016,HKG,CHINA - HONG KONG,small_pelagics_other,extended,9238,64254
2016,UKR,UKRAINE,small_pelagics_other,extended,16888,32763
2016,GRC,GREECE,small_pelagics_other,extended,3611,29479
2016,RUS,RUSSIAN FEDERATION,small_pelagics_other,extended,8832,28402
2016,TWN,TAIWAN,small_pelagics_other,extended,3141,23636
2016,EST,ESTONIA,small_pelagics_other,extended,3011,20935
2016,HRV,CROATIA,small_pelagics_other,extended,3402,17956
2016,PAK,PAKISTAN,small_pelagics_other,extended,2108,16896
2016,SWE,SWEDEN,small_pelagics_other,extended,2907,16403
2016,LKA,SRI LANKA,small_pelagics_other,extended,3589,16194
2016,DEU,GERMANY,small_pelagics_other,extended,2420,14325
2016,NIC,NICARAGUA,small_pelagics_other,extended,6350,10700
2016,BEL,BELGIUM,small_pelagics_other,extended,60,8276
2016,MMR,BURMA,small_pelagics_other,extended,720,6425
2016,CPV,CAPE VERDE,small_pelagics_other,extended,932,5237
2016,SUR,SURINAME,small_pelagics_other,extended,700,2464
2016,CRI,COSTA RICA,small_pelagics_other,extended,676,2376
2016,MEX,MEXICO,snapper_grouper,core,8494726,62295681
2016,BRA,BRAZIL,snapper_grouper,core,5135118,30595725
2016,PAN,PANAMA,snapper_grouper,core,2632784,20349623
2016,NIC,NICARAGUA,snapper_grouper,core,2366447,14243724
2016,TTO,TRINIDAD & TOBAGO,snapper_grouper,core,1590347,12523621
2016,SUR,SURINAME,snapper_grouper,core,1289984,8448613
2016,CRI,COSTA RICA,snapper_grouper,core,932044,6383705
2016,GUY,GUYANA,snapper_grouper,core,1038638,4687480
2016,IDN,INDONESIA,snapper_grouper,core,575567,3905003
2016,NZL,NEW ZEALAND,snapper_grouper,core,490473,3515709
2016,VEN,VENEZUELA,snapper_grouper,core,258594,2059717
2016,GTM,GUATEMALA,snapper_grouper,core,292251,1944173
2016,SLV,EL SALVADOR,snapper_grouper,core,148404,1129658
2016,ECU,ECUADOR,snapper_grouper,core,112733,929285
2016,TON,TONGA,snapper_grouper,core,76952,822135
2016,IND,INDIA,snapper_grouper,core,192042,730604
2016,HND,HONDURAS,snapper_grouper,core,112672,720433
2016,SEN,SENEGAL,snapper_grouper,core,29129,500386
2016,VNM,VIETNAM,snapper_grouper,core,56616,293480
2016,CHN,CHINA,snapper_grouper,core,49248,279904
2016,AUS,AUSTRALIA,snapper_grouper,core,20574,213814
2016,BHS,BAHAMAS,snapper_grouper,core,24474,134120
2016,LKA,SRI LANKA,snapper_grouper,core,3760,34364
2016,JPN,JAPAN,snapper_grouper,core,410,29262
2016,CAN,CANADA,snapper_grouper,core,16432,26095
2016,TWN,TAIWAN,snapper_grouper,core,1371,16806
2016,MDG,MADAGASCAR,snapper_grouper,core,2425,15236
2016,FJI,FIJI,snapper_grouper,core,2057,14465
2016,GRD,GRENADA,snapper_grouper,core,1279,11500
2016,MDV,MALDIVE IS.,snapper_grouper,core,1022,9931
2016,KOR,SOUTH KOREA,snapper_grouper,core,1846,9449
2016,BLZ,BELIZE,snapper_grouper,core,1047,8006
2016,SYC,SEYCHELLES,snapper_grouper,core,300,2415
2016,CHN,CHINA,squid_octopus,core,47737721,209456044
2016,ESP,SPAIN,squid_octopus,core,8868125,63356531
2016,THA,THAILAND,squid_octopus,core,4396918,26848111
2016,IND,INDIA,squid_octopus,core,5585912,26293265
2016,TWN,TAIWAN,squid_octopus,core,6736799,23251550
2016,KOR,SOUTH KOREA,squid_octopus,core,5383617,17395732
2016,JPN,JAPAN,squid_octopus,core,1484784,15737194
2016,IDN,INDONESIA,squid_octopus,core,2935750,14652599
2016,PHL,PHILIPPINES,squid_octopus,core,3272744,11852376
2016,PER,PERU,squid_octopus,core,2659800,9851056
2016,MEX,MEXICO,squid_octopus,core,1135850,6385612
2016,NZL,NEW ZEALAND,squid_octopus,core,1525295,4963114
2016,VNM,VIETNAM,squid_octopus,core,652262,4038176
2016,ARG,ARGENTINA,squid_octopus,core,1439081,2758879
2016,PRT,PORTUGAL,squid_octopus,core,302102,2206015
2016,MYS,MALAYSIA,squid_octopus,core,360021,1671457
2016,CHL,CHILE,squid_octopus,core,643126,1434161
2016,MAR,MOROCCO,squid_octopus,core,157959,1271707
2016,CAN,CANADA,squid_octopus,core,54765,593340
2016,ITA,ITALY,squid_octopus,core,71954,564877
2016,LKA,SRI LANKA,squid_octopus,core,120339,536775
2016,HKG,CHINA - HONG KONG,squid_octopus,core,71479,484563
2016,ECU,ECUADOR,squid_octopus,core,283792,428240
2016,MRT,MAURITANIA,squid_octopus,core,21133,315655
2016,NLD,NETHERLANDS,squid_octopus,core,45129,223252
2016,AUS,AUSTRALIA,squid_octopus,core,11883,220668
2016,MMR,BURMA,squid_octopus,core,7553,98304
2016,SEN,SENEGAL,squid_octopus,core,10977,80981
2016,ZAF,SOUTH AFRICA,squid_octopus,core,8637,71056
2016,VGB,BRITISH VIRGIN IS.,squid_octopus,core,21923,53665
2016,URY,URUGUAY,squid_octopus,core,19956,53386
2016,VEN,VENEZUELA,squid_octopus,core,21000,52500
2016,CAF,CENTRAL AFRICAN REP.,squid_octopus,core,11339,37474
2016,SGP,SINGAPORE,squid_octopus,core,4240,18723
2016,GRC,GREECE,squid_octopus,core,2131,16062
2016,BEL,BELGIUM,squid_octopus,core,1048,11363
2016,TUN,TUNISIA,squid_octopus,core,1630,8517
2016,GBR,UNITED KINGDOM,squid_octopus,core,560,4731
2016,UKR,UKRAINE,squid_octopus,core,864,3922
2016,DNK,DENMARK,squid_octopus,core,93,2555
2016,ECU,ECUADOR,swordfish,core,1872165,16250847
2016,CAN,CANADA,swordfish,core,1406900,15054348
2016,CRI,COSTA RICA,swordfish,core,975681,8821723
2016,SGP,SINGAPORE,swordfish,core,940318,8484098
2016,BRA,BRAZIL,swordfish,core,1114445,7094555
2016,AUS,AUSTRALIA,swordfish,core,570574,5670037
2016,LKA,SRI LANKA,swordfish,core,460637,3827646
2016,PAN,PANAMA,swordfish,core,534981,3522225
2016,VNM,VIETNAM,swordfish,core,371155,3372298
2016,NZL,NEW ZEALAND,swordfish,core,430509,3101030
2016,IDN,INDONESIA,swordfish,core,386014,2703369
2016,CHL,CHILE,swordfish,core,279911,2400915
2016,MEX,MEXICO,swordfish,core,326257,2068849
2016,ESP,SPAIN,swordfish,core,101644,1148645
2016,MDV,MALDIVE IS.,swordfish,core,123729,909670
2016,ZAF,SOUTH AFRICA,swordfish,core,191087,873140
2016,VUT,VANUATU,swordfish,core,62547,624122
2016,MOZ,MOZAMBIQUE,swordfish,core,99786,416451
2016,SYC,SEYCHELLES,swordfish,core,31386,300931
2016,NIC,NICARAGUA,swordfish,core,22794,149137
2016,MUS,MAURITIUS,swordfish,core,20961,121868
2016,THA,THAILAND,swordfish,core,8287,95071
2016,NOR,NORWAY,swordfish,core,5454,69139
2016,TTO,TRINIDAD & TOBAGO,swordfish,core,6120,61388
2016,PYF,FRENCH POLYNESIA,swordfish,core,6053,60300
2016,FRA,FRANCE,swordfish,core,4899,42092
2016,JPN,JAPAN,swordfish,core,415,22795
2016,VEN,VENEZUELA,swordfish,core,2171,22144
2016,PRT,PORTUGAL,swordfish,core,4594,22064
2016,FRO,FAROE IS.,swordfish,core,1724,18417
2016,REU,REUNION,swordfish,core,733,8793
2016,TON,TONGA,swordfish,core,1660,8300
2016,FJI,FIJI,swordfish,core,765,5061
2016,IND,INDIA,swordfish,core,1373,2654
2016,PHL,PHILIPPINES,swordfish,core,267,2138
2016,CHN,CHINA,tilapia,core,146953298,483874003
2016,HND,HONDURAS,tilapia,core,9195778,55075538
2016,IDN,INDONESIA,tilapia,core,7736389,52777149
2016,COL,COLOMBIA,tilapia,core,5457799,42944308
2016,CRI,COSTA RICA,tilapia,core,5053156,32372247
2016,TWN,TAIWAN,tilapia,core,12412945,31627619
2016,MEX,MEXICO,tilapia,core,3308771,20666899
2016,ECU,ECUADOR,tilapia,core,2115141,11743923
2016,THA,THAILAND,tilapia,core,1740445,7061315
2016,BRA,BRAZIL,tilapia,core,950354,6061036
2016,VNM,VIETNAM,tilapia,core,1604383,4102162
2016,MYS,MALAYSIA,tilapia,core,554762,3646045
2016,MMR,BURMA,tilapia,core,693414,2350799
2016,PER,PERU,tilapia,core,186921,1873267
2016,NOR,NORWAY,tilapia,core,350016,1757600
2016,GTM,GUATEMALA,tilapia,core,124283,960855
2016,PHL,PHILIPPINES,tilapia,core,290021,813194
2016,PAN,PANAMA,tilapia,core,181013,701399
2016,PAK,PAKISTAN,tilapia,core,71711,560808
2016,CHL,CHILE,tilapia,core,55342,503191
2016,SLV,EL SALVADOR,tilapia,core,34635,403752
2016,BGD,BANGLADESH,tilapia,core,131796,319970
2016,HKG,CHINA - HONG KONG,tilapia,core,65893,164000
2016,ARG,ARGENTINA,tilapia,core,42150,88515
2016,RUS,RUSSIAN FEDERATION,tilapia,core,47715,85739
2016,ESP,SPAIN,tilapia,core,18289,64880
2016,HTI,HAITI,tilapia,core,3714,60208
2016,CCK,COCOS IS.,tilapia,core,21792,41280
2016,ISL,ICELAND,tilapia,core,6000,39000
2016,KOR,SOUTH KOREA,tilapia,core,4898,35761
2016,CAN,CANADA,tilapia,core,3373,32980
2016,IND,INDIA,tilapia,core,18751,28981
2016,GHA,GHANA,tilapia,core,6635,13380
2016,GBR,UNITED KINGDOM,tilapia,core,386,12826
2016,NIC,NICARAGUA,tilapia,core,3263,7274
2016,SLE,SIERRA LEONE,tilapia,core,1065,6880
2016,ARE,UNITED ARAB EMIRATES,tilapia,core,1800,6000
2016,JAM,JAMAICA,tilapia,core,250,4000
2016,JPN,JAPAN,tilapia,core,87,2064
2016,CHL,CHILE,toothfish,extended,4513032,56534935
2016,KOR,SOUTH KOREA,toothfish,extended,1428451,40205610
2016,ARG,ARGENTINA,toothfish,extended,1271481,33333004
2016,AUS,AUSTRALIA,toothfish,extended,750656,19548556
2016,FLK,FALKLAND IS.,toothfish,extended,727528,19434917
2016,NZL,NEW ZEALAND,toothfish,extended,593552,14654977
2016,SHN,ST.HELENA,toothfish,extended,493619,12583974
2016,REU,REUNION,toothfish,extended,341683,9506006
2016,ZAF,SOUTH AFRICA,toothfish,extended,325311,9320231
2016,URY,URUGUAY,toothfish,extended,238246,6990940
2016,UKR,UKRAINE,toothfish,extended,259994,6793562
2016,FRA,FRANCE,toothfish,extended,250476,5618260
2016,RUS,RUSSIAN FEDERATION,toothfish,extended,164504,4034700
2016,PER,PERU,toothfish,extended,970680,2802298
2016,ESP,SPAIN,toothfish,extended,60534,1528015
2016,ECU,ECUADOR,toothfish,extended,21222,616957
2016,TUR,TURKEY,toothfish,extended,350,5618
2016,NOR,NORWAY,trout,core,6605602,49826989
2016,CHL,CHILE,trout,core,4301814,45234227
2016,GBR,UNITED KINGDOM,trout,core,846689,6886716
2016,COL,COLOMBIA,trout,core,845943,6431783
2016,CAN,CANADA,trout,core,807814,5662961
2016,ARG,ARGENTINA,trout,core,420604,1748709
2016,DNK,DENMARK,trout,core,67002,952624
2016,ISL,ICELAND,trout,core,92903,895756
2016,CRI,COSTA RICA,trout,core,92248,748439
2016,AUS,AUSTRALIA,trout,core,55553,652523
2016,NLD,NETHERLANDS,trout,core,54937,514029
2016,PER,PERU,trout,core,39336,307266
2016,TUR,TURKEY,trout,core,63475,281803
2016,MEX,MEXICO,trout,core,26396,153564
2016,BRA,BRAZIL,trout,core,40365,146281
2016,SWE,SWEDEN,trout,core,4608,105062
2016,GUY,GUYANA,trout,core,27047,101794
2016,ESP,SPAIN,trout,core,10008,87141
2016,RUS,RUSSIAN FEDERATION,trout,core,4846,50010
2016,HKG,CHINA - HONG KONG,trout,core,3880,49157
2016,POL,POLAND,trout,core,4714,43127
2016,CHN,CHINA,trout,core,2160,39741
2016,NZL,NEW ZEALAND,trout,core,3983,36845
2016,UKR,UKRAINE,trout,core,3598,17243
2016,SUR,SURINAME,trout,core,700,4165
2016,THA,THAILAND,tuna,core,89249894,371545047
2016,IDN,INDONESIA,tuna,core,23309895,164910773
2016,VNM,VIETNAM,tuna,core,28044769,158695902
2016,ECU,ECUADOR,tuna,core,19724797,108171794
2016,CHN,CHINA,tuna,core,20217131,95512600
2016,PHL,PHILIPPINES,tuna,core,14297623,91687229
2016,FJI,FIJI,tuna,core,14268551,78557897
2016,MUS,MAURITIUS,tuna,core,7580647,40261435
2016,MEX,MEXICO,tuna,core,7744501,38905683
2016,LKA,SRI LANKA,tuna,core,3195976,37036552
2016,CAN,CANADA,tuna,core,2835023,23422664
2016,TTO,TRINIDAD & TOBAGO,tuna,core,1853034,21231568
2016,ESP,SPAIN,tuna,core,1490571,18168147
2016,MDV,MALDIVE IS.,tuna,core,1790848,17009203
2016,COL,COLOMBIA,tuna,core,2840759,16674412
2016,PAN,PANAMA,tuna,core,1707009,13177124
2016,TWN,TAIWAN,tuna,core,1233656,12933908
2016,CRI,COSTA RICA,tuna,core,2043142,12365145
2016,JPN,JAPAN,tuna,core,834982,11498701
2016,AUS,AUSTRALIA,tuna,core,976800,11159199
2016,KOR,SOUTH KOREA,tuna,core,1249712,9973064
2016,BRA,BRAZIL,tuna,core,1232859,9360724
2016,VEN,VENEZUELA,tuna,core,741934,8500114
2016,GRD,GRENADA,tuna,core,913094,6733022
2016,PYF,FRENCH POLYNESIA,tuna,core,796879,6619282
2016,SUR,SURINAME,tuna,core,1076791,5809617
2016,MHL,MARSHALL IS.,tuna,core,765162,4550451
2016,BRB,BARBADOS,tuna,core,268470,2510273
2016,KIR,KIRIBATI,tuna,core,198407,2121941
2016,TUR,TURKEY,tuna,core,84969,1753662
2016,GUY,GUYANA,tuna,core,154073,1680836
2016,ZAF,SOUTH AFRICA,tuna,core,301348,1490886
2016,SYC,SEYCHELLES,tuna,core,138020,1487008
2016,ITA,ITALY,tuna,core,195226,1463318
2016,PRT,PORTUGAL,tuna,core,240182,1392548
2016,SLB,SOLOMON IS.,tuna,core,225018,1252499
2016,MYS,MALAYSIA,tuna,core,122533,1027303
2016,VCT,ST.VINCENT-GRENADINE,tuna,core,90673,952012
2016,SGP,SINGAPORE,tuna,core,80848,759047
2016,WSM,WESTERN SAMOA,tuna,core,87210,725660
2016,MLT,MALTA,tuna,core,45514,668827
2016,OMN,OMAN,tuna,core,50635,630649
2016,CPV,CAPE VERDE,tuna,core,110780,598174
2016,HRV,CROATIA,tuna,core,135144,551674
2016,MOZ,MOZAMBIQUE,tuna,core,89668,434403
2016,SLV,EL SALVADOR,tuna,core,46787,323811
2016,TON,TONGA,tuna,core,53048,269254
2016,FRA,FRANCE,tuna,core,12156,239471
2016,LBY,LIBYA,tuna,core,71523,221581
2016,NOR,NORWAY,tuna,core,9439,156564
2016,PLW,PALAU,tuna,core,49144,152227
2016,ISR,ISRAEL,tuna,core,26060,143945
2016,NZL,NEW ZEALAND,tuna,core,12589,116158
2016,DEU,GERMANY,tuna,core,24276,110700
2016,VUT,VANUATU,tuna,core,5790,76222
2016,CIV,IVORY COAST,tuna,core,8064,72100
2016,PER,PERU,tuna,core,3118,70533
2016,TUN,TUNISIA,tuna,core,10925,70089
2016,TKL,TOKELAU IS.,tuna,core,2602,65206
2016,IND,INDIA,tuna,core,2799,27855
2016,NIC,NICARAGUA,tuna,core,4327,27806
2016,NLD,NETHERLANDS,tuna,core,1224,22578
2016,REU,REUNION,tuna,core,1410,21745
2016,GRC,GREECE,tuna,core,1218,21672
2016,SEN,SENEGAL,tuna,core,1209,17505
2016,MMR,BURMA,tuna,core,4601,17105
2016,MDA,MOLDOVA,tuna,core,1085,16274
2016,CHL,CHILE,tuna,core,6164,15086
2016,ISL,ICELAND,tuna,core,620,10760
2016,IRN,IRAN,tuna,core,1512,9240
2016,ARE,UNITED ARAB EMIRATES,tuna,core,1400,2940
2017,CHN,CHINA,catfish_other,extended,5822118,38354540
2017,VNM,VIETNAM,catfish_other,extended,160275,415205
2017,MMR,BURMA,catfish_other,extended,29324,194964
2017,IDN,INDONESIA,catfish_other,extended,13233,115148
2017,BGD,BANGLADESH,catfish_other,extended,9958,72188
2017,GUY,GUYANA,catfish_other,extended,9691,70622
2017,IND,INDIA,catfish_other,extended,9766,64482
2017,THA,THAILAND,catfish_other,extended,8235,38404
2017,CAN,CANADA,catfish_other,extended,3266,32400
2017,BRA,BRAZIL,catfish_other,extended,5040,21067
2017,CHN,CHINA,clams,core,14083478,29132124
2017,CAN,CANADA,clams,core,3805846,25034897
2017,VNM,VIETNAM,clams,core,2036965,5130518
2017,CHL,CHILE,clams,core,1013417,3985629
2017,IDN,INDONESIA,clams,core,1039798,3231564
2017,MEX,MEXICO,clams,core,546857,1858090
2017,NZL,NEW ZEALAND,clams,core,402025,1855478
2017,THA,THAILAND,clams,core,437997,1574288
2017,NLD,NETHERLANDS,clams,core,285142,657134
2017,JPN,JAPAN,clams,core,64974,186685
2017,ESP,SPAIN,clams,core,19736,157794
2017,KOR,SOUTH KOREA,clams,core,29835,117900
2017,ITA,ITALY,clams,core,5801,37293
2017,ECU,ECUADOR,clams,core,3129,32463
2017,PAN,PANAMA,clams,core,11350,30145
2017,PRT,PORTUGAL,clams,core,4816,22767
2017,PER,PERU,clams,core,2572,15951
2017,CHN,CHINA,cod,core,50636073,315854985
2017,ISL,ICELAND,cod,core,9654867,91221800
2017,CAN,CANADA,cod,core,4669024,37854195
2017,NOR,NORWAY,cod,core,3291778,31880972
2017,RUS,RUSSIAN FEDERATION,cod,core,4459041,29728191
2017,VNM,VIETNAM,cod,core,1316785,9562507
2017,DEU,GERMANY,cod,core,310553,4455175
2017,PRT,PORTUGAL,cod,core,325419,2305859
2017,GRL,GREENLAND,cod,core,464302,2034675
2017,FRO,FAROE IS.,cod,core,197319,682248
2017,POL,POLAND,cod,core,88908,468366
2017,DNK,DENMARK,cod,core,19220,280873
2017,ESP,SPAIN,cod,core,23098,256958
2017,GBR,UNITED KINGDOM,cod,core,34359,210432
2017,NLD,NETHERLANDS,cod,core,26446,122896
2017,NZL,NEW ZEALAND,cod,core,5895,75135
2017,JPN,JAPAN,cod,core,2924,66339
2017,TWN,TAIWAN,cod,core,5123,14990
2017,PHL,PHILIPPINES,cod,core,1420,10560
2017,MEX,MEXICO,cod,core,1100,4528
2017,IRL,IRELAND,cod,core,256,3686
2017,SEN,SENEGAL,cod,core,407,2502
2017,MYS,MALAYSIA,cod,core,444,2280
2017,BRA,BRAZIL,cod,core,6,2162
2017,KOR,SOUTH KOREA,cod,core,153,2145
2017,CAN,CANADA,crab,core,44493969,712905770
2017,RUS,RUSSIAN FEDERATION,crab,core,18102472,401316646
2017,IDN,INDONESIA,crab,core,12758648,309527089
2017,CHN,CHINA,crab,core,10137287,124785899
2017,PHL,PHILIPPINES,crab,core,3214010,91338023
2017,VNM,VIETNAM,crab,core,2667963,47102517
2017,MEX,MEXICO,crab,core,4078501,45102037
2017,VEN,VENEZUELA,crab,core,2366678,30242792
2017,IND,INDIA,crab,core,1139197,29544106
2017,THA,THAILAND,crab,core,1691179,27273631
2017,ARG,ARGENTINA,crab,core,1283482,25493586
2017,NOR,NORWAY,crab,core,922076,16788221
2017,LKA,SRI LANKA,crab,core,753640,14163127
2017,MMR,BURMA,crab,core,932014,13680223
2017,CHL,CHILE,crab,core,925303,12777396
2017,KOR,SOUTH KOREA,crab,core,764743,11087675
2017,GRL,GREENLAND,crab,core,450270,6224293
2017,COL,COLOMBIA,crab,core,284295,4900363
2017,DNK,DENMARK,crab,core,214476,3408059
2017,BHS,BAHAMAS,crab,core,81511,1859722
2017,NIC,NICARAGUA,crab,core,96062,1739468
2017,JPN,JAPAN,crab,core,122383,1628644
2017,SWE,SWEDEN,crab,core,43770,1334287
2017,GBR,UNITED KINGDOM,crab,core,85058,1028534
2017,BGD,BANGLADESH,crab,core,72340,964645
2017,MYS,MALAYSIA,crab,core,71988,940738
2017,ECU,ECUADOR,crab,core,59955,494309
2017,BHR,BAHRAIN,crab,core,50466,297874
2017,URY,URUGUAY,crab,core,14173,262186
2017,FRA,FRANCE,crab,core,3783,87801
2017,IRL,IRELAND,crab,core,4527,49350
2017,AUS,AUSTRALIA,crab,core,2163,42171
2017,PRT,PORTUGAL,crab,core,2630,23945
2017,BLZ,BELIZE,crab,core,1067,12516
2017,DOM,DOMINICAN REPUBLIC,crab,core,1632,11368
2017,TWN,TAIWAN,crab,core,85,5255
2017,KEN,KENYA,crab,core,150,4697
2017,NLD,NETHERLANDS,crab,core,78,2871
2017,CHN,CHINA,crawfish_freshwater,extended,5608557,60762545
2017,ESP,SPAIN,crawfish_freshwater,extended,962973,4757735
2017,JPN,JAPAN,crawfish_freshwater,extended,124714,2809732
2017,CAN,CANADA,crawfish_freshwater,extended,8296,143173
2017,ECU,ECUADOR,crawfish_freshwater,extended,13879,50490
2017,CHN,CHINA,eel_sturgeon_shad,extended,6669397,55695427
2017,TWN,TAIWAN,eel_sturgeon_shad,extended,88048,1563117
2017,VNM,VIETNAM,eel_sturgeon_shad,extended,189771,998594
2017,JPN,JAPAN,eel_sturgeon_shad,extended,97935,909193
2017,KOR,SOUTH KOREA,eel_sturgeon_shad,extended,57090,658209
2017,CAN,CANADA,eel_sturgeon_shad,extended,63661,406551
2017,ARG,ARGENTINA,eel_sturgeon_shad,extended,107049,387600
2017,ISL,ICELAND,eel_sturgeon_shad,extended,32951,378118
2017,GTM,GUATEMALA,eel_sturgeon_shad,extended,29720,366948
2017,NOR,NORWAY,eel_sturgeon_shad,extended,28842,318371
2017,HKG,CHINA - HONG KONG,eel_sturgeon_shad,extended,16500,224083
2017,GBR,UNITED KINGDOM,eel_sturgeon_shad,extended,48000,213480
2017,THA,THAILAND,eel_sturgeon_shad,extended,53029,150740
2017,PRT,PORTUGAL,eel_sturgeon_shad,extended,12571,125629
2017,SUR,SURINAME,eel_sturgeon_shad,extended,12389,58721
2017,ESP,SPAIN,eel_sturgeon_shad,extended,3983,42299
2017,IDN,INDONESIA,eel_sturgeon_shad,extended,2019,21162
2017,NLD,NETHERLANDS,eel_sturgeon_shad,extended,879,14548
2017,BRA,BRAZIL,eel_sturgeon_shad,extended,5105,14207
2017,PAK,PAKISTAN,eel_sturgeon_shad,extended,142,11880
2017,SEN,SENEGAL,eel_sturgeon_shad,extended,1180,10258
2017,PAN,PANAMA,eel_sturgeon_shad,extended,974,7207
2017,MAR,MOROCCO,eel_sturgeon_shad,extended,286,4791
2017,ARM,ARMENIA,eel_sturgeon_shad,extended,200,2200
2017,CHN,CHINA,flatfish,core,17079594,76358060
2017,CAN,CANADA,flatfish,core,4037221,24531684
2017,NLD,NETHERLANDS,flatfish,core,1496011,11278087
2017,THA,THAILAND,flatfish,core,1017284,6913380
2017,ISL,ICELAND,flatfish,core,965919,6477625
2017,ARG,ARGENTINA,flatfish,core,843484,5946757
2017,KOR,SOUTH KOREA,flatfish,core,171759,2955066
2017,MEX,MEXICO,flatfish,core,450564,2652845
2017,NOR,NORWAY,flatfish,core,252366,1022186
2017,VNM,VIETNAM,flatfish,core,277337,999982
2017,IDN,INDONESIA,flatfish,core,73859,888897
2017,ESP,SPAIN,flatfish,core,78267,883738
2017,PAN,PANAMA,flatfish,core,183321,867153
2017,GRL,GREENLAND,flatfish,core,136389,660565
2017,DNK,DENMARK,flatfish,core,81775,594993
2017,TWN,TAIWAN,flatfish,core,64555,461095
2017,JPN,JAPAN,flatfish,core,70920,303995
2017,FRA,FRANCE,flatfish,core,2189,60550
2017,POL,POLAND,flatfish,core,4033,45926
2017,PHL,PHILIPPINES,flatfish,core,43816,45400
2017,NIC,NICARAGUA,flatfish,core,11788,44202
2017,BRA,BRAZIL,flatfish,core,4870,41481
2017,NZL,NEW ZEALAND,flatfish,core,3057,32421
2017,PRT,PORTUGAL,flatfish,core,1243,25763
2017,TTO,TRINIDAD & TOBAGO,flatfish,core,1811,21912
2017,SEN,SENEGAL,flatfish,core,3152,21150
2017,GBR,UNITED KINGDOM,flatfish,core,1453,20560
2017,GIN,GUINEA,flatfish,core,2000,20000
2017,SUR,SURINAME,flatfish,core,1896,10478
2017,ECU,ECUADOR,flatfish,core,1155,6466
2017,IND,INDIA,flatfish,core,1045,5138
2017,ARE,UNITED ARAB EMIRATES,flatfish,core,1125,4702
2017,UKR,UKRAINE,flatfish,core,613,2246
2017,CAN,CANADA,halibut,core,5563088,91127217
2017,CHN,CHINA,halibut,core,1319473,23148474
2017,NOR,NORWAY,halibut,core,419042,4821402
2017,MEX,MEXICO,halibut,core,401702,2682629
2017,FRA,FRANCE,halibut,core,41591,854806
2017,KOR,SOUTH KOREA,halibut,core,31718,760886
2017,NLD,NETHERLANDS,halibut,core,59771,608835
2017,GBR,UNITED KINGDOM,halibut,core,20505,361462
2017,RUS,RUSSIAN FEDERATION,halibut,core,11509,126829
2017,JPN,JAPAN,halibut,core,2191,40252
2017,ECU,ECUADOR,halibut,core,3273,34870
2017,UKR,UKRAINE,halibut,core,1483,26699
2017,POL,POLAND,halibut,core,480,6561
2017,TWN,TAIWAN,halibut,core,290,6310
2017,ESP,SPAIN,halibut,core,680,5952
2017,ISL,ICELAND,halibut,core,134,2142
2017,CAN,CANADA,herring,core,11051891,33213869
2017,DEU,GERMANY,herring,core,1027550,5295779
2017,POL,POLAND,herring,core,682615,2283812
2017,ISL,ICELAND,herring,core,299334,1468864
2017,BLR,BELARUS,herring,core,422421,1337682
2017,LTU,LITHUANIA,herring,core,315951,1130605
2017,NOR,NORWAY,herring,core,590814,1021496
2017,CHN,CHINA,herring,core,161703,677327
2017,SLV,EL SALVADOR,herring,core,54626,659831
2017,GBR,UNITED KINGDOM,herring,core,95968,589346
2017,NLD,NETHERLANDS,herring,core,215978,559744
2017,DNK,DENMARK,herring,core,180728,515150
2017,PHL,PHILIPPINES,herring,core,123502,451010
2017,JPN,JAPAN,herring,core,52242,440668
2017,SWE,SWEDEN,herring,core,107191,421570
2017,LVA,LATVIA,herring,core,85028,235796
2017,EST,ESTONIA,herring,core,244548,228832
2017,RUS,RUSSIAN FEDERATION,herring,core,54183,169216
2017,KOR,SOUTH KOREA,herring,core,28137,127381
2017,FIN,FINLAND,herring,core,12925,106181
2017,ECU,ECUADOR,herring,core,42076,66000
2017,SLE,SIERRA LEONE,herring,core,40080,55000
2017,THA,THAILAND,herring,core,8629,49813
2017,GIN,GUINEA,herring,core,10315,49680
2017,UKR,UKRAINE,herring,core,27242,46081
2017,MYS,MALAYSIA,herring,core,2340,31668
2017,GRC,GREECE,herring,core,2719,22859
2017,SEN,SENEGAL,herring,core,7800,18435
2017,ITA,ITALY,herring,core,2000,13575
2017,MMR,BURMA,herring,core,811,11184
2017,GHA,GHANA,herring,core,2739,5944
2017,VNM,VIETNAM,herring,core,2481,5518
2017,CAN,CANADA,inland_freshwater_other,extended,6450193,63984422
2017,RUS,RUSSIAN FEDERATION,inland_freshwater_other,extended,657948,7490051
2017,KAZ,KAZAKHSTAN,inland_freshwater_other,extended,352538,3126519
2017,UGA,UGANDA,inland_freshwater_other,extended,297555,2212660
2017,TUR,TURKEY,inland_freshwater_other,extended,248750,1919077
2017,TTO,TRINIDAD & TOBAGO,inland_freshwater_other,extended,261225,1759726
2017,POL,POLAND,inland_freshwater_other,extended,155900,1596141
2017,PER,PERU,inland_freshwater_other,extended,468679,1532005
2017,CHN,CHINA,inland_freshwater_other,extended,350994,1308618
2017,EST,ESTONIA,inland_freshwater_other,extended,53019,605154
2017,CHL,CHILE,inland_freshwater_other,extended,77233,257466
2017,VNM,VIETNAM,inland_freshwater_other,extended,104464,237448
2017,NLD,NETHERLANDS,inland_freshwater_other,extended,27355,231100
2017,TWN,TAIWAN,inland_freshwater_other,extended,53794,154741
2017,MMR,BURMA,inland_freshwater_other,extended,56897,143363
2017,PRT,PORTUGAL,inland_freshwater_other,extended,6140,42852
2017,JPN,JAPAN,inland_freshwater_other,extended,3589,37241
2017,PHL,PHILIPPINES,inland_freshwater_other,extended,2630,9866
2017,HKG,CHINA - HONG KONG,inland_freshwater_other,extended,2622,7900
2017,GRC,GREECE,inland_freshwater_other,extended,360,3545
2017,IND,INDIA,inland_freshwater_other,extended,1416,3092
2017,PER,PERU,large_pelagics_other,extended,5368798,66681190
2017,TWN,TAIWAN,large_pelagics_other,extended,5239508,63821772
2017,ECU,ECUADOR,large_pelagics_other,extended,3965269,42660980
2017,VNM,VIETNAM,large_pelagics_other,extended,2229022,20112322
2017,PAN,PANAMA,large_pelagics_other,extended,1308516,11655771
2017,CRI,COSTA RICA,large_pelagics_other,extended,749586,6825653
2017,IDN,INDONESIA,large_pelagics_other,extended,556125,4756697
2017,GTM,GUATEMALA,large_pelagics_other,extended,495405,4017898
2017,IND,INDIA,large_pelagics_other,extended,558841,3879662
2017,NIC,NICARAGUA,large_pelagics_other,extended,400573,3559544
2017,BRA,BRAZIL,large_pelagics_other,extended,305530,2689653
2017,SLV,EL SALVADOR,large_pelagics_other,extended,276521,2225713
2017,TTO,TRINIDAD & TOBAGO,large_pelagics_other,extended,263231,2134011
2017,VEN,VENEZUELA,large_pelagics_other,extended,195097,1684684
2017,FJI,FIJI,large_pelagics_other,extended,197806,1446282
2017,MEX,MEXICO,large_pelagics_other,extended,157469,1287787
2017,MYS,MALAYSIA,large_pelagics_other,extended,92651,981049
2017,CHN,CHINA,large_pelagics_other,extended,154109,772953
2017,LKA,SRI LANKA,large_pelagics_other,extended,74103,624477
2017,OMN,OMAN,large_pelagics_other,extended,63024,540104
2017,PHL,PHILIPPINES,large_pelagics_other,extended,45842,481599
2017,TON,TONGA,large_pelagics_other,extended,57852,432742
2017,SUR,SURINAME,large_pelagics_other,extended,36106,401346
2017,ESP,SPAIN,large_pelagics_other,extended,40080,371136
2017,CHL,CHILE,large_pelagics_other,extended,19958,309629
2017,JPN,JAPAN,large_pelagics_other,extended,46400,293437
2017,PYF,FRENCH POLYNESIA,large_pelagics_other,extended,19541,244434
2017,THA,THAILAND,large_pelagics_other,extended,24051,179912
2017,SGP,SINGAPORE,large_pelagics_other,extended,13956,171981
2017,PAK,PAKISTAN,large_pelagics_other,extended,15980,151268
2017,MOZ,MOZAMBIQUE,large_pelagics_other,extended,11297,125943
2017,AUS,AUSTRALIA,large_pelagics_other,extended,11172,119180
2017,CAN,CANADA,large_pelagics_other,extended,10669,73634
2017,DOM,DOMINICAN REPUBLIC,large_pelagics_other,extended,5475,49500
2017,GUY,GUYANA,large_pelagics_other,extended,3577,31000
2017,MUS,MAURITIUS,large_pelagics_other,extended,1981,29448
2017,VCT,ST.VINCENT-GRENADINE,large_pelagics_other,extended,1485,18160
2017,GRC,GREECE,large_pelagics_other,extended,90,12964
2017,FRA,FRANCE,large_pelagics_other,extended,116,8855
2017,NLD,NETHERLANDS,large_pelagics_other,extended,452,8398
2017,WSM,WESTERN SAMOA,large_pelagics_other,extended,730,7465
2017,ITA,ITALY,large_pelagics_other,extended,50,6324
2017,CAN,CANADA,lobster,core,50788289,1108038308
2017,BHS,BAHAMAS,lobster,core,1778149,57131089
2017,BRA,BRAZIL,lobster,core,1203770,38602478
2017,HND,HONDURAS,lobster,core,1278323,35775464
2017,NIC,NICARAGUA,lobster,core,820321,23261702
2017,ZAF,SOUTH AFRICA,lobster,core,270692,17348268
2017,BLZ,BELIZE,lobster,core,264390,7482992
2017,CHN,CHINA,lobster,core,1077703,6019673
2017,AUS,AUSTRALIA,lobster,core,99358,5578444
2017,DOM,DOMINICAN REPUBLIC,lobster,core,151036,4567198
2017,NZL,NEW ZEALAND,lobster,core,92966,3266644
2017,SHN,ST.HELENA,lobster,core,44092,2725340
2017,CHL,CHILE,lobster,core,92393,2081226
2017,JAM,JAMAICA,lobster,core,79061,1820520
2017,ARE,UNITED ARAB EMIRATES,lobster,core,61925,1796230
2017,ESP,SPAIN,lobster,core,402649,1532407
2017,COL,COLOMBIA,lobster,core,27841,1150145
2017,GBR,UNITED KINGDOM,lobster,core,46919,1007546
2017,PNG,PAPUA NEW GUINEA,lobster,core,23633,980247
2017,TCA,TURKS & CAICOS IS.,lobster,core,34001,955500
2017,MEX,MEXICO,lobster,core,27999,851629
2017,PAN,PANAMA,lobster,core,28231,842542
2017,VEN,VENEZUELA,lobster,core,44600,701590
2017,JPN,JAPAN,lobster,core,23391,490400
2017,HTI,HAITI,lobster,core,16964,460634
2017,TTO,TRINIDAD & TOBAGO,lobster,core,36838,417663
2017,LKA,SRI LANKA,lobster,core,12832,270172
2017,MOZ,MOZAMBIQUE,lobster,core,7992,241846
2017,PRT,PORTUGAL,lobster,core,10196,230263
2017,NOR,NORWAY,lobster,core,6516,195166
2017,FRO,FAROE IS.,lobster,core,2928,159978
2017,NLD,NETHERLANDS,lobster,core,5512,86352
2017,VCT,ST.VINCENT-GRENADINE,lobster,core,3015,60450
2017,ATG,ANTIGUA & BARBUDA,lobster,core,3435,58395
2017,ECU,ECUADOR,lobster,core,7993,44530
2017,ISL,ICELAND,lobster,core,4130,34296
2017,IRL,IRELAND,lobster,core,774,19678
2017,TWN,TAIWAN,lobster,core,3370,19513
2017,ITA,ITALY,lobster,core,1321,19049
2017,THA,THAILAND,lobster,core,946,17167
2017,PER,PERU,lobster,core,449,12395
2017,KOR,SOUTH KOREA,lobster,core,1176,9912
2017,NGA,NIGERIA,lobster,core,1130,7470
2017,KGZ,KYRGYZSTAN,lobster,core,300,6450
2017,MYS,MALAYSIA,lobster,core,1000,4850
2017,GUY,GUYANA,lobster,core,98,3084
2017,FJI,FIJI,lobster,core,85,2500
2017,CHN,CHINA,mackerel,core,8718680,15535166
2017,NOR,NORWAY,mackerel,core,5760165,12613503
2017,THA,THAILAND,mackerel,core,2690416,9338208
2017,VNM,VIETNAM,mackerel,core,2215702,7689564
2017,JPN,JAPAN,mackerel,core,586784,5144606
2017,CAN,CANADA,mackerel,core,591361,2492732
2017,KOR,SOUTH KOREA,mackerel,core,828139,2371646
2017,SUR,SURINAME,mackerel,core,388987,1647694
2017,BRA,BRAZIL,mackerel,core,281352,1427572
2017,CHL,CHILE,mackerel,core,506797,1223855
2017,IDN,INDONESIA,mackerel,core,235109,1215399
2017,TUN,TUNISIA,mackerel,core,88419,971052
2017,MEX,MEXICO,mackerel,core,576021,946292
2017,TWN,TAIWAN,mackerel,core,629086,928110
2017,ISL,ICELAND,mackerel,core,505368,923403
2017,PRT,PORTUGAL,mackerel,core,260105,824536
2017,MAR,MOROCCO,mackerel,core,114689,749134
2017,POL,POLAND,mackerel,core,104485,726965
2017,IND,INDIA,mackerel,core,168155,679085
2017,GBR,UNITED KINGDOM,mackerel,core,232047,648145
2017,ECU,ECUADOR,mackerel,core,169256,553929
2017,RUS,RUSSIAN FEDERATION,mackerel,core,145831,398389
2017,PER,PERU,mackerel,core,315742,378280
2017,ESP,SPAIN,mackerel,core,142695,344583
2017,MYS,MALAYSIA,mackerel,core,86473,301279
2017,IRL,IRELAND,mackerel,core,250000,283545
2017,SVN,SLOVENIA,mackerel,core,42193,246744
2017,DEU,GERMANY,mackerel,core,71703,224586
2017,GRC,GREECE,mackerel,core,25241,221570
2017,PHL,PHILIPPINES,mackerel,core,71450,205369
2017,FRO,FAROE IS.,mackerel,core,130000,204000
2017,NLD,NETHERLANDS,mackerel,core,94750,173360
2017,PAN,PANAMA,mackerel,core,18278,114976
2017,NZL,NEW ZEALAND,mackerel,core,46159,106233
2017,FJI,FIJI,mackerel,core,23958,94173
2017,GUY,GUYANA,mackerel,core,12689,77869
2017,LVA,LATVIA,mackerel,core,21781,74495
2017,NIC,NICARAGUA,mackerel,core,13735,64187
2017,PYF,FRENCH POLYNESIA,mackerel,core,6175,59844
2017,LTU,LITHUANIA,mackerel,core,9756,38502
2017,ARE,UNITED ARAB EMIRATES,mackerel,core,7993,24418
2017,VEN,VENEZUELA,mackerel,core,4095,24354
2017,TUR,TURKEY,mackerel,core,1775,21487
2017,TTO,TRINIDAD & TOBAGO,mackerel,core,2307,16241
2017,DNK,DENMARK,mackerel,core,5500,10725
2017,COL,COLOMBIA,mackerel,core,1361,10396
2017,CPV,CAPE VERDE,mackerel,core,948,9806
2017,GHA,GHANA,mackerel,core,600,7980
2017,ITA,ITALY,mackerel,core,294,7367
2017,HKG,CHINA - HONG KONG,mackerel,core,998,4500
2017,MMR,BURMA,mackerel,core,1250,3500
2017,FRA,FRANCE,mackerel,core,193,3151
2017,LBR,LIBERIA,mackerel,core,40,3000
2017,NZL,NEW ZEALAND,mussels,core,10441016,53047521
2017,CAN,CANADA,mussels,core,13608364,38400002
2017,CHL,CHILE,mussels,core,10925447,26346847
2017,THA,THAILAND,mussels,core,183725,1116709
2017,CHN,CHINA,mussels,core,282581,797241
2017,VNM,VIETNAM,mussels,core,184312,677151
2017,ESP,SPAIN,mussels,core,66450,480917
2017,MEX,MEXICO,mussels,core,107595,469776
2017,DNK,DENMARK,mussels,core,47403,205712
2017,IRL,IRELAND,mussels,core,12280,55206
2017,PRT,PORTUGAL,mussels,core,5096,53592
2017,ITA,ITALY,mussels,core,5251,50976
2017,KOR,SOUTH KOREA,mussels,core,3688,48798
2017,ECU,ECUADOR,mussels,core,4958,32439
2017,HKG,CHINA - HONG KONG,mussels,core,1832,22843
2017,GBR,UNITED KINGDOM,mussels,core,570,15544
2017,FRA,FRANCE,mussels,core,630,11209
2017,NLD,NETHERLANDS,mussels,core,29,8120
2017,BEL,BELGIUM,mussels,core,612,4567
2017,CHN,CHINA,other_groundfish,core,16810936,82294216
2017,CAN,CANADA,other_groundfish,core,11220634,44558046
2017,ISL,ICELAND,other_groundfish,core,3831491,42976308
2017,NOR,NORWAY,other_groundfish,core,6637136,22228639
2017,NZL,NEW ZEALAND,other_groundfish,core,1536635,15531536
2017,ARG,ARGENTINA,other_groundfish,core,3256517,10456359
2017,RUS,RUSSIAN FEDERATION,other_groundfish,core,2225060,8829325
2017,ZAF,SOUTH AFRICA,other_groundfish,core,526206,2701085
2017,FRO,FAROE IS.,other_groundfish,core,525704,1763494
2017,CHL,CHILE,other_groundfish,core,419798,1438402
2017,PER,PERU,other_groundfish,core,332833,955490
2017,DEU,GERMANY,other_groundfish,core,224597,694010
2017,URY,URUGUAY,other_groundfish,core,302264,537534
2017,ECU,ECUADOR,other_groundfish,core,205807,491071
2017,MMR,BURMA,other_groundfish,core,116375,435953
2017,BRA,BRAZIL,other_groundfish,core,55154,408077
2017,VNM,VIETNAM,other_groundfish,core,46052,358170
2017,NLD,NETHERLANDS,other_groundfish,core,17236,204079
2017,TWN,TAIWAN,other_groundfish,core,59891,193072
2017,THA,THAILAND,other_groundfish,core,34000,191221
2017,MEX,MEXICO,other_groundfish,core,58977,94654
2017,NAM,NAMIBIA,other_groundfish,core,18421,93574
2017,PRT,PORTUGAL,other_groundfish,core,22291,75897
2017,GBR,UNITED KINGDOM,other_groundfish,core,8704,64983
2017,BGD,BANGLADESH,other_groundfish,core,6363,55465
2017,NIC,NICARAGUA,other_groundfish,core,18235,48143
2017,POL,POLAND,other_groundfish,core,2486,14248
2017,IDN,INDONESIA,other_groundfish,core,884,12153
2017,ESP,SPAIN,other_groundfish,core,436,7404
2017,PAN,PANAMA,other_groundfish,core,625,4692
2017,JPN,JAPAN,other_groundfish,core,220,2109
2017,CHN,CHINA,other_shellfish_specialty,extended,4311074,21019155
2017,NIC,NICARAGUA,other_shellfish_specialty,extended,652899,8790310
2017,BHS,BAHAMAS,other_shellfish_specialty,extended,439990,4761493
2017,AUS,AUSTRALIA,other_shellfish_specialty,extended,111596,4244812
2017,HND,HONDURAS,other_shellfish_specialty,extended,357927,4080538
2017,BLZ,BELIZE,other_shellfish_specialty,extended,266561,3598307
2017,MEX,MEXICO,other_shellfish_specialty,extended,229083,3535960
2017,HKG,CHINA - HONG KONG,other_shellfish_specialty,extended,122172,2409934
2017,CHL,CHILE,other_shellfish_specialty,extended,84131,2309079
2017,IDN,INDONESIA,other_shellfish_specialty,extended,397458,2244176
2017,FRA,FRANCE,other_shellfish_specialty,extended,174940,1824065
2017,TCA,TURKS & CAICOS IS.,other_shellfish_specialty,extended,78742,1028725
2017,KOR,SOUTH KOREA,other_shellfish_specialty,extended,97277,631180
2017,TWN,TAIWAN,other_shellfish_specialty,extended,10673,619136
2017,VNM,VIETNAM,other_shellfish_specialty,extended,170887,608740
2017,MYS,MALAYSIA,other_shellfish_specialty,extended,134683,440163
2017,CAN,CANADA,other_shellfish_specialty,extended,54420,376540
2017,JPN,JAPAN,other_shellfish_specialty,extended,20813,290532
2017,THA,THAILAND,other_shellfish_specialty,extended,66382,289878
2017,NZL,NEW ZEALAND,other_shellfish_specialty,extended,86219,271393
2017,PER,PERU,other_shellfish_specialty,extended,8787,187419
2017,NGA,NIGERIA,other_shellfish_specialty,extended,12784,115239
2017,GHA,GHANA,other_shellfish_specialty,extended,38184,109236
2017,IRL,IRELAND,other_shellfish_specialty,extended,12750,71655
2017,KNA,ST.KITTS-NEVIS,other_shellfish_specialty,extended,7524,54600
2017,ECU,ECUADOR,other_shellfish_specialty,extended,23773,51422
2017,PRT,PORTUGAL,other_shellfish_specialty,extended,9656,45361
2017,ZAF,SOUTH AFRICA,other_shellfish_specialty,extended,1902,40565
2017,TUR,TURKEY,other_shellfish_specialty,extended,3360,34574
2017,BEL,BELGIUM,other_shellfish_specialty,extended,2751,27444
2017,VCT,ST.VINCENT-GRENADINE,other_shellfish_specialty,extended,635,7700
2017,PAK,PAKISTAN,other_shellfish_specialty,extended,1204,7137
2017,GIN,GUINEA,other_shellfish_specialty,extended,2608,6750
2017,MLT,MALTA,other_shellfish_specialty,extended,73,4463
2017,DEU,GERMANY,other_shellfish_specialty,extended,2509,4114
2017,ESP,SPAIN,other_shellfish_specialty,extended,180,2459
2017,CMR,CAMEROON,other_shellfish_specialty,extended,1050,2100
2017,CHN,CHINA,oysters,core,4020784,25470106
2017,CAN,CANADA,oysters,core,2797193,23904448
2017,KOR,SOUTH KOREA,oysters,core,3067430,19112645
2017,MEX,MEXICO,oysters,core,1542053,5357769
2017,JPN,JAPAN,oysters,core,283839,1880820
2017,HKG,CHINA - HONG KONG,oysters,core,274001,1278832
2017,NZL,NEW ZEALAND,oysters,core,98968,797482
2017,TWN,TAIWAN,oysters,core,1583,10573
2017,FRA,FRANCE,oysters,core,454,6400
2017,IRL,IRELAND,oysters,core,13,2232
2017,VNM,VIETNAM,pangasius_basa_swai,extended,104920446,342543936
2017,CHN,CHINA,pollock,core,38710003,97913799
2017,VNM,VIETNAM,pollock,core,3576215,9911886
2017,CAN,CANADA,pollock,core,1778688,7272326
2017,KOR,SOUTH KOREA,pollock,core,502032,2291607
2017,PHL,PHILIPPINES,pollock,core,687955,2124810
2017,IDN,INDONESIA,pollock,core,626713,1775980
2017,ISL,ICELAND,pollock,core,357424,1414247
2017,THA,THAILAND,pollock,core,272671,980694
2017,ESP,SPAIN,pollock,core,51740,241905
2017,PRT,PORTUGAL,pollock,core,11382,113377
2017,JPN,JAPAN,pollock,core,23621,104926
2017,RUS,RUSSIAN FEDERATION,pollock,core,65263,94940
2017,ECU,ECUADOR,pollock,core,20767,91940
2017,GBR,UNITED KINGDOM,pollock,core,4403,63652
2017,HKG,CHINA - HONG KONG,pollock,core,16003,51156
2017,NLD,NETHERLANDS,pollock,core,528,5544
2017,TUR,TURKEY,pollock,core,200,5385
2017,GRC,GREECE,reef_fish_other,extended,3519801,21600477
2017,TUR,TURKEY,reef_fish_other,extended,2593034,16878853
2017,PAN,PANAMA,reef_fish_other,extended,729608,8057247
2017,ESP,SPAIN,reef_fish_other,extended,587652,5267190
2017,ARG,ARGENTINA,reef_fish_other,extended,861621,2946745
2017,JPN,JAPAN,reef_fish_other,extended,185208,2071080
2017,CYP,CYPRUS,reef_fish_other,extended,160248,1368914
2017,ECU,ECUADOR,reef_fish_other,extended,127467,989514
2017,CAN,CANADA,reef_fish_other,extended,258269,868526
2017,VNM,VIETNAM,reef_fish_other,extended,41277,494801
2017,TWN,TAIWAN,reef_fish_other,extended,111802,440446
2017,PRT,PORTUGAL,reef_fish_other,extended,14103,438962
2017,MEX,MEXICO,reef_fish_other,extended,74160,372243
2017,MUS,MAURITIUS,reef_fish_other,extended,53518,327069
2017,IDN,INDONESIA,reef_fish_other,extended,18808,154680
2017,SEN,SENEGAL,reef_fish_other,extended,17332,138653
2017,ITA,ITALY,reef_fish_other,extended,7246,95896
2017,NIC,NICARAGUA,reef_fish_other,extended,18162,84084
2017,NLD,NETHERLANDS,reef_fish_other,extended,2685,65335
2017,NZL,NEW ZEALAND,reef_fish_other,extended,5140,49568
2017,HKG,CHINA - HONG KONG,reef_fish_other,extended,7439,48290
2017,BRA,BRAZIL,reef_fish_other,extended,5932,34003
2017,URY,URUGUAY,reef_fish_other,extended,2928,29571
2017,TUN,TUNISIA,reef_fish_other,extended,4470,28076
2017,SUR,SURINAME,reef_fish_other,extended,3737,26537
2017,VEN,VENEZUELA,reef_fish_other,extended,2669,14492
2017,MRT,MAURITANIA,reef_fish_other,extended,672,6725
2017,NOR,NORWAY,reef_fish_other,extended,538,5356
2017,GBR,UNITED KINGDOM,reef_fish_other,extended,340,4880
2017,SYC,SEYCHELLES,reef_fish_other,extended,553,3927
2017,GMB,GAMBIA,reef_fish_other,extended,5575,3013
2017,FRA,FRANCE,reef_fish_other,extended,80,2699
2017,PHL,PHILIPPINES,reef_fish_other,extended,399,2600
2017,CAN,CANADA,sablefish,core,1722653,4457157
2017,MEX,MEXICO,sablefish,core,32469,158353
2017,JPN,JAPAN,sablefish,core,600,14783
2017,CHL,CHILE,salmon,core,139257588,1626916531
2017,CAN,CANADA,salmon,core,89682590,753144826
2017,NOR,NORWAY,salmon,core,49177915,554132787
2017,CHN,CHINA,salmon,core,43231493,263055441
2017,GBR,UNITED KINGDOM,salmon,core,15104282,138774105
2017,FRO,FAROE IS.,salmon,core,12670165,113658469
2017,DEU,GERMANY,salmon,core,5878269,84293625
2017,NLD,NETHERLANDS,salmon,core,1764455,37694408
2017,THA,THAILAND,salmon,core,4842217,29649693
2017,NZL,NEW ZEALAND,salmon,core,2522159,27856107
2017,ISL,ICELAND,salmon,core,2063765,26760890
2017,GRC,GREECE,salmon,core,1116047,26623260
2017,RUS,RUSSIAN FEDERATION,salmon,core,2051275,16641165
2017,POL,POLAND,salmon,core,735427,15049726
2017,DNK,DENMARK,salmon,core,969213,12451594
2017,IRL,IRELAND,salmon,core,259775,3129004
2017,JPN,JAPAN,salmon,core,64642,678379
2017,SWE,SWEDEN,salmon,core,37048,674384
2017,FRA,FRANCE,salmon,core,19331,357155
2017,LTU,LITHUANIA,salmon,core,20159,252404
2017,VNM,VIETNAM,salmon,core,33671,231555
2017,IDN,INDONESIA,salmon,core,18311,202914
2017,PRT,PORTUGAL,salmon,core,32426,188110
2017,MEX,MEXICO,salmon,core,11660,92513
2017,TUR,TURKEY,salmon,core,3974,70868
2017,TWN,TAIWAN,salmon,core,14838,70380
2017,ESP,SPAIN,salmon,core,5361,35213
2017,CHE,SWITZERLAND,salmon,core,95,14812
2017,UKR,UKRAINE,salmon,core,883,13632
2017,LVA,LATVIA,salmon,core,3313,13124
2017,URY,URUGUAY,salmon,core,7258,12416
2017,KOR,SOUTH KOREA,salmon,core,797,7029
2017,PHL,PHILIPPINES,salmon,core,684,5496
2017,PAN,PANAMA,salmon,core,460,3300
2017,DOM,DOMINICAN REPUBLIC,salmon,core,269,2150
2017,CAN,CANADA,scallops,core,3380871,78136593
2017,CHN,CHINA,scallops,core,8349309,70215455
2017,JPN,JAPAN,scallops,core,2574700,64383393
2017,ARG,ARGENTINA,scallops,core,2536772,32555984
2017,PER,PERU,scallops,core,312351,5267219
2017,VNM,VIETNAM,scallops,core,275834,3022438
2017,FRA,FRANCE,scallops,core,573392,2361584
2017,HKG,CHINA - HONG KONG,scallops,core,103297,2320813
2017,PHL,PHILIPPINES,scallops,core,413851,2279109
2017,CHL,CHILE,scallops,core,138447,2024011
2017,MEX,MEXICO,scallops,core,75846,1290988
2017,AUS,AUSTRALIA,scallops,core,2395,396000
2017,THA,THAILAND,scallops,core,7563,104580
2017,ESP,SPAIN,scallops,core,2371,55896
2017,ISL,ICELAND,scallops,core,1240,23373
2017,TWN,TAIWAN,scallops,core,655,13122
2017,MYS,MALAYSIA,scallops,core,2500,10490
2017,KOR,SOUTH KOREA,scallops,core,900,6144
2017,JPN,JAPAN,sea_cucumber_urchin_other_inverts,extended,197968,11143547
2017,CAN,CANADA,sea_cucumber_urchin_other_inverts,extended,3718767,9241635
2017,NOR,NORWAY,sea_cucumber_urchin_other_inverts,extended,4759700,9043430
2017,MEX,MEXICO,sea_cucumber_urchin_other_inverts,extended,373482,8815469
2017,NIC,NICARAGUA,sea_cucumber_urchin_other_inverts,extended,185409,3509994
2017,TUR,TURKEY,sea_cucumber_urchin_other_inverts,extended,151518,3492554
2017,HND,HONDURAS,sea_cucumber_urchin_other_inverts,extended,180588,3271008
2017,CHN,CHINA,sea_cucumber_urchin_other_inverts,extended,161957,2855259
2017,CHL,CHILE,sea_cucumber_urchin_other_inverts,extended,148014,2266349
2017,GRC,GREECE,sea_cucumber_urchin_other_inverts,extended,76164,2151594
2017,HTI,HAITI,sea_cucumber_urchin_other_inverts,extended,31568,973036
2017,JAM,JAMAICA,sea_cucumber_urchin_other_inverts,extended,25576,778566
2017,IDN,INDONESIA,sea_cucumber_urchin_other_inverts,extended,51170,618648
2017,HKG,CHINA - HONG KONG,sea_cucumber_urchin_other_inverts,extended,18200,543224
2017,PER,PERU,sea_cucumber_urchin_other_inverts,extended,18041,460454
2017,VNM,VIETNAM,sea_cucumber_urchin_other_inverts,extended,28316,357285
2017,TWN,TAIWAN,sea_cucumber_urchin_other_inverts,extended,13000,183000
2017,KOR,SOUTH KOREA,sea_cucumber_urchin_other_inverts,extended,29988,163535
2017,BGR,BULGARIA,sea_cucumber_urchin_other_inverts,extended,3440,146200
2017,MRT,MAURITANIA,sea_cucumber_urchin_other_inverts,extended,3120,112800
2017,FJI,FIJI,sea_cucumber_urchin_other_inverts,extended,2385,87180
2017,NLD,NETHERLANDS,sea_cucumber_urchin_other_inverts,extended,3505,75749
2017,LKA,SRI LANKA,sea_cucumber_urchin_other_inverts,extended,3052,53040
2017,COL,COLOMBIA,sea_cucumber_urchin_other_inverts,extended,1625,43698
2017,ESP,SPAIN,sea_cucumber_urchin_other_inverts,extended,2259,37286
2017,NAM,NAMIBIA,sea_cucumber_urchin_other_inverts,extended,700,24689
2017,AUS,AUSTRALIA,sea_cucumber_urchin_other_inverts,extended,1944,24000
2017,RUS,RUSSIAN FEDERATION,sea_cucumber_urchin_other_inverts,extended,88,16797
2017,BRA,BRAZIL,sea_cucumber_urchin_other_inverts,extended,540,13636
2017,MDV,MALDIVE IS.,sea_cucumber_urchin_other_inverts,extended,38,6080
2017,ATG,ANTIGUA & BARBUDA,sea_cucumber_urchin_other_inverts,extended,100,2800
2017,DOM,DOMINICAN REPUBLIC,sea_cucumber_urchin_other_inverts,extended,220,2201
2017,NZL,NEW ZEALAND,sharks_rays_skates,extended,34400,528000
2017,HKG,CHINA - HONG KONG,sharks_rays_skates,extended,118374,323112
2017,CAN,CANADA,sharks_rays_skates,extended,78890,316777
2017,MMR,BURMA,sharks_rays_skates,extended,71158,231876
2017,MEX,MEXICO,sharks_rays_skates,extended,54726,155513
2017,ESP,SPAIN,sharks_rays_skates,extended,1814,137864
2017,TTO,TRINIDAD & TOBAGO,sharks_rays_skates,extended,11681,109813
2017,CRI,COSTA RICA,sharks_rays_skates,extended,14436,47952
2017,IND,INDIA,sharks_rays_skates,extended,11893,35925
2017,UKR,UKRAINE,sharks_rays_skates,extended,19256,29134
2017,GBR,UNITED KINGDOM,sharks_rays_skates,extended,1435,20984
2017,CHN,CHINA,sharks_rays_skates,extended,1812,16179
2017,PAN,PANAMA,sharks_rays_skates,extended,472,4940
2017,ITA,ITALY,sharks_rays_skates,extended,33,3121
2017,IND,INDIA,shrimp,core,214102276,2171734011
2017,IDN,INDONESIA,shrimp,core,118057581,1185911325
2017,THA,THAILAND,shrimp,core,74988186,811438386
2017,VNM,VIETNAM,shrimp,core,56067297,635144006
2017,ECU,ECUADOR,shrimp,core,71848352,574010028
2017,MEX,MEXICO,shrimp,core,28539333,337137297
2017,CHN,CHINA,shrimp,core,46030241,334360797
2017,ARG,ARGENTINA,shrimp,core,12551601,120672775
2017,PER,PERU,shrimp,core,9949979,90550458
2017,GUY,GUYANA,shrimp,core,9288758,56426908
2017,HND,HONDURAS,shrimp,core,5648718,41562216
2017,PAN,PANAMA,shrimp,core,2636448,29494732
2017,GTM,GUATEMALA,shrimp,core,2815719,27367665
2017,CAN,CANADA,shrimp,core,1802635,24594409
2017,PHL,PHILIPPINES,shrimp,core,2605997,20834146
2017,BGD,BANGLADESH,shrimp,core,1293754,19535429
2017,NIC,NICARAGUA,shrimp,core,1836777,13378456
2017,VEN,VENEZUELA,shrimp,core,2075806,12699208
2017,PAK,PAKISTAN,shrimp,core,228850,7393054
2017,MMR,BURMA,shrimp,core,298727,4550589
2017,NGA,NIGERIA,shrimp,core,129215,3717276
2017,ARE,UNITED ARAB EMIRATES,shrimp,core,382646,3233408
2017,SUR,SURINAME,shrimp,core,378668,2698170
2017,MYS,MALAYSIA,shrimp,core,254692,2202515
2017,LKA,SRI LANKA,shrimp,core,168477,1870575
2017,TWN,TAIWAN,shrimp,core,177578,1626098
2017,COL,COLOMBIA,shrimp,core,86741,1537944
2017,AUS,AUSTRALIA,shrimp,core,102685,1447705
2017,CHL,CHILE,shrimp,core,101227,1293610
2017,BLZ,BELIZE,shrimp,core,101909,1248282
2017,ESP,SPAIN,shrimp,core,121387,1239815
2017,CRI,COSTA RICA,shrimp,core,75208,808998
2017,KOR,SOUTH KOREA,shrimp,core,99254,683308
2017,HKG,CHINA - HONG KONG,shrimp,core,63671,680913
2017,PRT,PORTUGAL,shrimp,core,18624,465654
2017,DNK,DENMARK,shrimp,core,44985,432118
2017,SLV,EL SALVADOR,shrimp,core,31180,385295
2017,ISL,ICELAND,shrimp,core,35235,332918
2017,NCL,NEW CALEDONIA,shrimp,core,18276,291103
2017,SEN,SENEGAL,shrimp,core,10608,283538
2017,NOR,NORWAY,shrimp,core,18705,201393
2017,NLD,NETHERLANDS,shrimp,core,13575,189397
2017,ITA,ITALY,shrimp,core,15876,175000
2017,JPN,JAPAN,shrimp,core,18781,173708
2017,GRL,GREENLAND,shrimp,core,20595,126096
2017,OMN,OMAN,shrimp,core,2774,54175
2017,SWE,SWEDEN,shrimp,core,6360,38764
2017,GHA,GHANA,shrimp,core,9131,32915
2017,BRN,BRUNEI,shrimp,core,908,7600
2017,SGP,SINGAPORE,shrimp,core,890,6000
2017,CYP,CYPRUS,shrimp,core,50,3818
2017,MAR,MOROCCO,small_pelagics_other,extended,10062970,49472247
2017,POL,POLAND,small_pelagics_other,extended,8639210,32740438
2017,CAN,CANADA,small_pelagics_other,extended,10128209,21984074
2017,THA,THAILAND,small_pelagics_other,extended,2954840,9863904
2017,ECU,ECUADOR,small_pelagics_other,extended,4942344,9749077
2017,CHN,CHINA,small_pelagics_other,extended,4298106,8905408
2017,PER,PERU,small_pelagics_other,extended,826372,7480880
2017,VNM,VIETNAM,small_pelagics_other,extended,1387341,7145108
2017,ESP,SPAIN,small_pelagics_other,extended,981467,5889989
2017,ITA,ITALY,small_pelagics_other,extended,625061,5540914
2017,KOR,SOUTH KOREA,small_pelagics_other,extended,629327,4818178
2017,PRT,PORTUGAL,small_pelagics_other,extended,1217882,4002016
2017,PHL,PHILIPPINES,small_pelagics_other,extended,1569161,3005196
2017,MEX,MEXICO,small_pelagics_other,extended,4411512,2998168
2017,LVA,LATVIA,small_pelagics_other,extended,849412,2358067
2017,ARG,ARGENTINA,small_pelagics_other,extended,793408,2299811
2017,GBR,UNITED KINGDOM,small_pelagics_other,extended,242092,1079534
2017,TUR,TURKEY,small_pelagics_other,extended,149074,978340
2017,CHL,CHILE,small_pelagics_other,extended,117796,932181
2017,JPN,JAPAN,small_pelagics_other,extended,163750,704221
2017,IND,INDIA,small_pelagics_other,extended,121529,303484
2017,NOR,NORWAY,small_pelagics_other,extended,159060,203548
2017,TUN,TUNISIA,small_pelagics_other,extended,23245,194490
2017,GUY,GUYANA,small_pelagics_other,extended,52740,190085
2017,MYS,MALAYSIA,small_pelagics_other,extended,72572,175332
2017,DEU,GERMANY,small_pelagics_other,extended,55226,169579
2017,HKG,CHINA - HONG KONG,small_pelagics_other,extended,49911,144686
2017,ARE,UNITED ARAB EMIRATES,small_pelagics_other,extended,60800,119658
2017,BRA,BRAZIL,small_pelagics_other,extended,33819,114585
2017,FRA,FRANCE,small_pelagics_other,extended,9233,111161
2017,MMR,BURMA,small_pelagics_other,extended,17962,79732
2017,HND,HONDURAS,small_pelagics_other,extended,14790,58823
2017,TWN,TAIWAN,small_pelagics_other,extended,6769,42778
2017,GRC,GREECE,small_pelagics_other,extended,3445,37611
2017,RUS,RUSSIAN FEDERATION,small_pelagics_other,extended,10644,32110
2017,UKR,UKRAINE,small_pelagics_other,extended,15452,22914
2017,LKA,SRI LANKA,small_pelagics_other,extended,4051,17595
2017,SWE,SWEDEN,small_pelagics_other,extended,915,15364
2017,EST,ESTONIA,small_pelagics_other,extended,2008,13292
2017,HRV,CROATIA,small_pelagics_other,extended,1701,10449
2017,BEL,BELGIUM,small_pelagics_other,extended,34,5265
2017,TZA,TANZANIA,small_pelagics_other,extended,2152,5079
2017,LTU,LITHUANIA,small_pelagics_other,extended,765,4875
2017,NIC,NICARAGUA,small_pelagics_other,extended,1814,3200
2017,SUR,SURINAME,small_pelagics_other,extended,738,3175
2017,ALB,ALBANIA,small_pelagics_other,extended,117,2623
2017,MEX,MEXICO,snapper_grouper,core,9108835,62899529
2017,BRA,BRAZIL,snapper_grouper,core,4575266,29026901
2017,PAN,PANAMA,snapper_grouper,core,2882071,22099913
2017,NIC,NICARAGUA,snapper_grouper,core,2403912,13479815
2017,CRI,COSTA RICA,snapper_grouper,core,1100559,7926986
2017,VEN,VENEZUELA,snapper_grouper,core,971395,7906098
2017,SUR,SURINAME,snapper_grouper,core,1129941,7329762
2017,TTO,TRINIDAD & TOBAGO,snapper_grouper,core,880538,6271712
2017,IDN,INDONESIA,snapper_grouper,core,785917,5759063
2017,GUY,GUYANA,snapper_grouper,core,798583,3866353
2017,NZL,NEW ZEALAND,snapper_grouper,core,478801,3435149
2017,ECU,ECUADOR,snapper_grouper,core,135668,1101372
2017,SEN,SENEGAL,snapper_grouper,core,104798,945027
2017,SLV,EL SALVADOR,snapper_grouper,core,117229,869874
2017,GTM,GUATEMALA,snapper_grouper,core,116836,866929
2017,IND,INDIA,snapper_grouper,core,223022,826255
2017,TON,TONGA,snapper_grouper,core,62405,704865
2017,HND,HONDURAS,snapper_grouper,core,89396,514186
2017,AUS,AUSTRALIA,snapper_grouper,core,29348,333224
2017,VNM,VIETNAM,snapper_grouper,core,43675,258067
2017,LKA,SRI LANKA,snapper_grouper,core,20470,172402
2017,TWN,TAIWAN,snapper_grouper,core,11036,154477
2017,SYC,SEYCHELLES,snapper_grouper,core,17787,112820
2017,FJI,FIJI,snapper_grouper,core,12146,74870
2017,JPN,JAPAN,snapper_grouper,core,1552,52551
2017,CHN,CHINA,snapper_grouper,core,9394,44322
2017,OMN,OMAN,snapper_grouper,core,7320,38955
2017,THA,THAILAND,snapper_grouper,core,4152,33742
2017,CAN,CANADA,snapper_grouper,core,7561,33605
2017,NLD,NETHERLANDS,snapper_grouper,core,26400,20328
2017,GRD,GRENADA,snapper_grouper,core,2176,18702
2017,MDG,MADAGASCAR,snapper_grouper,core,2814,16441
2017,MDV,MALDIVE IS.,snapper_grouper,core,1671,11477
2017,MRT,MAURITANIA,snapper_grouper,core,557,5571
2017,ABW,ARUBA,snapper_grouper,core,480,4340
2017,MUS,MAURITIUS,snapper_grouper,core,362,3621
2017,KOR,SOUTH KOREA,snapper_grouper,core,543,2886
2017,CHN,CHINA,squid_octopus,core,49966632,258185770
2017,ESP,SPAIN,squid_octopus,core,10912985,95156873
2017,IND,INDIA,squid_octopus,core,7006041,37993449
2017,TWN,TAIWAN,squid_octopus,core,7713288,32544081
2017,THA,THAILAND,squid_octopus,core,3755646,29674026
2017,IDN,INDONESIA,squid_octopus,core,4195116,25335468
2017,PHL,PHILIPPINES,squid_octopus,core,4321870,18188371
2017,JPN,JAPAN,squid_octopus,core,1249046,16775751
2017,PER,PERU,squid_octopus,core,2846787,11810716
2017,KOR,SOUTH KOREA,squid_octopus,core,1517974,10073123
2017,VNM,VIETNAM,squid_octopus,core,1545091,9763961
2017,NZL,NEW ZEALAND,squid_octopus,core,1834812,6294897
2017,MEX,MEXICO,squid_octopus,core,780138,6129503
2017,PRT,PORTUGAL,squid_octopus,core,398132,3414456
2017,ARG,ARGENTINA,squid_octopus,core,1508973,3207616
2017,CHL,CHILE,squid_octopus,core,605906,2162046
2017,MYS,MALAYSIA,squid_octopus,core,644208,2129945
2017,MAR,MOROCCO,squid_octopus,core,176063,1838097
2017,PAK,PAKISTAN,squid_octopus,core,258286,1736253
2017,ITA,ITALY,squid_octopus,core,152376,1312644
2017,HKG,CHINA - HONG KONG,squid_octopus,core,234839,1209354
2017,MRT,MAURITANIA,squid_octopus,core,92031,1072129
2017,LKA,SRI LANKA,squid_octopus,core,193132,921103
2017,VUT,VANUATU,squid_octopus,core,235872,875514
2017,CAN,CANADA,squid_octopus,core,69398,675650
2017,NLD,NETHERLANDS,squid_octopus,core,79003,479442
2017,ECU,ECUADOR,squid_octopus,core,176955,415997
2017,MMR,BURMA,squid_octopus,core,46452,326219
2017,FLK,FALKLAND IS.,squid_octopus,core,50092,172317
2017,AUS,AUSTRALIA,squid_octopus,core,7950,168568
2017,VEN,VENEZUELA,squid_octopus,core,50042,141435
2017,ZAF,SOUTH AFRICA,squid_octopus,core,10872,94633
2017,FRA,FRANCE,squid_octopus,core,2180,30584
2017,SEN,SENEGAL,squid_octopus,core,2937,19524
2017,GRC,GREECE,squid_octopus,core,2209,12972
2017,URY,URUGUAY,squid_octopus,core,2036,5565
2017,UKR,UKRAINE,squid_octopus,core,990,5284
2017,BEL,BELGIUM,squid_octopus,core,408,4859
2017,GMB,GAMBIA,squid_octopus,core,2101,2986
2017,ECU,ECUADOR,swordfish,core,2706144,18040717
2017,CAN,CANADA,swordfish,core,1097232,11449049
2017,SGP,SINGAPORE,swordfish,core,957896,8476596
2017,CRI,COSTA RICA,swordfish,core,792895,6313274
2017,BRA,BRAZIL,swordfish,core,1156481,6167863
2017,VNM,VIETNAM,swordfish,core,598781,5327699
2017,IDN,INDONESIA,swordfish,core,670860,5239602
2017,AUS,AUSTRALIA,swordfish,core,503882,5157291
2017,LKA,SRI LANKA,swordfish,core,333111,3312688
2017,CHL,CHILE,swordfish,core,362277,3036894
2017,MEX,MEXICO,swordfish,core,414588,2547906
2017,PAN,PANAMA,swordfish,core,431153,2526815
2017,NZL,NEW ZEALAND,swordfish,core,313480,2327827
2017,ESP,SPAIN,swordfish,core,177234,1633239
2017,MOZ,MOZAMBIQUE,swordfish,core,189079,932502
2017,SYC,SEYCHELLES,swordfish,core,67879,603770
2017,TWN,TAIWAN,swordfish,core,58368,510400
2017,MDV,MALDIVE IS.,swordfish,core,44760,411010
2017,VUT,VANUATU,swordfish,core,45139,392787
2017,ZAF,SOUTH AFRICA,swordfish,core,108105,386676
2017,TTO,TRINIDAD & TOBAGO,swordfish,core,27110,283893
2017,MUS,MAURITIUS,swordfish,core,44443,280495
2017,PYF,FRENCH POLYNESIA,swordfish,core,17282,146388
2017,GTM,GUATEMALA,swordfish,core,12225,80585
2017,FRA,FRANCE,swordfish,core,4149,44226
2017,PRT,PORTUGAL,swordfish,core,5603,31041
2017,REU,REUNION,swordfish,core,2285,27145
2017,GUY,GUYANA,swordfish,core,2339,26013
2017,NIC,NICARAGUA,swordfish,core,2581,21610
2017,IND,INDIA,swordfish,core,1883,20050
2017,VEN,VENEZUELA,swordfish,core,1135,13336
2017,JPN,JAPAN,swordfish,core,161,8777
2017,MYS,MALAYSIA,swordfish,core,703,6290
2017,TON,TONGA,swordfish,core,616,3081
2017,CHN,CHINA,tilapia,core,134745027,429506190
2017,COL,COLOMBIA,tilapia,core,6295703,48149988
2017,IDN,INDONESIA,tilapia,core,7044229,47464766
2017,HND,HONDURAS,tilapia,core,8211741,46303550
2017,CRI,COSTA RICA,tilapia,core,4957094,30937658
2017,TWN,TAIWAN,tilapia,core,12296244,27610137
2017,MEX,MEXICO,tilapia,core,2977767,19593105
2017,ECU,ECUADOR,tilapia,core,1311066,7139082
2017,VNM,VIETNAM,tilapia,core,2198516,4813371
2017,BRA,BRAZIL,tilapia,core,678747,4091724
2017,THA,THAILAND,tilapia,core,1141194,3385539
2017,MMR,BURMA,tilapia,core,874090,2919297
2017,KOR,SOUTH KOREA,tilapia,core,160870,2305774
2017,MYS,MALAYSIA,tilapia,core,327000,1824869
2017,PER,PERU,tilapia,core,126823,1392152
2017,GTM,GUATEMALA,tilapia,core,208584,1368030
2017,NOR,NORWAY,tilapia,core,40035,782340
2017,PAN,PANAMA,tilapia,core,157607,541428
2017,SLV,EL SALVADOR,tilapia,core,37560,325743
2017,HKG,CHINA - HONG KONG,tilapia,core,119354,310252
2017,BGD,BANGLADESH,tilapia,core,97077,290514
2017,PAK,PAKISTAN,tilapia,core,25824,203302
2017,ISL,ICELAND,tilapia,core,20458,142880
2017,IND,INDIA,tilapia,core,55666,73431
2017,HTI,HAITI,tilapia,core,2619,71697
2017,PHL,PHILIPPINES,tilapia,core,24570,69461
2017,ARG,ARGENTINA,tilapia,core,18144,63860
2017,CAN,CANADA,tilapia,core,6027,46791
2017,SUR,SURINAME,tilapia,core,6443,40959
2017,GBR,UNITED KINGDOM,tilapia,core,2141,34483
2017,GIN,GUINEA,tilapia,core,28611,33236
2017,GHA,GHANA,tilapia,core,12955,32561
2017,GMB,GAMBIA,tilapia,core,7573,20028
2017,JPN,JAPAN,tilapia,core,2270,19580
2017,NGA,NIGERIA,tilapia,core,1039,13144
2017,RUS,RUSSIAN FEDERATION,tilapia,core,3861,12339
2017,ARE,UNITED ARAB EMIRATES,tilapia,core,3200,10240
2017,KOR,SOUTH KOREA,toothfish,extended,2271993,56243505
2017,CHL,CHILE,toothfish,extended,2333608,50398003
2017,ARG,ARGENTINA,toothfish,extended,1407314,33546831
2017,AUS,AUSTRALIA,toothfish,extended,1216522,26688250
2017,NZL,NEW ZEALAND,toothfish,extended,821587,17515873
2017,REU,REUNION,toothfish,extended,648738,14124907
2017,FLK,FALKLAND IS.,toothfish,extended,594427,11483906
2017,ZAF,SOUTH AFRICA,toothfish,extended,511962,11337717
2017,SHN,ST.HELENA,toothfish,extended,352758,10185239
2017,URY,URUGUAY,toothfish,extended,334778,10126812
2017,UKR,UKRAINE,toothfish,extended,246265,7488171
2017,RUS,RUSSIAN FEDERATION,toothfish,extended,217375,6946761
2017,PER,PERU,toothfish,extended,332976,4501079
2017,FRA,FRANCE,toothfish,extended,201932,3924763
2017,MUS,MAURITIUS,toothfish,extended,22526,709566
2017,NOR,NORWAY,toothfish,extended,19038,628254
2017,CHL,CHILE,trout,core,4845079,60078927
2017,NOR,NORWAY,trout,core,4391233,46033323
2017,GBR,UNITED KINGDOM,trout,core,834927,7446982
2017,COL,COLOMBIA,trout,core,859928,6605250
2017,CAN,CANADA,trout,core,688151,5508800
2017,ISL,ICELAND,trout,core,267724,2844820
2017,ARG,ARGENTINA,trout,core,547795,2316264
2017,DNK,DENMARK,trout,core,100727,1399297
2017,AUS,AUSTRALIA,trout,core,44639,575713
2017,CRI,COSTA RICA,trout,core,72344,573770
2017,TUR,TURKEY,trout,core,77206,519286
2017,PER,PERU,trout,core,43218,413729
2017,NLD,NETHERLANDS,trout,core,26310,324851
2017,BRA,BRAZIL,trout,core,61976,225441
2017,MEX,MEXICO,trout,core,30436,129003
2017,CHN,CHINA,trout,core,21772,76800
2017,POL,POLAND,trout,core,5910,59023
2017,GRC,GREECE,trout,core,4281,48601
2017,GUY,GUYANA,trout,core,6016,24574
2017,HKG,CHINA - HONG KONG,trout,core,380,13538
2017,THA,THAILAND,trout,core,480,10349
2017,ESP,SPAIN,trout,core,240,3285
2017,ECU,ECUADOR,trout,core,792,2800
2017,GTM,GUATEMALA,trout,core,250,2299
2017,THA,THAILAND,tuna,core,91542792,430675390
2017,VNM,VIETNAM,tuna,core,29832716,195121652
2017,IDN,INDONESIA,tuna,core,24244615,188117906
2017,ECU,ECUADOR,tuna,core,21670700,125484544
2017,CHN,CHINA,tuna,core,23353183,124207201
2017,PHL,PHILIPPINES,tuna,core,12204688,87835346
2017,FJI,FIJI,tuna,core,13771332,78104209
2017,MEX,MEXICO,tuna,core,8603249,43430379
2017,MUS,MAURITIUS,tuna,core,6296990,34315957
2017,LKA,SRI LANKA,tuna,core,2427569,29374278
2017,CAN,CANADA,tuna,core,2446069,24134134
2017,ESP,SPAIN,tuna,core,1608332,20936452
2017,MDV,MALDIVE IS.,tuna,core,1881838,17993103
2017,TWN,TAIWAN,tuna,core,1380000,14297084
2017,VEN,VENEZUELA,tuna,core,1213346,13769835
2017,KOR,SOUTH KOREA,tuna,core,1796894,13578131
2017,JPN,JAPAN,tuna,core,885245,13568274
2017,CRI,COSTA RICA,tuna,core,3033379,13120796
2017,TTO,TRINIDAD & TOBAGO,tuna,core,1254319,12676793
2017,BRA,BRAZIL,tuna,core,1313725,9853266
2017,AUS,AUSTRALIA,tuna,core,901898,9805958
2017,SUR,SURINAME,tuna,core,1546034,8749231
2017,PAN,PANAMA,tuna,core,995362,8604776
2017,TUR,TURKEY,tuna,core,416595,7918429
2017,COL,COLOMBIA,tuna,core,1212377,7320956
2017,PYF,FRENCH POLYNESIA,tuna,core,655217,6680494
2017,GRD,GRENADA,tuna,core,724882,5122430
2017,SEN,SENEGAL,tuna,core,685004,4972441
2017,MHL,MARSHALL IS.,tuna,core,527567,3326415
2017,SYC,SEYCHELLES,tuna,core,296461,3082939
2017,GUY,GUYANA,tuna,core,222741,2429309
2017,SLB,SOLOMON IS.,tuna,core,406442,2326936
2017,KIR,KIRIBATI,tuna,core,213256,2214537
2017,DEU,GERMANY,tuna,core,184498,2093485
2017,BRB,BARBADOS,tuna,core,207448,1941477
2017,VCT,ST.VINCENT-GRENADINE,tuna,core,162918,1659176
2017,PRT,PORTUGAL,tuna,core,284133,1627166
2017,OMN,OMAN,tuna,core,149026,1482880
2017,MYS,MALAYSIA,tuna,core,169551,1423474
2017,ZAF,SOUTH AFRICA,tuna,core,230452,1249336
2017,ITA,ITALY,tuna,core,398295,1205416
2017,MOZ,MOZAMBIQUE,tuna,core,151841,1110217
2017,CPV,CAPE VERDE,tuna,core,103916,771439
2017,HRV,CROATIA,tuna,core,112514,732178
2017,SGP,SINGAPORE,tuna,core,80943,680033
2017,CIV,IVORY COAST,tuna,core,129260,455634
2017,WSM,WESTERN SAMOA,tuna,core,67130,446331
2017,SLV,EL SALVADOR,tuna,core,87613,436215
2017,MLT,MALTA,tuna,core,7094,312990
2017,FRA,FRANCE,tuna,core,15307,278423
2017,NZL,NEW ZEALAND,tuna,core,124529,272316
2017,IND,INDIA,tuna,core,29870,196189
2017,VUT,VANUATU,tuna,core,10018,191804
2017,TON,TONGA,tuna,core,36367,181840
2017,PLW,PALAU,tuna,core,14269,145486
2017,BLZ,BELIZE,tuna,core,10600,123661
2017,ISR,ISRAEL,tuna,core,20790,92189
2017,TUN,TUNISIA,tuna,core,23579,81496
2017,IRN,IRAN,tuna,core,11903,54275
2017,DOM,DOMINICAN REPUBLIC,tuna,core,7737,31822
2017,GRC,GREECE,tuna,core,1022,17192
2017,REU,REUNION,tuna,core,1025,14353
2017,LBR,LIBERIA,tuna,core,1030,11014
2017,NIC,NICARAGUA,tuna,core,748,9244
2017,SVN,SLOVENIA,tuna,core,1005,8342
2017,JOR,JORDAN,tuna,core,800,3660
2017,MAR,MOROCCO,tuna,core,68,3205
2017,NLD,NETHERLANDS,tuna,core,238,2878
2018,VNM,VIETNAM,catfish_other,extended,22124364,109345208
2018,CHN,CHINA,catfish_other,extended,5738379,31597781
2018,GUY,GUYANA,catfish_other,extended,42643,149658
2018,TWN,TAIWAN,catfish_other,extended,6985,50994
2018,THA,THAILAND,catfish_other,extended,3408,21225
2018,ESP,SPAIN,catfish_other,extended,366,2141
2018,CHN,CHINA,clams,core,15818768,34191838
2018,CAN,CANADA,clams,core,3779431,26328724
2018,VNM,VIETNAM,clams,core,2508645,6151950
2018,IDN,INDONESIA,clams,core,983867,3176126
2018,THA,THAILAND,clams,core,763840,2581288
2018,CHL,CHILE,clams,core,598878,2393032
2018,MEX,MEXICO,clams,core,573104,2071968
2018,NZL,NEW ZEALAND,clams,core,374930,1796883
2018,NLD,NETHERLANDS,clams,core,145199,443154
2018,JPN,JAPAN,clams,core,67593,202426
2018,KOR,SOUTH KOREA,clams,core,30100,153291
2018,ESP,SPAIN,clams,core,10605,98733
2018,PRT,PORTUGAL,clams,core,8186,49495
2018,ITA,ITALY,clams,core,5443,35746
2018,HKG,CHINA - HONG KONG,clams,core,14358,33160
2018,ECU,ECUADOR,clams,core,3236,28691
2018,PAN,PANAMA,clams,core,7922,23166
2018,NAM,NAMIBIA,clams,core,2540,12376
2018,CHN,CHINA,cod,core,46158335,324093760
2018,ISL,ICELAND,cod,core,12091725,127206120
2018,NOR,NORWAY,cod,core,4631712,44633461
2018,CAN,CANADA,cod,core,4133460,35913203
2018,RUS,RUSSIAN FEDERATION,cod,core,4976048,35108235
2018,VNM,VIETNAM,cod,core,2018372,16040740
2018,PRT,PORTUGAL,cod,core,252632,2186070
2018,GRL,GREENLAND,cod,core,347969,2114559
2018,POL,POLAND,cod,core,276992,1508887
2018,GBR,UNITED KINGDOM,cod,core,38536,477946
2018,DEU,GERMANY,cod,core,41800,434793
2018,NLD,NETHERLANDS,cod,core,10749,377262
2018,IDN,INDONESIA,cod,core,47240,345911
2018,LVA,LATVIA,cod,core,23901,301804
2018,ESP,SPAIN,cod,core,22474,295583
2018,PER,PERU,cod,core,85500,209475
2018,HKG,CHINA - HONG KONG,cod,core,11098,110720
2018,NZL,NEW ZEALAND,cod,core,9783,88675
2018,CHL,CHILE,cod,core,2930,52740
2018,KOR,SOUTH KOREA,cod,core,9138,52323
2018,MEX,MEXICO,cod,core,5513,38592
2018,FRO,FAROE IS.,cod,core,8261,30896
2018,FRA,FRANCE,cod,core,4563,25357
2018,MAR,MOROCCO,cod,core,4000,20120
2018,COL,COLOMBIA,cod,core,3921,13185
2018,JPN,JAPAN,cod,core,300,9875
2018,TWN,TAIWAN,cod,core,3048,6160
2018,DOM,DOMINICAN REPUBLIC,cod,core,4590,4736
2018,CAN,CANADA,crab,core,35112799,646002124
2018,RUS,RUSSIAN FEDERATION,crab,core,21671945,497620635
2018,IDN,INDONESIA,crab,core,12676906,350626461
2018,CHN,CHINA,crab,core,11340424,163802658
2018,PHL,PHILIPPINES,crab,core,3250406,100120876
2018,MEX,MEXICO,crab,core,5122535,62415169
2018,VNM,VIETNAM,crab,core,2604149,60083302
2018,VEN,VENEZUELA,crab,core,2914641,42493820
2018,IND,INDIA,crab,core,1363833,40080704
2018,THA,THAILAND,crab,core,1693875,27614304
2018,LKA,SRI LANKA,crab,core,693715,20693350
2018,ARG,ARGENTINA,crab,core,1085325,18235630
2018,NOR,NORWAY,crab,core,789367,16628134
2018,MMR,BURMA,crab,core,908682,14471257
2018,GRL,GREENLAND,crab,core,743201,12512920
2018,CHL,CHILE,crab,core,750942,11078368
2018,KOR,SOUTH KOREA,crab,core,449507,9263351
2018,COL,COLOMBIA,crab,core,323999,6555646
2018,DNK,DENMARK,crab,core,154043,2891029
2018,NIC,NICARAGUA,crab,core,97924,2265082
2018,BHS,BAHAMAS,crab,core,97183,2157518
2018,SWE,SWEDEN,crab,core,42764,1886735
2018,GBR,UNITED KINGDOM,crab,core,86751,1478365
2018,JPN,JAPAN,crab,core,132629,1451158
2018,MYS,MALAYSIA,crab,core,54807,783917
2018,BHR,BAHRAIN,crab,core,112291,566352
2018,BGD,BANGLADESH,crab,core,27079,558475
2018,ECU,ECUADOR,crab,core,32441,528082
2018,MOZ,MOZAMBIQUE,crab,core,18693,245017
2018,FRA,FRANCE,crab,core,4108,91100
2018,GRC,GREECE,crab,core,16580,75408
2018,AUS,AUSTRALIA,crab,core,1593,53722
2018,PRT,PORTUGAL,crab,core,3148,32498
2018,HKG,CHINA - HONG KONG,crab,core,1334,31411
2018,HND,HONDURAS,crab,core,1361,25650
2018,MAC,CHINA - MACAO,crab,core,421,21471
2018,SGP,SINGAPORE,crab,core,3600,20592
2018,IRL,IRELAND,crab,core,1350,15508
2018,PAK,PAKISTAN,crab,core,595,13601
2018,REU,REUNION,crab,core,400,12749
2018,TWN,TAIWAN,crab,core,540,8310
2018,TUN,TUNISIA,crab,core,918,5806
2018,BEL,BELGIUM,crab,core,788,5021
2018,DOM,DOMINICAN REPUBLIC,crab,core,288,2473
2018,CHN,CHINA,crawfish_freshwater,extended,4928126,84989180
2018,ESP,SPAIN,crawfish_freshwater,extended,1339811,7334273
2018,JPN,JAPAN,crawfish_freshwater,extended,144023,3371677
2018,EGY,EGYPT,crawfish_freshwater,extended,719774,2874957
2018,ARG,ARGENTINA,crawfish_freshwater,extended,48394,438134
2018,CAN,CANADA,crawfish_freshwater,extended,908,18618
2018,AUS,AUSTRALIA,crawfish_freshwater,extended,225,11996
2018,CHN,CHINA,eel_sturgeon_shad,extended,6118682,79278593
2018,TWN,TAIWAN,eel_sturgeon_shad,extended,106156,1339391
2018,CAN,CANADA,eel_sturgeon_shad,extended,107973,760645
2018,JPN,JAPAN,eel_sturgeon_shad,extended,49078,582694
2018,GBR,UNITED KINGDOM,eel_sturgeon_shad,extended,96000,453600
2018,VNM,VIETNAM,eel_sturgeon_shad,extended,91148,433463
2018,ARG,ARGENTINA,eel_sturgeon_shad,extended,105235,398600
2018,SUR,SURINAME,eel_sturgeon_shad,extended,65357,307040
2018,TUR,TURKEY,eel_sturgeon_shad,extended,33678,239759
2018,KOR,SOUTH KOREA,eel_sturgeon_shad,extended,23926,213313
2018,THA,THAILAND,eel_sturgeon_shad,extended,55009,206786
2018,ITA,ITALY,eel_sturgeon_shad,extended,30421,148363
2018,PRT,PORTUGAL,eel_sturgeon_shad,extended,7140,79277
2018,MEX,MEXICO,eel_sturgeon_shad,extended,7466,57633
2018,ECU,ECUADOR,eel_sturgeon_shad,extended,8784,34800
2018,ESP,SPAIN,eel_sturgeon_shad,extended,1170,17329
2018,NLD,NETHERLANDS,eel_sturgeon_shad,extended,1073,14340
2018,PAK,PAKISTAN,eel_sturgeon_shad,extended,167,14000
2018,ARM,ARMENIA,eel_sturgeon_shad,extended,764,10812
2018,ISL,ICELAND,eel_sturgeon_shad,extended,458,7016
2018,BGD,BANGLADESH,eel_sturgeon_shad,extended,588,5292
2018,CMR,CAMEROON,eel_sturgeon_shad,extended,167,2334
2018,CHN,CHINA,flatfish,core,19443911,99929037
2018,CAN,CANADA,flatfish,core,3418395,20533213
2018,NLD,NETHERLANDS,flatfish,core,2083763,14620887
2018,ARG,ARGENTINA,flatfish,core,1116786,8190138
2018,ISL,ICELAND,flatfish,core,895865,7996762
2018,THA,THAILAND,flatfish,core,915721,6467749
2018,KOR,SOUTH KOREA,flatfish,core,183030,3589965
2018,MEX,MEXICO,flatfish,core,385162,2908548
2018,VNM,VIETNAM,flatfish,core,384776,1621651
2018,ESP,SPAIN,flatfish,core,130302,1328757
2018,DNK,DENMARK,flatfish,core,140347,1209496
2018,IDN,INDONESIA,flatfish,core,145575,1162052
2018,NOR,NORWAY,flatfish,core,197959,927988
2018,GRL,GREENLAND,flatfish,core,118238,604267
2018,PAN,PANAMA,flatfish,core,103647,569138
2018,TWN,TAIWAN,flatfish,core,46604,428123
2018,DEU,GERMANY,flatfish,core,94530,318014
2018,SUR,SURINAME,flatfish,core,30270,293329
2018,JPN,JAPAN,flatfish,core,21603,208139
2018,NIC,NICARAGUA,flatfish,core,26571,130174
2018,PHL,PHILIPPINES,flatfish,core,105158,108960
2018,FRA,FRANCE,flatfish,core,9333,82822
2018,BRA,BRAZIL,flatfish,core,8752,72291
2018,TUR,TURKEY,flatfish,core,3750,40510
2018,PRT,PORTUGAL,flatfish,core,941,34183
2018,NZL,NEW ZEALAND,flatfish,core,3052,32066
2018,GUY,GUYANA,flatfish,core,7337,31443
2018,VEN,VENEZUELA,flatfish,core,2905,29052
2018,IND,INDIA,flatfish,core,7829,27426
2018,SLV,EL SALVADOR,flatfish,core,2711,17404
2018,RUS,RUSSIAN FEDERATION,flatfish,core,1277,10081
2018,GBR,UNITED KINGDOM,flatfish,core,275,5320
2018,SEN,SENEGAL,flatfish,core,61,4477
2018,BRB,BARBADOS,flatfish,core,117,3284
2018,CAN,CANADA,halibut,core,5878371,95677133
2018,CHN,CHINA,halibut,core,1663086,28514606
2018,NOR,NORWAY,halibut,core,443336,6438413
2018,MEX,MEXICO,halibut,core,370760,2853619
2018,KOR,SOUTH KOREA,halibut,core,32762,838706
2018,FRA,FRANCE,halibut,core,40875,744735
2018,NLD,NETHERLANDS,halibut,core,36446,551053
2018,RUS,RUSSIAN FEDERATION,halibut,core,64689,536921
2018,GRL,GREENLAND,halibut,core,54641,464197
2018,GBR,UNITED KINGDOM,halibut,core,4730,85352
2018,JPN,JAPAN,halibut,core,2736,46214
2018,ESP,SPAIN,halibut,core,946,8278
2018,FRO,FAROE IS.,halibut,core,505,7760
2018,ISL,ICELAND,halibut,core,326,5210
2018,CAN,CANADA,herring,core,9239638,30871223
2018,DEU,GERMANY,herring,core,1286591,6308591
2018,CHN,CHINA,herring,core,422123,1799768
2018,POL,POLAND,herring,core,536379,1737887
2018,ISL,ICELAND,herring,core,287470,1643661
2018,BLR,BELARUS,herring,core,426960,1311621
2018,LTU,LITHUANIA,herring,core,274900,1022879
2018,DNK,DENMARK,herring,core,356518,892279
2018,GBR,UNITED KINGDOM,herring,core,158154,750454
2018,SLV,EL SALVADOR,herring,core,48842,687517
2018,NOR,NORWAY,herring,core,464402,661367
2018,LVA,LATVIA,herring,core,160406,502066
2018,PHL,PHILIPPINES,herring,core,122062,471775
2018,JPN,JAPAN,herring,core,38044,466981
2018,NLD,NETHERLANDS,herring,core,100769,435861
2018,SWE,SWEDEN,herring,core,112578,414338
2018,RUS,RUSSIAN FEDERATION,herring,core,91944,237072
2018,MMR,BURMA,herring,core,81081,198685
2018,ECU,ECUADOR,herring,core,84152,133652
2018,EST,ESTONIA,herring,core,115369,125899
2018,KOR,SOUTH KOREA,herring,core,55224,110575
2018,MYS,MALAYSIA,herring,core,7762,64396
2018,VNM,VIETNAM,herring,core,18906,55309
2018,FIN,FINLAND,herring,core,7100,55222
2018,SLE,SIERRA LEONE,herring,core,19600,55000
2018,GIN,GUINEA,herring,core,15255,38800
2018,UKR,UKRAINE,herring,core,11344,28843
2018,MEX,MEXICO,herring,core,35548,28014
2018,GHA,GHANA,herring,core,6827,23948
2018,THA,THAILAND,herring,core,3048,21670
2018,BEL,BELGIUM,herring,core,1528,8296
2018,GRC,GREECE,herring,core,786,6264
2018,ARM,ARMENIA,herring,core,1347,4620
2018,IND,INDIA,herring,core,285,4284
2018,LBR,LIBERIA,herring,core,2274,2125
2018,CAN,CANADA,inland_freshwater_other,extended,6615047,65013159
2018,RUS,RUSSIAN FEDERATION,inland_freshwater_other,extended,602462,6001932
2018,KAZ,KAZAKHSTAN,inland_freshwater_other,extended,320033,2820103
2018,POL,POLAND,inland_freshwater_other,extended,241338,2375711
2018,UGA,UGANDA,inland_freshwater_other,extended,314062,2283432
2018,TUR,TURKEY,inland_freshwater_other,extended,276397,2010707
2018,CHN,CHINA,inland_freshwater_other,extended,483897,1830086
2018,TTO,TRINIDAD & TOBAGO,inland_freshwater_other,extended,168198,1677715
2018,MMR,BURMA,inland_freshwater_other,extended,317598,1103003
2018,IDN,INDONESIA,inland_freshwater_other,extended,59175,898240
2018,EST,ESTONIA,inland_freshwater_other,extended,54599,534439
2018,NLD,NETHERLANDS,inland_freshwater_other,extended,36541,281587
2018,PER,PERU,inland_freshwater_other,extended,89235,240692
2018,BGD,BANGLADESH,inland_freshwater_other,extended,56128,201650
2018,CHL,CHILE,inland_freshwater_other,extended,57908,167632
2018,TZA,TANZANIA,inland_freshwater_other,extended,18180,145440
2018,VNM,VIETNAM,inland_freshwater_other,extended,30584,98044
2018,PRT,PORTUGAL,inland_freshwater_other,extended,7958,60142
2018,HKG,CHINA - HONG KONG,inland_freshwater_other,extended,7646,43016
2018,JPN,JAPAN,inland_freshwater_other,extended,2184,20193
2018,KHM,CAMBODIA,inland_freshwater_other,extended,1800,15960
2018,TWN,TAIWAN,inland_freshwater_other,extended,6985,13474
2018,ESP,SPAIN,inland_freshwater_other,extended,249,3260
2018,HND,HONDURAS,inland_freshwater_other,extended,2961,2251
2018,PAN,PANAMA,inland_freshwater_other,extended,184,2025
2018,PER,PERU,large_pelagics_other,extended,7311072,92187210
2018,ECU,ECUADOR,large_pelagics_other,extended,5949943,66702692
2018,TWN,TAIWAN,large_pelagics_other,extended,1933647,23852920
2018,VNM,VIETNAM,large_pelagics_other,extended,1746928,16065270
2018,CRI,COSTA RICA,large_pelagics_other,extended,1855487,13747143
2018,PAN,PANAMA,large_pelagics_other,extended,1517217,10761211
2018,GTM,GUATEMALA,large_pelagics_other,extended,1640526,10415217
2018,IND,INDIA,large_pelagics_other,extended,887794,6613840
2018,NIC,NICARAGUA,large_pelagics_other,extended,942574,6504395
2018,IDN,INDONESIA,large_pelagics_other,extended,472166,4731196
2018,SLV,EL SALVADOR,large_pelagics_other,extended,336815,2362817
2018,MEX,MEXICO,large_pelagics_other,extended,349682,2317307
2018,MYS,MALAYSIA,large_pelagics_other,extended,173484,1679127
2018,FJI,FIJI,large_pelagics_other,extended,134649,1124443
2018,VEN,VENEZUELA,large_pelagics_other,extended,133693,1011113
2018,THA,THAILAND,large_pelagics_other,extended,113638,989856
2018,BRA,BRAZIL,large_pelagics_other,extended,75678,763646
2018,CHN,CHINA,large_pelagics_other,extended,177513,650798
2018,OMN,OMAN,large_pelagics_other,extended,75079,616188
2018,LKA,SRI LANKA,large_pelagics_other,extended,58141,528405
2018,PAK,PAKISTAN,large_pelagics_other,extended,34253,313608
2018,TTO,TRINIDAD & TOBAGO,large_pelagics_other,extended,45825,298005
2018,MOZ,MOZAMBIQUE,large_pelagics_other,extended,28206,290392
2018,SGP,SINGAPORE,large_pelagics_other,extended,27699,277788
2018,TON,TONGA,large_pelagics_other,extended,37711,245620
2018,PHL,PHILIPPINES,large_pelagics_other,extended,18531,181178
2018,SUR,SURINAME,large_pelagics_other,extended,26649,172855
2018,DOM,DOMINICAN REPUBLIC,large_pelagics_other,extended,14454,118125
2018,JPN,JAPAN,large_pelagics_other,extended,16702,108512
2018,AUS,AUSTRALIA,large_pelagics_other,extended,4473,40198
2018,SEN,SENEGAL,large_pelagics_other,extended,3883,34813
2018,GUY,GUYANA,large_pelagics_other,extended,3061,21007
2018,PYF,FRENCH POLYNESIA,large_pelagics_other,extended,1014,12349
2018,GRC,GREECE,large_pelagics_other,extended,75,11107
2018,GRD,GRENADA,large_pelagics_other,extended,679,8502
2018,KOR,SOUTH KOREA,large_pelagics_other,extended,680,6300
2018,MUS,MAURITIUS,large_pelagics_other,extended,810,6205
2018,ZAF,SOUTH AFRICA,large_pelagics_other,extended,274,5475
2018,CAN,CANADA,large_pelagics_other,extended,946,4170
2018,CAN,CANADA,lobster,core,49377454,1161710799
2018,BRA,BRAZIL,lobster,core,1376712,48239289
2018,BHS,BAHAMAS,lobster,core,1361155,47411180
2018,HND,HONDURAS,lobster,core,1360253,41842081
2018,NIC,NICARAGUA,lobster,core,929128,27435276
2018,ZAF,SOUTH AFRICA,lobster,core,302445,19207483
2018,BLZ,BELIZE,lobster,core,232186,7721547
2018,ARE,UNITED ARAB EMIRATES,lobster,core,217893,6502673
2018,DOM,DOMINICAN REPUBLIC,lobster,core,273753,6501494
2018,AUS,AUSTRALIA,lobster,core,84719,4656240
2018,SHN,ST.HELENA,lobster,core,57224,3857744
2018,GBR,UNITED KINGDOM,lobster,core,172559,3715192
2018,NZL,NEW ZEALAND,lobster,core,94713,3466896
2018,CHN,CHINA,lobster,core,249789,3362455
2018,JAM,JAMAICA,lobster,core,79450,2736228
2018,CHL,CHILE,lobster,core,101012,2356753
2018,COL,COLOMBIA,lobster,core,55699,2083324
2018,VEN,VENEZUELA,lobster,core,88501,2052332
2018,MEX,MEXICO,lobster,core,47713,1502022
2018,PAN,PANAMA,lobster,core,46840,1458418
2018,PNG,PAPUA NEW GUINEA,lobster,core,18915,922007
2018,JPN,JAPAN,lobster,core,29541,667670
2018,TCA,TURKS & CAICOS IS.,lobster,core,21179,648680
2018,VCT,ST.VINCENT-GRENADINE,lobster,core,29989,542609
2018,ESP,SPAIN,lobster,core,66214,485225
2018,ECU,ECUADOR,lobster,core,9057,308504
2018,TTO,TRINIDAD & TOBAGO,lobster,core,22221,290527
2018,EGY,EGYPT,lobster,core,68083,283783
2018,HTI,HAITI,lobster,core,11110,211723
2018,NOR,NORWAY,lobster,core,7458,199649
2018,PRT,PORTUGAL,lobster,core,7622,168526
2018,FRO,FAROE IS.,lobster,core,2390,123773
2018,NLD,NETHERLANDS,lobster,core,6414,99426
2018,MYS,MALAYSIA,lobster,core,10739,46194
2018,GRD,GRENADA,lobster,core,1811,37527
2018,THA,THAILAND,lobster,core,3401,32002
2018,ISL,ICELAND,lobster,core,4119,31690
2018,TWN,TAIWAN,lobster,core,5287,31510
2018,SWE,SWEDEN,lobster,core,1204,30524
2018,LKA,SRI LANKA,lobster,core,1352,28710
2018,ATG,ANTIGUA & BARBUDA,lobster,core,2091,21577
2018,KOR,SOUTH KOREA,lobster,core,1506,10092
2018,FRA,FRANCE,lobster,core,87,3889
2018,MOZ,MOZAMBIQUE,lobster,core,100,3500
2018,CHN,CHINA,mackerel,core,9858311,18924758
2018,NOR,NORWAY,mackerel,core,5854585,12787397
2018,THA,THAILAND,mackerel,core,2247166,7997915
2018,VNM,VIETNAM,mackerel,core,1844951,6420099
2018,JPN,JAPAN,mackerel,core,510414,5151719
2018,KOR,SOUTH KOREA,mackerel,core,970441,2985505
2018,CAN,CANADA,mackerel,core,619016,2571379
2018,SUR,SURINAME,mackerel,core,397194,2001095
2018,TWN,TAIWAN,mackerel,core,862996,1600690
2018,ISL,ICELAND,mackerel,core,678720,1416594
2018,MEX,MEXICO,mackerel,core,816712,1207222
2018,CHL,CHILE,mackerel,core,441601,1175330
2018,BRA,BRAZIL,mackerel,core,232463,1173346
2018,POL,POLAND,mackerel,core,132973,1144372
2018,MAR,MOROCCO,mackerel,core,170378,1138591
2018,TUN,TUNISIA,mackerel,core,90335,970107
2018,PRT,PORTUGAL,mackerel,core,277954,886002
2018,GBR,UNITED KINGDOM,mackerel,core,219692,789391
2018,ECU,ECUADOR,mackerel,core,128850,437246
2018,ESP,SPAIN,mackerel,core,145319,381924
2018,IND,INDIA,mackerel,core,79037,365781
2018,NZL,NEW ZEALAND,mackerel,core,197160,326541
2018,MYS,MALAYSIA,mackerel,core,70632,254944
2018,DEU,GERMANY,mackerel,core,93357,250975
2018,RUS,RUSSIAN FEDERATION,mackerel,core,31563,228894
2018,PER,PERU,mackerel,core,29856,170000
2018,VEN,VENEZUELA,mackerel,core,49229,162483
2018,IDN,INDONESIA,mackerel,core,22058,159170
2018,SVN,SLOVENIA,mackerel,core,20256,133274
2018,PHL,PHILIPPINES,mackerel,core,41056,121822
2018,VUT,VANUATU,mackerel,core,90000,116700
2018,PYF,FRENCH POLYNESIA,mackerel,core,13544,114567
2018,NIC,NICARAGUA,mackerel,core,27991,112084
2018,IRL,IRELAND,mackerel,core,71280,102643
2018,PAN,PANAMA,mackerel,core,10552,89748
2018,GUY,GUYANA,mackerel,core,18382,87377
2018,FJI,FIJI,mackerel,core,19305,75041
2018,DNK,DENMARK,mackerel,core,27300,72000
2018,LVA,LATVIA,mackerel,core,20570,66955
2018,LTU,LITHUANIA,mackerel,core,11362,53523
2018,NLD,NETHERLANDS,mackerel,core,25000,41250
2018,HRV,CROATIA,mackerel,core,2715,24001
2018,SLV,EL SALVADOR,mackerel,core,3079,21913
2018,ITA,ITALY,mackerel,core,990,12773
2018,HKG,CHINA - HONG KONG,mackerel,core,2580,11700
2018,FRA,FRANCE,mackerel,core,526,8822
2018,GRC,GREECE,mackerel,core,702,8203
2018,CPV,CAPE VERDE,mackerel,core,1500,7722
2018,ARE,UNITED ARAB EMIRATES,mackerel,core,1497,7260
2018,SAU,SAUDI ARABIA,mackerel,core,456,5100
2018,UKR,UKRAINE,mackerel,core,720,2721
2018,AUS,AUSTRALIA,mackerel,core,262,2020
2018,CAN,CANADA,mussels,core,13650924,38505599
2018,NZL,NEW ZEALAND,mussels,core,6589909,35226129
2018,CHL,CHILE,mussels,core,9666618,24569790
2018,CHN,CHINA,mussels,core,599114,1792898
2018,ESP,SPAIN,mussels,core,133099,854501
2018,THA,THAILAND,mussels,core,118795,705595
2018,MEX,MEXICO,mussels,core,87808,392061
2018,DNK,DENMARK,mussels,core,65310,310606
2018,PRT,PORTUGAL,mussels,core,13974,81949
2018,ITA,ITALY,mussels,core,8101,68225
2018,KOR,SOUTH KOREA,mussels,core,8485,54543
2018,VNM,VIETNAM,mussels,core,21550,48703
2018,FRA,FRANCE,mussels,core,862,16148
2018,HKG,CHINA - HONG KONG,mussels,core,660,8257
2018,TUR,TURKEY,mussels,core,380,6899
2018,ECU,ECUADOR,mussels,core,1173,4419
2018,GUY,GUYANA,mussels,core,384,2496
2018,IRL,IRELAND,mussels,core,416,2200
2018,CHN,CHINA,other_groundfish,core,17629718,103201771
2018,ISL,ICELAND,other_groundfish,core,4135290,48234119
2018,CAN,CANADA,other_groundfish,core,10961374,45898185
2018,NOR,NORWAY,other_groundfish,core,7400341,31243154
2018,NZL,NEW ZEALAND,other_groundfish,core,2448663,23290485
2018,ARG,ARGENTINA,other_groundfish,core,3771342,13009847
2018,RUS,RUSSIAN FEDERATION,other_groundfish,core,2666490,11100090
2018,ZAF,SOUTH AFRICA,other_groundfish,core,503577,2788370
2018,FRO,FAROE IS.,other_groundfish,core,589633,2348147
2018,CHL,CHILE,other_groundfish,core,705371,2165925
2018,AUS,AUSTRALIA,other_groundfish,core,120623,1518835
2018,ECU,ECUADOR,other_groundfish,core,462909,1104108
2018,URY,URUGUAY,other_groundfish,core,328616,678425
2018,PER,PERU,other_groundfish,core,267607,539375
2018,TWN,TAIWAN,other_groundfish,core,129282,537353
2018,BRA,BRAZIL,other_groundfish,core,58344,416772
2018,VNM,VIETNAM,other_groundfish,core,16965,192050
2018,GBR,UNITED KINGDOM,other_groundfish,core,11120,157496
2018,KAZ,KAZAKHSTAN,other_groundfish,core,14537,140605
2018,NAM,NAMIBIA,other_groundfish,core,17726,98780
2018,BGD,BANGLADESH,other_groundfish,core,10440,90643
2018,PRT,PORTUGAL,other_groundfish,core,9924,36787
2018,KOR,SOUTH KOREA,other_groundfish,core,3300,5222
2018,MEX,MEXICO,other_groundfish,core,1120,2912
2018,ESP,SPAIN,other_groundfish,core,45,2572
2018,CHN,CHINA,other_shellfish_specialty,extended,3859123,23034053
2018,NIC,NICARAGUA,other_shellfish_specialty,extended,751481,10997167
2018,VNM,VIETNAM,other_shellfish_specialty,extended,1097128,7178221
2018,BHS,BAHAMAS,other_shellfish_specialty,extended,501809,6407591
2018,BLZ,BELIZE,other_shellfish_specialty,extended,358472,5786082
2018,HND,HONDURAS,other_shellfish_specialty,extended,407448,5364523
2018,AUS,AUSTRALIA,other_shellfish_specialty,extended,146908,4707106
2018,MEX,MEXICO,other_shellfish_specialty,extended,278962,4478808
2018,VCT,ST.VINCENT-GRENADINE,other_shellfish_specialty,extended,176036,2617284
2018,HKG,CHINA - HONG KONG,other_shellfish_specialty,extended,33908,2325794
2018,CHL,CHILE,other_shellfish_specialty,extended,65137,2167138
2018,FRA,FRANCE,other_shellfish_specialty,extended,207087,2091769
2018,TCA,TURKS & CAICOS IS.,other_shellfish_specialty,extended,139774,1865800
2018,JPN,JAPAN,other_shellfish_specialty,extended,47153,1598849
2018,IDN,INDONESIA,other_shellfish_specialty,extended,313733,1381269
2018,KOR,SOUTH KOREA,other_shellfish_specialty,extended,84159,1354930
2018,TWN,TAIWAN,other_shellfish_specialty,extended,37662,1265371
2018,NZL,NEW ZEALAND,other_shellfish_specialty,extended,119274,749575
2018,MYS,MALAYSIA,other_shellfish_specialty,extended,161166,498649
2018,THA,THAILAND,other_shellfish_specialty,extended,82064,315674
2018,CAN,CANADA,other_shellfish_specialty,extended,83098,285337
2018,NGA,NIGERIA,other_shellfish_specialty,extended,26394,218172
2018,KNA,ST.KITTS-NEVIS,other_shellfish_specialty,extended,11430,82937
2018,PER,PERU,other_shellfish_specialty,extended,1365,68473
2018,ESP,SPAIN,other_shellfish_specialty,extended,4849,54016
2018,PRT,PORTUGAL,other_shellfish_specialty,extended,8146,52053
2018,GHA,GHANA,other_shellfish_specialty,extended,6353,37944
2018,TUR,TURKEY,other_shellfish_specialty,extended,1594,14091
2018,ITA,ITALY,other_shellfish_specialty,extended,1841,9220
2018,CMR,CAMEROON,other_shellfish_specialty,extended,294,4679
2018,PAK,PAKISTAN,other_shellfish_specialty,extended,600,4140
2018,GUY,GUYANA,other_shellfish_specialty,extended,2000,4092
2018,CHN,CHINA,oysters,core,5400296,34760042
2018,CAN,CANADA,oysters,core,2691179,22844200
2018,KOR,SOUTH KOREA,oysters,core,3016420,18371394
2018,MEX,MEXICO,oysters,core,1843651,6200214
2018,JPN,JAPAN,oysters,core,358982,2836691
2018,HKG,CHINA - HONG KONG,oysters,core,268012,1472161
2018,NZL,NEW ZEALAND,oysters,core,122636,1169510
2018,MYS,MALAYSIA,oysters,core,13387,51267
2018,IRL,IRELAND,oysters,core,32,7586
2018,VNM,VIETNAM,pangasius_basa_swai,extended,92938892,404276439
2018,CHN,CHINA,pangasius_basa_swai,extended,129180,585114
2018,CHN,CHINA,pollock,core,38696478,103223328
2018,VNM,VIETNAM,pollock,core,3291389,9172343
2018,CAN,CANADA,pollock,core,2141384,8667903
2018,PHL,PHILIPPINES,pollock,core,1742286,6241714
2018,THA,THAILAND,pollock,core,899631,3196521
2018,KOR,SOUTH KOREA,pollock,core,612647,2546563
2018,IDN,INDONESIA,pollock,core,524828,1718648
2018,ISL,ICELAND,pollock,core,274443,1236148
2018,RUS,RUSSIAN FEDERATION,pollock,core,453576,660357
2018,ECU,ECUADOR,pollock,core,60756,264904
2018,ESP,SPAIN,pollock,core,13519,77243
2018,TWN,TAIWAN,pollock,core,20832,66402
2018,PRT,PORTUGAL,pollock,core,4438,45718
2018,GBR,UNITED KINGDOM,pollock,core,3355,39201
2018,JPN,JAPAN,pollock,core,5228,28594
2018,DEU,GERMANY,pollock,core,2449,13500
2018,HKG,CHINA - HONG KONG,pollock,core,236,2777
2018,TUR,TURKEY,pollock,core,96,2582
2018,TUR,TURKEY,reef_fish_other,extended,3857211,23541068
2018,GRC,GREECE,reef_fish_other,extended,3184897,18265537
2018,ESP,SPAIN,reef_fish_other,extended,946977,8237327
2018,PAN,PANAMA,reef_fish_other,extended,441546,4754675
2018,JPN,JAPAN,reef_fish_other,extended,249042,3222992
2018,NZL,NEW ZEALAND,reef_fish_other,extended,461100,3092777
2018,MEX,MEXICO,reef_fish_other,extended,296673,2934196
2018,CYP,CYPRUS,reef_fish_other,extended,261104,2241283
2018,ECU,ECUADOR,reef_fish_other,extended,122379,1028160
2018,TWN,TAIWAN,reef_fish_other,extended,140974,671590
2018,CAN,CANADA,reef_fish_other,extended,173593,579833
2018,ARG,ARGENTINA,reef_fish_other,extended,149685,511924
2018,MUS,MAURITIUS,reef_fish_other,extended,74004,471578
2018,PRT,PORTUGAL,reef_fish_other,extended,10966,454728
2018,VNM,VIETNAM,reef_fish_other,extended,63878,340117
2018,CHN,CHINA,reef_fish_other,extended,39479,218148
2018,IDN,INDONESIA,reef_fish_other,extended,18682,174086
2018,ITA,ITALY,reef_fish_other,extended,8472,170049
2018,NIC,NICARAGUA,reef_fish_other,extended,31752,147000
2018,NLD,NETHERLANDS,reef_fish_other,extended,2855,76498
2018,NAM,NAMIBIA,reef_fish_other,extended,3957,38586
2018,PER,PERU,reef_fish_other,extended,1224,34109
2018,BRA,BRAZIL,reef_fish_other,extended,6682,33825
2018,FRA,FRANCE,reef_fish_other,extended,830,29211
2018,HKG,CHINA - HONG KONG,reef_fish_other,extended,1500,11250
2018,SUR,SURINAME,reef_fish_other,extended,1096,7859
2018,GBR,UNITED KINGDOM,reef_fish_other,extended,400,6212
2018,CAN,CANADA,sablefish,core,331230,4170387
2018,MEX,MEXICO,sablefish,core,26124,111394
2018,CHL,CHILE,salmon,core,165734863,1850196292
2018,CAN,CANADA,salmon,core,88105045,778197276
2018,NOR,NORWAY,salmon,core,55022088,646187398
2018,CHN,CHINA,salmon,core,46244230,293980884
2018,GBR,UNITED KINGDOM,salmon,core,13868060,134840595
2018,FRO,FAROE IS.,salmon,core,10881751,106736513
2018,DEU,GERMANY,salmon,core,5272334,74162903
2018,NLD,NETHERLANDS,salmon,core,2633872,44253176
2018,NZL,NEW ZEALAND,salmon,core,2589453,32921156
2018,THA,THAILAND,salmon,core,4220059,30117125
2018,GRC,GREECE,salmon,core,1432534,29024285
2018,ISL,ICELAND,salmon,core,2222197,23899879
2018,RUS,RUSSIAN FEDERATION,salmon,core,2005294,20869051
2018,DNK,DENMARK,salmon,core,1021345,14956677
2018,POL,POLAND,salmon,core,638708,9546016
2018,VNM,VIETNAM,salmon,core,488203,3616624
2018,IRL,IRELAND,salmon,core,219215,3107975
2018,JPN,JAPAN,salmon,core,63810,742541
2018,LTU,LITHUANIA,salmon,core,65762,734411
2018,MEX,MEXICO,salmon,core,32488,582063
2018,SWE,SWEDEN,salmon,core,23796,468661
2018,FRA,FRANCE,salmon,core,10471,406169
2018,SUR,SURINAME,salmon,core,17000,135320
2018,PRT,PORTUGAL,salmon,core,31025,134699
2018,ESP,SPAIN,salmon,core,5650,131378
2018,ISR,ISRAEL,salmon,core,9142,77274
2018,TWN,TAIWAN,salmon,core,2823,56000
2018,AUS,AUSTRALIA,salmon,core,4050,45276
2018,LVA,LATVIA,salmon,core,1984,40657
2018,ECU,ECUADOR,salmon,core,3923,40563
2018,IND,INDIA,salmon,core,2400,26376
2018,UKR,UKRAINE,salmon,core,2519,14531
2018,URY,URUGUAY,salmon,core,3935,6733
2018,COL,COLOMBIA,salmon,core,505,4499
2018,ITA,ITALY,salmon,core,163,3795
2018,CAN,CANADA,scallops,core,3566012,77078958
2018,CHN,CHINA,scallops,core,9622429,61903632
2018,JPN,JAPAN,scallops,core,1739323,40659397
2018,ARG,ARGENTINA,scallops,core,2192292,25405543
2018,MEX,MEXICO,scallops,core,1892161,16544662
2018,PER,PERU,scallops,core,906285,11054081
2018,HKG,CHINA - HONG KONG,scallops,core,184931,3478738
2018,CHL,CHILE,scallops,core,185972,2651280
2018,FRA,FRANCE,scallops,core,433676,2236541
2018,PHL,PHILIPPINES,scallops,core,288494,1518695
2018,VNM,VIETNAM,scallops,core,52250,763920
2018,THA,THAILAND,scallops,core,7740,107190
2018,ISL,ICELAND,scallops,core,1240,40565
2018,ESP,SPAIN,scallops,core,855,23090
2018,MYS,MALAYSIA,scallops,core,5289,22201
2018,GRL,GREENLAND,scallops,core,1179,18200
2018,NOR,NORWAY,sea_cucumber_urchin_other_inverts,extended,4365350,8339575
2018,MEX,MEXICO,sea_cucumber_urchin_other_inverts,extended,222119,8328685
2018,CAN,CANADA,sea_cucumber_urchin_other_inverts,extended,2942788,8012238
2018,JPN,JAPAN,sea_cucumber_urchin_other_inverts,extended,66787,6166531
2018,TUR,TURKEY,sea_cucumber_urchin_other_inverts,extended,139078,4048227
2018,GRC,GREECE,sea_cucumber_urchin_other_inverts,extended,80660,2567847
2018,PER,PERU,sea_cucumber_urchin_other_inverts,extended,50664,1970211
2018,HND,HONDURAS,sea_cucumber_urchin_other_inverts,extended,77447,1775817
2018,CHL,CHILE,sea_cucumber_urchin_other_inverts,extended,50672,1243043
2018,NIC,NICARAGUA,sea_cucumber_urchin_other_inverts,extended,40026,1167556
2018,HKG,CHINA - HONG KONG,sea_cucumber_urchin_other_inverts,extended,6698,855364
2018,IDN,INDONESIA,sea_cucumber_urchin_other_inverts,extended,17690,661241
2018,JAM,JAMAICA,sea_cucumber_urchin_other_inverts,extended,16087,635819
2018,HTI,HAITI,sea_cucumber_urchin_other_inverts,extended,16058,575933
2018,URY,URUGUAY,sea_cucumber_urchin_other_inverts,extended,270000,513000
2018,RUS,RUSSIAN FEDERATION,sea_cucumber_urchin_other_inverts,extended,2879,436453
2018,TWN,TAIWAN,sea_cucumber_urchin_other_inverts,extended,21500,301500
2018,KOR,SOUTH KOREA,sea_cucumber_urchin_other_inverts,extended,121716,252687
2018,CHN,CHINA,sea_cucumber_urchin_other_inverts,extended,25561,228521
2018,ESP,SPAIN,sea_cucumber_urchin_other_inverts,extended,1157,97449
2018,VNM,VIETNAM,sea_cucumber_urchin_other_inverts,extended,2560,78819
2018,MRT,MAURITANIA,sea_cucumber_urchin_other_inverts,extended,1610,74060
2018,BGR,BULGARIA,sea_cucumber_urchin_other_inverts,extended,1936,58000
2018,LKA,SRI LANKA,sea_cucumber_urchin_other_inverts,extended,415,53000
2018,BHS,BAHAMAS,sea_cucumber_urchin_other_inverts,extended,906,27173
2018,AUS,AUSTRALIA,sea_cucumber_urchin_other_inverts,extended,258,26566
2018,ABW,ARUBA,sea_cucumber_urchin_other_inverts,extended,661,19843
2018,PHL,PHILIPPINES,sea_cucumber_urchin_other_inverts,extended,4131,14800
2018,BGD,BANGLADESH,sea_cucumber_urchin_other_inverts,extended,547,13680
2018,SGP,SINGAPORE,sea_cucumber_urchin_other_inverts,extended,1077,11375
2018,DOM,DOMINICAN REPUBLIC,sea_cucumber_urchin_other_inverts,extended,2339,10700
2018,PRT,PORTUGAL,sea_cucumber_urchin_other_inverts,extended,358,10509
2018,ATG,ANTIGUA & BARBUDA,sea_cucumber_urchin_other_inverts,extended,337,7751
2018,CAN,CANADA,sharks_rays_skates,extended,58655,221459
2018,HKG,CHINA - HONG KONG,sharks_rays_skates,extended,1513,145390
2018,TTO,TRINIDAD & TOBAGO,sharks_rays_skates,extended,11034,99290
2018,MEX,MEXICO,sharks_rays_skates,extended,14287,57888
2018,ECU,ECUADOR,sharks_rays_skates,extended,1437,11825
2018,CRI,COSTA RICA,sharks_rays_skates,extended,1465,10282
2018,BRA,BRAZIL,sharks_rays_skates,extended,2755,9196
2018,KOR,SOUTH KOREA,sharks_rays_skates,extended,150,5160
2018,IND,INDIA,sharks_rays_skates,extended,680,2550
2018,IND,INDIA,shrimp,core,248113387,2216375001
2018,IDN,INDONESIA,shrimp,core,132316952,1215474949
2018,VNM,VIETNAM,shrimp,core,58615162,620302530
2018,THA,THAILAND,shrimp,core,50745288,556698295
2018,ECU,ECUADOR,shrimp,core,75967200,526676031
2018,CHN,CHINA,shrimp,core,50672964,339560868
2018,MEX,MEXICO,shrimp,core,24883891,282615068
2018,ARG,ARGENTINA,shrimp,core,11033008,120619496
2018,PER,PERU,shrimp,core,10531676,88455266
2018,HND,HONDURAS,shrimp,core,9092388,60851066
2018,GUY,GUYANA,shrimp,core,7006108,40854691
2018,CAN,CANADA,shrimp,core,1557165,24650041
2018,PAN,PANAMA,shrimp,core,2476241,24343754
2018,BGD,BANGLADESH,shrimp,core,1589491,20062328
2018,VEN,VENEZUELA,shrimp,core,3593317,19890526
2018,NIC,NICARAGUA,shrimp,core,2686242,18925410
2018,GTM,GUATEMALA,shrimp,core,1482179,13202996
2018,PHL,PHILIPPINES,shrimp,core,1358840,9219797
2018,NGA,NIGERIA,shrimp,core,244571,5886190
2018,MMR,BURMA,shrimp,core,349093,5412505
2018,MYS,MALAYSIA,shrimp,core,419437,3441370
2018,LKA,SRI LANKA,shrimp,core,281394,3346780
2018,ESP,SPAIN,shrimp,core,302009,3179556
2018,CHL,CHILE,shrimp,core,157535,1935597
2018,TWN,TAIWAN,shrimp,core,144283,1785756
2018,SUR,SURINAME,shrimp,core,263355,1770779
2018,PAK,PAKISTAN,shrimp,core,50050,1676876
2018,ARE,UNITED ARAB EMIRATES,shrimp,core,185632,1643478
2018,MDG,MADAGASCAR,shrimp,core,81954,1581478
2018,AUS,AUSTRALIA,shrimp,core,62569,1153898
2018,SEN,SENEGAL,shrimp,core,28672,871724
2018,HKG,CHINA - HONG KONG,shrimp,core,103168,842233
2018,KOR,SOUTH KOREA,shrimp,core,109649,817479
2018,NCL,NEW CALEDONIA,shrimp,core,32938,625261
2018,DNK,DENMARK,shrimp,core,57055,481415
2018,COL,COLOMBIA,shrimp,core,41579,469801
2018,PRT,PORTUGAL,shrimp,core,14131,441379
2018,CRI,COSTA RICA,shrimp,core,29373,424373
2018,BLZ,BELIZE,shrimp,core,70228,421640
2018,ISL,ICELAND,shrimp,core,39669,291792
2018,NOR,NORWAY,shrimp,core,28096,240500
2018,GRL,GREENLAND,shrimp,core,25710,217787
2018,SLV,EL SALVADOR,shrimp,core,10839,145924
2018,GHA,GHANA,shrimp,core,25909,81316
2018,NLD,NETHERLANDS,shrimp,core,5118,77031
2018,FRA,FRANCE,shrimp,core,13214,71074
2018,MAR,MOROCCO,shrimp,core,1945,42601
2018,TUR,TURKEY,shrimp,core,8566,33682
2018,JAM,JAMAICA,shrimp,core,2881,26735
2018,JPN,JAPAN,shrimp,core,888,24364
2018,SGP,SINGAPORE,shrimp,core,2700,15444
2018,ITA,ITALY,shrimp,core,1072,13401
2018,BEL,BELGIUM,shrimp,core,784,11682
2018,CIV,IVORY COAST,shrimp,core,1878,10809
2018,TUN,TUNISIA,shrimp,core,320,5500
2018,GMB,GAMBIA,shrimp,core,355,3549
2018,GIN,GUINEA,shrimp,core,108,2975
2018,MAR,MOROCCO,small_pelagics_other,extended,9926280,55937493
2018,POL,POLAND,small_pelagics_other,extended,7066937,39040167
2018,CAN,CANADA,small_pelagics_other,extended,8601840,19595409
2018,CHN,CHINA,small_pelagics_other,extended,4747026,10128314
2018,ECU,ECUADOR,small_pelagics_other,extended,4389131,8767720
2018,THA,THAILAND,small_pelagics_other,extended,2263112,7528660
2018,PER,PERU,small_pelagics_other,extended,769328,7215362
2018,MEX,MEXICO,small_pelagics_other,extended,13262925,6890315
2018,ESP,SPAIN,small_pelagics_other,extended,811050,6653693
2018,ITA,ITALY,small_pelagics_other,extended,498947,5873887
2018,PRT,PORTUGAL,small_pelagics_other,extended,1225487,4753393
2018,VNM,VIETNAM,small_pelagics_other,extended,983698,4250526
2018,PHL,PHILIPPINES,small_pelagics_other,extended,1599981,3113926
2018,ARG,ARGENTINA,small_pelagics_other,extended,860516,2908368
2018,LVA,LATVIA,small_pelagics_other,extended,856604,2609332
2018,KOR,SOUTH KOREA,small_pelagics_other,extended,246205,1895026
2018,CHL,CHILE,small_pelagics_other,extended,214038,1810367
2018,IND,INDIA,small_pelagics_other,extended,280832,1400206
2018,GBR,UNITED KINGDOM,small_pelagics_other,extended,107995,957383
2018,TUR,TURKEY,small_pelagics_other,extended,137887,911820
2018,JPN,JAPAN,small_pelagics_other,extended,254898,830032
2018,NOR,NORWAY,small_pelagics_other,extended,328344,346431
2018,GRC,GREECE,small_pelagics_other,extended,49831,275730
2018,MYS,MALAYSIA,small_pelagics_other,extended,86646,247871
2018,TUN,TUNISIA,small_pelagics_other,extended,36788,223167
2018,BRA,BRAZIL,small_pelagics_other,extended,56871,158664
2018,HRV,CROATIA,small_pelagics_other,extended,22669,134314
2018,SVN,SLOVENIA,small_pelagics_other,extended,15695,115245
2018,GUY,GUYANA,small_pelagics_other,extended,40169,103804
2018,RUS,RUSSIAN FEDERATION,small_pelagics_other,extended,42821,103519
2018,BGD,BANGLADESH,small_pelagics_other,extended,17460,79462
2018,FRA,FRANCE,small_pelagics_other,extended,3072,69800
2018,TWN,TAIWAN,small_pelagics_other,extended,24747,64166
2018,ARE,UNITED ARAB EMIRATES,small_pelagics_other,extended,29130,59260
2018,UKR,UKRAINE,small_pelagics_other,extended,20601,40799
2018,SUR,SURINAME,small_pelagics_other,extended,10209,35865
2018,ISL,ICELAND,small_pelagics_other,extended,23350,27787
2018,DEU,GERMANY,small_pelagics_other,extended,4888,27510
2018,OMN,OMAN,small_pelagics_other,extended,24000,22200
2018,HKG,CHINA - HONG KONG,small_pelagics_other,extended,2100,20700
2018,ALB,ALBANIA,small_pelagics_other,extended,340,11604
2018,MMR,BURMA,small_pelagics_other,extended,2490,11295
2018,SWE,SWEDEN,small_pelagics_other,extended,1325,8632
2018,LKA,SRI LANKA,small_pelagics_other,extended,1628,8232
2018,TZA,TANZANIA,small_pelagics_other,extended,3370,7128
2018,LTU,LITHUANIA,small_pelagics_other,extended,1101,6977
2018,BLR,BELARUS,small_pelagics_other,extended,794,4764
2018,GIN,GUINEA,small_pelagics_other,extended,1100,4150
2018,MEX,MEXICO,snapper_grouper,core,9677018,67109210
2018,BRA,BRAZIL,snapper_grouper,core,5067371,34970043
2018,PAN,PANAMA,snapper_grouper,core,2952839,23285931
2018,NIC,NICARAGUA,snapper_grouper,core,2574665,15921923
2018,VEN,VENEZUELA,snapper_grouper,core,1595130,13214517
2018,CRI,COSTA RICA,snapper_grouper,core,1019723,8117729
2018,SUR,SURINAME,snapper_grouper,core,1043118,7442062
2018,IDN,INDONESIA,snapper_grouper,core,775679,5920607
2018,GUY,GUYANA,snapper_grouper,core,679258,3451005
2018,TTO,TRINIDAD & TOBAGO,snapper_grouper,core,552909,2503763
2018,ECU,ECUADOR,snapper_grouper,core,209527,1669168
2018,IND,INDIA,snapper_grouper,core,328456,1357468
2018,GTM,GUATEMALA,snapper_grouper,core,108527,901180
2018,TON,TONGA,snapper_grouper,core,70713,861082
2018,HND,HONDURAS,snapper_grouper,core,115024,712122
2018,CHN,CHINA,snapper_grouper,core,74422,593460
2018,SLV,EL SALVADOR,snapper_grouper,core,73171,572810
2018,SEN,SENEGAL,snapper_grouper,core,43224,482862
2018,LKA,SRI LANKA,snapper_grouper,core,45470,435423
2018,NZL,NEW ZEALAND,snapper_grouper,core,21337,221527
2018,JPN,JAPAN,snapper_grouper,core,4205,196271
2018,AUS,AUSTRALIA,snapper_grouper,core,12590,157222
2018,VNM,VIETNAM,snapper_grouper,core,21717,111494
2018,THA,THAILAND,snapper_grouper,core,10971,95994
2018,FJI,FIJI,snapper_grouper,core,4128,29240
2018,CAN,CANADA,snapper_grouper,core,2858,19530
2018,PAK,PAKISTAN,snapper_grouper,core,1822,14649
2018,GIN,GUINEA,snapper_grouper,core,1472,14338
2018,GRD,GRENADA,snapper_grouper,core,1401,12941
2018,YEM,YEMEN,snapper_grouper,core,8415,11781
2018,KIR,KIRIBATI,snapper_grouper,core,1260,11068
2018,MDV,MALDIVE IS.,snapper_grouper,core,620,4825
2018,ARG,ARGENTINA,snapper_grouper,core,1800,2420
2018,SYC,SEYCHELLES,snapper_grouper,core,171,2048
2018,CHN,CHINA,squid_octopus,core,51285718,259180831
2018,ESP,SPAIN,squid_octopus,core,10837769,126271477
2018,IND,INDIA,squid_octopus,core,8454060,48846799
2018,IDN,INDONESIA,squid_octopus,core,5022492,34868853
2018,TWN,TAIWAN,squid_octopus,core,6165242,34190575
2018,THA,THAILAND,squid_octopus,core,3691623,28464273
2018,JPN,JAPAN,squid_octopus,core,1360522,19394867
2018,PHL,PHILIPPINES,squid_octopus,core,3776575,17990911
2018,MEX,MEXICO,squid_octopus,core,1426245,11566433
2018,PER,PERU,squid_octopus,core,2119440,10914732
2018,NZL,NEW ZEALAND,squid_octopus,core,2442726,10758326
2018,KOR,SOUTH KOREA,squid_octopus,core,1295903,10332064
2018,VNM,VIETNAM,squid_octopus,core,1489355,8991118
2018,ARG,ARGENTINA,squid_octopus,core,2398865,7138009
2018,PRT,PORTUGAL,squid_octopus,core,465872,5238593
2018,PAK,PAKISTAN,squid_octopus,core,583171,4137087
2018,MYS,MALAYSIA,squid_octopus,core,449319,2527833
2018,HKG,CHINA - HONG KONG,squid_octopus,core,335840,1788622
2018,MRT,MAURITANIA,squid_octopus,core,103641,1694142
2018,CHL,CHILE,squid_octopus,core,397439,1616577
2018,LKA,SRI LANKA,squid_octopus,core,282229,1506999
2018,ITA,ITALY,squid_octopus,core,127207,1505462
2018,VUT,VANUATU,squid_octopus,core,182474,885670
2018,CAN,CANADA,squid_octopus,core,60878,800174
2018,MAR,MOROCCO,squid_octopus,core,55880,783931
2018,VEN,VENEZUELA,squid_octopus,core,50230,295522
2018,GRC,GREECE,squid_octopus,core,24292,226915
2018,ECU,ECUADOR,squid_octopus,core,72111,220215
2018,URY,URUGUAY,squid_octopus,core,49725,163251
2018,NLD,NETHERLANDS,squid_octopus,core,24004,150218
2018,AUS,AUSTRALIA,squid_octopus,core,14335,112770
2018,KEN,KENYA,squid_octopus,core,16394,110760
2018,NOR,NORWAY,squid_octopus,core,18144,99200
2018,TTO,TRINIDAD & TOBAGO,squid_octopus,core,24000,57600
2018,OMN,OMAN,squid_octopus,core,9960,49612
2018,TUN,TUNISIA,squid_octopus,core,4440,31812
2018,MMR,BURMA,squid_octopus,core,5478,27466
2018,SGP,SINGAPORE,squid_octopus,core,1800,10296
2018,SEN,SENEGAL,squid_octopus,core,948,6650
2018,MOZ,MOZAMBIQUE,squid_octopus,core,512,3384
2018,FRA,FRANCE,squid_octopus,core,60,3023
2018,RUS,RUSSIAN FEDERATION,squid_octopus,core,600,2736
2018,ECU,ECUADOR,swordfish,core,4528822,27819563
2018,CRI,COSTA RICA,swordfish,core,1072553,8514278
2018,BRA,BRAZIL,swordfish,core,1630615,8367268
2018,SGP,SINGAPORE,swordfish,core,872227,8182882
2018,CAN,CANADA,swordfish,core,595443,6896215
2018,VNM,VIETNAM,swordfish,core,506747,5023062
2018,AUS,AUSTRALIA,swordfish,core,376166,4187648
2018,IDN,INDONESIA,swordfish,core,292542,3199415
2018,MEX,MEXICO,swordfish,core,480836,2654531
2018,NZL,NEW ZEALAND,swordfish,core,242866,1874903
2018,CHL,CHILE,swordfish,core,187478,1726047
2018,MOZ,MOZAMBIQUE,swordfish,core,150626,1487760
2018,PAN,PANAMA,swordfish,core,167399,1460578
2018,ZAF,SOUTH AFRICA,swordfish,core,175780,1209688
2018,LKA,SRI LANKA,swordfish,core,50106,508658
2018,MUS,MAURITIUS,swordfish,core,39274,412477
2018,SYC,SEYCHELLES,swordfish,core,47727,398822
2018,PYF,FRENCH POLYNESIA,swordfish,core,40316,361240
2018,ESP,SPAIN,swordfish,core,127078,333660
2018,VUT,VANUATU,swordfish,core,24555,269600
2018,TWN,TAIWAN,swordfish,core,23141,197740
2018,NIC,NICARAGUA,swordfish,core,24253,176647
2018,THA,THAILAND,swordfish,core,13885,130935
2018,MDV,MALDIVE IS.,swordfish,core,9340,98730
2018,IND,INDIA,swordfish,core,990,10956
2018,FRA,FRANCE,swordfish,core,766,9479
2018,SLV,EL SALVADOR,swordfish,core,761,5252
2018,MRT,MAURITANIA,swordfish,core,418,3057
2018,VCT,ST.VINCENT-GRENADINE,swordfish,core,113,2500
2018,FJI,FIJI,swordfish,core,322,2131
2018,CHN,CHINA,tilapia,core,143372764,449862750
2018,COL,COLOMBIA,tilapia,core,6707159,51194539
2018,HND,HONDURAS,tilapia,core,8426876,47523181
2018,IDN,INDONESIA,tilapia,core,6618592,43594756
2018,CRI,COSTA RICA,tilapia,core,4588796,31145754
2018,TWN,TAIWAN,tilapia,core,11123973,29426283
2018,MEX,MEXICO,tilapia,core,2905467,15514740
2018,KOR,SOUTH KOREA,tilapia,core,346622,4796159
2018,ECU,ECUADOR,tilapia,core,832429,4214767
2018,BRA,BRAZIL,tilapia,core,760869,3896036
2018,VNM,VIETNAM,tilapia,core,1905970,3834638
2018,MYS,MALAYSIA,tilapia,core,403509,2468402
2018,MMR,BURMA,tilapia,core,708578,2444337
2018,PER,PERU,tilapia,core,199823,1885766
2018,GTM,GUATEMALA,tilapia,core,249751,1600468
2018,THA,THAILAND,tilapia,core,688347,1150380
2018,NOR,NORWAY,tilapia,core,47475,940650
2018,BGD,BANGLADESH,tilapia,core,275180,855726
2018,SLV,EL SALVADOR,tilapia,core,36082,430615
2018,PAN,PANAMA,tilapia,core,111845,356411
2018,HKG,CHINA - HONG KONG,tilapia,core,102328,234170
2018,ISL,ICELAND,tilapia,core,41020,200375
2018,ARG,ARGENTINA,tilapia,core,27215,99001
2018,GHA,GHANA,tilapia,core,12297,50358
2018,CAN,CANADA,tilapia,core,5527,44564
2018,NIC,NICARAGUA,tilapia,core,15137,37303
2018,JPN,JAPAN,tilapia,core,2849,19343
2018,PAK,PAKISTAN,tilapia,core,1751,14694
2018,PHL,PHILIPPINES,tilapia,core,4581,13692
2018,CHL,CHILE,tilapia,core,813,11241
2018,DNK,DENMARK,tilapia,core,191,5361
2018,NLD,NETHERLANDS,tilapia,core,3300,4219
2018,GIN,GUINEA,tilapia,core,388,4000
2018,FRA,FRANCE,tilapia,core,75,3087
2018,CHL,CHILE,toothfish,extended,1535442,41770995
2018,KOR,SOUTH KOREA,toothfish,extended,1327635,36204574
2018,ARG,ARGENTINA,toothfish,extended,1096022,30385672
2018,FLK,FALKLAND IS.,toothfish,extended,483299,12943009
2018,AUS,AUSTRALIA,toothfish,extended,458942,12642039
2018,ZAF,SOUTH AFRICA,toothfish,extended,488877,11693642
2018,REU,REUNION,toothfish,extended,343289,9982163
2018,UKR,UKRAINE,toothfish,extended,335239,9589735
2018,SHN,ST.HELENA,toothfish,extended,437481,9528875
2018,NZL,NEW ZEALAND,toothfish,extended,345318,9085987
2018,RUS,RUSSIAN FEDERATION,toothfish,extended,205659,6275943
2018,URY,URUGUAY,toothfish,extended,216002,6121384
2018,FRA,FRANCE,toothfish,extended,132441,3733220
2018,PER,PERU,toothfish,extended,126749,2997702
2018,MUS,MAURITIUS,toothfish,extended,65075,1792884
2018,NOR,NORWAY,toothfish,extended,60167,1564322
2018,BMU,BERMUDA,toothfish,extended,23910,693379
2018,NLD,NETHERLANDS,toothfish,extended,5965,170997
2018,CHL,CHILE,trout,core,5370886,64983911
2018,NOR,NORWAY,trout,core,5509594,52387982
2018,PER,PERU,trout,core,1750073,21261735
2018,COL,COLOMBIA,trout,core,1008606,8787686
2018,GBR,UNITED KINGDOM,trout,core,935260,8184196
2018,CAN,CANADA,trout,core,437029,2914861
2018,ARG,ARGENTINA,trout,core,533212,2349941
2018,DNK,DENMARK,trout,core,94652,1200963
2018,AUS,AUSTRALIA,trout,core,42377,574651
2018,ISL,ICELAND,trout,core,34459,535216
2018,NLD,NETHERLANDS,trout,core,25756,293510
2018,CRI,COSTA RICA,trout,core,32990,273222
2018,ARM,ARMENIA,trout,core,15769,224718
2018,BRA,BRAZIL,trout,core,68325,211813
2018,IDN,INDONESIA,trout,core,16506,176053
2018,GRC,GREECE,trout,core,9348,128986
2018,MEX,MEXICO,trout,core,15875,81764
2018,TUR,TURKEY,trout,core,17940,68557
2018,SUR,SURINAME,trout,core,5490,17843
2018,THA,THAILAND,trout,core,480,11462
2018,FRA,FRANCE,trout,core,250,6157
2018,UKR,UKRAINE,trout,core,223,3947
2018,RUS,RUSSIAN FEDERATION,trout,core,221,2729
2018,PHL,PHILIPPINES,trout,core,2059,2500
2018,THA,THAILAND,tuna,core,96370633,482569841
2018,VNM,VIETNAM,tuna,core,28892183,217892279
2018,IDN,INDONESIA,tuna,core,26551656,216943143
2018,ECU,ECUADOR,tuna,core,24896481,157363659
2018,CHN,CHINA,tuna,core,22796067,119044416
2018,PHL,PHILIPPINES,tuna,core,10377645,80658370
2018,FJI,FIJI,tuna,core,12179027,76462469
2018,MEX,MEXICO,tuna,core,8433882,51247614
2018,MUS,MAURITIUS,tuna,core,7881324,49659430
2018,LKA,SRI LANKA,tuna,core,2538458,32842300
2018,SEN,SENEGAL,tuna,core,4560835,32411234
2018,ESP,SPAIN,tuna,core,1747841,23595363
2018,MDV,MALDIVE IS.,tuna,core,2571420,22647382
2018,CAN,CANADA,tuna,core,1374999,19242796
2018,VEN,VENEZUELA,tuna,core,1524196,17193754
2018,JPN,JAPAN,tuna,core,1115125,16924374
2018,PAN,PANAMA,tuna,core,1747496,16846120
2018,CRI,COSTA RICA,tuna,core,3047470,13987070
2018,TWN,TAIWAN,tuna,core,1292440,13939559
2018,TTO,TRINIDAD & TOBAGO,tuna,core,1119009,12100128
2018,KOR,SOUTH KOREA,tuna,core,1126735,11702291
2018,SUR,SURINAME,tuna,core,1556722,10851232
2018,BRA,BRAZIL,tuna,core,1235049,10672143
2018,PYF,FRENCH POLYNESIA,tuna,core,909796,9142273
2018,GRD,GRENADA,tuna,core,865436,7468549
2018,AUS,AUSTRALIA,tuna,core,520423,6894326
2018,OMN,OMAN,tuna,core,627549,5159985
2018,TUR,TURKEY,tuna,core,259497,4407644
2018,COL,COLOMBIA,tuna,core,655569,4063713
2018,MHL,MARSHALL IS.,tuna,core,420775,3380979
2018,SLB,SOLOMON IS.,tuna,core,557052,3113844
2018,ZAF,SOUTH AFRICA,tuna,core,372943,3089500
2018,SYC,SEYCHELLES,tuna,core,250313,2714094
2018,BRB,BARBADOS,tuna,core,253396,2137799
2018,MOZ,MOZAMBIQUE,tuna,core,194140,1985198
2018,PRT,PORTUGAL,tuna,core,292234,1827162
2018,FRA,FRANCE,tuna,core,81429,1392345
2018,KIR,KIRIBATI,tuna,core,142327,1387330
2018,ITA,ITALY,tuna,core,411689,1228220
2018,MYS,MALAYSIA,tuna,core,128648,1026085
2018,CIV,IVORY COAST,tuna,core,154846,894409
2018,HRV,CROATIA,tuna,core,149346,887704
2018,CPV,CAPE VERDE,tuna,core,111415,833576
2018,SLV,EL SALVADOR,tuna,core,223128,672085
2018,WSM,WESTERN SAMOA,tuna,core,73252,634647
2018,VCT,ST.VINCENT-GRENADINE,tuna,core,31606,614417
2018,GUY,GUYANA,tuna,core,57853,510571
2018,LBY,LIBYA,tuna,core,46504,330549
2018,ISR,ISRAEL,tuna,core,61543,318910
2018,PLW,PALAU,tuna,core,21287,235719
2018,IND,INDIA,tuna,core,39795,234151
2018,PER,PERU,tuna,core,51166,178416
2018,NZL,NEW ZEALAND,tuna,core,23482,166905
2018,IRN,IRAN,tuna,core,31706,120565
2018,MLT,MALTA,tuna,core,2465,90342
2018,GRC,GREECE,tuna,core,7227,64612
2018,VUT,VANUATU,tuna,core,6848,48986
2018,DOM,DOMINICAN REPUBLIC,tuna,core,11995,36489
2018,MAR,MOROCCO,tuna,core,3955,30716
2018,TON,TONGA,tuna,core,3789,27726
2018,JOR,JORDAN,tuna,core,2716,18300
2018,TUN,TUNISIA,tuna,core,1126,7708
2018,REU,REUNION,tuna,core,510,7146
2018,LVA,LATVIA,tuna,core,1061,7049
2018,FSM,FED STATES OF MICRON,tuna,core,2454,4923
2018,SGP,SINGAPORE,tuna,core,277,4300
2018,IRL,IRELAND,tuna,core,111,2650
2019,VNM,VIETNAM,catfish_other,extended,31010847,117408044
2019,CHN,CHINA,catfish_other,extended,4592263,22512544
2019,TWN,TAIWAN,catfish_other,extended,33256,174343
2019,GUY,GUYANA,catfish_other,extended,42532,113681
2019,THA,THAILAND,catfish_other,extended,11322,33779
2019,CAN,CANADA,clams,core,3810106,26361434
2019,CHN,CHINA,clams,core,11282968,22463633
2019,VNM,VIETNAM,clams,core,3113969,7523716
2019,IDN,INDONESIA,clams,core,1343854,4423551
2019,CHL,CHILE,clams,core,604642,2265311
2019,MEX,MEXICO,clams,core,617311,2255564
2019,NZL,NEW ZEALAND,clams,core,393593,1872784
2019,THA,THAILAND,clams,core,519034,1821692
2019,NLD,NETHERLANDS,clams,core,136199,407103
2019,KOR,SOUTH KOREA,clams,core,59129,398183
2019,JPN,JAPAN,clams,core,67799,196557
2019,ESP,SPAIN,clams,core,16801,122049
2019,IND,INDIA,clams,core,32734,119229
2019,ITA,ITALY,clams,core,8860,59299
2019,PRT,PORTUGAL,clams,core,7821,39108
2019,ECU,ECUADOR,clams,core,2782,34073
2019,HKG,CHINA - HONG KONG,clams,core,13164,21898
2019,PAN,PANAMA,clams,core,8536,21377
2019,IRL,IRELAND,clams,core,1000,8500
2019,CMR,CAMEROON,clams,core,653,2288
2019,CHN,CHINA,cod,core,41330037,291202547
2019,ISL,ICELAND,cod,core,12673252,141147356
2019,NOR,NORWAY,cod,core,3532382,40802031
2019,RUS,RUSSIAN FEDERATION,cod,core,4449964,30506814
2019,CAN,CANADA,cod,core,3535128,29773268
2019,VNM,VIETNAM,cod,core,2661804,23349661
2019,IDN,INDONESIA,cod,core,645874,4095909
2019,PRT,PORTUGAL,cod,core,394080,3290072
2019,POL,POLAND,cod,core,185707,2116854
2019,DEU,GERMANY,cod,core,86019,825777
2019,GBR,UNITED KINGDOM,cod,core,53123,698546
2019,NLD,NETHERLANDS,cod,core,14013,452972
2019,FRO,FAROE IS.,cod,core,79673,301720
2019,PER,PERU,cod,core,76000,275880
2019,ESP,SPAIN,cod,core,18308,206548
2019,ECU,ECUADOR,cod,core,14545,150080
2019,THA,THAILAND,cod,core,12043,94253
2019,NZL,NEW ZEALAND,cod,core,6561,75019
2019,KOR,SOUTH KOREA,cod,core,5081,60767
2019,FRA,FRANCE,cod,core,8800,47080
2019,GRL,GREENLAND,cod,core,4080,34775
2019,CHL,CHILE,cod,core,1475,26550
2019,HKG,CHINA - HONG KONG,cod,core,1350,22950
2019,JPN,JAPAN,cod,core,400,12552
2019,COL,COLOMBIA,cod,core,665,8022
2019,DNK,DENMARK,cod,core,275,7772
2019,GTM,GUATEMALA,cod,core,461,3600
2019,ITA,ITALY,cod,core,127,2328
2019,CAN,CANADA,crab,core,42755866,766255731
2019,RUS,RUSSIAN FEDERATION,crab,core,23156242,611819242
2019,IDN,INDONESIA,crab,core,12780920,291303840
2019,PHL,PHILIPPINES,crab,core,3110580,78390178
2019,CHN,CHINA,crab,core,6017463,63885864
2019,VNM,VIETNAM,crab,core,2652628,58158040
2019,MEX,MEXICO,crab,core,4520569,51681068
2019,VEN,VENEZUELA,crab,core,2932578,39632059
2019,IND,INDIA,crab,core,1587540,38162441
2019,NOR,NORWAY,crab,core,1495216,29090212
2019,MMR,BURMA,crab,core,1263338,26655171
2019,GRL,GREENLAND,crab,core,1246929,22618342
2019,ARG,ARGENTINA,crab,core,1023359,21135735
2019,THA,THAILAND,crab,core,1309241,20663814
2019,LKA,SRI LANKA,crab,core,788026,17725513
2019,KOR,SOUTH KOREA,crab,core,495825,11763518
2019,CHL,CHILE,crab,core,764835,10929193
2019,COL,COLOMBIA,crab,core,312957,6498860
2019,MYS,MALAYSIA,crab,core,294507,6284007
2019,NIC,NICARAGUA,crab,core,238133,4081463
2019,BHS,BAHAMAS,crab,core,118998,2928396
2019,JPN,JAPAN,crab,core,129098,1681196
2019,SWE,SWEDEN,crab,core,31232,1431798
2019,GBR,UNITED KINGDOM,crab,core,51522,695750
2019,ECU,ECUADOR,crab,core,64080,631584
2019,DNK,DENMARK,crab,core,25448,522641
2019,BHR,BAHRAIN,crab,core,85091,449397
2019,NLD,NETHERLANDS,crab,core,17907,363285
2019,SGP,SINGAPORE,crab,core,13170,299570
2019,MOZ,MOZAMBIQUE,crab,core,16738,241706
2019,GRC,GREECE,crab,core,29438,129710
2019,AUS,AUSTRALIA,crab,core,1991,98059
2019,HKG,CHINA - HONG KONG,crab,core,19684,90063
2019,IRL,IRELAND,crab,core,4756,79842
2019,TWN,TAIWAN,crab,core,22332,77990
2019,PRT,PORTUGAL,crab,core,1522,15827
2019,FRA,FRANCE,crab,core,67,10347
2019,PAN,PANAMA,crab,core,454,9979
2019,ESP,SPAIN,crab,core,1724,7868
2019,MAR,MOROCCO,crab,core,500,7500
2019,URY,URUGUAY,crab,core,552,6906
2019,DOM,DOMINICAN REPUBLIC,crab,core,818,6261
2019,TUN,TUNISIA,crab,core,540,2793
2019,CHN,CHINA,crawfish_freshwater,extended,4109629,37343755
2019,EGY,EGYPT,crawfish_freshwater,extended,1570496,7218110
2019,ESP,SPAIN,crawfish_freshwater,extended,1185947,6115311
2019,JPN,JAPAN,crawfish_freshwater,extended,121111,3112003
2019,VNM,VIETNAM,crawfish_freshwater,extended,11856,120127
2019,CAN,CANADA,crawfish_freshwater,extended,961,21728
2019,CMR,CAMEROON,crawfish_freshwater,extended,3140,4075
2019,CHN,CHINA,eel_sturgeon_shad,extended,4935561,66803001
2019,JPN,JAPAN,eel_sturgeon_shad,extended,101844,1069380
2019,TWN,TAIWAN,eel_sturgeon_shad,extended,139702,964808
2019,THA,THAILAND,eel_sturgeon_shad,extended,119728,704557
2019,CAN,CANADA,eel_sturgeon_shad,extended,66630,518991
2019,MMR,BURMA,eel_sturgeon_shad,extended,26280,431638
2019,KOR,SOUTH KOREA,eel_sturgeon_shad,extended,55454,410165
2019,VNM,VIETNAM,eel_sturgeon_shad,extended,94513,387350
2019,HKG,CHINA - HONG KONG,eel_sturgeon_shad,extended,21248,371929
2019,GBR,UNITED KINGDOM,eel_sturgeon_shad,extended,72000,363060
2019,ARG,ARGENTINA,eel_sturgeon_shad,extended,27216,103800
2019,PRT,PORTUGAL,eel_sturgeon_shad,extended,10853,91705
2019,NLD,NETHERLANDS,eel_sturgeon_shad,extended,12020,90921
2019,PER,PERU,eel_sturgeon_shad,extended,12169,69750
2019,ESP,SPAIN,eel_sturgeon_shad,extended,1977,37369
2019,SUR,SURINAME,eel_sturgeon_shad,extended,4410,22711
2019,ARM,ARMENIA,eel_sturgeon_shad,extended,2235,21109
2019,PAK,PAKISTAN,eel_sturgeon_shad,extended,122,10260
2019,NZL,NEW ZEALAND,eel_sturgeon_shad,extended,550,7882
2019,ITA,ITALY,eel_sturgeon_shad,extended,75,6070
2019,CHN,CHINA,flatfish,core,12713031,60146170
2019,CAN,CANADA,flatfish,core,3759554,21256499
2019,NLD,NETHERLANDS,flatfish,core,1717020,13223323
2019,ARG,ARGENTINA,flatfish,core,1513028,10446472
2019,THA,THAILAND,flatfish,core,1135869,8521759
2019,ISL,ICELAND,flatfish,core,713541,7094719
2019,KOR,SOUTH KOREA,flatfish,core,219201,3206498
2019,MEX,MEXICO,flatfish,core,316662,2122221
2019,VNM,VIETNAM,flatfish,core,384882,2080822
2019,NOR,NORWAY,flatfish,core,297472,1842011
2019,DNK,DENMARK,flatfish,core,248212,1841987
2019,ESP,SPAIN,flatfish,core,167472,1644279
2019,TWN,TAIWAN,flatfish,core,147335,1177541
2019,GRL,GREENLAND,flatfish,core,136444,732946
2019,IDN,INDONESIA,flatfish,core,53055,665819
2019,PAN,PANAMA,flatfish,core,94166,505164
2019,JPN,JAPAN,flatfish,core,67299,435992
2019,GBR,UNITED KINGDOM,flatfish,core,7604,168030
2019,RUS,RUSSIAN FEDERATION,flatfish,core,26264,120254
2019,SUR,SURINAME,flatfish,core,14792,114707
2019,BRA,BRAZIL,flatfish,core,11474,97512
2019,PHL,PHILIPPINES,flatfish,core,81296,84235
2019,NIC,NICARAGUA,flatfish,core,17071,82881
2019,FRA,FRANCE,flatfish,core,7619,72118
2019,TUR,TURKEY,flatfish,core,6760,55481
2019,NZL,NEW ZEALAND,flatfish,core,4511,47874
2019,PRT,PORTUGAL,flatfish,core,725,27565
2019,SLV,EL SALVADOR,flatfish,core,5092,21201
2019,ECU,ECUADOR,flatfish,core,7434,14587
2019,IND,INDIA,flatfish,core,2511,12459
2019,PAK,PAKISTAN,flatfish,core,1060,9760
2019,SEN,SENEGAL,flatfish,core,210,5033
2019,VEN,VENEZUELA,flatfish,core,329,3039
2019,CAN,CANADA,halibut,core,6241755,99873061
2019,CHN,CHINA,halibut,core,757539,11306702
2019,NOR,NORWAY,halibut,core,577047,8272426
2019,RUS,RUSSIAN FEDERATION,halibut,core,884054,6662197
2019,MEX,MEXICO,halibut,core,343429,2525399
2019,NLD,NETHERLANDS,halibut,core,77393,1163495
2019,KOR,SOUTH KOREA,halibut,core,91758,1142463
2019,FRA,FRANCE,halibut,core,37534,739862
2019,GRL,GREENLAND,halibut,core,62070,547386
2019,DNK,DENMARK,halibut,core,70560,543820
2019,ESP,SPAIN,halibut,core,71367,226778
2019,GBR,UNITED KINGDOM,halibut,core,2984,36987
2019,JPN,JAPAN,halibut,core,70,3059
2019,CAN,CANADA,herring,core,9236107,29865889
2019,DEU,GERMANY,herring,core,1228051,6431252
2019,POL,POLAND,herring,core,470256,1459211
2019,BLR,BELARUS,herring,core,439829,1405048
2019,ISL,ICELAND,herring,core,188223,941970
2019,LTU,LITHUANIA,herring,core,255657,938774
2019,SLV,EL SALVADOR,herring,core,56388,856468
2019,KOR,SOUTH KOREA,herring,core,96131,803722
2019,NOR,NORWAY,herring,core,728417,779159
2019,GBR,UNITED KINGDOM,herring,core,132181,767626
2019,NLD,NETHERLANDS,herring,core,170534,705104
2019,JPN,JAPAN,herring,core,42121,584656
2019,CHN,CHINA,herring,core,105409,498090
2019,PHL,PHILIPPINES,herring,core,154424,421238
2019,RUS,RUSSIAN FEDERATION,herring,core,115942,401768
2019,LVA,LATVIA,herring,core,156370,381310
2019,EST,ESTONIA,herring,core,351138,346798
2019,SWE,SWEDEN,herring,core,65644,239582
2019,PER,PERU,herring,core,24065,236249
2019,DNK,DENMARK,herring,core,32868,195435
2019,MYS,MALAYSIA,herring,core,11727,155503
2019,UKR,UKRAINE,herring,core,56250,134975
2019,GIN,GUINEA,herring,core,54548,126289
2019,SLE,SIERRA LEONE,herring,core,11200,75000
2019,ECU,ECUADOR,herring,core,42075,66825
2019,EGY,EGYPT,herring,core,19481,66772
2019,GHA,GHANA,herring,core,16258,60825
2019,FIN,FINLAND,herring,core,7233,58830
2019,THA,THAILAND,herring,core,5865,47681
2019,MMR,BURMA,herring,core,8938,46683
2019,VNM,VIETNAM,herring,core,3150,16788
2019,GRC,GREECE,herring,core,1831,14357
2019,SYR,SYRIA,herring,core,3281,12115
2019,GTM,GUATEMALA,herring,core,2668,10573
2019,HKG,CHINA - HONG KONG,herring,core,800,9600
2019,LBR,LIBERIA,herring,core,3815,4000
2019,ARM,ARMENIA,herring,core,4800,2720
2019,TZA,TANZANIA,herring,core,414,2691
2019,CAN,CANADA,inland_freshwater_other,extended,5794030,62574584
2019,RUS,RUSSIAN FEDERATION,inland_freshwater_other,extended,603038,6230386
2019,KAZ,KAZAKHSTAN,inland_freshwater_other,extended,449699,3583321
2019,POL,POLAND,inland_freshwater_other,extended,257207,2256122
2019,UGA,UGANDA,inland_freshwater_other,extended,290544,1971947
2019,TUR,TURKEY,inland_freshwater_other,extended,338840,1749363
2019,IDN,INDONESIA,inland_freshwater_other,extended,85368,1244912
2019,CHN,CHINA,inland_freshwater_other,extended,315317,1229236
2019,TTO,TRINIDAD & TOBAGO,inland_freshwater_other,extended,98429,1089483
2019,PER,PERU,inland_freshwater_other,extended,267764,874153
2019,MMR,BURMA,inland_freshwater_other,extended,145962,517404
2019,THA,THAILAND,inland_freshwater_other,extended,30461,365764
2019,TWN,TAIWAN,inland_freshwater_other,extended,119449,353556
2019,EST,ESTONIA,inland_freshwater_other,extended,39262,299009
2019,NLD,NETHERLANDS,inland_freshwater_other,extended,40317,260066
2019,CHL,CHILE,inland_freshwater_other,extended,24249,88686
2019,BGD,BANGLADESH,inland_freshwater_other,extended,18289,81706
2019,VNM,VIETNAM,inland_freshwater_other,extended,25617,80979
2019,PRT,PORTUGAL,inland_freshwater_other,extended,11483,71547
2019,ISR,ISRAEL,inland_freshwater_other,extended,42927,65805
2019,ARG,ARGENTINA,inland_freshwater_other,extended,17700,63720
2019,BRA,BRAZIL,inland_freshwater_other,extended,9238,44263
2019,JPN,JAPAN,inland_freshwater_other,extended,2830,25843
2019,SLE,SIERRA LEONE,inland_freshwater_other,extended,6291,20400
2019,HKG,CHINA - HONG KONG,inland_freshwater_other,extended,5420,17000
2019,UKR,UKRAINE,inland_freshwater_other,extended,888,7812
2019,HND,HONDURAS,inland_freshwater_other,extended,15507,5120
2019,BLR,BELARUS,inland_freshwater_other,extended,597,4776
2019,ECU,ECUADOR,large_pelagics_other,extended,5882584,46326095
2019,PER,PERU,large_pelagics_other,extended,4380356,35920611
2019,TWN,TAIWAN,large_pelagics_other,extended,2303762,20104773
2019,PAN,PANAMA,large_pelagics_other,extended,1438923,10844999
2019,CRI,COSTA RICA,large_pelagics_other,extended,993796,8339475
2019,VNM,VIETNAM,large_pelagics_other,extended,1056930,7471580
2019,NIC,NICARAGUA,large_pelagics_other,extended,562890,4412096
2019,IDN,INDONESIA,large_pelagics_other,extended,524611,3962551
2019,GTM,GUATEMALA,large_pelagics_other,extended,200490,1421628
2019,FJI,FIJI,large_pelagics_other,extended,136976,1335916
2019,VEN,VENEZUELA,large_pelagics_other,extended,124516,1151235
2019,SLV,EL SALVADOR,large_pelagics_other,extended,109060,1023070
2019,BRA,BRAZIL,large_pelagics_other,extended,74320,673982
2019,TON,TONGA,large_pelagics_other,extended,69419,613410
2019,THA,THAILAND,large_pelagics_other,extended,108415,603013
2019,IND,INDIA,large_pelagics_other,extended,134077,589867
2019,MYS,MALAYSIA,large_pelagics_other,extended,64265,435174
2019,JPN,JAPAN,large_pelagics_other,extended,36930,311094
2019,LKA,SRI LANKA,large_pelagics_other,extended,29224,290145
2019,MEX,MEXICO,large_pelagics_other,extended,38550,216470
2019,HKG,CHINA - HONG KONG,large_pelagics_other,extended,15257,176589
2019,CHL,CHILE,large_pelagics_other,extended,19505,168800
2019,MOZ,MOZAMBIQUE,large_pelagics_other,extended,16973,161330
2019,GUY,GUYANA,large_pelagics_other,extended,15537,146455
2019,DOM,DOMINICAN REPUBLIC,large_pelagics_other,extended,15131,141750
2019,OMN,OMAN,large_pelagics_other,extended,22923,116212
2019,SUR,SURINAME,large_pelagics_other,extended,15001,108855
2019,TTO,TRINIDAD & TOBAGO,large_pelagics_other,extended,14253,106064
2019,CHN,CHINA,large_pelagics_other,extended,21338,76840
2019,CAN,CANADA,large_pelagics_other,extended,5352,62158
2019,MAR,MOROCCO,large_pelagics_other,extended,8211,53413
2019,AUS,AUSTRALIA,large_pelagics_other,extended,4055,45731
2019,PYF,FRENCH POLYNESIA,large_pelagics_other,extended,2829,42874
2019,SEN,SENEGAL,large_pelagics_other,extended,3570,37795
2019,ITA,ITALY,large_pelagics_other,extended,362,18697
2019,GRC,GREECE,large_pelagics_other,extended,49,8094
2019,GRD,GRENADA,large_pelagics_other,extended,727,5712
2019,ESP,SPAIN,large_pelagics_other,extended,1052,5363
2019,SGP,SINGAPORE,large_pelagics_other,extended,355,3520
2019,NLD,NETHERLANDS,large_pelagics_other,extended,220,2684
2019,PHL,PHILIPPINES,large_pelagics_other,extended,432,2219
2019,CAN,CANADA,lobster,core,47142395,1219070064
2019,BRA,BRAZIL,lobster,core,1509993,61438063
2019,BHS,BAHAMAS,lobster,core,1126665,45282897
2019,HND,HONDURAS,lobster,core,1088446,42840792
2019,NIC,NICARAGUA,lobster,core,899682,34099116
2019,ZAF,SOUTH AFRICA,lobster,core,290013,18296871
2019,BLZ,BELIZE,lobster,core,229503,8727090
2019,ARE,UNITED ARAB EMIRATES,lobster,core,266765,8268075
2019,AUS,AUSTRALIA,lobster,core,168868,7482987
2019,COL,COLOMBIA,lobster,core,117742,5103593
2019,NZL,NEW ZEALAND,lobster,core,116057,4264243
2019,SHN,ST.HELENA,lobster,core,52392,3698984
2019,CHL,CHILE,lobster,core,143942,3377075
2019,JAM,JAMAICA,lobster,core,78061,3239164
2019,GBR,UNITED KINGDOM,lobster,core,131193,2877755
2019,DOM,DOMINICAN REPUBLIC,lobster,core,78954,2307233
2019,MEX,MEXICO,lobster,core,52901,1874583
2019,VEN,VENEZUELA,lobster,core,59448,1827398
2019,PAN,PANAMA,lobster,core,62050,1586197
2019,PNG,PAPUA NEW GUINEA,lobster,core,28950,1527430
2019,EGY,EGYPT,lobster,core,262476,1204342
2019,JPN,JAPAN,lobster,core,37827,947140
2019,TCA,TURKS & CAICOS IS.,lobster,core,28739,901400
2019,ESP,SPAIN,lobster,core,157466,829715
2019,NOR,NORWAY,lobster,core,24393,766650
2019,HTI,HAITI,lobster,core,24469,635944
2019,VCT,ST.VINCENT-GRENADINE,lobster,core,29220,461788
2019,ECU,ECUADOR,lobster,core,10634,372755
2019,TTO,TRINIDAD & TOBAGO,lobster,core,18003,203967
2019,FRA,FRANCE,lobster,core,9195,141557
2019,FRO,FAROE IS.,lobster,core,2626,138268
2019,PRT,PORTUGAL,lobster,core,1845,76276
2019,LKA,SRI LANKA,lobster,core,4383,45891
2019,CHN,CHINA,lobster,core,8945,40462
2019,MYS,MALAYSIA,lobster,core,4908,40329
2019,IDN,INDONESIA,lobster,core,2095,32617
2019,NLD,NETHERLANDS,lobster,core,1586,28466
2019,ATG,ANTIGUA & BARBUDA,lobster,core,1124,24701
2019,TWN,TAIWAN,lobster,core,2616,16011
2019,IRL,IRELAND,lobster,core,344,11708
2019,KOR,SOUTH KOREA,lobster,core,1218,8000
2019,CRI,COSTA RICA,lobster,core,145,6967
2019,GRD,GRENADA,lobster,core,247,6302
2019,DNK,DENMARK,lobster,core,128,6118
2019,KIR,KIRIBATI,lobster,core,223,5085
2019,THA,THAILAND,lobster,core,850,4500
2019,IND,INDIA,lobster,core,204,4388
2019,ISL,ICELAND,lobster,core,54,3488
2019,TUR,TURKEY,lobster,core,318,2067
2019,THA,THAILAND,mackerel,core,4224466,15810598
2019,NOR,NORWAY,mackerel,core,6465533,15310727
2019,CHN,CHINA,mackerel,core,6167846,12745286
2019,VNM,VIETNAM,mackerel,core,2375180,8390030
2019,JPN,JAPAN,mackerel,core,554426,6007460
2019,KOR,SOUTH KOREA,mackerel,core,1188054,3272559
2019,CAN,CANADA,mackerel,core,641941,2537506
2019,TWN,TAIWAN,mackerel,core,1073357,1914613
2019,CHL,CHILE,mackerel,core,622771,1513021
2019,POL,POLAND,mackerel,core,157036,1404826
2019,MAR,MOROCCO,mackerel,core,374862,1333176
2019,SUR,SURINAME,mackerel,core,294369,1274759
2019,ISL,ICELAND,mackerel,core,513660,1161130
2019,TUN,TUNISIA,mackerel,core,87183,926864
2019,PRT,PORTUGAL,mackerel,core,286257,894032
2019,BRA,BRAZIL,mackerel,core,183185,888116
2019,ECU,ECUADOR,mackerel,core,368222,798357
2019,MEX,MEXICO,mackerel,core,464164,679969
2019,ESP,SPAIN,mackerel,core,159664,663426
2019,RUS,RUSSIAN FEDERATION,mackerel,core,106271,478147
2019,GBR,UNITED KINGDOM,mackerel,core,98569,420158
2019,DEU,GERMANY,mackerel,core,142487,380305
2019,NZL,NEW ZEALAND,mackerel,core,196420,366127
2019,IND,INDIA,mackerel,core,257033,318478
2019,MYS,MALAYSIA,mackerel,core,79855,227806
2019,PYF,FRENCH POLYNESIA,mackerel,core,25832,200779
2019,PHL,PHILIPPINES,mackerel,core,62045,179378
2019,IRL,IRELAND,mackerel,core,81500,173760
2019,VEN,VENEZUELA,mackerel,core,24775,159546
2019,PER,PERU,mackerel,core,89472,140380
2019,SLE,SIERRA LEONE,mackerel,core,19400,98000
2019,LTU,LITHUANIA,mackerel,core,18855,89959
2019,PAN,PANAMA,mackerel,core,19039,86051
2019,HKG,CHINA - HONG KONG,mackerel,core,80917,83669
2019,CPV,CAPE VERDE,mackerel,core,12018,82315
2019,GIN,GUINEA,mackerel,core,20739,80789
2019,LVA,LATVIA,mackerel,core,25969,72532
2019,TUR,TURKEY,mackerel,core,25079,66161
2019,FJI,FIJI,mackerel,core,16663,65350
2019,SVN,SLOVENIA,mackerel,core,10368,51960
2019,HRV,CROATIA,mackerel,core,7547,51678
2019,FRO,FAROE IS.,mackerel,core,18834,46476
2019,FRA,FRANCE,mackerel,core,29694,41019
2019,GRC,GREECE,mackerel,core,3720,24955
2019,ITA,ITALY,mackerel,core,2329,22859
2019,ZAF,SOUTH AFRICA,mackerel,core,5750,11472
2019,AUS,AUSTRALIA,mackerel,core,10800,9614
2019,UKR,UKRAINE,mackerel,core,2523,7244
2019,NIC,NICARAGUA,mackerel,core,1727,5394
2019,GUY,GUYANA,mackerel,core,559,3150
2019,CRI,COSTA RICA,mackerel,core,387,2774
2019,DNK,DENMARK,mackerel,core,349,2513
2019,NZL,NEW ZEALAND,mussels,core,8328117,50824398
2019,CAN,CANADA,mussels,core,13640869,38227624
2019,CHL,CHILE,mussels,core,12611966,31911980
2019,CHN,CHINA,mussels,core,492886,1388755
2019,ESP,SPAIN,mussels,core,133942,893417
2019,VNM,VIETNAM,mussels,core,154575,366370
2019,GBR,UNITED KINGDOM,mussels,core,64295,322590
2019,THA,THAILAND,mussels,core,44258,263814
2019,DNK,DENMARK,mussels,core,57264,260976
2019,MEX,MEXICO,mussels,core,62928,255157
2019,ZAF,SOUTH AFRICA,mussels,core,91076,167902
2019,ITA,ITALY,mussels,core,24386,161129
2019,ISL,ICELAND,mussels,core,23800,96572
2019,PRT,PORTUGAL,mussels,core,12260,74959
2019,IRL,IRELAND,mussels,core,13530,54122
2019,KOR,SOUTH KOREA,mussels,core,790,45850
2019,CRI,COSTA RICA,mussels,core,360,8454
2019,FRA,FRANCE,mussels,core,252,4436
2019,HKG,CHINA - HONG KONG,mussels,core,300,3600
2019,CHN,CHINA,other_groundfish,core,11631195,70689646
2019,ISL,ICELAND,other_groundfish,core,4107075,46898558
2019,CAN,CANADA,other_groundfish,core,10070107,45302180
2019,NOR,NORWAY,other_groundfish,core,4906200,23394817
2019,NZL,NEW ZEALAND,other_groundfish,core,2032641,19245853
2019,ARG,ARGENTINA,other_groundfish,core,2992705,9796819
2019,RUS,RUSSIAN FEDERATION,other_groundfish,core,1967475,9607081
2019,FRO,FAROE IS.,other_groundfish,core,759198,2970852
2019,CHL,CHILE,other_groundfish,core,924524,2820956
2019,ZAF,SOUTH AFRICA,other_groundfish,core,460548,2528378
2019,ECU,ECUADOR,other_groundfish,core,763395,2176886
2019,URY,URUGUAY,other_groundfish,core,687383,1376747
2019,AUS,AUSTRALIA,other_groundfish,core,81550,1058826
2019,PER,PERU,other_groundfish,core,342858,618288
2019,POL,POLAND,other_groundfish,core,49872,487240
2019,BRA,BRAZIL,other_groundfish,core,58147,414145
2019,KAZ,KAZAKHSTAN,other_groundfish,core,37860,389747
2019,VNM,VIETNAM,other_groundfish,core,33816,343495
2019,TWN,TAIWAN,other_groundfish,core,81320,259553
2019,NLD,NETHERLANDS,other_groundfish,core,78725,219883
2019,NAM,NAMIBIA,other_groundfish,core,30464,182191
2019,GBR,UNITED KINGDOM,other_groundfish,core,12311,160187
2019,KOR,SOUTH KOREA,other_groundfish,core,57103,139593
2019,HKG,CHINA - HONG KONG,other_groundfish,core,39118,131222
2019,MEX,MEXICO,other_groundfish,core,44646,81696
2019,IND,INDIA,other_groundfish,core,5586,25305
2019,PRT,PORTUGAL,other_groundfish,core,3312,12186
2019,BGD,BANGLADESH,other_groundfish,core,680,7759
2019,JPN,JAPAN,other_groundfish,core,48,4858
2019,TUR,TURKEY,other_groundfish,core,550,3775
2019,ESP,SPAIN,other_groundfish,core,135,2773
2019,CHN,CHINA,other_shellfish_specialty,extended,2930300,11551524
2019,NIC,NICARAGUA,other_shellfish_specialty,extended,726637,11148673
2019,BLZ,BELIZE,other_shellfish_specialty,extended,489876,7903268
2019,MEX,MEXICO,other_shellfish_specialty,extended,285737,6110294
2019,AUS,AUSTRALIA,other_shellfish_specialty,extended,151929,6079420
2019,VNM,VIETNAM,other_shellfish_specialty,extended,1002383,6060513
2019,HND,HONDURAS,other_shellfish_specialty,extended,401249,5889847
2019,BHS,BAHAMAS,other_shellfish_specialty,extended,366125,5777628
2019,FRA,FRANCE,other_shellfish_specialty,extended,287560,2869477
2019,CHL,CHILE,other_shellfish_specialty,extended,64885,2754822
2019,VCT,ST.VINCENT-GRENADINE,other_shellfish_specialty,extended,191960,2748875
2019,IDN,INDONESIA,other_shellfish_specialty,extended,438941,2313746
2019,KOR,SOUTH KOREA,other_shellfish_specialty,extended,130457,1747705
2019,NZL,NEW ZEALAND,other_shellfish_specialty,extended,228500,1324363
2019,TWN,TAIWAN,other_shellfish_specialty,extended,27530,1306445
2019,JPN,JAPAN,other_shellfish_specialty,extended,28609,1047258
2019,HKG,CHINA - HONG KONG,other_shellfish_specialty,extended,43960,761256
2019,TCA,TURKS & CAICOS IS.,other_shellfish_specialty,extended,51709,632975
2019,MYS,MALAYSIA,other_shellfish_specialty,extended,154677,383762
2019,THA,THAILAND,other_shellfish_specialty,extended,52592,212054
2019,TUR,TURKEY,other_shellfish_specialty,extended,21360,189750
2019,CAN,CANADA,other_shellfish_specialty,extended,40425,182756
2019,ESP,SPAIN,other_shellfish_specialty,extended,5747,133660
2019,IRL,IRELAND,other_shellfish_specialty,extended,24000,130575
2019,NGA,NIGERIA,other_shellfish_specialty,extended,23484,108907
2019,ZAF,SOUTH AFRICA,other_shellfish_specialty,extended,1672,96229
2019,MMR,BURMA,other_shellfish_specialty,extended,24994,93560
2019,PRT,PORTUGAL,other_shellfish_specialty,extended,15508,87556
2019,PAK,PAKISTAN,other_shellfish_specialty,extended,13614,85215
2019,KNA,ST.KITTS-NEVIS,other_shellfish_specialty,extended,5433,60335
2019,MRT,MAURITANIA,other_shellfish_specialty,extended,16958,53800
2019,PAN,PANAMA,other_shellfish_specialty,extended,23500,31500
2019,CIV,IVORY COAST,other_shellfish_specialty,extended,812,9686
2019,ECU,ECUADOR,other_shellfish_specialty,extended,1165,9320
2019,SLE,SIERRA LEONE,other_shellfish_specialty,extended,1600,9000
2019,ITA,ITALY,other_shellfish_specialty,extended,1841,8643
2019,CAN,CANADA,oysters,core,2893827,27567018
2019,KOR,SOUTH KOREA,oysters,core,3315205,21636719
2019,CHN,CHINA,oysters,core,2406806,15711395
2019,MEX,MEXICO,oysters,core,1843055,6900765
2019,JPN,JAPAN,oysters,core,199347,1621969
2019,HKG,CHINA - HONG KONG,oysters,core,222968,1222051
2019,NZL,NEW ZEALAND,oysters,core,64537,602545
2019,IDN,INDONESIA,oysters,core,14263,44310
2019,IRL,IRELAND,oysters,core,34,12160
2019,VNM,VIETNAM,oysters,core,907,9400
2019,SLV,EL SALVADOR,oysters,core,514,7800
2019,TWN,TAIWAN,oysters,core,318,3293
2019,VNM,VIETNAM,pangasius_basa_swai,extended,53498760,208376356
2019,CHN,CHINA,pangasius_basa_swai,extended,618588,2989408
2019,CHN,CHINA,pollock,core,41734982,122346557
2019,VNM,VIETNAM,pollock,core,6994244,18932845
2019,CAN,CANADA,pollock,core,2265432,8144611
2019,PHL,PHILIPPINES,pollock,core,1099594,3815603
2019,THA,THAILAND,pollock,core,1124167,3494867
2019,IDN,INDONESIA,pollock,core,1096700,2846653
2019,KOR,SOUTH KOREA,pollock,core,480142,2544786
2019,RUS,RUSSIAN FEDERATION,pollock,core,492489,952815
2019,ISL,ICELAND,pollock,core,134327,715272
2019,PER,PERU,pollock,core,263109,708996
2019,ECU,ECUADOR,pollock,core,131063,602966
2019,DEU,GERMANY,pollock,core,45600,251325
2019,JPN,JAPAN,pollock,core,63959,126464
2019,MEX,MEXICO,pollock,core,19305,62720
2019,ESP,SPAIN,pollock,core,6913,34945
2019,TWN,TAIWAN,pollock,core,10848,33106
2019,CHL,CHILE,pollock,core,9690,22800
2019,TUR,TURKEY,pollock,core,294,3610
2019,TUR,TURKEY,reef_fish_other,extended,4597065,25841276
2019,GRC,GREECE,reef_fish_other,extended,3436423,18141871
2019,ESP,SPAIN,reef_fish_other,extended,1439326,11148889
2019,MEX,MEXICO,reef_fish_other,extended,772320,7834008
2019,NZL,NEW ZEALAND,reef_fish_other,extended,524786,3577108
2019,JPN,JAPAN,reef_fish_other,extended,247174,3274705
2019,CYP,CYPRUS,reef_fish_other,extended,257683,2057701
2019,VNM,VIETNAM,reef_fish_other,extended,112033,1406379
2019,TWN,TAIWAN,reef_fish_other,extended,284057,1373140
2019,PAN,PANAMA,reef_fish_other,extended,78634,871477
2019,ECU,ECUADOR,reef_fish_other,extended,87564,843404
2019,MUS,MAURITIUS,reef_fish_other,extended,130962,819106
2019,CAN,CANADA,reef_fish_other,extended,94712,535864
2019,CHL,CHILE,reef_fish_other,extended,156581,509354
2019,ARG,ARGENTINA,reef_fish_other,extended,20462,463276
2019,PRT,PORTUGAL,reef_fish_other,extended,10568,450653
2019,SUR,SURINAME,reef_fish_other,extended,54355,400749
2019,IDN,INDONESIA,reef_fish_other,extended,34376,300690
2019,DOM,DOMINICAN REPUBLIC,reef_fish_other,extended,32135,206588
2019,CHN,CHINA,reef_fish_other,extended,25873,109649
2019,ITA,ITALY,reef_fish_other,extended,2662,77410
2019,BRA,BRAZIL,reef_fish_other,extended,9754,52427
2019,NLD,NETHERLANDS,reef_fish_other,extended,1274,33590
2019,DNK,DENMARK,reef_fish_other,extended,2293,23044
2019,GBR,UNITED KINGDOM,reef_fish_other,extended,635,14745
2019,IND,INDIA,reef_fish_other,extended,601,7625
2019,COL,COLOMBIA,reef_fish_other,extended,1880,7624
2019,KOR,SOUTH KOREA,reef_fish_other,extended,80,3520
2019,SEN,SENEGAL,reef_fish_other,extended,58,3232
2019,TTO,TRINIDAD & TOBAGO,reef_fish_other,extended,272,3000
2019,CAN,CANADA,sablefish,core,305494,5045754
2019,MEX,MEXICO,sablefish,core,14667,63717
2019,CHL,CHILE,salmon,core,175352051,1930314308
2019,CAN,CANADA,salmon,core,86911063,718481595
2019,NOR,NORWAY,salmon,core,53521913,660197774
2019,CHN,CHINA,salmon,core,44250146,269128336
2019,GBR,UNITED KINGDOM,salmon,core,17196356,149897035
2019,FRO,FAROE IS.,salmon,core,15622278,136045650
2019,NLD,NETHERLANDS,salmon,core,6856924,102247897
2019,THA,THAILAND,salmon,core,8156876,58405350
2019,DEU,GERMANY,salmon,core,3993655,56164865
2019,DNK,DENMARK,salmon,core,4291551,50260082
2019,NZL,NEW ZEALAND,salmon,core,2916189,37960060
2019,ISL,ICELAND,salmon,core,2922986,33003123
2019,RUS,RUSSIAN FEDERATION,salmon,core,2114836,16886340
2019,POL,POLAND,salmon,core,897617,15309993
2019,GRC,GREECE,salmon,core,488811,9774614
2019,VNM,VIETNAM,salmon,core,406605,3487723
2019,IRL,IRELAND,salmon,core,199039,2781350
2019,JPN,JAPAN,salmon,core,53457,804631
2019,AUS,AUSTRALIA,salmon,core,81287,709778
2019,LTU,LITHUANIA,salmon,core,48264,705667
2019,IDN,INDONESIA,salmon,core,41956,329286
2019,FRA,FRANCE,salmon,core,10082,319152
2019,SWE,SWEDEN,salmon,core,38422,240909
2019,ARM,ARMENIA,salmon,core,18650,208183
2019,PRT,PORTUGAL,salmon,core,37225,177983
2019,BEL,BELGIUM,salmon,core,9462,105269
2019,MEX,MEXICO,salmon,core,6180,101533
2019,LVA,LATVIA,salmon,core,2088,32607
2019,KOR,SOUTH KOREA,salmon,core,547,10821
2019,UKR,UKRAINE,salmon,core,324,7906
2019,ESP,SPAIN,salmon,core,1138,5158
2019,ECU,ECUADOR,salmon,core,389,4867
2019,SUR,SURINAME,salmon,core,740,3967
2019,NFK,NORFOLK IS.,salmon,core,150,2110
2019,CAN,CANADA,scallops,core,3734878,79680108
2019,JPN,JAPAN,scallops,core,3023960,57893967
2019,PER,PERU,scallops,core,2099164,20587772
2019,CHN,CHINA,scallops,core,3466740,16483331
2019,ARG,ARGENTINA,scallops,core,1318711,12956769
2019,MEX,MEXICO,scallops,core,1311543,10886011
2019,HKG,CHINA - HONG KONG,scallops,core,89510,3765375
2019,PHL,PHILIPPINES,scallops,core,403065,1922311
2019,CHL,CHILE,scallops,core,139599,1699185
2019,FRA,FRANCE,scallops,core,317194,1456822
2019,FRO,FAROE IS.,scallops,core,69677,1107034
2019,TWN,TAIWAN,scallops,core,11139,260285
2019,ESP,SPAIN,scallops,core,2477,68377
2019,THA,THAILAND,scallops,core,3888,56472
2019,VNM,VIETNAM,scallops,core,5607,30642
2019,KOR,SOUTH KOREA,scallops,core,1510,22704
2019,CAN,CANADA,sea_cucumber_urchin_other_inverts,extended,2465815,13071120
2019,NOR,NORWAY,sea_cucumber_urchin_other_inverts,extended,5436950,10543005
2019,JPN,JAPAN,sea_cucumber_urchin_other_inverts,extended,52823,7070209
2019,MEX,MEXICO,sea_cucumber_urchin_other_inverts,extended,173083,5655759
2019,PER,PERU,sea_cucumber_urchin_other_inverts,extended,67562,3203318
2019,TUR,TURKEY,sea_cucumber_urchin_other_inverts,extended,65616,1591891
2019,HND,HONDURAS,sea_cucumber_urchin_other_inverts,extended,68675,1574421
2019,RUS,RUSSIAN FEDERATION,sea_cucumber_urchin_other_inverts,extended,6962,1186218
2019,HKG,CHINA - HONG KONG,sea_cucumber_urchin_other_inverts,extended,15636,775446
2019,CHL,CHILE,sea_cucumber_urchin_other_inverts,extended,18437,644435
2019,GRC,GREECE,sea_cucumber_urchin_other_inverts,extended,21423,615791
2019,MOZ,MOZAMBIQUE,sea_cucumber_urchin_other_inverts,extended,10465,512165
2019,URY,URUGUAY,sea_cucumber_urchin_other_inverts,extended,234000,494000
2019,NIC,NICARAGUA,sea_cucumber_urchin_other_inverts,extended,12311,456800
2019,HTI,HAITI,sea_cucumber_urchin_other_inverts,extended,10222,416917
2019,IDN,INDONESIA,sea_cucumber_urchin_other_inverts,extended,9610,407304
2019,TWN,TAIWAN,sea_cucumber_urchin_other_inverts,extended,23858,401750
2019,AUS,AUSTRALIA,sea_cucumber_urchin_other_inverts,extended,3021,335587
2019,MRT,MAURITANIA,sea_cucumber_urchin_other_inverts,extended,2139,335170
2019,JAM,JAMAICA,sea_cucumber_urchin_other_inverts,extended,6685,256834
2019,KOR,SOUTH KOREA,sea_cucumber_urchin_other_inverts,extended,18343,231624
2019,LKA,SRI LANKA,sea_cucumber_urchin_other_inverts,extended,1605,198443
2019,VNM,VIETNAM,sea_cucumber_urchin_other_inverts,extended,14512,102308
2019,SGP,SINGAPORE,sea_cucumber_urchin_other_inverts,extended,619,76481
2019,ESP,SPAIN,sea_cucumber_urchin_other_inverts,extended,1525,55167
2019,CHN,CHINA,sea_cucumber_urchin_other_inverts,extended,1109,51897
2019,IRL,IRELAND,sea_cucumber_urchin_other_inverts,extended,979,26425
2019,CIV,IVORY COAST,sea_cucumber_urchin_other_inverts,extended,814,15100
2019,MDV,MALDIVE IS.,sea_cucumber_urchin_other_inverts,extended,316,8901
2019,DOM,DOMINICAN REPUBLIC,sea_cucumber_urchin_other_inverts,extended,1506,7750
2019,GBR,UNITED KINGDOM,sea_cucumber_urchin_other_inverts,extended,2466,7526
2019,TWN,TAIWAN,sharks_rays_skates,extended,36527,228834
2019,CAN,CANADA,sharks_rays_skates,extended,45304,215099
2019,MEX,MEXICO,sharks_rays_skates,extended,42839,127140
2019,TTO,TRINIDAD & TOBAGO,sharks_rays_skates,extended,12551,105930
2019,NIC,NICARAGUA,sharks_rays_skates,extended,23398,73117
2019,KOR,SOUTH KOREA,sharks_rays_skates,extended,2864,28600
2019,ECU,ECUADOR,sharks_rays_skates,extended,2598,19507
2019,ESP,SPAIN,sharks_rays_skates,extended,2002,10118
2019,BRA,BRAZIL,sharks_rays_skates,extended,752,2588
2019,IND,INDIA,shrimp,core,300672470,2594115097
2019,IDN,INDONESIA,shrimp,core,133163142,1132681121
2019,ECU,ECUADOR,shrimp,core,82968343,552576214
2019,THA,THAILAND,shrimp,core,43271672,476362207
2019,VNM,VIETNAM,shrimp,core,42503419,416128342
2019,MEX,MEXICO,shrimp,core,29552723,304212514
2019,ARG,ARGENTINA,shrimp,core,13155220,146916560
2019,CHN,CHINA,shrimp,core,20137798,106638684
2019,PER,PERU,shrimp,core,7357307,57673071
2019,HND,HONDURAS,shrimp,core,4494729,33251778
2019,GUY,GUYANA,shrimp,core,4737160,27854456
2019,VEN,VENEZUELA,shrimp,core,5125099,27060472
2019,CAN,CANADA,shrimp,core,1796531,24959828
2019,PAN,PANAMA,shrimp,core,1154144,17897173
2019,BGD,BANGLADESH,shrimp,core,1093816,15675695
2019,GTM,GUATEMALA,shrimp,core,1433684,12391560
2019,NIC,NICARAGUA,shrimp,core,1834379,12250534
2019,PHL,PHILIPPINES,shrimp,core,1237313,7239139
2019,MYS,MALAYSIA,shrimp,core,883235,6624229
2019,SAU,SAUDI ARABIA,shrimp,core,973904,6624166
2019,ESP,SPAIN,shrimp,core,387324,4016841
2019,NGA,NIGERIA,shrimp,core,125889,3660120
2019,MMR,BURMA,shrimp,core,366812,3384094
2019,DNK,DENMARK,shrimp,core,285016,2562402
2019,AUS,AUSTRALIA,shrimp,core,95820,1623626
2019,NOR,NORWAY,shrimp,core,141065,1256538
2019,LKA,SRI LANKA,shrimp,core,101804,1045411
2019,NCL,NEW CALEDONIA,shrimp,core,63256,1027923
2019,TWN,TAIWAN,shrimp,core,87928,1012084
2019,KOR,SOUTH KOREA,shrimp,core,116023,931914
2019,JPN,JAPAN,shrimp,core,119250,799813
2019,COL,COLOMBIA,shrimp,core,37904,681673
2019,MDG,MADAGASCAR,shrimp,core,31676,637827
2019,ARE,UNITED ARAB EMIRATES,shrimp,core,57264,510740
2019,HKG,CHINA - HONG KONG,shrimp,core,61791,493584
2019,CRI,COSTA RICA,shrimp,core,29925,467110
2019,CHL,CHILE,shrimp,core,29848,420940
2019,GRL,GREENLAND,shrimp,core,79873,385852
2019,PRT,PORTUGAL,shrimp,core,20940,348190
2019,IRL,IRELAND,shrimp,core,16874,330617
2019,SLV,EL SALVADOR,shrimp,core,18920,239760
2019,SUR,SURINAME,shrimp,core,29665,167562
2019,BRA,BRAZIL,shrimp,core,19636,155995
2019,NLD,NETHERLANDS,shrimp,core,10914,137955
2019,BLZ,BELIZE,shrimp,core,25111,127940
2019,BRN,BRUNEI,shrimp,core,11378,89980
2019,SGP,SINGAPORE,shrimp,core,5000,79800
2019,GHA,GHANA,shrimp,core,17693,66616
2019,FRA,FRANCE,shrimp,core,1008,13225
2019,SEN,SENEGAL,shrimp,core,680,8346
2019,EST,ESTONIA,shrimp,core,2304,4854
2019,CIV,IVORY COAST,shrimp,core,1147,2549
2019,MAR,MOROCCO,small_pelagics_other,extended,7955892,47918832
2019,POL,POLAND,small_pelagics_other,extended,6426966,36182358
2019,CAN,CANADA,small_pelagics_other,extended,6316904,19795575
2019,ECU,ECUADOR,small_pelagics_other,extended,6244968,12978190
2019,THA,THAILAND,small_pelagics_other,extended,3112955,10409163
2019,ITA,ITALY,small_pelagics_other,extended,663257,6407827
2019,ESP,SPAIN,small_pelagics_other,extended,742683,6227590
2019,PER,PERU,small_pelagics_other,extended,662022,6194125
2019,CHN,CHINA,small_pelagics_other,extended,2467018,5580375
2019,VNM,VIETNAM,small_pelagics_other,extended,1224817,5062435
2019,PRT,PORTUGAL,small_pelagics_other,extended,879525,4616041
2019,PHL,PHILIPPINES,small_pelagics_other,extended,2051908,4181691
2019,MEX,MEXICO,small_pelagics_other,extended,5546542,3373011
2019,ARG,ARGENTINA,small_pelagics_other,extended,919217,3114742
2019,LVA,LATVIA,small_pelagics_other,extended,764066,2400841
2019,CHL,CHILE,small_pelagics_other,extended,140079,1160154
2019,GBR,UNITED KINGDOM,small_pelagics_other,extended,121423,1000193
2019,IND,INDIA,small_pelagics_other,extended,251083,909514
2019,JPN,JAPAN,small_pelagics_other,extended,310579,901263
2019,TUR,TURKEY,small_pelagics_other,extended,136021,895053
2019,KOR,SOUTH KOREA,small_pelagics_other,extended,135898,742219
2019,TUN,TUNISIA,small_pelagics_other,extended,87505,510475
2019,BRA,BRAZIL,small_pelagics_other,extended,86397,246066
2019,MYS,MALAYSIA,small_pelagics_other,extended,35296,239517
2019,TWN,TAIWAN,small_pelagics_other,extended,126952,188373
2019,HRV,CROATIA,small_pelagics_other,extended,28496,159140
2019,GRC,GREECE,small_pelagics_other,extended,27804,156815
2019,FRA,FRANCE,small_pelagics_other,extended,26293,145497
2019,GUY,GUYANA,small_pelagics_other,extended,35265,133287
2019,SUR,SURINAME,small_pelagics_other,extended,40992,115950
2019,OMN,OMAN,small_pelagics_other,extended,100875,114365
2019,UKR,UKRAINE,small_pelagics_other,extended,28880,80982
2019,IDN,INDONESIA,small_pelagics_other,extended,90655,80532
2019,RUS,RUSSIAN FEDERATION,small_pelagics_other,extended,24432,79409
2019,ISL,ICELAND,small_pelagics_other,extended,10472,78540
2019,CPV,CAPE VERDE,small_pelagics_other,extended,8750,61600
2019,GMB,GAMBIA,small_pelagics_other,extended,17973,60135
2019,HKG,CHINA - HONG KONG,small_pelagics_other,extended,5945,55305
2019,BGD,BANGLADESH,small_pelagics_other,extended,8559,40409
2019,EGY,EGYPT,small_pelagics_other,extended,16329,34580
2019,GIN,GUINEA,small_pelagics_other,extended,21225,25234
2019,ARE,UNITED ARAB EMIRATES,small_pelagics_other,extended,15876,22750
2019,DEU,GERMANY,small_pelagics_other,extended,3974,21764
2019,SWE,SWEDEN,small_pelagics_other,extended,2158,15398
2019,MMR,BURMA,small_pelagics_other,extended,2290,13915
2019,TZA,TANZANIA,small_pelagics_other,extended,5609,13694
2019,ALB,ALBANIA,small_pelagics_other,extended,279,9277
2019,LKA,SRI LANKA,small_pelagics_other,extended,1509,6238
2019,COD,CONGO (KINSHASA),small_pelagics_other,extended,2376,2465
2019,EST,ESTONIA,small_pelagics_other,extended,1640,2186
2019,MEX,MEXICO,snapper_grouper,core,9753440,73164563
2019,BRA,BRAZIL,snapper_grouper,core,4890122,36655803
2019,PAN,PANAMA,snapper_grouper,core,2697210,22193293
2019,NIC,NICARAGUA,snapper_grouper,core,2308653,15581341
2019,VEN,VENEZUELA,snapper_grouper,core,1751184,13732419
2019,SUR,SURINAME,snapper_grouper,core,1343386,9122019
2019,CRI,COSTA RICA,snapper_grouper,core,796200,6787853
2019,GUY,GUYANA,snapper_grouper,core,947156,5030200
2019,IDN,INDONESIA,snapper_grouper,core,503101,4199936
2019,TTO,TRINIDAD & TOBAGO,snapper_grouper,core,575205,3282981
2019,GTM,GUATEMALA,snapper_grouper,core,284661,2419213
2019,ECU,ECUADOR,snapper_grouper,core,196696,1713625
2019,TON,TONGA,snapper_grouper,core,76426,876762
2019,IND,INDIA,snapper_grouper,core,209928,701680
2019,HND,HONDURAS,snapper_grouper,core,74578,543519
2019,SEN,SENEGAL,snapper_grouper,core,46052,531860
2019,SLV,EL SALVADOR,snapper_grouper,core,66844,524796
2019,JPN,JAPAN,snapper_grouper,core,9742,420922
2019,VNM,VIETNAM,snapper_grouper,core,54817,303485
2019,NZL,NEW ZEALAND,snapper_grouper,core,21249,231151
2019,GIN,GUINEA,snapper_grouper,core,36374,222191
2019,AUS,AUSTRALIA,snapper_grouper,core,18458,203780
2019,CHN,CHINA,snapper_grouper,core,19051,166040
2019,LKA,SRI LANKA,snapper_grouper,core,10838,84580
2019,YEM,YEMEN,snapper_grouper,core,45839,67788
2019,THA,THAILAND,snapper_grouper,core,3519,42596
2019,FJI,FIJI,snapper_grouper,core,2007,30387
2019,PAK,PAKISTAN,snapper_grouper,core,1564,16045
2019,GRD,GRENADA,snapper_grouper,core,1119,9864
2019,CAN,CANADA,snapper_grouper,core,1187,7717
2019,KIR,KIRIBATI,snapper_grouper,core,708,6496
2019,MOZ,MOZAMBIQUE,snapper_grouper,core,552,4891
2019,MYS,MALAYSIA,snapper_grouper,core,214,2535
2019,MAR,MOROCCO,snapper_grouper,core,1340,2510
2019,OMN,OMAN,snapper_grouper,core,390,2282
2019,ARE,UNITED ARAB EMIRATES,snapper_grouper,core,1388,2142
2019,CHN,CHINA,squid_octopus,core,34108566,160737961
2019,ESP,SPAIN,squid_octopus,core,10930649,102023737
2019,IND,INDIA,squid_octopus,core,8395198,44741957
2019,TWN,TAIWAN,squid_octopus,core,5957857,34156460
2019,IDN,INDONESIA,squid_octopus,core,4827343,32928767
2019,THA,THAILAND,squid_octopus,core,4124169,32831417
2019,JPN,JAPAN,squid_octopus,core,1157186,16975479
2019,PHL,PHILIPPINES,squid_octopus,core,3416400,16591319
2019,NZL,NEW ZEALAND,squid_octopus,core,3372391,15976715
2019,VNM,VIETNAM,squid_octopus,core,2356852,14136185
2019,MEX,MEXICO,squid_octopus,core,2005813,13767752
2019,PER,PERU,squid_octopus,core,2697782,13350606
2019,KOR,SOUTH KOREA,squid_octopus,core,806320,8977660
2019,ARG,ARGENTINA,squid_octopus,core,2090433,6383418
2019,MYS,MALAYSIA,squid_octopus,core,769472,4599530
2019,PRT,PORTUGAL,squid_octopus,core,432219,3452517
2019,PAK,PAKISTAN,squid_octopus,core,462890,3274844
2019,RUS,RUSSIAN FEDERATION,squid_octopus,core,439957,2507245
2019,MAR,MOROCCO,squid_octopus,core,162686,1472826
2019,ITA,ITALY,squid_octopus,core,86604,1468061
2019,CAN,CANADA,squid_octopus,core,101264,1139384
2019,MRT,MAURITANIA,squid_octopus,core,93936,1122458
2019,CHL,CHILE,squid_octopus,core,127964,911627
2019,HKG,CHINA - HONG KONG,squid_octopus,core,123260,834202
2019,LKA,SRI LANKA,squid_octopus,core,101445,591085
2019,VEN,VENEZUELA,squid_octopus,core,69393,467701
2019,GRC,GREECE,squid_octopus,core,36892,461203
2019,ECU,ECUADOR,squid_octopus,core,118161,410366
2019,VUT,VANUATU,squid_octopus,core,65712,226441
2019,MUS,MAURITIUS,squid_octopus,core,21436,217222
2019,NIC,NICARAGUA,squid_octopus,core,13608,198000
2019,SEN,SENEGAL,squid_octopus,core,20046,163519
2019,NLD,NETHERLANDS,squid_octopus,core,22044,90909
2019,AUS,AUSTRALIA,squid_octopus,core,4725,69583
2019,ARE,UNITED ARAB EMIRATES,squid_octopus,core,22000,68244
2019,SGP,SINGAPORE,squid_octopus,core,4086,22500
2019,ECU,ECUADOR,swordfish,core,3854573,28677921
2019,CAN,CANADA,swordfish,core,756871,8501255
2019,CRI,COSTA RICA,swordfish,core,829193,6922580
2019,SGP,SINGAPORE,swordfish,core,713795,6868591
2019,BRA,BRAZIL,swordfish,core,1472606,6420986
2019,VNM,VIETNAM,swordfish,core,400458,3843673
2019,ZAF,SOUTH AFRICA,swordfish,core,353071,3495797
2019,MEX,MEXICO,swordfish,core,537892,2881294
2019,AUS,AUSTRALIA,swordfish,core,220172,2465941
2019,IDN,INDONESIA,swordfish,core,245713,2163738
2019,CHL,CHILE,swordfish,core,262784,1721479
2019,MOZ,MOZAMBIQUE,swordfish,core,362383,1698782
2019,LKA,SRI LANKA,swordfish,core,99711,1076693
2019,NZL,NEW ZEALAND,swordfish,core,117339,1035529
2019,THA,THAILAND,swordfish,core,45287,445052
2019,ESP,SPAIN,swordfish,core,37508,422077
2019,PYF,FRENCH POLYNESIA,swordfish,core,43323,385783
2019,NIC,NICARAGUA,swordfish,core,38495,351129
2019,SYC,SEYCHELLES,swordfish,core,38344,337299
2019,MUS,MAURITIUS,swordfish,core,11867,126645
2019,FRA,FRANCE,swordfish,core,4024,48622
2019,PRT,PORTUGAL,swordfish,core,3446,47206
2019,REU,REUNION,swordfish,core,2898,40067
2019,TTO,TRINIDAD & TOBAGO,swordfish,core,3062,35029
2019,IND,INDIA,swordfish,core,283,6250
2019,SLV,EL SALVADOR,swordfish,core,437,3637
2019,MDV,MALDIVE IS.,swordfish,core,234,3280
2019,FJI,FIJI,swordfish,core,424,2802
2019,PAN,PANAMA,swordfish,core,222,2328
2019,CHN,CHINA,tilapia,core,120167111,335780158
2019,HND,HONDURAS,tilapia,core,9376704,54614169
2019,IDN,INDONESIA,tilapia,core,7601858,51755532
2019,COL,COLOMBIA,tilapia,core,6374599,39299260
2019,TWN,TAIWAN,tilapia,core,14546301,36757535
2019,CRI,COSTA RICA,tilapia,core,5052953,31680999
2019,MEX,MEXICO,tilapia,core,4357179,23542548
2019,KOR,SOUTH KOREA,tilapia,core,402602,5325462
2019,VNM,VIETNAM,tilapia,core,1963275,4446072
2019,BRA,BRAZIL,tilapia,core,829550,3998509
2019,ECU,ECUADOR,tilapia,core,736934,3519760
2019,PER,PERU,tilapia,core,266788,2644079
2019,THA,THAILAND,tilapia,core,1083128,1994802
2019,MYS,MALAYSIA,tilapia,core,319019,1936702
2019,MMR,BURMA,tilapia,core,267297,1111039
2019,PAN,PANAMA,tilapia,core,245225,636994
2019,SLV,EL SALVADOR,tilapia,core,34445,540864
2019,BGD,BANGLADESH,tilapia,core,98212,348361
2019,NOR,NORWAY,tilapia,core,25712,299249
2019,CHL,CHILE,tilapia,core,20081,192322
2019,IND,INDIA,tilapia,core,52254,134204
2019,NGA,NIGERIA,tilapia,core,9998,89216
2019,NIC,NICARAGUA,tilapia,core,38875,76972
2019,JPN,JAPAN,tilapia,core,7203,55761
2019,GHA,GHANA,tilapia,core,6130,36502
2019,SLE,SIERRA LEONE,tilapia,core,12385,28524
2019,GIN,GUINEA,tilapia,core,11864,27362
2019,KAZ,KAZAKHSTAN,tilapia,core,2982,15756
2019,CAN,CANADA,tilapia,core,1950,10898
2019,RUS,RUSSIAN FEDERATION,tilapia,core,1230,9400
2019,NLD,NETHERLANDS,tilapia,core,3968,6266
2019,TGO,TOGO,tilapia,core,540,5850
2019,PHL,PHILIPPINES,tilapia,core,1481,4095
2019,GBR,UNITED KINGDOM,tilapia,core,70,2037
2019,CHL,CHILE,toothfish,extended,1172859,37364092
2019,KOR,SOUTH KOREA,toothfish,extended,1278113,32456919
2019,ARG,ARGENTINA,toothfish,extended,1292807,31649968
2019,FLK,FALKLAND IS.,toothfish,extended,761762,18653712
2019,REU,REUNION,toothfish,extended,710349,18396798
2019,AUS,AUSTRALIA,toothfish,extended,675247,17704936
2019,NZL,NEW ZEALAND,toothfish,extended,525507,12248219
2019,SHN,ST.HELENA,toothfish,extended,299775,6832477
2019,UKR,UKRAINE,toothfish,extended,320442,6420828
2019,ZAF,SOUTH AFRICA,toothfish,extended,265201,6055447
2019,GIB,GIBRALTAR,toothfish,extended,297512,6006066
2019,RUS,RUSSIAN FEDERATION,toothfish,extended,196936,4596052
2019,PER,PERU,toothfish,extended,191589,4248300
2019,URY,URUGUAY,toothfish,extended,172958,3866894
2019,BMU,BERMUDA,toothfish,extended,92936,2497678
2019,FRA,FRANCE,toothfish,extended,101652,2463120
2019,ECU,ECUADOR,toothfish,extended,12188,296446
2019,ESP,SPAIN,toothfish,extended,2272,87675
2019,CHL,CHILE,trout,core,5441916,62184208
2019,NOR,NORWAY,trout,core,7096981,60623965
2019,PER,PERU,trout,core,1789893,20991263
2019,COL,COLOMBIA,trout,core,1202780,10336488
2019,GBR,UNITED KINGDOM,trout,core,849510,6843433
2019,ARG,ARGENTINA,trout,core,391650,1853154
2019,CAN,CANADA,trout,core,223137,1838849
2019,ISL,ICELAND,trout,core,123999,1533099
2019,AUS,AUSTRALIA,trout,core,61725,777433
2019,DNK,DENMARK,trout,core,47963,642287
2019,CRI,COSTA RICA,trout,core,71093,594839
2019,NLD,NETHERLANDS,trout,core,28691,374526
2019,GRC,GREECE,trout,core,21100,297694
2019,TUR,TURKEY,trout,core,54673,223166
2019,IDN,INDONESIA,trout,core,16788,171801
2019,BRA,BRAZIL,trout,core,42204,148892
2019,MEX,MEXICO,trout,core,10729,59793
2019,SUR,SURINAME,trout,core,11330,37398
2019,ARM,ARMENIA,trout,core,4274,22628
2019,THA,THAILAND,trout,core,720,16668
2019,DEU,GERMANY,trout,core,696,14184
2019,RUS,RUSSIAN FEDERATION,trout,core,191,2691
2019,JPN,JAPAN,trout,core,75,2060
2019,THA,THAILAND,tuna,core,105514174,526127134
2019,VNM,VIETNAM,tuna,core,39154734,298414099
2019,IDN,INDONESIA,tuna,core,30686571,260543002
2019,ECU,ECUADOR,tuna,core,23834800,141933921
2019,PHL,PHILIPPINES,tuna,core,13017430,94570851
2019,FJI,FIJI,tuna,core,10621534,74871331
2019,MEX,MEXICO,tuna,core,9076639,56480272
2019,MUS,MAURITIUS,tuna,core,7650554,53531510
2019,SEN,SENEGAL,tuna,core,8201797,50091287
2019,ESP,SPAIN,tuna,core,1950425,28281605
2019,LKA,SRI LANKA,tuna,core,2004972,25377799
2019,MDV,MALDIVE IS.,tuna,core,2497680,21875336
2019,CAN,CANADA,tuna,core,1642997,20072890
2019,PAN,PANAMA,tuna,core,1868498,17099066
2019,JPN,JAPAN,tuna,core,1370503,16888315
2019,CHN,CHINA,tuna,core,3024555,16685167
2019,TWN,TAIWAN,tuna,core,1554814,16520175
2019,CRI,COSTA RICA,tuna,core,2600174,16409389
2019,VEN,VENEZUELA,tuna,core,1377006,16044021
2019,KOR,SOUTH KOREA,tuna,core,2303699,12386637
2019,BRA,BRAZIL,tuna,core,1267474,10879493
2019,SUR,SURINAME,tuna,core,1502366,10516655
2019,TTO,TRINIDAD & TOBAGO,tuna,core,899953,9951418
2019,PYF,FRENCH POLYNESIA,tuna,core,1021495,9796006
2019,AUS,AUSTRALIA,tuna,core,637510,8453068
2019,GRD,GRENADA,tuna,core,950096,7922054
2019,ZAF,SOUTH AFRICA,tuna,core,637413,6509193
2019,OMN,OMAN,tuna,core,679475,6449204
2019,COL,COLOMBIA,tuna,core,707927,5575948
2019,SYC,SEYCHELLES,tuna,core,389162,4413468
2019,MHL,MARSHALL IS.,tuna,core,397857,3857638
2019,SLB,SOLOMON IS.,tuna,core,482114,3685575
2019,TUR,TURKEY,tuna,core,160473,3057455
2019,CIV,IVORY COAST,tuna,core,410527,2885480
2019,MOZ,MOZAMBIQUE,tuna,core,185333,2180579
2019,PRT,PORTUGAL,tuna,core,336917,1874571
2019,CPV,CAPE VERDE,tuna,core,246112,1817306
2019,ITA,ITALY,tuna,core,393620,1631932
2019,BRB,BARBADOS,tuna,core,167476,1399090
2019,PER,PERU,tuna,core,477923,1390073
2019,KIR,KIRIBATI,tuna,core,146151,1340795
2019,FSM,FED STATES OF MICRON,tuna,core,81658,730937
2019,MYS,MALAYSIA,tuna,core,71961,579868
2019,HRV,CROATIA,tuna,core,15573,555267
2019,GUY,GUYANA,tuna,core,73088,545609
2019,FRA,FRANCE,tuna,core,30289,364546
2019,IND,INDIA,tuna,core,61552,328033
2019,WSM,WESTERN SAMOA,tuna,core,33312,298040
2019,BLZ,BELIZE,tuna,core,39348,278138
2019,GAB,GABON,tuna,core,46640,269520
2019,VCT,ST.VINCENT-GRENADINE,tuna,core,17873,265486
2019,MAR,MOROCCO,tuna,core,33478,241233
2019,SGP,SINGAPORE,tuna,core,27177,198293
2019,SLV,EL SALVADOR,tuna,core,24889,184715
2019,NZL,NEW ZEALAND,tuna,core,34250,173783
2019,PLW,PALAU,tuna,core,25275,170780
2019,MLT,MALTA,tuna,core,4720,140923
2019,ISR,ISRAEL,tuna,core,18111,121968
2019,TUN,TUNISIA,tuna,core,13501,76834
2019,LBY,LIBYA,tuna,core,1260,57607
2019,ARE,UNITED ARAB EMIRATES,tuna,core,31665,56075
2019,TON,TONGA,tuna,core,5291,40533
2019,REU,REUNION,tuna,core,1597,29897
2019,HKG,CHINA - HONG KONG,tuna,core,2409,20357
2019,GRC,GREECE,tuna,core,2074,12701
2019,DOM,DOMINICAN REPUBLIC,tuna,core,4491,11557
2019,NIC,NICARAGUA,tuna,core,757,7189
2019,VUT,VANUATU,tuna,core,798,2393
2020,VNM,VIETNAM,catfish_other,extended,26970109,77670090
2020,CHN,CHINA,catfish_other,extended,6856529,27786551
2020,THA,THAILAND,catfish_other,extended,62995,492169
2020,GUY,GUYANA,catfish_other,extended,4256,18449
2020,MEX,MEXICO,catfish_other,extended,644,6001
2020,MYS,MALAYSIA,catfish_other,extended,1000,3700
2020,CAN,CANADA,clams,core,2807405,18417661
2020,CHN,CHINA,clams,core,5298499,13766445
2020,VNM,VIETNAM,clams,core,2363156,6219776
2020,IDN,INDONESIA,clams,core,1673002,5401207
2020,MEX,MEXICO,clams,core,446588,1764814
2020,THA,THAILAND,clams,core,327199,1260733
2020,CHL,CHILE,clams,core,292953,1257846
2020,NZL,NEW ZEALAND,clams,core,257168,1252543
2020,NLD,NETHERLANDS,clams,core,123546,354470
2020,ESP,SPAIN,clams,core,35085,301834
2020,JPN,JAPAN,clams,core,76139,182755
2020,KOR,SOUTH KOREA,clams,core,11991,137249
2020,ITA,ITALY,clams,core,12487,80972
2020,ECU,ECUADOR,clams,core,1565,33750
2020,PRT,PORTUGAL,clams,core,6403,30502
2020,PAN,PANAMA,clams,core,11761,28145
2020,HKG,CHINA - HONG KONG,clams,core,7655,18846
2020,IRL,IRELAND,clams,core,2155,17399
2020,PER,PERU,clams,core,765,4773
2020,CHN,CHINA,cod,core,38426961,250480296
2020,ISL,ICELAND,cod,core,12220345,141700990
2020,NOR,NORWAY,cod,core,3723526,43850915
2020,RUS,RUSSIAN FEDERATION,cod,core,5924848,31580095
2020,CAN,CANADA,cod,core,3777934,30931659
2020,VNM,VIETNAM,cod,core,2132430,16658010
2020,IDN,INDONESIA,cod,core,1430773,8603178
2020,NLD,NETHERLANDS,cod,core,150817,1918660
2020,PRT,PORTUGAL,cod,core,227636,1824140
2020,DEU,GERMANY,cod,core,131417,1418238
2020,POL,POLAND,cod,core,44981,304199
2020,GRL,GREENLAND,cod,core,25546,232655
2020,KOR,SOUTH KOREA,cod,core,64218,218097
2020,FRO,FAROE IS.,cod,core,44549,193779
2020,LVA,LATVIA,cod,core,16065,177092
2020,GBR,UNITED KINGDOM,cod,core,14190,167148
2020,FRA,FRANCE,cod,core,23296,129105
2020,ESP,SPAIN,cod,core,5658,69237
2020,COL,COLOMBIA,cod,core,2632,33327
2020,JPN,JAPAN,cod,core,5339,20901
2020,DNK,DENMARK,cod,core,516,13897
2020,ITA,ITALY,cod,core,386,12298
2020,NZL,NEW ZEALAND,cod,core,911,10174
2020,MEX,MEXICO,cod,core,2740,7605
2020,RUS,RUSSIAN FEDERATION,crab,core,31162428,826034297
2020,CAN,CANADA,crab,core,47369243,753839340
2020,IDN,INDONESIA,crab,core,14186398,278717723
2020,PHL,PHILIPPINES,crab,core,2025930,45265518
2020,VNM,VIETNAM,crab,core,2665293,44952435
2020,MEX,MEXICO,crab,core,3469327,37801907
2020,CHN,CHINA,crab,core,3884629,37762560
2020,VEN,VENEZUELA,crab,core,2470165,37338662
2020,NOR,NORWAY,crab,core,1518805,31334823
2020,ARG,ARGENTINA,crab,core,1202117,29199036
2020,GRL,GREENLAND,crab,core,1250178,25754587
2020,IND,INDIA,crab,core,1136552,25202729
2020,MMR,BURMA,crab,core,1205918,25159765
2020,THA,THAILAND,crab,core,1125461,16083369
2020,LKA,SRI LANKA,crab,core,426449,9073746
2020,CHL,CHILE,crab,core,468700,7089707
2020,KOR,SOUTH KOREA,crab,core,350648,6042164
2020,COL,COLOMBIA,crab,core,299081,5890545
2020,BGD,BANGLADESH,crab,core,164519,3202430
2020,NIC,NICARAGUA,crab,core,136130,2482060
2020,JPN,JAPAN,crab,core,184375,2253351
2020,BHS,BAHAMAS,crab,core,72313,1960744
2020,MYS,MALAYSIA,crab,core,112647,1804931
2020,SWE,SWEDEN,crab,core,32758,1352714
2020,GBR,UNITED KINGDOM,crab,core,34948,579370
2020,ECU,ECUADOR,crab,core,94287,545389
2020,TUN,TUNISIA,crab,core,83764,404289
2020,HKG,CHINA - HONG KONG,crab,core,23613,261553
2020,GRC,GREECE,crab,core,28432,120733
2020,ESP,SPAIN,crab,core,12967,80835
2020,BHR,BAHRAIN,crab,core,16329,79773
2020,PRT,PORTUGAL,crab,core,7276,56126
2020,MOZ,MOZAMBIQUE,crab,core,9116,43020
2020,AUS,AUSTRALIA,crab,core,1127,36176
2020,KEN,KENYA,crab,core,1720,27835
2020,TZA,TANZANIA,crab,core,3188,26058
2020,IRL,IRELAND,crab,core,1721,19338
2020,FRA,FRANCE,crab,core,40,8328
2020,HND,HONDURAS,crab,core,680,7725
2020,GUY,GUYANA,crab,core,1199,7500
2020,TWN,TAIWAN,crab,core,76,4216
2020,DEU,GERMANY,crab,core,468,4120
2020,MAR,MOROCCO,crab,core,330,3960
2020,CPV,CAPE VERDE,crab,core,188,2050
2020,CHN,CHINA,crawfish_freshwater,extended,2185287,14423271
2020,ESP,SPAIN,crawfish_freshwater,extended,1249883,4933040
2020,EGY,EGYPT,crawfish_freshwater,extended,435650,1982698
2020,JPN,JAPAN,crawfish_freshwater,extended,61076,1585124
2020,CAN,CANADA,crawfish_freshwater,extended,940,20199
2020,NGA,NIGERIA,crawfish_freshwater,extended,7870,8280
2020,TUR,TURKEY,crawfish_freshwater,extended,600,4905
2020,CHN,CHINA,eel_sturgeon_shad,extended,2557382,25720145
2020,THA,THAILAND,eel_sturgeon_shad,extended,250996,2051177
2020,TWN,TAIWAN,eel_sturgeon_shad,extended,145021,973962
2020,JPN,JAPAN,eel_sturgeon_shad,extended,78368,779339
2020,VNM,VIETNAM,eel_sturgeon_shad,extended,83843,584614
2020,MMR,BURMA,eel_sturgeon_shad,extended,54737,553752
2020,HKG,CHINA - HONG KONG,eel_sturgeon_shad,extended,40920,502187
2020,BGD,BANGLADESH,eel_sturgeon_shad,extended,57047,478513
2020,KOR,SOUTH KOREA,eel_sturgeon_shad,extended,44802,446693
2020,ITA,ITALY,eel_sturgeon_shad,extended,41556,267714
2020,GBR,UNITED KINGDOM,eel_sturgeon_shad,extended,45600,259248
2020,CAN,CANADA,eel_sturgeon_shad,extended,27990,242471
2020,MDG,MADAGASCAR,eel_sturgeon_shad,extended,19512,228120
2020,UKR,UKRAINE,eel_sturgeon_shad,extended,39013,151510
2020,PRT,PORTUGAL,eel_sturgeon_shad,extended,12892,114701
2020,ARM,ARMENIA,eel_sturgeon_shad,extended,16122,99476
2020,ARG,ARGENTINA,eel_sturgeon_shad,extended,27216,93000
2020,ESP,SPAIN,eel_sturgeon_shad,extended,2643,54833
2020,PER,PERU,eel_sturgeon_shad,extended,3333,25725
2020,IDN,INDONESIA,eel_sturgeon_shad,extended,785,17473
2020,POL,POLAND,eel_sturgeon_shad,extended,1284,8151
2020,MEX,MEXICO,eel_sturgeon_shad,extended,264,4067
2020,BRA,BRAZIL,eel_sturgeon_shad,extended,45,2338
2020,RUS,RUSSIAN FEDERATION,eel_sturgeon_shad,extended,4920,2058
2020,CHN,CHINA,flatfish,core,14306622,64333400
2020,CAN,CANADA,flatfish,core,3164694,19551486
2020,THA,THAILAND,flatfish,core,1510606,10495702
2020,NLD,NETHERLANDS,flatfish,core,1530079,8835972
2020,ISL,ICELAND,flatfish,core,588860,5892391
2020,ARG,ARGENTINA,flatfish,core,647616,3735162
2020,KOR,SOUTH KOREA,flatfish,core,202169,2362153
2020,MEX,MEXICO,flatfish,core,302904,1471998
2020,TWN,TAIWAN,flatfish,core,152277,1234454
2020,DNK,DENMARK,flatfish,core,192084,1223520
2020,NOR,NORWAY,flatfish,core,324373,1183513
2020,ESP,SPAIN,flatfish,core,72554,919277
2020,VNM,VIETNAM,flatfish,core,199491,860305
2020,IDN,INDONESIA,flatfish,core,122171,811635
2020,GRL,GREENLAND,flatfish,core,106900,698037
2020,PAN,PANAMA,flatfish,core,52414,289331
2020,PHL,PHILIPPINES,flatfish,core,97582,101110
2020,JPN,JAPAN,flatfish,core,13162,79402
2020,FRA,FRANCE,flatfish,core,3725,30227
2020,GBR,UNITED KINGDOM,flatfish,core,807,21970
2020,NZL,NEW ZEALAND,flatfish,core,1614,17116
2020,BRA,BRAZIL,flatfish,core,2081,16760
2020,PRT,PORTUGAL,flatfish,core,505,15393
2020,PAK,PAKISTAN,flatfish,core,760,9184
2020,IND,INDIA,flatfish,core,1666,8996
2020,BHS,BAHAMAS,flatfish,core,544,4334
2020,CAN,CANADA,halibut,core,6403605,92788246
2020,CHN,CHINA,halibut,core,960730,12542532
2020,NOR,NORWAY,halibut,core,450480,6325791
2020,RUS,RUSSIAN FEDERATION,halibut,core,592778,4633844
2020,MEX,MEXICO,halibut,core,327838,2193132
2020,ESP,SPAIN,halibut,core,257346,778482
2020,KOR,SOUTH KOREA,halibut,core,18284,406536
2020,NLD,NETHERLANDS,halibut,core,25652,366803
2020,FRA,FRANCE,halibut,core,2914,61153
2020,JPN,JAPAN,halibut,core,1070,21391
2020,ISL,ICELAND,halibut,core,630,9454
2020,GRL,GREENLAND,halibut,core,209,3582
2020,GBR,UNITED KINGDOM,halibut,core,280,3459
2020,DNK,DENMARK,halibut,core,2,2333
2020,CAN,CANADA,herring,core,9376156,32741247
2020,DEU,GERMANY,herring,core,1683763,8951889
2020,LVA,LATVIA,herring,core,517060,2204629
2020,POL,POLAND,herring,core,562500,1746043
2020,BLR,BELARUS,herring,core,510305,1461572
2020,LTU,LITHUANIA,herring,core,319229,1159487
2020,NOR,NORWAY,herring,core,692197,1142468
2020,KOR,SOUTH KOREA,herring,core,109057,1106603
2020,ISL,ICELAND,herring,core,226078,967936
2020,PHL,PHILIPPINES,herring,core,267540,716193
2020,SLV,EL SALVADOR,herring,core,41473,675339
2020,RUS,RUSSIAN FEDERATION,herring,core,383431,626303
2020,CHN,CHINA,herring,core,132712,492326
2020,NLD,NETHERLANDS,herring,core,161127,470680
2020,DNK,DENMARK,herring,core,65214,443105
2020,TUR,TURKEY,herring,core,120140,415805
2020,JPN,JAPAN,herring,core,24130,300598
2020,ESP,SPAIN,herring,core,62310,290700
2020,EST,ESTONIA,herring,core,167305,186097
2020,MMR,BURMA,herring,core,14580,167481
2020,GMB,GAMBIA,herring,core,20274,125648
2020,GHA,GHANA,herring,core,26039,118213
2020,SLE,SIERRA LEONE,herring,core,34691,107270
2020,EGY,EGYPT,herring,core,67544,86676
2020,GBR,UNITED KINGDOM,herring,core,70049,85516
2020,FIN,FINLAND,herring,core,23980,75555
2020,SWE,SWEDEN,herring,core,16564,74776
2020,VNM,VIETNAM,herring,core,13466,74075
2020,UKR,UKRAINE,herring,core,20416,73409
2020,MRT,MAURITANIA,herring,core,22000,46200
2020,MYS,MALAYSIA,herring,core,1200,37920
2020,GIN,GUINEA,herring,core,19448,27420
2020,THA,THAILAND,herring,core,18144,26741
2020,GTM,GUATEMALA,herring,core,5178,23513
2020,GRC,GREECE,herring,core,2791,20679
2020,ARM,ARMENIA,herring,core,7691,18900
2020,IND,INDIA,herring,core,3283,14476
2020,JAM,JAMAICA,herring,core,480,8000
2020,FRA,FRANCE,herring,core,100,5714
2020,HKG,CHINA - HONG KONG,herring,core,500,5675
2020,ITA,ITALY,herring,core,38,3386
2020,HND,HONDURAS,herring,core,306,2150
2020,CAN,CANADA,inland_freshwater_other,extended,4203313,45647963
2020,RUS,RUSSIAN FEDERATION,inland_freshwater_other,extended,602689,7034590
2020,KAZ,KAZAKHSTAN,inland_freshwater_other,extended,406248,3268867
2020,TUR,TURKEY,inland_freshwater_other,extended,796444,2528875
2020,CHN,CHINA,inland_freshwater_other,extended,469605,1663140
2020,POL,POLAND,inland_freshwater_other,extended,201880,1601940
2020,UGA,UGANDA,inland_freshwater_other,extended,188869,1407902
2020,PER,PERU,inland_freshwater_other,extended,421605,1389883
2020,NLD,NETHERLANDS,inland_freshwater_other,extended,126630,936810
2020,BRA,BRAZIL,inland_freshwater_other,extended,103714,560155
2020,MMR,BURMA,inland_freshwater_other,extended,151320,507660
2020,CHL,CHILE,inland_freshwater_other,extended,88649,328812
2020,EST,ESTONIA,inland_freshwater_other,extended,35522,280447
2020,TWN,TAIWAN,inland_freshwater_other,extended,100479,278419
2020,VNM,VIETNAM,inland_freshwater_other,extended,68275,244011
2020,TTO,TRINIDAD & TOBAGO,inland_freshwater_other,extended,17061,194860
2020,DEU,GERMANY,inland_freshwater_other,extended,16373,171589
2020,BGD,BANGLADESH,inland_freshwater_other,extended,35929,153355
2020,JPN,JAPAN,inland_freshwater_other,extended,8736,92814
2020,PRT,PORTUGAL,inland_freshwater_other,extended,13294,91845
2020,IDN,INDONESIA,inland_freshwater_other,extended,12394,91441
2020,UKR,UKRAINE,inland_freshwater_other,extended,8006,40928
2020,TZA,TANZANIA,inland_freshwater_other,extended,4298,21200
2020,THA,THAILAND,inland_freshwater_other,extended,3000,14490
2020,MAR,MOROCCO,inland_freshwater_other,extended,4478,12669
2020,HKG,CHINA - HONG KONG,inland_freshwater_other,extended,5729,12612
2020,HND,HONDURAS,inland_freshwater_other,extended,20832,7678
2020,IND,INDIA,inland_freshwater_other,extended,1446,7667
2020,ARE,UNITED ARAB EMIRATES,inland_freshwater_other,extended,907,3600
2020,ECU,ECUADOR,large_pelagics_other,extended,6285495,55744606
2020,PER,PERU,large_pelagics_other,extended,6414491,54628393
2020,TWN,TAIWAN,large_pelagics_other,extended,2807512,25802987
2020,PAN,PANAMA,large_pelagics_other,extended,1025464,8786405
2020,VNM,VIETNAM,large_pelagics_other,extended,1033693,6531362
2020,IDN,INDONESIA,large_pelagics_other,extended,849608,5858601
2020,CRI,COSTA RICA,large_pelagics_other,extended,341876,2998025
2020,BRA,BRAZIL,large_pelagics_other,extended,208004,1845445
2020,NIC,NICARAGUA,large_pelagics_other,extended,180944,1453500
2020,VEN,VENEZUELA,large_pelagics_other,extended,91355,775232
2020,GTM,GUATEMALA,large_pelagics_other,extended,91460,609749
2020,SLV,EL SALVADOR,large_pelagics_other,extended,42232,363138
2020,OMN,OMAN,large_pelagics_other,extended,63428,361098
2020,MYS,MALAYSIA,large_pelagics_other,extended,46610,320885
2020,MOZ,MOZAMBIQUE,large_pelagics_other,extended,38619,228016
2020,FJI,FIJI,large_pelagics_other,extended,16068,154793
2020,LKA,SRI LANKA,large_pelagics_other,extended,13784,123495
2020,PYF,FRENCH POLYNESIA,large_pelagics_other,extended,6153,75820
2020,DOM,DOMINICAN REPUBLIC,large_pelagics_other,extended,7488,75600
2020,MEX,MEXICO,large_pelagics_other,extended,9031,71846
2020,THA,THAILAND,large_pelagics_other,extended,16169,50368
2020,BGD,BANGLADESH,large_pelagics_other,extended,6015,37315
2020,SUR,SURINAME,large_pelagics_other,extended,5071,32381
2020,TON,TONGA,large_pelagics_other,extended,4278,32262
2020,CAN,CANADA,large_pelagics_other,extended,3368,21160
2020,SGP,SINGAPORE,large_pelagics_other,extended,2132,16075
2020,ITA,ITALY,large_pelagics_other,extended,255,10916
2020,MUS,MAURITIUS,large_pelagics_other,extended,4986,9972
2020,MHL,MARSHALL IS.,large_pelagics_other,extended,925,9157
2020,TTO,TRINIDAD & TOBAGO,large_pelagics_other,extended,1344,7303
2020,GUY,GUYANA,large_pelagics_other,extended,979,6955
2020,BEL,BELGIUM,large_pelagics_other,extended,352,5649
2020,BLZ,BELIZE,large_pelagics_other,extended,592,5040
2020,PRT,PORTUGAL,large_pelagics_other,extended,1094,4234
2020,GRD,GRENADA,large_pelagics_other,extended,751,4128
2020,JPN,JAPAN,large_pelagics_other,extended,230,3341
2020,CAN,CANADA,lobster,core,41324263,977423439
2020,NIC,NICARAGUA,lobster,core,1512454,51371675
2020,BRA,BRAZIL,lobster,core,1408429,49534499
2020,HND,HONDURAS,lobster,core,1252850,45608960
2020,BHS,BAHAMAS,lobster,core,928122,37974278
2020,ZAF,SOUTH AFRICA,lobster,core,329038,19677639
2020,BLZ,BELIZE,lobster,core,246760,8532065
2020,ARE,UNITED ARAB EMIRATES,lobster,core,198139,6206337
2020,AUS,AUSTRALIA,lobster,core,151581,5748710
2020,COL,COLOMBIA,lobster,core,120546,4661819
2020,SHN,ST.HELENA,lobster,core,58311,3998794
2020,JAM,JAMAICA,lobster,core,94733,3582943
2020,MEX,MEXICO,lobster,core,123104,3460905
2020,NZL,NEW ZEALAND,lobster,core,61060,2415160
2020,PAN,PANAMA,lobster,core,56411,1563269
2020,JPN,JAPAN,lobster,core,58622,1492437
2020,TCA,TURKS & CAICOS IS.,lobster,core,41608,1314040
2020,PNG,PAPUA NEW GUINEA,lobster,core,30238,1308410
2020,GBR,UNITED KINGDOM,lobster,core,67744,1288800
2020,DOM,DOMINICAN REPUBLIC,lobster,core,34776,1055198
2020,ECU,ECUADOR,lobster,core,41937,981041
2020,VEN,VENEZUELA,lobster,core,27940,906338
2020,ESP,SPAIN,lobster,core,94900,654794
2020,NOR,NORWAY,lobster,core,15361,580689
2020,VCT,ST.VINCENT-GRENADINE,lobster,core,25832,407490
2020,CHL,CHILE,lobster,core,10879,275314
2020,ITA,ITALY,lobster,core,29552,248387
2020,CHN,CHINA,lobster,core,31279,221131
2020,MRT,MAURITANIA,lobster,core,5832,175539
2020,TTO,TRINIDAD & TOBAGO,lobster,core,13397,154746
2020,EGY,EGYPT,lobster,core,19136,128109
2020,ATG,ANTIGUA & BARBUDA,lobster,core,5084,123687
2020,REU,REUNION,lobster,core,3349,113850
2020,DJI,DJIBOUTI,lobster,core,3000,84938
2020,OMN,OMAN,lobster,core,2608,74497
2020,IDN,INDONESIA,lobster,core,2673,55979
2020,FRA,FRANCE,lobster,core,1975,55778
2020,HTI,HAITI,lobster,core,2154,52420
2020,TUR,TURKEY,lobster,core,8085,52260
2020,FRO,FAROE IS.,lobster,core,1055,48012
2020,TWN,TAIWAN,lobster,core,6618,41652
2020,MYS,MALAYSIA,lobster,core,3541,40812
2020,DNK,DENMARK,lobster,core,1488,28652
2020,IRL,IRELAND,lobster,core,1147,27267
2020,ISL,ICELAND,lobster,core,757,24838
2020,GRD,GRENADA,lobster,core,469,11697
2020,TZA,TANZANIA,lobster,core,1762,10808
2020,KOR,SOUTH KOREA,lobster,core,1384,7992
2020,NGA,NIGERIA,lobster,core,445,6860
2020,MOZ,MOZAMBIQUE,lobster,core,512,6660
2020,THA,THAILAND,lobster,core,665,4626
2020,NLD,NETHERLANDS,lobster,core,127,2184
2020,THA,THAILAND,mackerel,core,4964393,17171219
2020,NOR,NORWAY,mackerel,core,7369729,16047834
2020,CHN,CHINA,mackerel,core,5664890,11965300
2020,VNM,VIETNAM,mackerel,core,2807016,8680815
2020,MAR,MOROCCO,mackerel,core,677551,3745189
2020,JPN,JAPAN,mackerel,core,457945,3661461
2020,KOR,SOUTH KOREA,mackerel,core,1483237,3462124
2020,CHL,CHILE,mackerel,core,1464829,3138467
2020,CAN,CANADA,mackerel,core,518540,2669169
2020,POL,POLAND,mackerel,core,302561,2569000
2020,ECU,ECUADOR,mackerel,core,873713,1656330
2020,MEX,MEXICO,mackerel,core,1110717,1372684
2020,TUN,TUNISIA,mackerel,core,128037,1299850
2020,ESP,SPAIN,mackerel,core,309192,1263012
2020,PRT,PORTUGAL,mackerel,core,317513,1067720
2020,BRA,BRAZIL,mackerel,core,250991,1033070
2020,ISL,ICELAND,mackerel,core,465786,902287
2020,TWN,TAIWAN,mackerel,core,320465,579318
2020,SUR,SURINAME,mackerel,core,148650,573136
2020,NZL,NEW ZEALAND,mackerel,core,277944,509469
2020,LVA,LATVIA,mackerel,core,65772,312254
2020,PER,PERU,mackerel,core,117216,306606
2020,MYS,MALAYSIA,mackerel,core,84672,278404
2020,CPV,CAPE VERDE,mackerel,core,30962,274889
2020,GBR,UNITED KINGDOM,mackerel,core,72000,271359
2020,IRL,IRELAND,mackerel,core,132144,260537
2020,PHL,PHILIPPINES,mackerel,core,136608,248314
2020,DEU,GERMANY,mackerel,core,63841,203957
2020,IND,INDIA,mackerel,core,42215,201472
2020,LTU,LITHUANIA,mackerel,core,34881,169777
2020,FJI,FIJI,mackerel,core,36016,164022
2020,URY,URUGUAY,mackerel,core,41878,162492
2020,SVN,SLOVENIA,mackerel,core,24042,151370
2020,RUS,RUSSIAN FEDERATION,mackerel,core,100629,148004
2020,FRO,FAROE IS.,mackerel,core,45600,88920
2020,YEM,YEMEN,mackerel,core,12182,71700
2020,PAN,PANAMA,mackerel,core,19270,68604
2020,HRV,CROATIA,mackerel,core,7764,67172
2020,UKR,UKRAINE,mackerel,core,12670,59772
2020,GUY,GUYANA,mackerel,core,9961,53970
2020,PYF,FRENCH POLYNESIA,mackerel,core,6034,45905
2020,OMN,OMAN,mackerel,core,16840,42453
2020,HKG,CHINA - HONG KONG,mackerel,core,40870,40866
2020,SLE,SIERRA LEONE,mackerel,core,12757,38255
2020,FRA,FRANCE,mackerel,core,1628,37809
2020,TUR,TURKEY,mackerel,core,3390,34348
2020,ARE,UNITED ARAB EMIRATES,mackerel,core,4536,33600
2020,ZAF,SOUTH AFRICA,mackerel,core,12683,24387
2020,ITA,ITALY,mackerel,core,2307,22378
2020,IDN,INDONESIA,mackerel,core,2473,18972
2020,VEN,VENEZUELA,mackerel,core,3742,14180
2020,SLV,EL SALVADOR,mackerel,core,40,8160
2020,VCT,ST.VINCENT-GRENADINE,mackerel,core,3118,6875
2020,DNK,DENMARK,mackerel,core,1021,6373
2020,GHA,GHANA,mackerel,core,200,6000
2020,GRC,GREECE,mackerel,core,497,5351
2020,JAM,JAMAICA,mackerel,core,900,4000
2020,NIC,NICARAGUA,mackerel,core,912,2814
2020,NZL,NEW ZEALAND,mussels,core,7669170,46427783
2020,CHL,CHILE,mussels,core,13230020,34051484
2020,CAN,CANADA,mussels,core,9911435,29953230
2020,ESP,SPAIN,mussels,core,222186,1197222
2020,CHN,CHINA,mussels,core,166917,598777
2020,ZAF,SOUTH AFRICA,mussels,core,158440,518834
2020,THA,THAILAND,mussels,core,79326,484923
2020,MEX,MEXICO,mussels,core,64932,321714
2020,ITA,ITALY,mussels,core,22118,156217
2020,FRA,FRANCE,mussels,core,7865,131925
2020,VNM,VIETNAM,mussels,core,35471,92950
2020,CRI,COSTA RICA,mussels,core,2188,65654
2020,PRT,PORTUGAL,mussels,core,11103,48245
2020,KOR,SOUTH KOREA,mussels,core,7034,46057
2020,PER,PERU,mussels,core,5469,21735
2020,JPN,JAPAN,mussels,core,630,17210
2020,IRL,IRELAND,mussels,core,1675,10351
2020,ECU,ECUADOR,mussels,core,2725,8226
2020,DNK,DENMARK,mussels,core,1404,6191
2020,CHN,CHINA,other_groundfish,core,13827567,76255938
2020,ISL,ICELAND,other_groundfish,core,4681628,52296580
2020,CAN,CANADA,other_groundfish,core,9510586,38489509
2020,NOR,NORWAY,other_groundfish,core,4707265,22322699
2020,NZL,NEW ZEALAND,other_groundfish,core,1509298,16630367
2020,ARG,ARGENTINA,other_groundfish,core,4112597,12389684
2020,RUS,RUSSIAN FEDERATION,other_groundfish,core,1328037,6369694
2020,FRO,FAROE IS.,other_groundfish,core,1405082,5379209
2020,CHL,CHILE,other_groundfish,core,983792,3053212
2020,AUS,AUSTRALIA,other_groundfish,core,160171,2055941
2020,ECU,ECUADOR,other_groundfish,core,609442,1739958
2020,ZAF,SOUTH AFRICA,other_groundfish,core,309504,1727280
2020,URY,URUGUAY,other_groundfish,core,418711,779184
2020,NLD,NETHERLANDS,other_groundfish,core,62521,612648
2020,KAZ,KAZAKHSTAN,other_groundfish,core,53000,565390
2020,POL,POLAND,other_groundfish,core,53606,518526
2020,PER,PERU,other_groundfish,core,238677,516172
2020,MEX,MEXICO,other_groundfish,core,274357,495704
2020,VNM,VIETNAM,other_groundfish,core,56254,338105
2020,IND,INDIA,other_groundfish,core,23950,256080
2020,TWN,TAIWAN,other_groundfish,core,38370,245815
2020,GBR,UNITED KINGDOM,other_groundfish,core,30025,130316
2020,NAM,NAMIBIA,other_groundfish,core,21142,129185
2020,ESP,SPAIN,other_groundfish,core,29493,114690
2020,BRA,BRAZIL,other_groundfish,core,11544,81343
2020,THA,THAILAND,other_groundfish,core,5558,68836
2020,KOR,SOUTH KOREA,other_groundfish,core,6780,28169
2020,PRT,PORTUGAL,other_groundfish,core,4473,17536
2020,IRL,IRELAND,other_groundfish,core,1338,9695
2020,BGD,BANGLADESH,other_groundfish,core,960,9197
2020,MUS,MAURITIUS,other_groundfish,core,1242,5241
2020,JPN,JAPAN,other_groundfish,core,65,5007
2020,MEX,MEXICO,other_shellfish_specialty,extended,359002,10286024
2020,AUS,AUSTRALIA,other_shellfish_specialty,extended,221346,9859972
2020,NIC,NICARAGUA,other_shellfish_specialty,extended,581025,8408028
2020,CHN,CHINA,other_shellfish_specialty,extended,2292847,7808474
2020,HND,HONDURAS,other_shellfish_specialty,extended,441524,6259031
2020,BLZ,BELIZE,other_shellfish_specialty,extended,344531,4877702
2020,BHS,BAHAMAS,other_shellfish_specialty,extended,166877,2569359
2020,KOR,SOUTH KOREA,other_shellfish_specialty,extended,158227,2469678
2020,CHL,CHILE,other_shellfish_specialty,extended,103997,2342085
2020,VCT,ST.VINCENT-GRENADINE,other_shellfish_specialty,extended,169142,2190820
2020,VNM,VIETNAM,other_shellfish_specialty,extended,354530,1787858
2020,FRA,FRANCE,other_shellfish_specialty,extended,145313,1618787
2020,NZL,NEW ZEALAND,other_shellfish_specialty,extended,281859,1583841
2020,MYS,MALAYSIA,other_shellfish_specialty,extended,213078,1108514
2020,HKG,CHINA - HONG KONG,other_shellfish_specialty,extended,36107,904369
2020,IDN,INDONESIA,other_shellfish_specialty,extended,172613,903948
2020,TCA,TURKS & CAICOS IS.,other_shellfish_specialty,extended,43091,698475
2020,TWN,TAIWAN,other_shellfish_specialty,extended,16000,669055
2020,CAN,CANADA,other_shellfish_specialty,extended,36517,297610
2020,NGA,NIGERIA,other_shellfish_specialty,extended,48155,236809
2020,IRL,IRELAND,other_shellfish_specialty,extended,48000,231922
2020,PRT,PORTUGAL,other_shellfish_specialty,extended,28754,228022
2020,THA,THAILAND,other_shellfish_specialty,extended,24275,200674
2020,PAK,PAKISTAN,other_shellfish_specialty,extended,24863,178505
2020,TUR,TURKEY,other_shellfish_specialty,extended,23311,163524
2020,ESP,SPAIN,other_shellfish_specialty,extended,4912,136778
2020,KNA,ST.KITTS-NEVIS,other_shellfish_specialty,extended,5673,56330
2020,ZAF,SOUTH AFRICA,other_shellfish_specialty,extended,1139,55893
2020,JPN,JAPAN,other_shellfish_specialty,extended,3447,51502
2020,SEN,SENEGAL,other_shellfish_specialty,extended,1104,35963
2020,SLE,SIERRA LEONE,other_shellfish_specialty,extended,12959,22557
2020,ECU,ECUADOR,other_shellfish_specialty,extended,1178,17287
2020,ITA,ITALY,other_shellfish_specialty,extended,3038,17113
2020,GIN,GUINEA,other_shellfish_specialty,extended,8269,11804
2020,POL,POLAND,other_shellfish_specialty,extended,14,2035
2020,CHN,CHINA,oysters,core,4618321,29300460
2020,KOR,SOUTH KOREA,oysters,core,2340038,17043288
2020,CAN,CANADA,oysters,core,1654773,15928377
2020,MEX,MEXICO,oysters,core,2176084,7060139
2020,JPN,JAPAN,oysters,core,212357,2249949
2020,NZL,NEW ZEALAND,oysters,core,28019,255558
2020,HKG,CHINA - HONG KONG,oysters,core,44947,216320
2020,VNM,VIETNAM,oysters,core,18098,129159
2020,TWN,TAIWAN,oysters,core,14917,60529
2020,VNM,VIETNAM,pangasius_basa_swai,extended,59138657,160072853
2020,CHN,CHINA,pollock,core,32966656,95260250
2020,VNM,VIETNAM,pollock,core,5906631,17207959
2020,THA,THAILAND,pollock,core,3152497,10181300
2020,CAN,CANADA,pollock,core,1880610,8194846
2020,PHL,PHILIPPINES,pollock,core,1981885,6469593
2020,RUS,RUSSIAN FEDERATION,pollock,core,1045044,2922930
2020,KOR,SOUTH KOREA,pollock,core,388096,2463934
2020,IDN,INDONESIA,pollock,core,836297,2271617
2020,ECU,ECUADOR,pollock,core,101026,452406
2020,ISL,ICELAND,pollock,core,67285,418887
2020,MEX,MEXICO,pollock,core,93144,327040
2020,ESP,SPAIN,pollock,core,23336,114778
2020,JPN,JAPAN,pollock,core,2030,23569
2020,GBR,UNITED KINGDOM,pollock,core,475,11844
2020,PRT,PORTUGAL,pollock,core,525,6635
2020,NOR,NORWAY,pollock,core,2661,6440
2020,NLD,NETHERLANDS,pollock,core,1242,3666
2020,LTU,LITHUANIA,pollock,core,445,2843
2020,TUR,TURKEY,reef_fish_other,extended,3731979,24869059
2020,GRC,GREECE,reef_fish_other,extended,2441679,17158832
2020,ESP,SPAIN,reef_fish_other,extended,1013809,9185966
2020,MEX,MEXICO,reef_fish_other,extended,736657,6816073
2020,NZL,NEW ZEALAND,reef_fish_other,extended,393123,2545422
2020,JPN,JAPAN,reef_fish_other,extended,124438,1628833
2020,TWN,TAIWAN,reef_fish_other,extended,150629,651809
2020,CYP,CYPRUS,reef_fish_other,extended,76275,612470
2020,VNM,VIETNAM,reef_fish_other,extended,35727,403404
2020,CAN,CANADA,reef_fish_other,extended,64219,348623
2020,PAN,PANAMA,reef_fish_other,extended,32006,335136
2020,MUS,MAURITIUS,reef_fish_other,extended,44752,295747
2020,DOM,DOMINICAN REPUBLIC,reef_fish_other,extended,37698,279091
2020,CHL,CHILE,reef_fish_other,extended,27597,250160
2020,PRT,PORTUGAL,reef_fish_other,extended,11065,213286
2020,NLD,NETHERLANDS,reef_fish_other,extended,22119,152241
2020,ECU,ECUADOR,reef_fish_other,extended,12129,134366
2020,SUR,SURINAME,reef_fish_other,extended,17792,126336
2020,TKL,TOKELAU IS.,reef_fish_other,extended,15257,98553
2020,BRA,BRAZIL,reef_fish_other,extended,7418,49137
2020,CHN,CHINA,reef_fish_other,extended,9471,40665
2020,ARG,ARGENTINA,reef_fish_other,extended,2614,21027
2020,NIC,NICARAGUA,reef_fish_other,extended,2731,18982
2020,ITA,ITALY,reef_fish_other,extended,464,13888
2020,COL,COLOMBIA,reef_fish_other,extended,2580,11638
2020,MMR,BURMA,reef_fish_other,extended,1500,8571
2020,PHL,PHILIPPINES,reef_fish_other,extended,1008,7890
2020,CAN,CANADA,sablefish,core,242206,3379028
2020,MEX,MEXICO,sablefish,core,6672,29015
2020,JPN,JAPAN,sablefish,core,1585,28116
2020,CHL,CHILE,salmon,core,199796660,1900750108
2020,CAN,CANADA,salmon,core,86024750,670802697
2020,NOR,NORWAY,salmon,core,46763389,598603031
2020,CHN,CHINA,salmon,core,48011036,268197003
2020,FRO,FAROE IS.,salmon,core,12535213,116192102
2020,NLD,NETHERLANDS,salmon,core,6899643,109891410
2020,DEU,GERMANY,salmon,core,7644304,95280027
2020,GBR,UNITED KINGDOM,salmon,core,9629775,86596066
2020,THA,THAILAND,salmon,core,8770264,57791602
2020,DNK,DENMARK,salmon,core,4553853,50239241
2020,POL,POLAND,salmon,core,2849088,44925209
2020,NZL,NEW ZEALAND,salmon,core,2767177,38405242
2020,ISL,ICELAND,salmon,core,2241470,21458768
2020,AUS,AUSTRALIA,salmon,core,2604351,18729829
2020,RUS,RUSSIAN FEDERATION,salmon,core,1708970,14120384
2020,GRC,GREECE,salmon,core,349543,7187981
2020,VNM,VIETNAM,salmon,core,549511,3918186
2020,IRL,IRELAND,salmon,core,222343,2538863
2020,IDN,INDONESIA,salmon,core,316690,2045466
2020,ECU,ECUADOR,salmon,core,258630,1616140
2020,JPN,JAPAN,salmon,core,101861,1138606
2020,LTU,LITHUANIA,salmon,core,59867,830502
2020,LVA,LATVIA,salmon,core,64884,549081
2020,FRA,FRANCE,salmon,core,24032,533283
2020,ESP,SPAIN,salmon,core,21257,363564
2020,SWE,SWEDEN,salmon,core,46592,309797
2020,MEX,MEXICO,salmon,core,14555,210826
2020,ARM,ARMENIA,salmon,core,15851,139310
2020,UKR,UKRAINE,salmon,core,9590,125747
2020,PRT,PORTUGAL,salmon,core,27603,114209
2020,EST,ESTONIA,salmon,core,7297,106095
2020,BLR,BELARUS,salmon,core,4397,40987
2020,KOR,SOUTH KOREA,salmon,core,730,12632
2020,SYC,SEYCHELLES,salmon,core,531,9666
2020,CAN,CANADA,scallops,core,3505903,76626645
2020,JPN,JAPAN,scallops,core,2223622,37425853
2020,PER,PERU,scallops,core,3643932,28535140
2020,ARG,ARGENTINA,scallops,core,2305637,19105684
2020,CHN,CHINA,scallops,core,3185245,15871023
2020,HKG,CHINA - HONG KONG,scallops,core,88954,4606533
2020,MEX,MEXICO,scallops,core,184006,4493988
2020,PHL,PHILIPPINES,scallops,core,645308,3035401
2020,FRA,FRANCE,scallops,core,485454,2503153
2020,VNM,VIETNAM,scallops,core,162316,1755857
2020,CHL,CHILE,scallops,core,68591,622082
2020,ESP,SPAIN,scallops,core,41667,584471
2020,THA,THAILAND,scallops,core,12420,183430
2020,TWN,TAIWAN,scallops,core,990,27595
2020,GRL,GREENLAND,scallops,core,2004,23115
2020,KOR,SOUTH KOREA,scallops,core,300,8100
2020,CAN,CANADA,sea_cucumber_urchin_other_inverts,extended,1865883,19760619
2020,NOR,NORWAY,sea_cucumber_urchin_other_inverts,extended,7732095,14743430
2020,MEX,MEXICO,sea_cucumber_urchin_other_inverts,extended,155882,4683073
2020,JPN,JAPAN,sea_cucumber_urchin_other_inverts,extended,24141,3689993
2020,TUR,TURKEY,sea_cucumber_urchin_other_inverts,extended,21989,1103643
2020,NIC,NICARAGUA,sea_cucumber_urchin_other_inverts,extended,16581,797823
2020,RUS,RUSSIAN FEDERATION,sea_cucumber_urchin_other_inverts,extended,3315,747873
2020,TWN,TAIWAN,sea_cucumber_urchin_other_inverts,extended,40000,607300
2020,PER,PERU,sea_cucumber_urchin_other_inverts,extended,15008,567130
2020,JAM,JAMAICA,sea_cucumber_urchin_other_inverts,extended,11573,529088
2020,HND,HONDURAS,sea_cucumber_urchin_other_inverts,extended,34437,529030
2020,LKA,SRI LANKA,sea_cucumber_urchin_other_inverts,extended,1989,291296
2020,GRC,GREECE,sea_cucumber_urchin_other_inverts,extended,5923,217600
2020,HTI,HAITI,sea_cucumber_urchin_other_inverts,extended,4903,195925
2020,IDN,INDONESIA,sea_cucumber_urchin_other_inverts,extended,3174,181308
2020,MRT,MAURITANIA,sea_cucumber_urchin_other_inverts,extended,2840,146500
2020,KOR,SOUTH KOREA,sea_cucumber_urchin_other_inverts,extended,21518,129850
2020,CHL,CHILE,sea_cucumber_urchin_other_inverts,extended,5222,117951
2020,HKG,CHINA - HONG KONG,sea_cucumber_urchin_other_inverts,extended,1369,106336
2020,GIN,GUINEA,sea_cucumber_urchin_other_inverts,extended,30168,57470
2020,ESP,SPAIN,sea_cucumber_urchin_other_inverts,extended,464,41300
2020,VNM,VIETNAM,sea_cucumber_urchin_other_inverts,extended,2557,18434
2020,IND,INDIA,sea_cucumber_urchin_other_inverts,extended,182,18220
2020,DOM,DOMINICAN REPUBLIC,sea_cucumber_urchin_other_inverts,extended,2662,13310
2020,MDV,MALDIVE IS.,sea_cucumber_urchin_other_inverts,extended,663,10300
2020,AUS,AUSTRALIA,sea_cucumber_urchin_other_inverts,extended,125,8750
2020,CHN,CHINA,sea_cucumber_urchin_other_inverts,extended,100,7563
2020,CMR,CAMEROON,sea_cucumber_urchin_other_inverts,extended,1071,5039
2020,VEN,VENEZUELA,sea_cucumber_urchin_other_inverts,extended,101,4529
2020,SLE,SIERRA LEONE,sea_cucumber_urchin_other_inverts,extended,649,3120
2020,MEX,MEXICO,sharks_rays_skates,extended,78129,242937
2020,TWN,TAIWAN,sharks_rays_skates,extended,19959,118580
2020,TTO,TRINIDAD & TOBAGO,sharks_rays_skates,extended,10206,95535
2020,NIC,NICARAGUA,sharks_rays_skates,extended,23887,75431
2020,CHN,CHINA,sharks_rays_skates,extended,2910,29100
2020,CAN,CANADA,sharks_rays_skates,extended,17768,24021
2020,ESP,SPAIN,sharks_rays_skates,extended,1645,17316
2020,SUR,SURINAME,sharks_rays_skates,extended,2749,11532
2020,SLE,SIERRA LEONE,sharks_rays_skates,extended,1402,2060
2020,KOR,SOUTH KOREA,sharks_rays_skates,extended,160,2040
2020,IND,INDIA,shrimp,core,271532430,2353502537
2020,IDN,INDONESIA,shrimp,core,160713714,1419262124
2020,ECU,ECUADOR,shrimp,core,125839313,788409292
2020,VNM,VIETNAM,shrimp,core,66169093,697035040
2020,THA,THAILAND,shrimp,core,41448801,464569490
2020,MEX,MEXICO,shrimp,core,25664603,265723649
2020,ARG,ARGENTINA,shrimp,core,17339641,189469391
2020,CHN,CHINA,shrimp,core,10901572,56452996
2020,PER,PERU,shrimp,core,7339751,50509767
2020,BGD,BANGLADESH,shrimp,core,1733909,27793022
2020,SAU,SAUDI ARABIA,shrimp,core,2887256,20662844
2020,GUY,GUYANA,shrimp,core,3001326,17157144
2020,CAN,CANADA,shrimp,core,1760347,16614613
2020,HND,HONDURAS,shrimp,core,1691831,13416466
2020,GTM,GUATEMALA,shrimp,core,1561300,12793674
2020,VEN,VENEZUELA,shrimp,core,2132429,10247923
2020,NIC,NICARAGUA,shrimp,core,1195661,7997027
2020,PAN,PANAMA,shrimp,core,605689,7672917
2020,PHL,PHILIPPINES,shrimp,core,1026981,3749226
2020,MYS,MALAYSIA,shrimp,core,351855,3250737
2020,NGA,NIGERIA,shrimp,core,107612,3204128
2020,ESP,SPAIN,shrimp,core,287041,2651690
2020,NOR,NORWAY,shrimp,core,241680,2097408
2020,KOR,SOUTH KOREA,shrimp,core,225692,1937081
2020,GRL,GREENLAND,shrimp,core,379926,1905397
2020,NCL,NEW CALEDONIA,shrimp,core,98504,1800070
2020,AUS,AUSTRALIA,shrimp,core,83271,1748454
2020,MMR,BURMA,shrimp,core,113016,1630373
2020,DNK,DENMARK,shrimp,core,200720,1604319
2020,TWN,TAIWAN,shrimp,core,81812,1320301
2020,LKA,SRI LANKA,shrimp,core,132091,1284178
2020,ISL,ICELAND,shrimp,core,59880,994560
2020,COL,COLOMBIA,shrimp,core,102776,920098
2020,JPN,JAPAN,shrimp,core,68602,556642
2020,SGP,SINGAPORE,shrimp,core,31738,377000
2020,DEU,GERMANY,shrimp,core,28713,352536
2020,IRL,IRELAND,shrimp,core,20410,342527
2020,CHL,CHILE,shrimp,core,17023,245700
2020,HKG,CHINA - HONG KONG,shrimp,core,18847,210370
2020,CRI,COSTA RICA,shrimp,core,13526,189817
2020,ATG,ANTIGUA & BARBUDA,shrimp,core,15436,174000
2020,BLZ,BELIZE,shrimp,core,28461,163760
2020,MDG,MADAGASCAR,shrimp,core,7752,160075
2020,GMB,GAMBIA,shrimp,core,28022,143471
2020,NZL,NEW ZEALAND,shrimp,core,12562,119040
2020,MAR,MOROCCO,shrimp,core,13653,109716
2020,SYC,SEYCHELLES,shrimp,core,14152,107965
2020,SEN,SENEGAL,shrimp,core,9349,93329
2020,GHA,GHANA,shrimp,core,15169,75636
2020,GIN,GUINEA,shrimp,core,3094,70651
2020,PRT,PORTUGAL,shrimp,core,12856,47811
2020,MOZ,MOZAMBIQUE,shrimp,core,998,44020
2020,ITA,ITALY,shrimp,core,3038,17113
2020,NLD,NETHERLANDS,shrimp,core,1378,15285
2020,JAM,JAMAICA,shrimp,core,196,7211
2020,GRC,GREECE,shrimp,core,53,4689
2020,MAR,MOROCCO,small_pelagics_other,extended,12454773,70292503
2020,POL,POLAND,small_pelagics_other,extended,9020508,47230301
2020,CAN,CANADA,small_pelagics_other,extended,5773313,20761144
2020,THA,THAILAND,small_pelagics_other,extended,4663447,14791521
2020,ECU,ECUADOR,small_pelagics_other,extended,6559899,13097411
2020,VNM,VIETNAM,small_pelagics_other,extended,2691203,12272695
2020,PER,PERU,small_pelagics_other,extended,4828435,6532097
2020,PRT,PORTUGAL,small_pelagics_other,extended,1128335,6025002
2020,ESP,SPAIN,small_pelagics_other,extended,741533,5967801
2020,ITA,ITALY,small_pelagics_other,extended,590103,5757929
2020,PHL,PHILIPPINES,small_pelagics_other,extended,2625796,5300602
2020,CHN,CHINA,small_pelagics_other,extended,2788762,5033598
2020,LVA,LATVIA,small_pelagics_other,extended,1433676,4591405
2020,MEX,MEXICO,small_pelagics_other,extended,6619076,4311565
2020,ARG,ARGENTINA,small_pelagics_other,extended,879364,3330113
2020,IND,INDIA,small_pelagics_other,extended,418796,2007003
2020,JPN,JAPAN,small_pelagics_other,extended,562382,1511102
2020,KOR,SOUTH KOREA,small_pelagics_other,extended,156562,907564
2020,GBR,UNITED KINGDOM,small_pelagics_other,extended,97594,739161
2020,CHL,CHILE,small_pelagics_other,extended,57520,510778
2020,TUR,TURKEY,small_pelagics_other,extended,72846,494554
2020,TWN,TAIWAN,small_pelagics_other,extended,189636,374258
2020,BRA,BRAZIL,small_pelagics_other,extended,160799,347992
2020,HRV,CROATIA,small_pelagics_other,extended,38434,240597
2020,OMN,OMAN,small_pelagics_other,extended,188336,232628
2020,MYS,MALAYSIA,small_pelagics_other,extended,38363,214978
2020,UKR,UKRAINE,small_pelagics_other,extended,81000,212401
2020,GUY,GUYANA,small_pelagics_other,extended,65298,199019
2020,MMR,BURMA,small_pelagics_other,extended,36892,147736
2020,FRA,FRANCE,small_pelagics_other,extended,6141,134178
2020,GRC,GREECE,small_pelagics_other,extended,19975,127510
2020,IDN,INDONESIA,small_pelagics_other,extended,84852,100327
2020,ARE,UNITED ARAB EMIRATES,small_pelagics_other,extended,42460,98153
2020,RUS,RUSSIAN FEDERATION,small_pelagics_other,extended,31238,86459
2020,GMB,GAMBIA,small_pelagics_other,extended,38850,79774
2020,TUN,TUNISIA,small_pelagics_other,extended,13590,78721
2020,VEN,VENEZUELA,small_pelagics_other,extended,36288,51520
2020,DEU,GERMANY,small_pelagics_other,extended,9549,48071
2020,SUR,SURINAME,small_pelagics_other,extended,16862,39323
2020,BGD,BANGLADESH,small_pelagics_other,extended,6971,31555
2020,LTU,LITHUANIA,small_pelagics_other,extended,6375,25633
2020,GIN,GUINEA,small_pelagics_other,extended,33000,25105
2020,AUS,AUSTRALIA,small_pelagics_other,extended,3632,19825
2020,TZA,TANZANIA,small_pelagics_other,extended,8003,16006
2020,ALB,ALBANIA,small_pelagics_other,extended,506,13640
2020,LKA,SRI LANKA,small_pelagics_other,extended,3053,12079
2020,SWE,SWEDEN,small_pelagics_other,extended,2709,10976
2020,SVN,SLOVENIA,small_pelagics_other,extended,1354,9975
2020,NIC,NICARAGUA,small_pelagics_other,extended,2866,6636
2020,HKG,CHINA - HONG KONG,small_pelagics_other,extended,1160,5500
2020,EGY,EGYPT,small_pelagics_other,extended,800,3800
2020,MEX,MEXICO,snapper_grouper,core,10080801,75514674
2020,BRA,BRAZIL,snapper_grouper,core,5566719,37707268
2020,NIC,NICARAGUA,snapper_grouper,core,2586928,18560412
2020,PAN,PANAMA,snapper_grouper,core,2010674,16122118
2020,VEN,VENEZUELA,snapper_grouper,core,1888876,14329772
2020,SUR,SURINAME,snapper_grouper,core,1275980,8316691
2020,CRI,COSTA RICA,snapper_grouper,core,880190,7456385
2020,GUY,GUYANA,snapper_grouper,core,1057448,5661928
2020,IDN,INDONESIA,snapper_grouper,core,398713,3281609
2020,GTM,GUATEMALA,snapper_grouper,core,254537,1979647
2020,TTO,TRINIDAD & TOBAGO,snapper_grouper,core,245154,1575498
2020,ECU,ECUADOR,snapper_grouper,core,164838,1399273
2020,HND,HONDURAS,snapper_grouper,core,105716,813846
2020,SLV,EL SALVADOR,snapper_grouper,core,79416,598285
2020,CHN,CHINA,snapper_grouper,core,71105,404811
2020,VNM,VIETNAM,snapper_grouper,core,56831,389639
2020,SEN,SENEGAL,snapper_grouper,core,26771,313195
2020,GIN,GUINEA,snapper_grouper,core,31185,307172
2020,IND,INDIA,snapper_grouper,core,107667,287422
2020,TWN,TAIWAN,snapper_grouper,core,33112,194693
2020,TON,TONGA,snapper_grouper,core,13591,177998
2020,NZL,NEW ZEALAND,snapper_grouper,core,7140,77712
2020,JPN,JAPAN,snapper_grouper,core,2147,77020
2020,FJI,FIJI,snapper_grouper,core,3454,47798
2020,GRD,GRENADA,snapper_grouper,core,5748,47780
2020,CAN,CANADA,snapper_grouper,core,6098,34304
2020,THA,THAILAND,snapper_grouper,core,2535,31451
2020,ARE,UNITED ARAB EMIRATES,snapper_grouper,core,12152,18753
2020,LKA,SRI LANKA,snapper_grouper,core,2245,18689
2020,AUS,AUSTRALIA,snapper_grouper,core,8903,15600
2020,YEM,YEMEN,snapper_grouper,core,13880,9807
2020,MCO,MONACO,snapper_grouper,core,872,7347
2020,PAK,PAKISTAN,snapper_grouper,core,2114,2749
2020,CHN,CHINA,squid_octopus,core,22043831,98334998
2020,ESP,SPAIN,squid_octopus,core,7732474,65495615
2020,IND,INDIA,squid_octopus,core,6426913,32104284
2020,THA,THAILAND,squid_octopus,core,3549354,28005975
2020,IDN,INDONESIA,squid_octopus,core,3502201,18179080
2020,TWN,TAIWAN,squid_octopus,core,2496112,16369322
2020,NZL,NEW ZEALAND,squid_octopus,core,3688465,16104099
2020,KOR,SOUTH KOREA,squid_octopus,core,1078888,12120267
2020,PER,PERU,squid_octopus,core,2385345,11903116
2020,JPN,JAPAN,squid_octopus,core,715435,11787392
2020,ARG,ARGENTINA,squid_octopus,core,3014943,11645265
2020,VNM,VIETNAM,squid_octopus,core,1844170,10397417
2020,PHL,PHILIPPINES,squid_octopus,core,2567803,9259668
2020,MEX,MEXICO,squid_octopus,core,1315401,8596062
2020,PAK,PAKISTAN,squid_octopus,core,555057,3810632
2020,PRT,PORTUGAL,squid_octopus,core,453846,3620945
2020,MYS,MALAYSIA,squid_octopus,core,721931,3617935
2020,RUS,RUSSIAN FEDERATION,squid_octopus,core,345551,2016151
2020,ITA,ITALY,squid_octopus,core,83437,1068040
2020,CAN,CANADA,squid_octopus,core,88445,959567
2020,LKA,SRI LANKA,squid_octopus,core,163964,909746
2020,MRT,MAURITANIA,squid_octopus,core,55742,542088
2020,URY,URUGUAY,squid_octopus,core,136211,484636
2020,HKG,CHINA - HONG KONG,squid_octopus,core,74230,457837
2020,GRC,GREECE,squid_octopus,core,37237,412532
2020,CHL,CHILE,squid_octopus,core,105637,411493
2020,ECU,ECUADOR,squid_octopus,core,68642,261010
2020,MAR,MOROCCO,squid_octopus,core,26253,187637
2020,NAM,NAMIBIA,squid_octopus,core,23344,156966
2020,NLD,NETHERLANDS,squid_octopus,core,25848,112347
2020,JOR,JORDAN,squid_octopus,core,4070,94383
2020,AUS,AUSTRALIA,squid_octopus,core,6310,91531
2020,VUT,VANUATU,squid_octopus,core,19673,77217
2020,OMN,OMAN,squid_octopus,core,14880,52320
2020,SEN,SENEGAL,squid_octopus,core,3704,31553
2020,VEN,VENEZUELA,squid_octopus,core,7095,20627
2020,SGP,SINGAPORE,squid_octopus,core,2724,15000
2020,MMR,BURMA,squid_octopus,core,984,11141
2020,COL,COLOMBIA,squid_octopus,core,909,8000
2020,TUN,TUNISIA,squid_octopus,core,680,6963
2020,NIC,NICARAGUA,squid_octopus,core,516,2885
2020,ECU,ECUADOR,swordfish,core,2139345,14149650
2020,CAN,CANADA,swordfish,core,1062050,11989639
2020,SGP,SINGAPORE,swordfish,core,656885,6298617
2020,VNM,VIETNAM,swordfish,core,537338,5088726
2020,BRA,BRAZIL,swordfish,core,1294651,4858314
2020,CRI,COSTA RICA,swordfish,core,547343,4373144
2020,IDN,INDONESIA,swordfish,core,433811,3600132
2020,MEX,MEXICO,swordfish,core,603514,2477135
2020,ZAF,SOUTH AFRICA,swordfish,core,175940,1751960
2020,CHL,CHILE,swordfish,core,160267,1463007
2020,AUS,AUSTRALIA,swordfish,core,146359,1339680
2020,ESP,SPAIN,swordfish,core,71477,834884
2020,NZL,NEW ZEALAND,swordfish,core,86906,784191
2020,LKA,SRI LANKA,swordfish,core,63926,687088
2020,MOZ,MOZAMBIQUE,swordfish,core,61768,613206
2020,PYF,FRENCH POLYNESIA,swordfish,core,32297,260835
2020,TWN,TAIWAN,swordfish,core,22721,183659
2020,NIC,NICARAGUA,swordfish,core,23209,163925
2020,THA,THAILAND,swordfish,core,15939,139754
2020,TTO,TRINIDAD & TOBAGO,swordfish,core,5189,60756
2020,SYC,SEYCHELLES,swordfish,core,4900,59808
2020,PAN,PANAMA,swordfish,core,7841,42647
2020,MUS,MAURITIUS,swordfish,core,2957,26124
2020,FRA,FRANCE,swordfish,core,1762,24382
2020,IND,INDIA,swordfish,core,2488,21515
2020,REU,REUNION,swordfish,core,2065,17542
2020,GUY,GUYANA,swordfish,core,905,7984
2020,VCT,ST.VINCENT-GRENADINE,swordfish,core,180,2772
2020,FJI,FIJI,swordfish,core,210,2626
2020,CHN,CHINA,tilapia,core,133082549,345140430
2020,COL,COLOMBIA,tilapia,core,12091870,67347337
2020,HND,HONDURAS,tilapia,core,10326074,53747343
2020,IDN,INDONESIA,tilapia,core,6271300,46145131
2020,TWN,TAIWAN,tilapia,core,16514577,34007223
2020,MEX,MEXICO,tilapia,core,4553460,25070761
2020,CRI,COSTA RICA,tilapia,core,2974092,18949146
2020,KOR,SOUTH KOREA,tilapia,core,385058,5142113
2020,BRA,BRAZIL,tilapia,core,1246840,4810756
2020,ECU,ECUADOR,tilapia,core,685810,3286020
2020,PER,PERU,tilapia,core,264176,2752908
2020,NOR,NORWAY,tilapia,core,165006,2715440
2020,VNM,VIETNAM,tilapia,core,1155196,2439597
2020,MYS,MALAYSIA,tilapia,core,332292,2091744
2020,THA,THAILAND,tilapia,core,686503,1350374
2020,SLV,EL SALVADOR,tilapia,core,32182,467430
2020,PAN,PANAMA,tilapia,core,90089,293615
2020,SLE,SIERRA LEONE,tilapia,core,88016,266058
2020,NGA,NIGERIA,tilapia,core,29521,234233
2020,GIN,GUINEA,tilapia,core,143167,166867
2020,MMR,BURMA,tilapia,core,39260,125383
2020,CHL,CHILE,tilapia,core,13191,120773
2020,UGA,UGANDA,tilapia,core,7761,106414
2020,HKG,CHINA - HONG KONG,tilapia,core,41567,74624
2020,GHA,GHANA,tilapia,core,23352,72818
2020,FRA,FRANCE,tilapia,core,8585,60748
2020,NIC,NICARAGUA,tilapia,core,10907,33418
2020,GMB,GAMBIA,tilapia,core,10224,27950
2020,RUS,RUSSIAN FEDERATION,tilapia,core,5647,23077
2020,PHL,PHILIPPINES,tilapia,core,980,7200
2020,RWA,RWANDA,tilapia,core,437,6992
2020,JPN,JAPAN,tilapia,core,500,4202
2020,CMR,CAMEROON,tilapia,core,2031,3906
2020,KOR,SOUTH KOREA,toothfish,extended,1194799,26973708
2020,ARG,ARGENTINA,toothfish,extended,1176409,26309200
2020,GIB,GIBRALTAR,toothfish,extended,1094192,20345528
2020,AUS,AUSTRALIA,toothfish,extended,746697,17047145
2020,CHL,CHILE,toothfish,extended,504425,13426207
2020,FLK,FALKLAND IS.,toothfish,extended,476780,11287911
2020,REU,REUNION,toothfish,extended,295363,7046600
2020,UKR,UKRAINE,toothfish,extended,347441,6960595
2020,ESP,SPAIN,toothfish,extended,132463,4300888
2020,ZAF,SOUTH AFRICA,toothfish,extended,155567,3860444
2020,NZL,NEW ZEALAND,toothfish,extended,136234,3112285
2020,URY,URUGUAY,toothfish,extended,104334,2053156
2020,PER,PERU,toothfish,extended,56300,1152159
2020,RUS,RUSSIAN FEDERATION,toothfish,extended,38964,818250
2020,ECU,ECUADOR,toothfish,extended,10610,254468
2020,CHL,CHILE,trout,core,5520847,60238503
2020,NOR,NORWAY,trout,core,7341534,57850381
2020,PER,PERU,trout,core,2002335,21578276
2020,COL,COLOMBIA,trout,core,1047451,8627361
2020,CAN,CANADA,trout,core,911041,6401496
2020,GBR,UNITED KINGDOM,trout,core,413778,3094211
2020,ISL,ICELAND,trout,core,173858,2552896
2020,ARG,ARGENTINA,trout,core,259517,1144824
2020,AUS,AUSTRALIA,trout,core,66897,664181
2020,DNK,DENMARK,trout,core,36317,533265
2020,TUR,TURKEY,trout,core,88750,414004
2020,CRI,COSTA RICA,trout,core,45269,352480
2020,NLD,NETHERLANDS,trout,core,15395,187912
2020,VNM,VIETNAM,trout,core,3196,55351
2020,MEX,MEXICO,trout,core,9702,54130
2020,EST,ESTONIA,trout,core,4158,46551
2020,DEU,GERMANY,trout,core,869,14797
2020,JPN,JAPAN,trout,core,1790,11921
2020,KOR,SOUTH KOREA,trout,core,531,10783
2020,SUR,SURINAME,trout,core,998,6996
2020,TWN,TAIWAN,trout,core,449,4752
2020,THA,THAILAND,trout,core,160,3869
2020,THA,THAILAND,tuna,core,143959779,691095379
2020,IDN,INDONESIA,tuna,core,34243362,244674878
2020,VNM,VIETNAM,tuna,core,35256732,235918934
2020,ECU,ECUADOR,tuna,core,21192859,117768394
2020,FJI,FIJI,tuna,core,12570144,89488907
2020,MEX,MEXICO,tuna,core,21595239,88659338
2020,PHL,PHILIPPINES,tuna,core,13544243,78040269
2020,SEN,SENEGAL,tuna,core,8436613,45293553
2020,MUS,MAURITIUS,tuna,core,5591106,39475832
2020,PAN,PANAMA,tuna,core,3330647,29849420
2020,CRI,COSTA RICA,tuna,core,4127860,24246379
2020,ESP,SPAIN,tuna,core,1488626,16521292
2020,VEN,VENEZUELA,tuna,core,1288405,15344514
2020,CAN,CANADA,tuna,core,1122741,15213471
2020,TWN,TAIWAN,tuna,core,1289737,13177227
2020,JPN,JAPAN,tuna,core,793188,12078178
2020,LKA,SRI LANKA,tuna,core,904197,11993278
2020,MDV,MALDIVE IS.,tuna,core,1360663,11691835
2020,TTO,TRINIDAD & TOBAGO,tuna,core,1043154,11611890
2020,KOR,SOUTH KOREA,tuna,core,1166141,11360864
2020,COL,COLOMBIA,tuna,core,1256380,9090353
2020,SUR,SURINAME,tuna,core,1242773,8758985
2020,GRD,GRENADA,tuna,core,707928,6837287
2020,BRA,BRAZIL,tuna,core,741614,6550671
2020,ZAF,SOUTH AFRICA,tuna,core,449629,5965905
2020,CHN,CHINA,tuna,core,916622,5678944
2020,AUS,AUSTRALIA,tuna,core,417201,5429934
2020,PYF,FRENCH POLYNESIA,tuna,core,407721,4038427
2020,SYC,SEYCHELLES,tuna,core,353946,4035136
2020,PER,PERU,tuna,core,1126757,3761520
2020,MHL,MARSHALL IS.,tuna,core,337910,3709434
2020,TUR,TURKEY,tuna,core,140512,2625120
2020,PRT,PORTUGAL,tuna,core,376747,2202144
2020,ITA,ITALY,tuna,core,382345,2188780
2020,SLB,SOLOMON IS.,tuna,core,312360,2180330
2020,SLV,EL SALVADOR,tuna,core,286782,1946834
2020,CPV,CAPE VERDE,tuna,core,226665,1750261
2020,OMN,OMAN,tuna,core,170304,1647875
2020,BRB,BARBADOS,tuna,core,174549,1646951
2020,VCT,ST.VINCENT-GRENADINE,tuna,core,74739,1133850
2020,MOZ,MOZAMBIQUE,tuna,core,90508,1064540
2020,TUN,TUNISIA,tuna,core,56609,1030513
2020,KIR,KIRIBATI,tuna,core,91416,809098
2020,HRV,CROATIA,tuna,core,119024,754783
2020,FSM,FED STATES OF MICRON,tuna,core,54995,722751
2020,MYS,MALAYSIA,tuna,core,75642,699879
2020,CIV,IVORY COAST,tuna,core,109218,605814
2020,BLZ,BELIZE,tuna,core,63526,543131
2020,NZL,NEW ZEALAND,tuna,core,53214,462799
2020,GUY,GUYANA,tuna,core,14277,135633
2020,YEM,YEMEN,tuna,core,33424,124166
2020,ISR,ISRAEL,tuna,core,22340,109714
2020,MAR,MOROCCO,tuna,core,16252,98370
2020,GTM,GUATEMALA,tuna,core,12882,93631
2020,SGP,SINGAPORE,tuna,core,10492,83268
2020,FRA,FRANCE,tuna,core,4799,64859
2020,TON,TONGA,tuna,core,8235,58650
2020,DOM,DOMINICAN REPUBLIC,tuna,core,5132,58009
2020,REU,REUNION,tuna,core,3161,42372
2020,MLT,MALTA,tuna,core,832,38083
2020,GRC,GREECE,tuna,core,4987,37663
2020,BEL,BELGIUM,tuna,core,3188,32548
2020,NIC,NICARAGUA,tuna,core,3951,29067
2020,ARE,UNITED ARAB EMIRATES,tuna,core,15840,26400
2020,WSM,WESTERN SAMOA,tuna,core,3906,21741
2020,IND,INDIA,tuna,core,2752,11457
2020,VUT,VANUATU,tuna,core,2958,8872
2020,CHL,CHILE,tuna,core,1132,6139
2021,CHN,CHINA,catfish_other,extended,8389206,31233057
2021,VNM,VIETNAM,catfish_other,extended,1046802,4076845
2021,TWN,TAIWAN,catfish_other,extended,21340,129052
2021,THA,THAILAND,catfish_other,extended,20007,120528
2021,BRA,BRAZIL,catfish_other,extended,1320,16296
2021,CHN,CHINA,clams,core,10439791,22883481
2021,CAN,CANADA,clams,core,3037077,21757704
2021,VNM,VIETNAM,clams,core,3883806,12118229
2021,IDN,INDONESIA,clams,core,1835471,5923924
2021,THA,THAILAND,clams,core,862163,2530952
2021,MEX,MEXICO,clams,core,607587,2188151
2021,NZL,NEW ZEALAND,clams,core,418763,1990493
2021,CHL,CHILE,clams,core,249476,1097013
2021,NLD,NETHERLANDS,clams,core,144474,502017
2021,JPN,JAPAN,clams,core,54935,291127
2021,KOR,SOUTH KOREA,clams,core,45120,235935
2021,ESP,SPAIN,clams,core,66895,207577
2021,PHL,PHILIPPINES,clams,core,83597,146118
2021,ITA,ITALY,clams,core,17454,115607
2021,TWN,TAIWAN,clams,core,38642,101510
2021,PRT,PORTUGAL,clams,core,12582,70319
2021,ECU,ECUADOR,clams,core,2971,55983
2021,HKG,CHINA - HONG KONG,clams,core,18528,34311
2021,PER,PERU,clams,core,4643,28431
2021,PAN,PANAMA,clams,core,10780,23520
2021,IRL,IRELAND,clams,core,1930,15340
2021,CHN,CHINA,cod,core,36176307,238175011
2021,ISL,ICELAND,cod,core,14614392,169555210
2021,NOR,NORWAY,cod,core,4491801,48405139
2021,CAN,CANADA,cod,core,5101412,41322196
2021,RUS,RUSSIAN FEDERATION,cod,core,6391767,40790225
2021,IDN,INDONESIA,cod,core,2167718,11654023
2021,VNM,VIETNAM,cod,core,1566784,11002990
2021,PRT,PORTUGAL,cod,core,456315,4282834
2021,NLD,NETHERLANDS,cod,core,199933,2956161
2021,GRL,GREENLAND,cod,core,235698,2051128
2021,OMN,OMAN,cod,core,47222,850000
2021,FRA,FRANCE,cod,core,112000,674324
2021,ESP,SPAIN,cod,core,15978,573657
2021,POL,POLAND,cod,core,49438,496177
2021,THA,THAILAND,cod,core,30844,243246
2021,DNK,DENMARK,cod,core,21353,169210
2021,FRO,FAROE IS.,cod,core,30745,158770
2021,LVA,LATVIA,cod,core,18000,151941
2021,KOR,SOUTH KOREA,cod,core,20323,100959
2021,COL,COLOMBIA,cod,core,3490,43485
2021,DEU,GERMANY,cod,core,1603,28861
2021,NGA,NIGERIA,cod,core,3613,5319
2021,CAN,CANADA,crab,core,54453721,1471228568
2021,RUS,RUSSIAN FEDERATION,crab,core,31895714,1101551637
2021,IDN,INDONESIA,crab,core,14591517,446070447
2021,PHL,PHILIPPINES,crab,core,3587043,124451252
2021,NOR,NORWAY,crab,core,3688915,99954083
2021,CHN,CHINA,crab,core,6440373,75023715
2021,VEN,VENEZUELA,crab,core,2727368,62435030
2021,VNM,VIETNAM,crab,core,3070843,60334012
2021,MEX,MEXICO,crab,core,5150007,60292595
2021,IND,INDIA,crab,core,1811779,57562552
2021,GRL,GREENLAND,crab,core,1267228,37177510
2021,ARG,ARGENTINA,crab,core,992244,32541288
2021,MMR,BURMA,crab,core,1289532,24364143
2021,THA,THAILAND,crab,core,1509720,23487017
2021,LKA,SRI LANKA,crab,core,719747,16077629
2021,CHL,CHILE,crab,core,672597,15998844
2021,KOR,SOUTH KOREA,crab,core,781571,12267972
2021,COL,COLOMBIA,crab,core,341208,9463349
2021,NIC,NICARAGUA,crab,core,153283,4991729
2021,BGD,BANGLADESH,crab,core,246724,4281683
2021,JPN,JAPAN,crab,core,234405,3288372
2021,TUN,TUNISIA,crab,core,610108,3111231
2021,BHS,BAHAMAS,crab,core,82644,2418725
2021,SWE,SWEDEN,crab,core,53016,2244461
2021,BHR,BAHRAIN,crab,core,546428,2221882
2021,ECU,ECUADOR,crab,core,108108,897839
2021,GBR,UNITED KINGDOM,crab,core,48804,628234
2021,ITA,ITALY,crab,core,9262,432210
2021,SGP,SINGAPORE,crab,core,13368,255595
2021,GRC,GREECE,crab,core,49974,226255
2021,MOZ,MOZAMBIQUE,crab,core,37826,223600
2021,IRL,IRELAND,crab,core,12039,222422
2021,TZA,TANZANIA,crab,core,14396,115614
2021,AUS,AUSTRALIA,crab,core,3991,87331
2021,ESP,SPAIN,crab,core,5419,44227
2021,FRA,FRANCE,crab,core,445,31171
2021,PAK,PAKISTAN,crab,core,4960,25596
2021,MAR,MOROCCO,crab,core,1568,24215
2021,NLD,NETHERLANDS,crab,core,1260,23189
2021,PRT,PORTUGAL,crab,core,2468,22302
2021,TWN,TAIWAN,crab,core,653,20143
2021,PER,PERU,crab,core,505,13776
2021,TTO,TRINIDAD & TOBAGO,crab,core,349,10780
2021,CPV,CAPE VERDE,crab,core,741,5792
2021,GUY,GUYANA,crab,core,371,2010
2021,CHN,CHINA,crawfish_freshwater,extended,3672552,16498816
2021,ESP,SPAIN,crawfish_freshwater,extended,1005305,4198219
2021,JPN,JAPAN,crawfish_freshwater,extended,186660,3933125
2021,EGY,EGYPT,crawfish_freshwater,extended,506298,2148607
2021,VNM,VIETNAM,crawfish_freshwater,extended,17944,49450
2021,MOZ,MOZAMBIQUE,crawfish_freshwater,extended,3299,22365
2021,CMR,CAMEROON,crawfish_freshwater,extended,3726,12150
2021,GMB,GAMBIA,crawfish_freshwater,extended,1567,10620
2021,CHN,CHINA,eel_sturgeon_shad,extended,6869325,68778495
2021,THA,THAILAND,eel_sturgeon_shad,extended,340465,2705820
2021,TWN,TAIWAN,eel_sturgeon_shad,extended,143066,1407598
2021,MMR,BURMA,eel_sturgeon_shad,extended,118845,1267069
2021,VNM,VIETNAM,eel_sturgeon_shad,extended,171910,1156552
2021,JPN,JAPAN,eel_sturgeon_shad,extended,85593,1042813
2021,IDN,INDONESIA,eel_sturgeon_shad,extended,54936,1030284
2021,KOR,SOUTH KOREA,eel_sturgeon_shad,extended,75450,764023
2021,BGD,BANGLADESH,eel_sturgeon_shad,extended,54126,357547
2021,ITA,ITALY,eel_sturgeon_shad,extended,39919,227901
2021,IND,INDIA,eel_sturgeon_shad,extended,29000,207932
2021,CAN,CANADA,eel_sturgeon_shad,extended,27001,206528
2021,FJI,FIJI,eel_sturgeon_shad,extended,8972,104839
2021,PRT,PORTUGAL,eel_sturgeon_shad,extended,10948,104331
2021,ECU,ECUADOR,eel_sturgeon_shad,extended,10000,55000
2021,SUR,SURINAME,eel_sturgeon_shad,extended,11175,46357
2021,PER,PERU,eel_sturgeon_shad,extended,3502,42424
2021,MYS,MALAYSIA,eel_sturgeon_shad,extended,10517,41159
2021,ESP,SPAIN,eel_sturgeon_shad,extended,1039,33688
2021,NLD,NETHERLANDS,eel_sturgeon_shad,extended,912,12711
2021,NZL,NEW ZEALAND,eel_sturgeon_shad,extended,990,10913
2021,PAK,PAKISTAN,eel_sturgeon_shad,extended,1000,6113
2021,UKR,UKRAINE,eel_sturgeon_shad,extended,760,2088
2021,CHN,CHINA,flatfish,core,10438177,43082663
2021,CAN,CANADA,flatfish,core,3924314,21696237
2021,NLD,NETHERLANDS,flatfish,core,1427795,11826019
2021,THA,THAILAND,flatfish,core,1712102,10257726
2021,ISL,ICELAND,flatfish,core,732759,7163467
2021,ARG,ARGENTINA,flatfish,core,1162974,6147840
2021,KOR,SOUTH KOREA,flatfish,core,341908,3646516
2021,MEX,MEXICO,flatfish,core,567538,3276155
2021,ESP,SPAIN,flatfish,core,331714,2798094
2021,IDN,INDONESIA,flatfish,core,394418,2238596
2021,VNM,VIETNAM,flatfish,core,276199,1401255
2021,NOR,NORWAY,flatfish,core,196359,927684
2021,TWN,TAIWAN,flatfish,core,84372,730861
2021,GRL,GREENLAND,flatfish,core,120389,676172
2021,DNK,DENMARK,flatfish,core,109862,626819
2021,PAN,PANAMA,flatfish,core,80648,435174
2021,JPN,JAPAN,flatfish,core,35987,331259
2021,BRA,BRAZIL,flatfish,core,59631,276551
2021,PHL,PHILIPPINES,flatfish,core,111215,115236
2021,PRT,PORTUGAL,flatfish,core,14598,108117
2021,SEN,SENEGAL,flatfish,core,21321,80500
2021,UKR,UKRAINE,flatfish,core,3629,29266
2021,FRA,FRANCE,flatfish,core,3088,22074
2021,IND,INDIA,flatfish,core,2286,11491
2021,GUY,GUYANA,flatfish,core,1347,9158
2021,PAK,PAKISTAN,flatfish,core,3267,7690
2021,NIC,NICARAGUA,flatfish,core,1402,6608
2021,TUR,TURKEY,flatfish,core,575,6005
2021,CAN,CANADA,halibut,core,7260468,122384855
2021,NOR,NORWAY,halibut,core,849155,13107596
2021,CHN,CHINA,halibut,core,711783,10798870
2021,RUS,RUSSIAN FEDERATION,halibut,core,773752,8895745
2021,MEX,MEXICO,halibut,core,502541,3689468
2021,THA,THAILAND,halibut,core,93769,1577331
2021,NLD,NETHERLANDS,halibut,core,43553,786819
2021,FRO,FAROE IS.,halibut,core,28684,441922
2021,ESP,SPAIN,halibut,core,14627,333478
2021,KOR,SOUTH KOREA,halibut,core,9502,263012
2021,ECU,ECUADOR,halibut,core,10988,150014
2021,PRT,PORTUGAL,halibut,core,24547,138648
2021,FRA,FRANCE,halibut,core,5100,100364
2021,TWN,TAIWAN,halibut,core,8380,93508
2021,GBR,UNITED KINGDOM,halibut,core,7285,79844
2021,JPN,JAPAN,halibut,core,704,14230
2021,CAN,CANADA,herring,core,11005962,32633594
2021,DEU,GERMANY,herring,core,1288049,7012400
2021,LVA,LATVIA,herring,core,498587,2696311
2021,POL,POLAND,herring,core,530704,2292144
2021,KOR,SOUTH KOREA,herring,core,156180,2223216
2021,NOR,NORWAY,herring,core,695145,1668604
2021,BLR,BELARUS,herring,core,492074,1306242
2021,RUS,RUSSIAN FEDERATION,herring,core,812888,1117924
2021,MEX,MEXICO,herring,core,610520,1104676
2021,NLD,NETHERLANDS,herring,core,177688,889154
2021,PHL,PHILIPPINES,herring,core,411114,843445
2021,LTU,LITHUANIA,herring,core,221305,840736
2021,ISL,ICELAND,herring,core,143865,816688
2021,JPN,JAPAN,herring,core,113408,683644
2021,SLV,EL SALVADOR,herring,core,51696,675647
2021,TUR,TURKEY,herring,core,138983,541673
2021,EST,ESTONIA,herring,core,509172,509172
2021,SUR,SURINAME,herring,core,68404,381635
2021,VNM,VIETNAM,herring,core,147460,363043
2021,CHN,CHINA,herring,core,68789,278611
2021,SLE,SIERRA LEONE,herring,core,121935,191982
2021,DNK,DENMARK,herring,core,45590,190298
2021,HKG,CHINA - HONG KONG,herring,core,11099,149350
2021,UKR,UKRAINE,herring,core,41954,134354
2021,MAR,MOROCCO,herring,core,32000,128000
2021,GIN,GUINEA,herring,core,125929,106373
2021,SWE,SWEDEN,herring,core,21967,104025
2021,GHA,GHANA,herring,core,29419,99868
2021,EGY,EGYPT,herring,core,22450,99167
2021,MMR,BURMA,herring,core,12554,85093
2021,FIN,FINLAND,herring,core,6116,81237
2021,ARG,ARGENTINA,herring,core,36248,79752
2021,GBR,UNITED KINGDOM,herring,core,42701,55070
2021,MRT,MAURITANIA,herring,core,22000,46200
2021,MYS,MALAYSIA,herring,core,5502,42156
2021,GTM,GUATEMALA,herring,core,8844,39318
2021,GMB,GAMBIA,herring,core,33342,37371
2021,GRC,GREECE,herring,core,2973,22667
2021,TZA,TANZANIA,herring,core,6106,19010
2021,IND,INDIA,herring,core,12103,18777
2021,NIC,NICARAGUA,herring,core,10046,16308
2021,HND,HONDURAS,herring,core,1784,12537
2021,ARM,ARMENIA,herring,core,8880,11170
2021,ESP,SPAIN,herring,core,122,6286
2021,PER,PERU,herring,core,892,5774
2021,FRA,FRANCE,herring,core,16,3575
2021,MTQ,MARTINIQUE,herring,core,132,3476
2021,VCT,ST.VINCENT-GRENADINE,herring,core,190,2919
2021,CAN,CANADA,inland_freshwater_other,extended,6719562,73195177
2021,RUS,RUSSIAN FEDERATION,inland_freshwater_other,extended,656643,7996207
2021,KAZ,KAZAKHSTAN,inland_freshwater_other,extended,384549,3551263
2021,POL,POLAND,inland_freshwater_other,extended,268227,2464697
2021,UGA,UGANDA,inland_freshwater_other,extended,187467,1789871
2021,TUR,TURKEY,inland_freshwater_other,extended,344403,1415024
2021,UKR,UKRAINE,inland_freshwater_other,extended,148101,1403668
2021,MMR,BURMA,inland_freshwater_other,extended,358975,998178
2021,CHN,CHINA,inland_freshwater_other,extended,313666,958569
2021,PER,PERU,inland_freshwater_other,extended,225794,698598
2021,DEU,GERMANY,inland_freshwater_other,extended,62053,539351
2021,NLD,NETHERLANDS,inland_freshwater_other,extended,63309,510868
2021,BGD,BANGLADESH,inland_freshwater_other,extended,95995,466247
2021,VNM,VIETNAM,inland_freshwater_other,extended,120115,448399
2021,EST,ESTONIA,inland_freshwater_other,extended,44335,368327
2021,BRA,BRAZIL,inland_freshwater_other,extended,63624,330690
2021,TWN,TAIWAN,inland_freshwater_other,extended,57454,213503
2021,TZA,TANZANIA,inland_freshwater_other,extended,15418,118437
2021,CHL,CHILE,inland_freshwater_other,extended,29510,108475
2021,IDN,INDONESIA,inland_freshwater_other,extended,22309,101377
2021,NOR,NORWAY,inland_freshwater_other,extended,25189,83155
2021,PRT,PORTUGAL,inland_freshwater_other,extended,10983,82770
2021,HKG,CHINA - HONG KONG,inland_freshwater_other,extended,65003,63840
2021,MRT,MAURITANIA,inland_freshwater_other,extended,22000,46200
2021,JPN,JAPAN,inland_freshwater_other,extended,2028,41190
2021,HND,HONDURAS,inland_freshwater_other,extended,61928,19628
2021,THA,THAILAND,inland_freshwater_other,extended,3190,14562
2021,IND,INDIA,inland_freshwater_other,extended,11975,13200
2021,GRC,GREECE,inland_freshwater_other,extended,5040,12419
2021,TTO,TRINIDAD & TOBAGO,inland_freshwater_other,extended,1061,8850
2021,ZMB,ZAMBIA,inland_freshwater_other,extended,600,5400
2021,PER,PERU,large_pelagics_other,extended,8544630,86625487
2021,ECU,ECUADOR,large_pelagics_other,extended,7449673,78805369
2021,TWN,TAIWAN,large_pelagics_other,extended,2370722,26331388
2021,VNM,VIETNAM,large_pelagics_other,extended,2722570,20807554
2021,PAN,PANAMA,large_pelagics_other,extended,1169406,11341665
2021,CRI,COSTA RICA,large_pelagics_other,extended,1092913,9604456
2021,IDN,INDONESIA,large_pelagics_other,extended,1018102,7315427
2021,GTM,GUATEMALA,large_pelagics_other,extended,599904,5388076
2021,NIC,NICARAGUA,large_pelagics_other,extended,527357,5027219
2021,SLV,EL SALVADOR,large_pelagics_other,extended,216053,1709205
2021,BRA,BRAZIL,large_pelagics_other,extended,141597,1239559
2021,VEN,VENEZUELA,large_pelagics_other,extended,115986,1120788
2021,MYS,MALAYSIA,large_pelagics_other,extended,130281,945166
2021,MEX,MEXICO,large_pelagics_other,extended,54293,384440
2021,MOZ,MOZAMBIQUE,large_pelagics_other,extended,31486,235513
2021,THA,THAILAND,large_pelagics_other,extended,28512,193760
2021,JPN,JAPAN,large_pelagics_other,extended,23072,171148
2021,OMN,OMAN,large_pelagics_other,extended,31534,169825
2021,PHL,PHILIPPINES,large_pelagics_other,extended,18212,112420
2021,DOM,DOMINICAN REPUBLIC,large_pelagics_other,extended,10446,108675
2021,IND,INDIA,large_pelagics_other,extended,21122,98689
2021,CHN,CHINA,large_pelagics_other,extended,17236,87770
2021,ITA,ITALY,large_pelagics_other,extended,5070,63401
2021,SGP,SINGAPORE,large_pelagics_other,extended,6255,59525
2021,SUR,SURINAME,large_pelagics_other,extended,2981,25978
2021,MUS,MAURITIUS,large_pelagics_other,extended,900,11000
2021,EGY,EGYPT,large_pelagics_other,extended,644,8120
2021,BLZ,BELIZE,large_pelagics_other,extended,592,6617
2021,FJI,FIJI,large_pelagics_other,extended,445,5112
2021,CAN,CANADA,large_pelagics_other,extended,396,4791
2021,PYF,FRENCH POLYNESIA,large_pelagics_other,extended,204,3207
2021,SEN,SENEGAL,large_pelagics_other,extended,392,2538
2021,CAN,CANADA,lobster,core,53582996,1799988443
2021,BRA,BRAZIL,lobster,core,1365184,75299220
2021,BHS,BAHAMAS,lobster,core,1163631,58333334
2021,HND,HONDURAS,lobster,core,1225042,56451284
2021,NIC,NICARAGUA,lobster,core,1276007,54961051
2021,ZAF,SOUTH AFRICA,lobster,core,303385,19496675
2021,ARE,UNITED ARAB EMIRATES,lobster,core,512198,16961062
2021,AUS,AUSTRALIA,lobster,core,379811,15696204
2021,BLZ,BELIZE,lobster,core,253328,10794483
2021,MEX,MEXICO,lobster,core,152611,6563318
2021,JAM,JAMAICA,lobster,core,138081,6168480
2021,SHN,ST.HELENA,lobster,core,95933,6104151
2021,COL,COLOMBIA,lobster,core,98506,4905295
2021,GBR,UNITED KINGDOM,lobster,core,216632,4220019
2021,NZL,NEW ZEALAND,lobster,core,87655,2767339
2021,PAN,PANAMA,lobster,core,68337,2240595
2021,JPN,JAPAN,lobster,core,92527,2095486
2021,ESP,SPAIN,lobster,core,251257,1952252
2021,VEN,VENEZUELA,lobster,core,33751,1419169
2021,ECU,ECUADOR,lobster,core,49433,1309695
2021,DOM,DOMINICAN REPUBLIC,lobster,core,30802,1254886
2021,ITA,ITALY,lobster,core,19660,1175929
2021,CHN,CHINA,lobster,core,39147,1029146
2021,IRL,IRELAND,lobster,core,74804,966688
2021,NOR,NORWAY,lobster,core,36539,871353
2021,EGY,EGYPT,lobster,core,213130,861421
2021,VCT,ST.VINCENT-GRENADINE,lobster,core,44179,671440
2021,TCA,TURKS & CAICOS IS.,lobster,core,21553,648800
2021,TTO,TRINIDAD & TOBAGO,lobster,core,35586,559761
2021,IDN,INDONESIA,lobster,core,26787,545829
2021,COK,COOK IS.,lobster,core,70930,510696
2021,OMN,OMAN,lobster,core,15404,441566
2021,GRD,GRENADA,lobster,core,14494,370521
2021,ATG,ANTIGUA & BARBUDA,lobster,core,14115,354060
2021,PNG,PAPUA NEW GUINEA,lobster,core,5136,275873
2021,HTI,HAITI,lobster,core,2593,80020
2021,FRO,FAROE IS.,lobster,core,1101,52948
2021,SWE,SWEDEN,lobster,core,1206,51637
2021,TZA,TANZANIA,lobster,core,6516,48128
2021,NLD,NETHERLANDS,lobster,core,1173,45978
2021,TUR,TURKEY,lobster,core,4521,37493
2021,DNK,DENMARK,lobster,core,992,33734
2021,MYS,MALAYSIA,lobster,core,5140,24929
2021,MOZ,MOZAMBIQUE,lobster,core,2250,18951
2021,CHL,CHILE,lobster,core,610,17694
2021,GIN,GUINEA,lobster,core,720,16927
2021,NGA,NIGERIA,lobster,core,691,16020
2021,MRT,MAURITANIA,lobster,core,288,13062
2021,MAR,MOROCCO,lobster,core,469,8917
2021,FRA,FRANCE,lobster,core,199,7920
2021,SEN,SENEGAL,lobster,core,118,3951
2021,KOR,SOUTH KOREA,lobster,core,560,2800
2021,GTM,GUATEMALA,lobster,core,42,2232
2021,THA,THAILAND,mackerel,core,4955455,18910835
2021,NOR,NORWAY,mackerel,core,8561780,18451116
2021,CHN,CHINA,mackerel,core,4519347,10726246
2021,VNM,VIETNAM,mackerel,core,2187021,6999073
2021,JPN,JAPAN,mackerel,core,675713,5894050
2021,CHL,CHILE,mackerel,core,1738778,4128127
2021,KOR,SOUTH KOREA,mackerel,core,1343389,3315963
2021,CAN,CANADA,mackerel,core,539622,2792595
2021,POL,POLAND,mackerel,core,283238,2622104
2021,SUR,SURINAME,mackerel,core,478116,2271135
2021,ESP,SPAIN,mackerel,core,511802,2174761
2021,MAR,MOROCCO,mackerel,core,743528,2051920
2021,ECU,ECUADOR,mackerel,core,1215228,2029344
2021,BRA,BRAZIL,mackerel,core,353557,1461380
2021,PRT,PORTUGAL,mackerel,core,262514,983144
2021,MEX,MEXICO,mackerel,core,349447,913681
2021,VEN,VENEZUELA,mackerel,core,168214,778444
2021,TWN,TAIWAN,mackerel,core,286769,671090
2021,ISL,ICELAND,mackerel,core,339250,651984
2021,MYS,MALAYSIA,mackerel,core,209865,418665
2021,TUN,TUNISIA,mackerel,core,31646,347542
2021,PHL,PHILIPPINES,mackerel,core,106957,332699
2021,IDN,INDONESIA,mackerel,core,56254,290489
2021,NZL,NEW ZEALAND,mackerel,core,155080,289097
2021,FRO,FAROE IS.,mackerel,core,119560,264296
2021,IND,INDIA,mackerel,core,66763,237041
2021,CPV,CAPE VERDE,mackerel,core,23650,231547
2021,GBR,UNITED KINGDOM,mackerel,core,48000,177500
2021,PER,PERU,mackerel,core,27744,159800
2021,LVA,LATVIA,mackerel,core,48764,155985
2021,IRL,IRELAND,mackerel,core,57000,127498
2021,SLV,EL SALVADOR,mackerel,core,40817,109682
2021,LTU,LITHUANIA,mackerel,core,20998,100479
2021,SVN,SLOVENIA,mackerel,core,14581,99479
2021,FJI,FIJI,mackerel,core,19996,96144
2021,NIC,NICARAGUA,mackerel,core,22872,72811
2021,GRL,GREENLAND,mackerel,core,25200,59472
2021,VCT,ST.VINCENT-GRENADINE,mackerel,core,3742,55391
2021,DEU,GERMANY,mackerel,core,8668,46961
2021,DNK,DENMARK,mackerel,core,18303,44149
2021,RUS,RUSSIAN FEDERATION,mackerel,core,13657,43876
2021,HRV,CROATIA,mackerel,core,4865,43559
2021,PAN,PANAMA,mackerel,core,5780,43260
2021,UKR,UKRAINE,mackerel,core,10520,42744
2021,ARE,UNITED ARAB EMIRATES,mackerel,core,9762,36789
2021,HKG,CHINA - HONG KONG,mackerel,core,6005,33100
2021,SLE,SIERRA LEONE,mackerel,core,21788,32828
2021,FRA,FRANCE,mackerel,core,1526,27864
2021,ITA,ITALY,mackerel,core,2408,23336
2021,ZAF,SOUTH AFRICA,mackerel,core,11940,23134
2021,GRC,GREECE,mackerel,core,2045,22750
2021,TUR,TURKEY,mackerel,core,1265,12600
2021,GUY,GUYANA,mackerel,core,4304,8828
2021,MMR,BURMA,mackerel,core,899,6966
2021,GHA,GHANA,mackerel,core,990,5293
2021,TTO,TRINIDAD & TOBAGO,mackerel,core,1996,3300
2021,OMN,OMAN,mackerel,core,168,2400
2021,PYF,FRENCH POLYNESIA,mackerel,core,249,2035
2021,LKA,SRI LANKA,mackerel,core,468,2018
2021,NZL,NEW ZEALAND,mussels,core,11038346,55957676
2021,CAN,CANADA,mussels,core,13681297,41966028
2021,CHL,CHILE,mussels,core,15320814,38256472
2021,ESP,SPAIN,mussels,core,298113,1590378
2021,PER,PERU,mussels,core,80290,1342843
2021,ZAF,SOUTH AFRICA,mussels,core,384829,1150918
2021,CHN,CHINA,mussels,core,241167,674288
2021,VNM,VIETNAM,mussels,core,93424,305222
2021,THA,THAILAND,mussels,core,50228,299015
2021,ITA,ITALY,mussels,core,26174,198003
2021,FRA,FRANCE,mussels,core,9173,162717
2021,MEX,MEXICO,mussels,core,25000,131250
2021,PRT,PORTUGAL,mussels,core,13890,86773
2021,KOR,SOUTH KOREA,mussels,core,16622,79267
2021,PAK,PAKISTAN,mussels,core,24000,72000
2021,CRI,COSTA RICA,mussels,core,1667,63800
2021,IND,INDIA,mussels,core,17860,40369
2021,DNK,DENMARK,mussels,core,1548,22364
2021,IRL,IRELAND,mussels,core,5448,19580
2021,DEU,GERMANY,mussels,core,380,4170
2021,ISL,ICELAND,other_groundfish,core,5109840,60623612
2021,CHN,CHINA,other_groundfish,core,11277518,57857675
2021,CAN,CANADA,other_groundfish,core,9225594,40883449
2021,NOR,NORWAY,other_groundfish,core,4582209,21258313
2021,NZL,NEW ZEALAND,other_groundfish,core,1663078,19563247
2021,ARG,ARGENTINA,other_groundfish,core,5382817,17118562
2021,RUS,RUSSIAN FEDERATION,other_groundfish,core,1343904,7159130
2021,FRO,FAROE IS.,other_groundfish,core,1233523,5467182
2021,ZAF,SOUTH AFRICA,other_groundfish,core,681653,3814307
2021,POL,POLAND,other_groundfish,core,254710,2296343
2021,AUS,AUSTRALIA,other_groundfish,core,176123,2263110
2021,VNM,VIETNAM,other_groundfish,core,454513,1657522
2021,CHL,CHILE,other_groundfish,core,486588,1648643
2021,ECU,ECUADOR,other_groundfish,core,541067,1427122
2021,URY,URUGUAY,other_groundfish,core,416312,797353
2021,LVA,LATVIA,other_groundfish,core,76726,678811
2021,IND,INDIA,other_groundfish,core,47900,445632
2021,NLD,NETHERLANDS,other_groundfish,core,50853,377768
2021,MEX,MEXICO,other_groundfish,core,213476,369218
2021,KAZ,KAZAKHSTAN,other_groundfish,core,30400,351596
2021,PER,PERU,other_groundfish,core,129619,318780
2021,PRT,PORTUGAL,other_groundfish,core,34465,254222
2021,THA,THAILAND,other_groundfish,core,11690,150062
2021,NAM,NAMIBIA,other_groundfish,core,21243,142914
2021,JPN,JAPAN,other_groundfish,core,830,116616
2021,KOR,SOUTH KOREA,other_groundfish,core,19808,75650
2021,TWN,TAIWAN,other_groundfish,core,19958,65320
2021,GRL,GREENLAND,other_groundfish,core,8757,47514
2021,IRL,IRELAND,other_groundfish,core,48000,40080
2021,ESP,SPAIN,other_groundfish,core,7591,30802
2021,CHN,CHINA,other_shellfish_specialty,extended,3579549,17767145
2021,AUS,AUSTRALIA,other_shellfish_specialty,extended,315900,13661471
2021,NIC,NICARAGUA,other_shellfish_specialty,extended,776144,13240970
2021,HND,HONDURAS,other_shellfish_specialty,extended,513703,10310368
2021,MEX,MEXICO,other_shellfish_specialty,extended,339848,7596022
2021,BLZ,BELIZE,other_shellfish_specialty,extended,409819,7239981
2021,HKG,CHINA - HONG KONG,other_shellfish_specialty,extended,60228,4959856
2021,KOR,SOUTH KOREA,other_shellfish_specialty,extended,451318,4873384
2021,VNM,VIETNAM,other_shellfish_specialty,extended,825846,4724663
2021,BHS,BAHAMAS,other_shellfish_specialty,extended,238395,3851180
2021,CHL,CHILE,other_shellfish_specialty,extended,187476,3670549
2021,FRA,FRANCE,other_shellfish_specialty,extended,273844,3054722
2021,TWN,TAIWAN,other_shellfish_specialty,extended,53324,1887349
2021,VCT,ST.VINCENT-GRENADINE,other_shellfish_specialty,extended,89259,1388964
2021,IDN,INDONESIA,other_shellfish_specialty,extended,269033,1170381
2021,NZL,NEW ZEALAND,other_shellfish_specialty,extended,216717,1031034
2021,TCA,TURKS & CAICOS IS.,other_shellfish_specialty,extended,61239,969525
2021,CAN,CANADA,other_shellfish_specialty,extended,60116,498951
2021,ZAF,SOUTH AFRICA,other_shellfish_specialty,extended,7394,414427
2021,MYS,MALAYSIA,other_shellfish_specialty,extended,92188,338010
2021,JPN,JAPAN,other_shellfish_specialty,extended,29742,309148
2021,IRL,IRELAND,other_shellfish_specialty,extended,48000,231101
2021,ESP,SPAIN,other_shellfish_specialty,extended,9279,210327
2021,NGA,NIGERIA,other_shellfish_specialty,extended,19124,207838
2021,KNA,ST.KITTS-NEVIS,other_shellfish_specialty,extended,12477,162800
2021,PRT,PORTUGAL,other_shellfish_specialty,extended,20799,161175
2021,THA,THAILAND,other_shellfish_specialty,extended,27533,161114
2021,JAM,JAMAICA,other_shellfish_specialty,extended,6691,132750
2021,IND,INDIA,other_shellfish_specialty,extended,20000,50600
2021,CIV,IVORY COAST,other_shellfish_specialty,extended,7383,42008
2021,SLE,SIERRA LEONE,other_shellfish_specialty,extended,8446,35800
2021,PAK,PAKISTAN,other_shellfish_specialty,extended,4560,22254
2021,ITA,ITALY,other_shellfish_specialty,extended,3240,20352
2021,TTO,TRINIDAD & TOBAGO,other_shellfish_specialty,extended,3628,16000
2021,GIN,GUINEA,other_shellfish_specialty,extended,3575,14300
2021,BEN,BENIN,other_shellfish_specialty,extended,3932,7030
2021,CMR,CAMEROON,other_shellfish_specialty,extended,2046,6500
2021,NLD,NETHERLANDS,other_shellfish_specialty,extended,300,3846
2021,GUY,GUYANA,other_shellfish_specialty,extended,259,3432
2021,ECU,ECUADOR,other_shellfish_specialty,extended,479,2106
2021,CAN,CANADA,oysters,core,3972824,40556253
2021,CHN,CHINA,oysters,core,4004175,25572246
2021,KOR,SOUTH KOREA,oysters,core,3425659,24731876
2021,MEX,MEXICO,oysters,core,3064090,11791157
2021,JPN,JAPAN,oysters,core,329347,2363206
2021,HKG,CHINA - HONG KONG,oysters,core,226803,1898794
2021,ITA,ITALY,oysters,core,470503,1833157
2021,NZL,NEW ZEALAND,oysters,core,78957,843711
2021,VNM,VIETNAM,pangasius_basa_swai,extended,107166761,315303655
2021,CHN,CHINA,pollock,core,29676791,84782871
2021,VNM,VIETNAM,pollock,core,8123743,22557900
2021,THA,THAILAND,pollock,core,2914681,9211661
2021,CAN,CANADA,pollock,core,2293756,9051296
2021,PHL,PHILIPPINES,pollock,core,990405,3001573
2021,KOR,SOUTH KOREA,pollock,core,558796,2892219
2021,RUS,RUSSIAN FEDERATION,pollock,core,614762,2049984
2021,IDN,INDONESIA,pollock,core,551264,1531105
2021,ISL,ICELAND,pollock,core,59705,514699
2021,ECU,ECUADOR,pollock,core,34524,151374
2021,PRT,PORTUGAL,pollock,core,75140,121499
2021,LVA,LATVIA,pollock,core,8110,112621
2021,ESP,SPAIN,pollock,core,15865,103290
2021,IRL,IRELAND,pollock,core,3038,64912
2021,MEX,MEXICO,pollock,core,19305,62720
2021,JPN,JAPAN,pollock,core,57405,57405
2021,ITA,ITALY,pollock,core,3765,45260
2021,HKG,CHINA - HONG KONG,pollock,core,1650,44834
2021,GBR,UNITED KINGDOM,pollock,core,339,12127
2021,MTQ,MARTINIQUE,pollock,core,264,6951
2021,TUR,TURKEY,reef_fish_other,extended,5495014,41895217
2021,GRC,GREECE,reef_fish_other,extended,3705674,31334447
2021,ESP,SPAIN,reef_fish_other,extended,1236747,13404921
2021,MEX,MEXICO,reef_fish_other,extended,857046,7949666
2021,JPN,JAPAN,reef_fish_other,extended,221218,3530043
2021,NZL,NEW ZEALAND,reef_fish_other,extended,547443,3494911
2021,NLD,NETHERLANDS,reef_fish_other,extended,194082,1673776
2021,PAN,PANAMA,reef_fish_other,extended,139144,1646265
2021,MUS,MAURITIUS,reef_fish_other,extended,194056,1158853
2021,CYP,CYPRUS,reef_fish_other,extended,107592,999813
2021,NOR,NORWAY,reef_fish_other,extended,97122,797747
2021,CAN,CANADA,reef_fish_other,extended,113648,751773
2021,TWN,TAIWAN,reef_fish_other,extended,159098,738149
2021,ARG,ARGENTINA,reef_fish_other,extended,189009,646411
2021,PRT,PORTUGAL,reef_fish_other,extended,9357,366389
2021,CHL,CHILE,reef_fish_other,extended,17823,212420
2021,SUR,SURINAME,reef_fish_other,extended,24998,143610
2021,VNM,VIETNAM,reef_fish_other,extended,20641,143133
2021,IDN,INDONESIA,reef_fish_other,extended,16213,126645
2021,CHN,CHINA,reef_fish_other,extended,21336,98525
2021,DOM,DOMINICAN REPUBLIC,reef_fish_other,extended,11679,94608
2021,BRA,BRAZIL,reef_fish_other,extended,8438,72621
2021,ITA,ITALY,reef_fish_other,extended,2170,63160
2021,ECU,ECUADOR,reef_fish_other,extended,10990,56588
2021,EGY,EGYPT,reef_fish_other,extended,4652,49813
2021,GBR,UNITED KINGDOM,reef_fish_other,extended,2000,23099
2021,PHL,PHILIPPINES,reef_fish_other,extended,2346,17152
2021,COL,COLOMBIA,reef_fish_other,extended,2178,15202
2021,FRA,FRANCE,reef_fish_other,extended,2038,15030
2021,KOR,SOUTH KOREA,reef_fish_other,extended,2147,13607
2021,IND,INDIA,reef_fish_other,extended,708,9204
2021,CAN,CANADA,sablefish,core,337845,4933269
2021,MEX,MEXICO,sablefish,core,2822,13655
2021,CHL,CHILE,salmon,core,214918995,2501314907
2021,CAN,CANADA,salmon,core,97059985,842325227
2021,NOR,NORWAY,salmon,core,57890298,759991768
2021,CHN,CHINA,salmon,core,33432304,215781202
2021,FRO,FAROE IS.,salmon,core,16479302,176318003
2021,NLD,NETHERLANDS,salmon,core,11674892,170175021
2021,GBR,UNITED KINGDOM,salmon,core,14473432,142014076
2021,DEU,GERMANY,salmon,core,6467538,92302171
2021,DNK,DENMARK,salmon,core,4869539,62963686
2021,ISL,ICELAND,salmon,core,6709308,62605975
2021,THA,THAILAND,salmon,core,8068541,55977462
2021,POL,POLAND,salmon,core,3405508,53929067
2021,NZL,NEW ZEALAND,salmon,core,4156325,53830038
2021,RUS,RUSSIAN FEDERATION,salmon,core,1976287,16398961
2021,AUS,AUSTRALIA,salmon,core,1243281,10797358
2021,GRC,GREECE,salmon,core,458932,8776162
2021,UKR,UKRAINE,salmon,core,475176,6687781
2021,IRL,IRELAND,salmon,core,425587,4338117
2021,ECU,ECUADOR,salmon,core,710914,4307234
2021,FRA,FRANCE,salmon,core,181938,4048018
2021,IDN,INDONESIA,salmon,core,337540,2136413
2021,VNM,VIETNAM,salmon,core,203720,1521866
2021,SWE,SWEDEN,salmon,core,77448,1247140
2021,LTU,LITHUANIA,salmon,core,65513,980127
2021,ESP,SPAIN,salmon,core,79730,948234
2021,SGP,SINGAPORE,salmon,core,44952,748032
2021,JPN,JAPAN,salmon,core,43201,717121
2021,MEX,MEXICO,salmon,core,16434,318892
2021,LVA,LATVIA,salmon,core,28007,299838
2021,PRT,PORTUGAL,salmon,core,39573,181326
2021,ARM,ARMENIA,salmon,core,18223,102026
2021,TWN,TAIWAN,salmon,core,2560,23667
2021,EST,ESTONIA,salmon,core,900,17690
2021,BEN,BENIN,salmon,core,1544,3960
2021,IND,INDIA,salmon,core,610,3494
2021,CAN,CANADA,scallops,core,3726731,96322813
2021,JPN,JAPAN,scallops,core,5277120,96301081
2021,PER,PERU,scallops,core,3725984,43611954
2021,CHN,CHINA,scallops,core,5681739,28435000
2021,ARG,ARGENTINA,scallops,core,2981336,24323566
2021,MEX,MEXICO,scallops,core,1571576,14153444
2021,HKG,CHINA - HONG KONG,scallops,core,245734,10278556
2021,PHL,PHILIPPINES,scallops,core,1097519,5190539
2021,FRA,FRANCE,scallops,core,485211,2550525
2021,VNM,VIETNAM,scallops,core,204078,2080755
2021,CHL,CHILE,scallops,core,33135,388307
2021,THA,THAILAND,scallops,core,27574,273764
2021,FRO,FAROE IS.,scallops,core,24000,234242
2021,ARE,UNITED ARAB EMIRATES,scallops,core,29367,99828
2021,TWN,TAIWAN,scallops,core,2856,82238
2021,ESP,SPAIN,scallops,core,10918,59789
2021,ECU,ECUADOR,scallops,core,1569,42985
2021,GBR,UNITED KINGDOM,scallops,core,416,10545
2021,ISL,ICELAND,scallops,core,432,8568
2021,KOR,SOUTH KOREA,scallops,core,337,3123
2021,NOR,NORWAY,sea_cucumber_urchin_other_inverts,extended,6513534,12404150
2021,CAN,CANADA,sea_cucumber_urchin_other_inverts,extended,2162753,10214469
2021,JPN,JAPAN,sea_cucumber_urchin_other_inverts,extended,59992,8850574
2021,MEX,MEXICO,sea_cucumber_urchin_other_inverts,extended,80497,5333581
2021,RUS,RUSSIAN FEDERATION,sea_cucumber_urchin_other_inverts,extended,14290,3297254
2021,NIC,NICARAGUA,sea_cucumber_urchin_other_inverts,extended,45613,1996856
2021,HND,HONDURAS,sea_cucumber_urchin_other_inverts,extended,55438,1776317
2021,GRC,GREECE,sea_cucumber_urchin_other_inverts,extended,23790,1269073
2021,TUR,TURKEY,sea_cucumber_urchin_other_inverts,extended,35855,1188445
2021,AUS,AUSTRALIA,sea_cucumber_urchin_other_inverts,extended,7792,756679
2021,TWN,TAIWAN,sea_cucumber_urchin_other_inverts,extended,51336,748930
2021,CHL,CHILE,sea_cucumber_urchin_other_inverts,extended,44844,735833
2021,LKA,SRI LANKA,sea_cucumber_urchin_other_inverts,extended,11923,618206
2021,PER,PERU,sea_cucumber_urchin_other_inverts,extended,11685,540824
2021,ROU,ROMANIA,sea_cucumber_urchin_other_inverts,extended,252000,478800
2021,IDN,INDONESIA,sea_cucumber_urchin_other_inverts,extended,4084,448672
2021,JAM,JAMAICA,sea_cucumber_urchin_other_inverts,extended,7971,415847
2021,HKG,CHINA - HONG KONG,sea_cucumber_urchin_other_inverts,extended,1783,131960
2021,KOR,SOUTH KOREA,sea_cucumber_urchin_other_inverts,extended,4109,131000
2021,BLZ,BELIZE,sea_cucumber_urchin_other_inverts,extended,6666,114180
2021,ESP,SPAIN,sea_cucumber_urchin_other_inverts,extended,2666,61863
2021,CHN,CHINA,sea_cucumber_urchin_other_inverts,extended,4217,50165
2021,GIN,GUINEA,sea_cucumber_urchin_other_inverts,extended,23267,42190
2021,HTI,HAITI,sea_cucumber_urchin_other_inverts,extended,879,35279
2021,MDA,MOLDOVA,sea_cucumber_urchin_other_inverts,extended,200,34000
2021,DOM,DOMINICAN REPUBLIC,sea_cucumber_urchin_other_inverts,extended,2248,33060
2021,MRT,MAURITANIA,sea_cucumber_urchin_other_inverts,extended,200,24395
2021,ITA,ITALY,sea_cucumber_urchin_other_inverts,extended,150,20899
2021,MDV,MALDIVE IS.,sea_cucumber_urchin_other_inverts,extended,140,18201
2021,CMR,CAMEROON,sea_cucumber_urchin_other_inverts,extended,4508,16945
2021,CIV,IVORY COAST,sea_cucumber_urchin_other_inverts,extended,1142,11416
2021,FRA,FRANCE,sea_cucumber_urchin_other_inverts,extended,30,2295
2021,TWN,TAIWAN,sharks_rays_skates,extended,29756,219018
2021,MEX,MEXICO,sharks_rays_skates,extended,49076,195432
2021,NIC,NICARAGUA,sharks_rays_skates,extended,34661,130163
2021,TTO,TRINIDAD & TOBAGO,sharks_rays_skates,extended,11340,104250
2021,SUR,SURINAME,sharks_rays_skates,extended,14874,74102
2021,ESP,SPAIN,sharks_rays_skates,extended,4297,38412
2021,KOR,SOUTH KOREA,sharks_rays_skates,extended,486,9889
2021,CAN,CANADA,sharks_rays_skates,extended,9707,7751
2021,PAN,PANAMA,sharks_rays_skates,extended,401,2384
2021,IND,INDIA,shrimp,core,340825332,2989164654
2021,IDN,INDONESIA,shrimp,core,174569109,1551276832
2021,ECU,ECUADOR,shrimp,core,183879260,1368136966
2021,VNM,VIETNAM,shrimp,core,88307097,970783604
2021,THA,THAILAND,shrimp,core,40226593,455441749
2021,MEX,MEXICO,shrimp,core,20526369,242280532
2021,ARG,ARGENTINA,shrimp,core,16815894,188085176
2021,PER,PERU,shrimp,core,5499340,45543676
2021,CHN,CHINA,shrimp,core,7914302,41667883
2021,BGD,BANGLADESH,shrimp,core,2561004,35489427
2021,CAN,CANADA,shrimp,core,1840165,23800052
2021,GUY,GUYANA,shrimp,core,2090190,13904578
2021,GTM,GUATEMALA,shrimp,core,1241219,12027697
2021,SAU,SAUDI ARABIA,shrimp,core,1763508,11593649
2021,PAN,PANAMA,shrimp,core,772319,10926197
2021,HND,HONDURAS,shrimp,core,1355642,10885845
2021,LKA,SRI LANKA,shrimp,core,929421,9333871
2021,VEN,VENEZUELA,shrimp,core,1156592,7524171
2021,NIC,NICARAGUA,shrimp,core,723539,5817178
2021,PHL,PHILIPPINES,shrimp,core,1268320,5597742
2021,MMR,BURMA,shrimp,core,313985,5038582
2021,KOR,SOUTH KOREA,shrimp,core,307393,2656538
2021,AUS,AUSTRALIA,shrimp,core,113582,2476643
2021,JPN,JAPAN,shrimp,core,332120,2096471
2021,ESP,SPAIN,shrimp,core,195085,2057258
2021,NGA,NIGERIA,shrimp,core,63300,1860980
2021,HKG,CHINA - HONG KONG,shrimp,core,101693,1778096
2021,TWN,TAIWAN,shrimp,core,87600,1417033
2021,DNK,DENMARK,shrimp,core,152307,1403842
2021,MYS,MALAYSIA,shrimp,core,130708,1192460
2021,NOR,NORWAY,shrimp,core,89586,903915
2021,GRL,GREENLAND,shrimp,core,89510,858290
2021,DEU,GERMANY,shrimp,core,60655,736741
2021,COL,COLOMBIA,shrimp,core,31491,524780
2021,BRA,BRAZIL,shrimp,core,72675,457970
2021,SGP,SINGAPORE,shrimp,core,55200,420855
2021,GMB,GAMBIA,shrimp,core,36073,329861
2021,GIN,GUINEA,shrimp,core,13391,279808
2021,CRI,COSTA RICA,shrimp,core,19014,266791
2021,SEN,SENEGAL,shrimp,core,9528,230743
2021,NLD,NETHERLANDS,shrimp,core,14212,229954
2021,ISL,ICELAND,shrimp,core,32635,204886
2021,CHL,CHILE,shrimp,core,13608,189000
2021,GRC,GREECE,shrimp,core,7550,181166
2021,PRT,PORTUGAL,shrimp,core,20703,162290
2021,DOM,DOMINICAN REPUBLIC,shrimp,core,15872,143500
2021,BGR,BULGARIA,shrimp,core,20344,102560
2021,SLV,EL SALVADOR,shrimp,core,7049,93282
2021,MDG,MADAGASCAR,shrimp,core,8569,69691
2021,GHA,GHANA,shrimp,core,7401,34710
2021,ITA,ITALY,shrimp,core,3370,26654
2021,MAR,MOROCCO,shrimp,core,1626,22200
2021,JAM,JAMAICA,shrimp,core,481,17697
2021,FRA,FRANCE,shrimp,core,1382,11128
2021,SUR,SURINAME,shrimp,core,1068,10675
2021,MAR,MOROCCO,small_pelagics_other,extended,9747352,60304638
2021,POL,POLAND,small_pelagics_other,extended,7975942,42288789
2021,CAN,CANADA,small_pelagics_other,extended,5356268,18993492
2021,ECU,ECUADOR,small_pelagics_other,extended,7072995,14701806
2021,THA,THAILAND,small_pelagics_other,extended,3566712,12683364
2021,PER,PERU,small_pelagics_other,extended,1803028,8567083
2021,ESP,SPAIN,small_pelagics_other,extended,821355,7447066
2021,VNM,VIETNAM,small_pelagics_other,extended,1684401,6705449
2021,ITA,ITALY,small_pelagics_other,extended,526868,5327279
2021,PHL,PHILIPPINES,small_pelagics_other,extended,2370026,4933909
2021,PRT,PORTUGAL,small_pelagics_other,extended,889866,4894011
2021,MEX,MEXICO,small_pelagics_other,extended,7889534,4653348
2021,CHN,CHINA,small_pelagics_other,extended,2643727,4424142
2021,LVA,LATVIA,small_pelagics_other,extended,966741,4112239
2021,ARG,ARGENTINA,small_pelagics_other,extended,763062,2786236
2021,JPN,JAPAN,small_pelagics_other,extended,592743,1927550
2021,ISL,ICELAND,small_pelagics_other,extended,753004,1685320
2021,KOR,SOUTH KOREA,small_pelagics_other,extended,108221,1011512
2021,IND,INDIA,small_pelagics_other,extended,243647,975228
2021,NOR,NORWAY,small_pelagics_other,extended,232238,601406
2021,TUR,TURKEY,small_pelagics_other,extended,78156,503183
2021,GBR,UNITED KINGDOM,small_pelagics_other,extended,62801,456057
2021,BRA,BRAZIL,small_pelagics_other,extended,204542,439635
2021,GUY,GUYANA,small_pelagics_other,extended,121095,360502
2021,MYS,MALAYSIA,small_pelagics_other,extended,61900,356061
2021,GMB,GAMBIA,small_pelagics_other,extended,83260,218422
2021,HRV,CROATIA,small_pelagics_other,extended,26602,156500
2021,TUN,TUNISIA,small_pelagics_other,extended,37250,156065
2021,FRA,FRANCE,small_pelagics_other,extended,7983,124779
2021,VEN,VENEZUELA,small_pelagics_other,extended,94035,124386
2021,GRC,GREECE,small_pelagics_other,extended,22122,118170
2021,TWN,TAIWAN,small_pelagics_other,extended,49806,115627
2021,UKR,UKRAINE,small_pelagics_other,extended,41109,112212
2021,OMN,OMAN,small_pelagics_other,extended,120609,98580
2021,SLE,SIERRA LEONE,small_pelagics_other,extended,32664,76000
2021,MAC,CHINA - MACAO,small_pelagics_other,extended,4899,74304
2021,ARE,UNITED ARAB EMIRATES,small_pelagics_other,extended,23587,45400
2021,AUS,AUSTRALIA,small_pelagics_other,extended,8560,45369
2021,LTU,LITHUANIA,small_pelagics_other,extended,11754,41914
2021,IDN,INDONESIA,small_pelagics_other,extended,26150,38280
2021,RUS,RUSSIAN FEDERATION,small_pelagics_other,extended,8238,29041
2021,MMR,BURMA,small_pelagics_other,extended,4098,27492
2021,TZA,TANZANIA,small_pelagics_other,extended,7673,25733
2021,ALB,ALBANIA,small_pelagics_other,extended,746,21532
2021,DEU,GERMANY,small_pelagics_other,extended,4150,20569
2021,BGD,BANGLADESH,small_pelagics_other,extended,3215,20211
2021,PAK,PAKISTAN,small_pelagics_other,extended,14200,19880
2021,SWE,SWEDEN,small_pelagics_other,extended,2561,17192
2021,SVN,SLOVENIA,small_pelagics_other,extended,1566,12854
2021,SUR,SURINAME,small_pelagics_other,extended,4517,11454
2021,RWA,RWANDA,small_pelagics_other,extended,1060,5300
2021,LKA,SRI LANKA,small_pelagics_other,extended,1260,4224
2021,KEN,KENYA,small_pelagics_other,extended,439,2043
2021,MEX,MEXICO,snapper_grouper,core,9018272,82613150
2021,BRA,BRAZIL,snapper_grouper,core,7558216,64267485
2021,PAN,PANAMA,snapper_grouper,core,2924066,29238780
2021,VEN,VENEZUELA,snapper_grouper,core,2686847,25781551
2021,NIC,NICARAGUA,snapper_grouper,core,2503127,22744909
2021,SUR,SURINAME,snapper_grouper,core,1721755,15302579
2021,GUY,GUYANA,snapper_grouper,core,1442019,10874838
2021,CRI,COSTA RICA,snapper_grouper,core,993738,9336789
2021,IDN,INDONESIA,snapper_grouper,core,541409,3427997
2021,GTM,GUATEMALA,snapper_grouper,core,284500,3058587
2021,ECU,ECUADOR,snapper_grouper,core,299231,3020206
2021,TTO,TRINIDAD & TOBAGO,snapper_grouper,core,261472,2142042
2021,VNM,VIETNAM,snapper_grouper,core,195159,1233445
2021,IND,INDIA,snapper_grouper,core,310651,1045647
2021,HND,HONDURAS,snapper_grouper,core,77398,624795
2021,SLV,EL SALVADOR,snapper_grouper,core,56898,561041
2021,GIN,GUINEA,snapper_grouper,core,46640,485538
2021,SEN,SENEGAL,snapper_grouper,core,31714,407985
2021,THA,THAILAND,snapper_grouper,core,39094,389008
2021,TWN,TAIWAN,snapper_grouper,core,41087,300940
2021,URY,URUGUAY,snapper_grouper,core,21591,246357
2021,JPN,JAPAN,snapper_grouper,core,7757,237653
2021,SYC,SEYCHELLES,snapper_grouper,core,17210,227409
2021,NZL,NEW ZEALAND,snapper_grouper,core,15609,135343
2021,BHS,BAHAMAS,snapper_grouper,core,3175,61250
2021,VCT,ST.VINCENT-GRENADINE,snapper_grouper,core,3226,46906
2021,KEN,KENYA,snapper_grouper,core,9004,44902
2021,GRD,GRENADA,snapper_grouper,core,3581,34736
2021,ARE,UNITED ARAB EMIRATES,snapper_grouper,core,14819,25660
2021,LKA,SRI LANKA,snapper_grouper,core,693,9007
2021,PAK,PAKISTAN,snapper_grouper,core,855,2591
2021,ESP,SPAIN,squid_octopus,core,14998270,156438435
2021,CHN,CHINA,squid_octopus,core,28333037,139208130
2021,IND,INDIA,squid_octopus,core,9572091,54038794
2021,THA,THAILAND,squid_octopus,core,4368482,39240975
2021,ARG,ARGENTINA,squid_octopus,core,9081727,33446096
2021,IDN,INDONESIA,squid_octopus,core,5392709,33312150
2021,TWN,TAIWAN,squid_octopus,core,5960880,30020205
2021,NZL,NEW ZEALAND,squid_octopus,core,6381882,29521973
2021,MEX,MEXICO,squid_octopus,core,2755676,25404936
2021,PER,PERU,squid_octopus,core,4992087,24855536
2021,JPN,JAPAN,squid_octopus,core,1222622,18877624
2021,KOR,SOUTH KOREA,squid_octopus,core,2001469,17117270
2021,VNM,VIETNAM,squid_octopus,core,2693564,17073140
2021,PAK,PAKISTAN,squid_octopus,core,2050885,15648423
2021,PHL,PHILIPPINES,squid_octopus,core,2916520,12041707
2021,PRT,PORTUGAL,squid_octopus,core,987729,9912675
2021,MYS,MALAYSIA,squid_octopus,core,805739,4551644
2021,MRT,MAURITANIA,squid_octopus,core,114647,1559013
2021,CAN,CANADA,squid_octopus,core,250709,1543695
2021,VEN,VENEZUELA,squid_octopus,core,184200,1476259
2021,RUS,RUSSIAN FEDERATION,squid_octopus,core,202489,1316403
2021,LKA,SRI LANKA,squid_octopus,core,252898,1278594
2021,ITA,ITALY,squid_octopus,core,87872,1255927
2021,BRA,BRAZIL,squid_octopus,core,133474,915923
2021,GRC,GREECE,squid_octopus,core,55715,810899
2021,HKG,CHINA - HONG KONG,squid_octopus,core,86264,729769
2021,CHL,CHILE,squid_octopus,core,189088,667530
2021,GHA,GHANA,squid_octopus,core,82446,519769
2021,VUT,VANUATU,squid_octopus,core,179773,484638
2021,AUS,AUSTRALIA,squid_octopus,core,16160,392124
2021,MAR,MOROCCO,squid_octopus,core,31510,342123
2021,URY,URUGUAY,squid_octopus,core,99691,272640
2021,OMN,OMAN,squid_octopus,core,35280,157968
2021,NLD,NETHERLANDS,squid_octopus,core,32897,137342
2021,ECU,ECUADOR,squid_octopus,core,41295,99111
2021,SWE,SWEDEN,squid_octopus,core,6120,72588
2021,SEN,SENEGAL,squid_octopus,core,5236,44968
2021,SGP,SINGAPORE,squid_octopus,core,3295,19409
2021,ZAF,SOUTH AFRICA,squid_octopus,core,739,13891
2021,MMR,BURMA,squid_octopus,core,500,9100
2021,BEL,BELGIUM,squid_octopus,core,386,8508
2021,KEN,KENYA,squid_octopus,core,939,5175
2021,DOM,DOMINICAN REPUBLIC,squid_octopus,core,304,3551
2021,ECU,ECUADOR,swordfish,core,3034416,23821525
2021,CAN,CANADA,swordfish,core,1096394,12307738
2021,CRI,COSTA RICA,swordfish,core,668119,6497521
2021,SGP,SINGAPORE,swordfish,core,599481,5668886
2021,BRA,BRAZIL,swordfish,core,1270883,5170357
2021,VNM,VIETNAM,swordfish,core,375697,3727281
2021,IDN,INDONESIA,swordfish,core,394348,3603631
2021,ZAF,SOUTH AFRICA,swordfish,core,261182,3324202
2021,MEX,MEXICO,swordfish,core,414762,2305373
2021,PAN,PANAMA,swordfish,core,173780,1541276
2021,CHL,CHILE,swordfish,core,148303,1484036
2021,AUS,AUSTRALIA,swordfish,core,120577,1455235
2021,ESP,SPAIN,swordfish,core,99860,1173535
2021,NZL,NEW ZEALAND,swordfish,core,137477,1117518
2021,MOZ,MOZAMBIQUE,swordfish,core,89992,854736
2021,LKA,SRI LANKA,swordfish,core,40829,526619
2021,KOR,SOUTH KOREA,swordfish,core,52258,425330
2021,PYF,FRENCH POLYNESIA,swordfish,core,36043,334468
2021,NIC,NICARAGUA,swordfish,core,26210,234539
2021,FRA,FRANCE,swordfish,core,10104,147467
2021,THA,THAILAND,swordfish,core,13707,123791
2021,SYC,SEYCHELLES,swordfish,core,5754,76723
2021,MUS,MAURITIUS,swordfish,core,3723,48365
2021,GUY,GUYANA,swordfish,core,1450,14382
2021,REU,REUNION,swordfish,core,943,13605
2021,ITA,ITALY,swordfish,core,289,6572
2021,VCT,ST.VINCENT-GRENADINE,swordfish,core,376,5803
2021,TTO,TRINIDAD & TOBAGO,swordfish,core,505,4456
2021,CHN,CHINA,tilapia,core,130548150,366653083
2021,COL,COLOMBIA,tilapia,core,12874299,71605763
2021,HND,HONDURAS,tilapia,core,10680431,63080157
2021,IDN,INDONESIA,tilapia,core,6281213,48984902
2021,TWN,TAIWAN,tilapia,core,16515455,42884647
2021,CRI,COSTA RICA,tilapia,core,3583263,23372626
2021,MEX,MEXICO,tilapia,core,3566387,19986320
2021,BRA,BRAZIL,tilapia,core,3636846,11809707
2021,VNM,VIETNAM,tilapia,core,1604026,4368715
2021,KOR,SOUTH KOREA,tilapia,core,291230,3867007
2021,PER,PERU,tilapia,core,379097,3841150
2021,NOR,NORWAY,tilapia,core,178182,3716775
2021,THA,THAILAND,tilapia,core,1665895,2984357
2021,MYS,MALAYSIA,tilapia,core,423463,2581683
2021,ECU,ECUADOR,tilapia,core,538825,2145338
2021,SLE,SIERRA LEONE,tilapia,core,82515,384742
2021,PAN,PANAMA,tilapia,core,139828,364063
2021,SLV,EL SALVADOR,tilapia,core,18128,276360
2021,ARE,UNITED ARAB EMIRATES,tilapia,core,79977,219482
2021,NGA,NIGERIA,tilapia,core,17172,177465
2021,URY,URUGUAY,tilapia,core,58950,160507
2021,MMR,BURMA,tilapia,core,35457,149770
2021,NIC,NICARAGUA,tilapia,core,57659,145483
2021,GIN,GUINEA,tilapia,core,94148,122137
2021,CAN,CANADA,tilapia,core,17361,95675
2021,GHA,GHANA,tilapia,core,25890,89567
2021,NLD,NETHERLANDS,tilapia,core,10231,74621
2021,UGA,UGANDA,tilapia,core,4843,61789
2021,SUR,SURINAME,tilapia,core,7995,49969
2021,BGD,BANGLADESH,tilapia,core,11673,44386
2021,ISL,ICELAND,tilapia,core,3126,38000
2021,TZA,TANZANIA,tilapia,core,2922,34620
2021,UKR,UKRAINE,tilapia,core,1700,28390
2021,CIV,IVORY COAST,tilapia,core,4339,20414
2021,HKG,CHINA - HONG KONG,tilapia,core,14707,12943
2021,PHL,PHILIPPINES,tilapia,core,2914,12102
2021,RUS,RUSSIAN FEDERATION,tilapia,core,2718,9576
2021,LVA,LATVIA,tilapia,core,2503,6146
2021,RWA,RWANDA,tilapia,core,433,5726
2021,GMB,GAMBIA,tilapia,core,972,2602
2021,COD,CONGO (KINSHASA),tilapia,core,427,2562
2021,KEN,KENYA,tilapia,core,250,2500
2021,JPN,JAPAN,tilapia,core,250,2014
2021,CHL,CHILE,toothfish,extended,1866463,38462780
2021,REU,REUNION,toothfish,extended,1322998,32555547
2021,KOR,SOUTH KOREA,toothfish,extended,1188617,31635354
2021,ARG,ARGENTINA,toothfish,extended,1172663,29507247
2021,SHN,ST.HELENA,toothfish,extended,989318,24008315
2021,AUS,AUSTRALIA,toothfish,extended,1034973,23149232
2021,NZL,NEW ZEALAND,toothfish,extended,879885,20656937
2021,FLK,FALKLAND IS.,toothfish,extended,519743,12143223
2021,ZAF,SOUTH AFRICA,toothfish,extended,236223,5869493
2021,URY,URUGUAY,toothfish,extended,199707,5214689
2021,FRA,FRANCE,toothfish,extended,125874,2960200
2021,ESP,SPAIN,toothfish,extended,75664,2337781
2021,UKR,UKRAINE,toothfish,extended,99891,2142761
2021,PER,PERU,toothfish,extended,93108,1819896
2021,GIB,GIBRALTAR,toothfish,extended,37067,920115
2021,ECU,ECUADOR,toothfish,extended,16563,434015
2021,PAN,PANAMA,toothfish,extended,17343,389818
2021,NOR,NORWAY,trout,core,8820833,79411736
2021,CHL,CHILE,trout,core,5257450,62055346
2021,PER,PERU,trout,core,1522454,16090940
2021,COL,COLOMBIA,trout,core,1339901,11119694
2021,CAN,CANADA,trout,core,991582,8243599
2021,GBR,UNITED KINGDOM,trout,core,707212,5014347
2021,ISL,ICELAND,trout,core,276020,3724720
2021,ARG,ARGENTINA,trout,core,432459,1926993
2021,TUR,TURKEY,trout,core,205993,1820338
2021,CRI,COSTA RICA,trout,core,158436,1338368
2021,DNK,DENMARK,trout,core,50823,696283
2021,AUS,AUSTRALIA,trout,core,60389,550495
2021,NLD,NETHERLANDS,trout,core,27286,372194
2021,LVA,LATVIA,trout,core,16029,181209
2021,JPN,JAPAN,trout,core,317,13768
2021,BLR,BELARUS,trout,core,1237,11380
2021,MEX,MEXICO,trout,core,1840,10143
2021,THA,THAILAND,trout,core,320,7792
2021,ARM,ARMENIA,trout,core,420,3312
2021,SUR,SURINAME,trout,core,925,2470
2021,THA,THAILAND,tuna,core,94317446,461939881
2021,VNM,VIETNAM,tuna,core,34781834,282123952
2021,IDN,INDONESIA,tuna,core,31753693,246848336
2021,ECU,ECUADOR,tuna,core,19737292,120494033
2021,MEX,MEXICO,tuna,core,18453561,109039170
2021,PHL,PHILIPPINES,tuna,core,11338872,73681950
2021,FJI,FIJI,tuna,core,10533066,69483223
2021,SEN,SENEGAL,tuna,core,10931063,56237751
2021,PAN,PANAMA,tuna,core,3936211,43779716
2021,MUS,MAURITIUS,tuna,core,5667536,35733735
2021,ESP,SPAIN,tuna,core,2173779,27654766
2021,CAN,CANADA,tuna,core,1666569,27027363
2021,CRI,COSTA RICA,tuna,core,3180007,24216913
2021,JPN,JAPAN,tuna,core,1043156,19440929
2021,TWN,TAIWAN,tuna,core,1431484,15747182
2021,BRA,BRAZIL,tuna,core,1550212,14874253
2021,KOR,SOUTH KOREA,tuna,core,1177546,14375025
2021,ZAF,SOUTH AFRICA,tuna,core,815269,13200234
2021,MDV,MALDIVE IS.,tuna,core,1461639,12506609
2021,PYF,FRENCH POLYNESIA,tuna,core,1087041,12031533
2021,AUS,AUSTRALIA,tuna,core,841241,10879593
2021,LKA,SRI LANKA,tuna,core,584663,9774749
2021,GRD,GRENADA,tuna,core,935663,8294906
2021,TTO,TRINIDAD & TOBAGO,tuna,core,1140763,7550201
2021,SUR,SURINAME,tuna,core,1035812,7506738
2021,MHL,MARSHALL IS.,tuna,core,423662,5863863
2021,CHN,CHINA,tuna,core,698130,5731130
2021,SYC,SEYCHELLES,tuna,core,379403,5499882
2021,COL,COLOMBIA,tuna,core,730739,4537873
2021,VEN,VENEZUELA,tuna,core,1431009,3669710
2021,CPV,CAPE VERDE,tuna,core,452538,3103425
2021,ITA,ITALY,tuna,core,596723,2391057
2021,SLV,EL SALVADOR,tuna,core,857107,2240751
2021,PRT,PORTUGAL,tuna,core,311464,1997779
2021,BRB,BARBADOS,tuna,core,212558,1946362
2021,PER,PERU,tuna,core,436463,1809368
2021,MOZ,MOZAMBIQUE,tuna,core,123222,1322629
2021,VCT,ST.VINCENT-GRENADINE,tuna,core,88760,1293507
2021,KIR,KIRIBATI,tuna,core,110942,868443
2021,NZL,NEW ZEALAND,tuna,core,76825,639966
2021,OMN,OMAN,tuna,core,61143,568408
2021,MYS,MALAYSIA,tuna,core,59292,517739
2021,TUR,TURKEY,tuna,core,37997,516326
2021,BLZ,BELIZE,tuna,core,46218,371092
2021,HRV,CROATIA,tuna,core,26625,359939
2021,CIV,IVORY COAST,tuna,core,37914,339199
2021,MAR,MOROCCO,tuna,core,26968,222176
2021,FSM,FED STATES OF MICRON,tuna,core,14544,219330
2021,IND,INDIA,tuna,core,20774,199755
2021,MLT,MALTA,tuna,core,8074,183445
2021,TON,TONGA,tuna,core,29729,180858
2021,SGP,SINGAPORE,tuna,core,19051,166520
2021,TUN,TUNISIA,tuna,core,25472,155575
2021,ISR,ISRAEL,tuna,core,19514,146362
2021,FRA,FRANCE,tuna,core,5089,90208
2021,NIC,NICARAGUA,tuna,core,10063,84786
2021,GRC,GREECE,tuna,core,4024,36013
2021,GUY,GUYANA,tuna,core,2201,24260
2021,REU,REUNION,tuna,core,748,13733
2021,LVA,LATVIA,tuna,core,1608,11304
2021,GTM,GUATEMALA,tuna,core,146,2552
2022,CHN,CHINA,catfish_other,extended,7339969,33833591
2022,VNM,VIETNAM,catfish_other,extended,1771261,8489660
2022,THA,THAILAND,catfish_other,extended,13898,83836
2022,CAN,CANADA,clams,core,3753304,25406650
2022,CHN,CHINA,clams,core,10959086,23799706
2022,VNM,VIETNAM,clams,core,3452359,11723940
2022,IDN,INDONESIA,clams,core,1270855,4434205
2022,MEX,MEXICO,clams,core,563719,2448737
2022,NLD,NETHERLANDS,clams,core,541015,1897467
2022,CHL,CHILE,clams,core,373559,1788446
2022,THA,THAILAND,clams,core,505528,1718155
2022,NZL,NEW ZEALAND,clams,core,341748,1657720
2022,ESP,SPAIN,clams,core,49635,348351
2022,KOR,SOUTH KOREA,clams,core,27568,226712
2022,JPN,JAPAN,clams,core,9233,139905
2022,PHL,PHILIPPINES,clams,core,77096,102306
2022,HKG,CHINA - HONG KONG,clams,core,12295,87516
2022,PRT,PORTUGAL,clams,core,12584,69739
2022,ECU,ECUADOR,clams,core,3481,61827
2022,ITA,ITALY,clams,core,18127,49842
2022,BEL,BELGIUM,clams,core,14414,39304
2022,PAN,PANAMA,clams,core,14954,31566
2022,IND,INDIA,clams,core,11862,29823
2022,VEN,VENEZUELA,clams,core,5226,28718
2022,PER,PERU,clams,core,17875,14462
2022,TWN,TAIWAN,clams,core,572,8145
2022,AUT,AUSTRIA,clams,core,81,2241
2022,CHN,CHINA,cod,core,41283091,364430904
2022,ISL,ICELAND,cod,core,15218349,196453844
2022,NOR,NORWAY,cod,core,6088803,48108831
2022,CAN,CANADA,cod,core,4800246,42347334
2022,IDN,INDONESIA,cod,core,5548682,41075755
2022,VNM,VIETNAM,cod,core,2737105,26482888
2022,RUS,RUSSIAN FEDERATION,cod,core,3032145,19727569
2022,LVA,LATVIA,cod,core,1130892,13419122
2022,GRL,GREENLAND,cod,core,967999,11660598
2022,POL,POLAND,cod,core,665327,8355275
2022,NLD,NETHERLANDS,cod,core,420891,6261812
2022,PRT,PORTUGAL,cod,core,411066,3351567
2022,THA,THAILAND,cod,core,112351,1008783
2022,DNK,DENMARK,cod,core,66673,820428
2022,FRA,FRANCE,cod,core,112000,797344
2022,FRO,FAROE IS.,cod,core,109443,726530
2022,ESP,SPAIN,cod,core,17192,220385
2022,CHL,CHILE,cod,core,81708,195407
2022,GBR,UNITED KINGDOM,cod,core,19500,191295
2022,PER,PERU,cod,core,11825,160535
2022,KOR,SOUTH KOREA,cod,core,13195,63602
2022,ECU,ECUADOR,cod,core,3061,45644
2022,COL,COLOMBIA,cod,core,2167,24771
2022,MEX,MEXICO,cod,core,852,17650
2022,SWE,SWEDEN,cod,core,3040,13022
2022,HUN,HUNGARY,cod,core,136,2685
2022,CAN,CANADA,crab,core,50356190,1151779355
2022,RUS,RUSSIAN FEDERATION,crab,core,11890831,857051960
2022,IDN,INDONESIA,crab,core,13246411,425673363
2022,PHL,PHILIPPINES,crab,core,2734712,93896283
2022,VEN,VENEZUELA,crab,core,3746053,75863223
2022,CHN,CHINA,crab,core,5611176,73066361
2022,VNM,VIETNAM,crab,core,3569625,72423044
2022,IND,INDIA,crab,core,2037177,63311765
2022,NOR,NORWAY,crab,core,2171038,58423530
2022,ARG,ARGENTINA,crab,core,1342329,55782171
2022,MEX,MEXICO,crab,core,3756675,45287291
2022,CHL,CHILE,crab,core,1060071,30089999
2022,MMR,BURMA,crab,core,1047231,19838924
2022,GRL,GREENLAND,crab,core,960968,19648341
2022,THA,THAILAND,crab,core,1298367,18534263
2022,KOR,SOUTH KOREA,crab,core,1046553,17082820
2022,LKA,SRI LANKA,crab,core,450881,12499341
2022,COL,COLOMBIA,crab,core,376422,9855286
2022,JPN,JAPAN,crab,core,293330,6346036
2022,SWE,SWEDEN,crab,core,150781,5432336
2022,NIC,NICARAGUA,crab,core,149681,3899431
2022,BGD,BANGLADESH,crab,core,224481,3846151
2022,BHS,BAHAMAS,crab,core,169872,3512962
2022,TUN,TUNISIA,crab,core,559582,3327334
2022,BHR,BAHRAIN,crab,core,394929,2191601
2022,GBR,UNITED KINGDOM,crab,core,66936,830161
2022,ECU,ECUADOR,crab,core,73294,688483
2022,GRC,GREECE,crab,core,77715,471035
2022,DNK,DENMARK,crab,core,13226,462010
2022,IRL,IRELAND,crab,core,31495,452311
2022,PRT,PORTUGAL,crab,core,15747,435897
2022,MDG,MADAGASCAR,crab,core,70607,388557
2022,MYS,MALAYSIA,crab,core,14000,356740
2022,MOZ,MOZAMBIQUE,crab,core,51093,315113
2022,TZA,TANZANIA,crab,core,19696,164685
2022,URY,URUGUAY,crab,core,2724,99491
2022,FRA,FRANCE,crab,core,3318,67000
2022,ALB,ALBANIA,crab,core,10872,60012
2022,PAK,PAKISTAN,crab,core,2187,53739
2022,ESP,SPAIN,crab,core,5611,39350
2022,AUS,AUSTRALIA,crab,core,929,39214
2022,AGO,ANGOLA,crab,core,8292,38381
2022,BLZ,BELIZE,crab,core,2118,22800
2022,ISL,ICELAND,crab,core,1456,12525
2022,EGY,EGYPT,crab,core,3159,11072
2022,BRA,BRAZIL,crab,core,14,7293
2022,PER,PERU,crab,core,224,5809
2022,GUY,GUYANA,crab,core,553,4270
2022,NLD,NETHERLANDS,crab,core,225,2672
2022,CPV,CAPE VERDE,crab,core,264,2188
2022,CHN,CHINA,crawfish_freshwater,extended,4338976,15140449
2022,EGY,EGYPT,crawfish_freshwater,extended,630500,3744131
2022,ESP,SPAIN,crawfish_freshwater,extended,467968,2244378
2022,JPN,JAPAN,crawfish_freshwater,extended,63163,1375577
2022,VNM,VIETNAM,crawfish_freshwater,extended,39192,198720
2022,AUS,AUSTRALIA,crawfish_freshwater,extended,105,8234
2022,ECU,ECUADOR,crawfish_freshwater,extended,634,6192
2022,NGA,NIGERIA,crawfish_freshwater,extended,28,2700
2022,CHN,CHINA,eel_sturgeon_shad,extended,4169556,37203873
2022,THA,THAILAND,eel_sturgeon_shad,extended,562826,4273309
2022,VNM,VIETNAM,eel_sturgeon_shad,extended,255883,1639642
2022,KOR,SOUTH KOREA,eel_sturgeon_shad,extended,158064,1567040
2022,TWN,TAIWAN,eel_sturgeon_shad,extended,167787,1505640
2022,JPN,JAPAN,eel_sturgeon_shad,extended,112938,1085424
2022,MMR,BURMA,eel_sturgeon_shad,extended,93437,761088
2022,IDN,INDONESIA,eel_sturgeon_shad,extended,60818,688343
2022,BGD,BANGLADESH,eel_sturgeon_shad,extended,47956,446296
2022,MAR,MOROCCO,eel_sturgeon_shad,extended,21018,272800
2022,SUR,SURINAME,eel_sturgeon_shad,extended,42000,244860
2022,ITA,ITALY,eel_sturgeon_shad,extended,42192,236715
2022,PHL,PHILIPPINES,eel_sturgeon_shad,extended,29686,186093
2022,CAN,CANADA,eel_sturgeon_shad,extended,29653,164442
2022,PER,PERU,eel_sturgeon_shad,extended,6226,152930
2022,GBR,UNITED KINGDOM,eel_sturgeon_shad,extended,20000,128000
2022,IND,INDIA,eel_sturgeon_shad,extended,9480,91189
2022,PRT,PORTUGAL,eel_sturgeon_shad,extended,8682,86699
2022,ESP,SPAIN,eel_sturgeon_shad,extended,3755,65741
2022,ARM,ARMENIA,eel_sturgeon_shad,extended,5194,53000
2022,GUY,GUYANA,eel_sturgeon_shad,extended,13797,49232
2022,FJI,FIJI,eel_sturgeon_shad,extended,3201,37128
2022,ISL,ICELAND,eel_sturgeon_shad,extended,3553,15325
2022,NLD,NETHERLANDS,eel_sturgeon_shad,extended,864,11151
2022,NZL,NEW ZEALAND,eel_sturgeon_shad,extended,705,7771
2022,UKR,UKRAINE,eel_sturgeon_shad,extended,1250,7769
2022,CHN,CHINA,flatfish,core,10805211,56020443
2022,CAN,CANADA,flatfish,core,4133905,22432764
2022,NLD,NETHERLANDS,flatfish,core,2954744,17987996
2022,THA,THAILAND,flatfish,core,1781753,12042615
2022,ARG,ARGENTINA,flatfish,core,1137641,6978174
2022,ISL,ICELAND,flatfish,core,563979,6073551
2022,ESP,SPAIN,flatfish,core,593793,5622161
2022,KOR,SOUTH KOREA,flatfish,core,511967,4957720
2022,NOR,NORWAY,flatfish,core,856902,4660586
2022,IDN,INDONESIA,flatfish,core,730288,3829309
2022,VNM,VIETNAM,flatfish,core,488976,3082504
2022,MEX,MEXICO,flatfish,core,435134,2629992
2022,PER,PERU,flatfish,core,697487,2511254
2022,PRT,PORTUGAL,flatfish,core,373917,1867253
2022,GRL,GREENLAND,flatfish,core,221428,1378810
2022,TWN,TAIWAN,flatfish,core,143065,930070
2022,DNK,DENMARK,flatfish,core,36807,243639
2022,PAN,PANAMA,flatfish,core,36219,227937
2022,PHL,PHILIPPINES,flatfish,core,189640,196497
2022,JPN,JAPAN,flatfish,core,8790,174585
2022,BRA,BRAZIL,flatfish,core,9223,80892
2022,FRA,FRANCE,flatfish,core,6396,42039
2022,GUY,GUYANA,flatfish,core,3371,28235
2022,IND,INDIA,flatfish,core,5337,27471
2022,NIC,NICARAGUA,flatfish,core,2309,12300
2022,VEN,VENEZUELA,flatfish,core,1157,7637
2022,UKR,UKRAINE,flatfish,core,2000,6460
2022,MAR,MOROCCO,flatfish,core,256,6126
2022,LTU,LITHUANIA,flatfish,core,634,4212
2022,GBR,UNITED KINGDOM,flatfish,core,150,3651
2022,PAK,PAKISTAN,flatfish,core,1002,2080
2022,CAN,CANADA,halibut,core,7661956,143606120
2022,NOR,NORWAY,halibut,core,834004,14294045
2022,CHN,CHINA,halibut,core,294268,5589262
2022,MEX,MEXICO,halibut,core,645399,5078800
2022,RUS,RUSSIAN FEDERATION,halibut,core,274906,4087382
2022,NLD,NETHERLANDS,halibut,core,92316,1576896
2022,THA,THAILAND,halibut,core,48844,1053945
2022,ESP,SPAIN,halibut,core,18311,326312
2022,DNK,DENMARK,halibut,core,5282,105645
2022,FRA,FRANCE,halibut,core,4411,94002
2022,ISL,ICELAND,halibut,core,2249,35632
2022,TWN,TAIWAN,halibut,core,1322,19627
2022,JPN,JAPAN,halibut,core,620,12076
2022,GRL,GREENLAND,halibut,core,718,5069
2022,CAN,CANADA,herring,core,11386889,37617612
2022,DEU,GERMANY,herring,core,1137597,6583683
2022,ISL,ICELAND,herring,core,883356,2915914
2022,MEX,MEXICO,herring,core,1373802,2758750
2022,POL,POLAND,herring,core,511826,2407993
2022,NOR,NORWAY,herring,core,1096615,2357198
2022,KOR,SOUTH KOREA,herring,core,160459,2272250
2022,JPN,JAPAN,herring,core,120969,1800429
2022,BLR,BELARUS,herring,core,664906,1751881
2022,LVA,LATVIA,herring,core,307542,1641469
2022,SLV,EL SALVADOR,herring,core,101648,1592459
2022,LTU,LITHUANIA,herring,core,314427,1297094
2022,PHL,PHILIPPINES,herring,core,328764,1058320
2022,RUS,RUSSIAN FEDERATION,herring,core,763280,1046769
2022,NLD,NETHERLANDS,herring,core,422988,818980
2022,DNK,DENMARK,herring,core,100109,798611
2022,TUR,TURKEY,herring,core,178512,594054
2022,GBR,UNITED KINGDOM,herring,core,41520,588095
2022,ESP,SPAIN,herring,core,162217,474942
2022,EST,ESTONIA,herring,core,438521,444755
2022,FRO,FAROE IS.,herring,core,437534,420906
2022,VNM,VIETNAM,herring,core,98230,269455
2022,SWE,SWEDEN,herring,core,41854,227052
2022,UKR,UKRAINE,herring,core,53475,218630
2022,CHN,CHINA,herring,core,45018,156573
2022,EGY,EGYPT,herring,core,25546,131023
2022,MYS,MALAYSIA,herring,core,10757,84661
2022,GTM,GUATEMALA,herring,core,12249,73623
2022,SLE,SIERRA LEONE,herring,core,53460,72213
2022,HKG,CHINA - HONG KONG,herring,core,3120,46780
2022,ECU,ECUADOR,herring,core,19620,39100
2022,GHA,GHANA,herring,core,4312,36680
2022,GIN,GUINEA,herring,core,48200,33651
2022,MMR,BURMA,herring,core,3284,25257
2022,FIN,FINLAND,herring,core,0,25021
2022,HND,HONDURAS,herring,core,1767,12424
2022,LKA,SRI LANKA,herring,core,600,11100
2022,IDN,INDONESIA,herring,core,800,8853
2022,TZA,TANZANIA,herring,core,1205,7341
2022,GRC,GREECE,herring,core,869,6881
2022,BGR,BULGARIA,herring,core,1200,6565
2022,GMB,GAMBIA,herring,core,7545,6254
2022,BGD,BANGLADESH,herring,core,345,3670
2022,VCT,ST.VINCENT-GRENADINE,herring,core,181,2800
2022,CAN,CANADA,inland_freshwater_other,extended,6640066,81507912
2022,KAZ,KAZAKHSTAN,inland_freshwater_other,extended,688182,7915696
2022,RUS,RUSSIAN FEDERATION,inland_freshwater_other,extended,485927,4817114
2022,EST,ESTONIA,inland_freshwater_other,extended,174838,2945332
2022,MMR,BURMA,inland_freshwater_other,extended,810695,2459888
2022,POL,POLAND,inland_freshwater_other,extended,183337,2066058
2022,TUR,TURKEY,inland_freshwater_other,extended,181643,1528770
2022,UGA,UGANDA,inland_freshwater_other,extended,169635,1428045
2022,CHN,CHINA,inland_freshwater_other,extended,301230,791327
2022,PER,PERU,inland_freshwater_other,extended,246303,772110
2022,VNM,VIETNAM,inland_freshwater_other,extended,157623,589717
2022,BGD,BANGLADESH,inland_freshwater_other,extended,120525,544416
2022,TWN,TAIWAN,inland_freshwater_other,extended,142989,439655
2022,NLD,NETHERLANDS,inland_freshwater_other,extended,23933,337841
2022,THA,THAILAND,inland_freshwater_other,extended,27521,323877
2022,IDN,INDONESIA,inland_freshwater_other,extended,11828,275370
2022,TZA,TANZANIA,inland_freshwater_other,extended,28833,186022
2022,ESP,SPAIN,inland_freshwater_other,extended,94263,151011
2022,PAK,PAKISTAN,inland_freshwater_other,extended,70439,146609
2022,DEU,GERMANY,inland_freshwater_other,extended,14910,144365
2022,PRT,PORTUGAL,inland_freshwater_other,extended,30118,116380
2022,BRA,BRAZIL,inland_freshwater_other,extended,19677,108450
2022,UKR,UKRAINE,inland_freshwater_other,extended,8290,87978
2022,CHL,CHILE,inland_freshwater_other,extended,20000,66150
2022,JPN,JAPAN,inland_freshwater_other,extended,5348,56368
2022,TTO,TRINIDAD & TOBAGO,inland_freshwater_other,extended,5326,34010
2022,HND,HONDURAS,inland_freshwater_other,extended,77860,22727
2022,ISL,ICELAND,inland_freshwater_other,extended,13000,16565
2022,ARE,UNITED ARAB EMIRATES,inland_freshwater_other,extended,2449,14080
2022,ZMB,ZAMBIA,inland_freshwater_other,extended,1270,7930
2022,LTU,LITHUANIA,inland_freshwater_other,extended,2100,6302
2022,BDI,BURUNDI,inland_freshwater_other,extended,1500,2250
2022,GRC,GREECE,inland_freshwater_other,extended,204,2117
2022,PER,PERU,large_pelagics_other,extended,9927217,125904358
2022,ECU,ECUADOR,large_pelagics_other,extended,8870345,105325555
2022,TWN,TAIWAN,large_pelagics_other,extended,1734390,22573489
2022,VNM,VIETNAM,large_pelagics_other,extended,2224137,20136961
2022,CRI,COSTA RICA,large_pelagics_other,extended,1770205,15450485
2022,PAN,PANAMA,large_pelagics_other,extended,1305113,12779448
2022,NIC,NICARAGUA,large_pelagics_other,extended,1213415,11318212
2022,GTM,GUATEMALA,large_pelagics_other,extended,1083236,9774437
2022,IDN,INDONESIA,large_pelagics_other,extended,880516,8825175
2022,SLV,EL SALVADOR,large_pelagics_other,extended,239165,1586725
2022,OMN,OMAN,large_pelagics_other,extended,146038,1126080
2022,BRA,BRAZIL,large_pelagics_other,extended,74634,726541
2022,MEX,MEXICO,large_pelagics_other,extended,94432,555258
2022,TON,TONGA,large_pelagics_other,extended,46699,473602
2022,MYS,MALAYSIA,large_pelagics_other,extended,61606,469501
2022,VEN,VENEZUELA,large_pelagics_other,extended,48111,451953
2022,CHN,CHINA,large_pelagics_other,extended,65809,402631
2022,PYF,FRENCH POLYNESIA,large_pelagics_other,extended,14089,202224
2022,DOM,DOMINICAN REPUBLIC,large_pelagics_other,extended,20062,174825
2022,IND,INDIA,large_pelagics_other,extended,16159,142951
2022,GUY,GUYANA,large_pelagics_other,extended,11095,139965
2022,PHL,PHILIPPINES,large_pelagics_other,extended,13313,105028
2022,ARE,UNITED ARAB EMIRATES,large_pelagics_other,extended,8837,91165
2022,JPN,JAPAN,large_pelagics_other,extended,8108,74664
2022,THA,THAILAND,large_pelagics_other,extended,7796,43847
2022,MOZ,MOZAMBIQUE,large_pelagics_other,extended,3643,36893
2022,LKA,SRI LANKA,large_pelagics_other,extended,3424,30304
2022,EGY,EGYPT,large_pelagics_other,extended,2150,29950
2022,SUR,SURINAME,large_pelagics_other,extended,4121,28416
2022,HKG,CHINA - HONG KONG,large_pelagics_other,extended,18725,24852
2022,SEN,SENEGAL,large_pelagics_other,extended,1336,14619
2022,FJI,FIJI,large_pelagics_other,extended,2043,7751
2022,SAU,SAUDI ARABIA,large_pelagics_other,extended,688,4551
2022,BEL,BELGIUM,large_pelagics_other,extended,288,3169
2022,AUS,AUSTRALIA,large_pelagics_other,extended,129,2279
2022,GRD,GRENADA,large_pelagics_other,extended,234,2265
2022,CAN,CANADA,large_pelagics_other,extended,182,2195
2022,CAN,CANADA,lobster,core,44554709,1254337246
2022,BHS,BAHAMAS,lobster,core,1327293,62617620
2022,HND,HONDURAS,lobster,core,1351094,56516124
2022,BRA,BRAZIL,lobster,core,783905,37394141
2022,NIC,NICARAGUA,lobster,core,874321,35977495
2022,ZAF,SOUTH AFRICA,lobster,core,358899,24595095
2022,AUS,AUSTRALIA,lobster,core,374122,19402828
2022,ARE,UNITED ARAB EMIRATES,lobster,core,441669,17301946
2022,BLZ,BELIZE,lobster,core,208150,8369329
2022,SHN,ST.HELENA,lobster,core,85116,5489939
2022,NZL,NEW ZEALAND,lobster,core,115779,5212942
2022,JAM,JAMAICA,lobster,core,89132,4317875
2022,GBR,UNITED KINGDOM,lobster,core,152069,3258041
2022,MEX,MEXICO,lobster,core,109824,2880465
2022,ECU,ECUADOR,lobster,core,98180,2484321
2022,COL,COLOMBIA,lobster,core,48527,2420540
2022,ESP,SPAIN,lobster,core,290040,1966184
2022,EGY,EGYPT,lobster,core,276274,1657380
2022,TCA,TURKS & CAICOS IS.,lobster,core,39442,1506200
2022,NOR,NORWAY,lobster,core,106412,1482575
2022,JPN,JAPAN,lobster,core,61354,1253083
2022,PAN,PANAMA,lobster,core,32933,1150052
2022,IDN,INDONESIA,lobster,core,40301,1139413
2022,VEN,VENEZUELA,lobster,core,32072,1117896
2022,PNG,PAPUA NEW GUINEA,lobster,core,16463,957473
2022,CHN,CHINA,lobster,core,58869,742578
2022,CHL,CHILE,lobster,core,19000,484042
2022,DJI,DJIBOUTI,lobster,core,14937,474723
2022,HTI,HAITI,lobster,core,5532,273700
2022,IRL,IRELAND,lobster,core,19490,247287
2022,VNM,VIETNAM,lobster,core,9072,210500
2022,YEM,YEMEN,lobster,core,6000,161768
2022,TTO,TRINIDAD & TOBAGO,lobster,core,3689,77800
2022,NLD,NETHERLANDS,lobster,core,3146,68218
2022,MYS,MALAYSIA,lobster,core,4480,65159
2022,VCT,ST.VINCENT-GRENADINE,lobster,core,3774,63760
2022,GRD,GRENADA,lobster,core,1302,47259
2022,SWE,SWEDEN,lobster,core,958,45707
2022,KAZ,KAZAKHSTAN,lobster,core,2016,44688
2022,FRO,FAROE IS.,lobster,core,673,33607
2022,GTM,GUATEMALA,lobster,core,1078,29143
2022,GHA,GHANA,lobster,core,536,13790
2022,IND,INDIA,lobster,core,5141,12852
2022,TUR,TURKEY,lobster,core,1200,11460
2022,THA,THAILAND,lobster,core,1257,10553
2022,KOR,SOUTH KOREA,lobster,core,677,9561
2022,PHL,PHILIPPINES,lobster,core,160,8486
2022,CMR,CAMEROON,lobster,core,629,7048
2022,DNK,DENMARK,lobster,core,189,6995
2022,FRA,FRANCE,lobster,core,149,5333
2022,MOZ,MOZAMBIQUE,lobster,core,646,4522
2022,SEN,SENEGAL,lobster,core,50,2600
2022,ITA,ITALY,lobster,core,20,2159
2022,NGA,NIGERIA,lobster,core,104,2080
2022,GIN,GUINEA,lobster,core,170,2052
2022,NOR,NORWAY,mackerel,core,8114271,21467673
2022,THA,THAILAND,mackerel,core,5270732,20458132
2022,CHN,CHINA,mackerel,core,5503501,12176055
2022,VNM,VIETNAM,mackerel,core,1918436,6640576
2022,JPN,JAPAN,mackerel,core,519670,6078994
2022,POL,POLAND,mackerel,core,445863,4515776
2022,CHL,CHILE,mackerel,core,1627667,4000816
2022,ECU,ECUADOR,mackerel,core,1805510,3694278
2022,KOR,SOUTH KOREA,mackerel,core,1403206,3693723
2022,MAR,MOROCCO,mackerel,core,1159795,3653762
2022,CAN,CANADA,mackerel,core,552043,2875014
2022,ESP,SPAIN,mackerel,core,347952,1684219
2022,BRA,BRAZIL,mackerel,core,427887,1606161
2022,MEX,MEXICO,mackerel,core,1094943,1558172
2022,SUR,SURINAME,mackerel,core,250348,1385087
2022,GBR,UNITED KINGDOM,mackerel,core,396798,1015542
2022,TUN,TUNISIA,mackerel,core,89061,850727
2022,PRT,PORTUGAL,mackerel,core,202103,838214
2022,ISL,ICELAND,mackerel,core,272849,649292
2022,TWN,TAIWAN,mackerel,core,249487,569826
2022,VEN,VENEZUELA,mackerel,core,84243,411848
2022,MYS,MALAYSIA,mackerel,core,115530,356180
2022,SLV,EL SALVADOR,mackerel,core,137048,328848
2022,IND,INDIA,mackerel,core,78083,312617
2022,PER,PERU,mackerel,core,83103,310338
2022,NZL,NEW ZEALAND,mackerel,core,165120,307055
2022,PHL,PHILIPPINES,mackerel,core,112772,272755
2022,LVA,LATVIA,mackerel,core,48882,212107
2022,IDN,INDONESIA,mackerel,core,33869,212026
2022,DEU,GERMANY,mackerel,core,51204,191597
2022,CPV,CAPE VERDE,mackerel,core,16750,144494
2022,FJI,FIJI,mackerel,core,32375,140167
2022,LTU,LITHUANIA,mackerel,core,28417,138565
2022,PAN,PANAMA,mackerel,core,8321,63802
2022,NLD,NETHERLANDS,mackerel,core,24000,63600
2022,TTO,TRINIDAD & TOBAGO,mackerel,core,8633,58665
2022,MMR,BURMA,mackerel,core,7514,56361
2022,HRV,CROATIA,mackerel,core,5873,54476
2022,UKR,UKRAINE,mackerel,core,11574,42557
2022,NIC,NICARAGUA,mackerel,core,7785,37731
2022,FRA,FRANCE,mackerel,core,2207,32283
2022,SVN,SLOVENIA,mackerel,core,4377,30188
2022,ITA,ITALY,mackerel,core,2976,28340
2022,TUR,TURKEY,mackerel,core,2829,24316
2022,DNK,DENMARK,mackerel,core,3086,23146
2022,GRC,GREECE,mackerel,core,1920,21824
2022,ZAF,SOUTH AFRICA,mackerel,core,11673,21148
2022,RUS,RUSSIAN FEDERATION,mackerel,core,5798,18453
2022,GHA,GHANA,mackerel,core,2061,14378
2022,HKG,CHINA - HONG KONG,mackerel,core,1832,10100
2022,VCT,ST.VINCENT-GRENADINE,mackerel,core,912,10050
2022,NGA,NIGERIA,mackerel,core,1829,7440
2022,NAM,NAMIBIA,mackerel,core,1793,5979
2022,FRO,FAROE IS.,mackerel,core,5000,4491
2022,SGP,SINGAPORE,mackerel,core,869,3311
2022,PYF,FRENCH POLYNESIA,mackerel,core,321,3010
2022,NZL,NEW ZEALAND,mussels,core,7460897,46274318
2022,CAN,CANADA,mussels,core,13739718,43042468
2022,CHL,CHILE,mussels,core,16295191,42329456
2022,ESP,SPAIN,mussels,core,249102,1433815
2022,ZAF,SOUTH AFRICA,mussels,core,306857,1025233
2022,CHN,CHINA,mussels,core,133930,407047
2022,THA,THAILAND,mussels,core,58938,373552
2022,MEX,MEXICO,mussels,core,66925,290111
2022,KOR,SOUTH KOREA,mussels,core,25421,231254
2022,ITA,ITALY,mussels,core,18809,142454
2022,VNM,VIETNAM,mussels,core,39037,136667
2022,IND,INDIA,mussels,core,18450,108750
2022,FRA,FRANCE,mussels,core,6101,105207
2022,PRT,PORTUGAL,mussels,core,13632,103982
2022,DNK,DENMARK,mussels,core,3011,57850
2022,CRI,COSTA RICA,mussels,core,2910,52913
2022,FJI,FIJI,mussels,core,9561,43596
2022,LVA,LATVIA,mussels,core,1247,26701
2022,ECU,ECUADOR,mussels,core,816,15773
2022,GRC,GREECE,mussels,core,2218,11344
2022,AGO,ANGOLA,mussels,core,2998,11057
2022,HKG,CHINA - HONG KONG,mussels,core,450,4331
2022,CHN,CHINA,other_groundfish,core,15109061,105152185
2022,ISL,ICELAND,other_groundfish,core,7435130,85311369
2022,CAN,CANADA,other_groundfish,core,8700668,45061083
2022,NOR,NORWAY,other_groundfish,core,5002615,25172041
2022,NZL,NEW ZEALAND,other_groundfish,core,1424095,19486361
2022,ARG,ARGENTINA,other_groundfish,core,4399050,16824423
2022,FRO,FAROE IS.,other_groundfish,core,1748648,9070683
2022,RUS,RUSSIAN FEDERATION,other_groundfish,core,1202948,4873157
2022,ZAF,SOUTH AFRICA,other_groundfish,core,768374,4473963
2022,POL,POLAND,other_groundfish,core,378857,3698220
2022,IDN,INDONESIA,other_groundfish,core,461767,3205837
2022,NAM,NAMIBIA,other_groundfish,core,430630,2302180
2022,CHL,CHILE,other_groundfish,core,664380,2300507
2022,LVA,LATVIA,other_groundfish,core,193830,1865073
2022,THA,THAILAND,other_groundfish,core,238527,1854268
2022,ECU,ECUADOR,other_groundfish,core,476689,1500693
2022,AUS,AUSTRALIA,other_groundfish,core,112600,1432458
2022,KAZ,KAZAKHSTAN,other_groundfish,core,105577,1328341
2022,VNM,VIETNAM,other_groundfish,core,149692,1196744
2022,PER,PERU,other_groundfish,core,271348,731681
2022,NLD,NETHERLANDS,other_groundfish,core,110773,688112
2022,MEX,MEXICO,other_groundfish,core,307183,588816
2022,JPN,JAPAN,other_groundfish,core,18143,521088
2022,URY,URUGUAY,other_groundfish,core,245748,490861
2022,PRT,PORTUGAL,other_groundfish,core,83185,284076
2022,EST,ESTONIA,other_groundfish,core,44785,263336
2022,TWN,TAIWAN,other_groundfish,core,63958,235464
2022,TUR,TURKEY,other_groundfish,core,5460,79170
2022,KOR,SOUTH KOREA,other_groundfish,core,13057,71928
2022,BRA,BRAZIL,other_groundfish,core,2557,18279
2022,GRC,GREECE,other_groundfish,core,441,15858
2022,ESP,SPAIN,other_groundfish,core,546,7018
2022,MMR,BURMA,other_groundfish,core,899,3416
2022,NIC,NICARAGUA,other_shellfish_specialty,extended,844494,20728905
2022,CHN,CHINA,other_shellfish_specialty,extended,3404183,15554659
2022,AUS,AUSTRALIA,other_shellfish_specialty,extended,297377,12184057
2022,MEX,MEXICO,other_shellfish_specialty,extended,438332,10706665
2022,BLZ,BELIZE,other_shellfish_specialty,extended,436397,8857076
2022,HND,HONDURAS,other_shellfish_specialty,extended,373772,7711416
2022,VNM,VIETNAM,other_shellfish_specialty,extended,1077134,7172949
2022,VCT,ST.VINCENT-GRENADINE,other_shellfish_specialty,extended,257684,5325160
2022,KOR,SOUTH KOREA,other_shellfish_specialty,extended,662231,5064608
2022,CHL,CHILE,other_shellfish_specialty,extended,347744,4439460
2022,FRA,FRANCE,other_shellfish_specialty,extended,221271,2488245
2022,TCA,TURKS & CAICOS IS.,other_shellfish_specialty,extended,134852,2151075
2022,TWN,TAIWAN,other_shellfish_specialty,extended,68541,2142657
2022,HKG,CHINA - HONG KONG,other_shellfish_specialty,extended,58684,2042711
2022,IDN,INDONESIA,other_shellfish_specialty,extended,344750,1665580
2022,ZAF,SOUTH AFRICA,other_shellfish_specialty,extended,27945,1512352
2022,NZL,NEW ZEALAND,other_shellfish_specialty,extended,199315,915792
2022,JPN,JAPAN,other_shellfish_specialty,extended,80848,909576
2022,BHS,BAHAMAS,other_shellfish_specialty,extended,37194,800984
2022,MYS,MALAYSIA,other_shellfish_specialty,extended,110701,405288
2022,THA,THAILAND,other_shellfish_specialty,extended,108094,318790
2022,CAN,CANADA,other_shellfish_specialty,extended,39207,295180
2022,ESP,SPAIN,other_shellfish_specialty,extended,17815,262350
2022,JAM,JAMAICA,other_shellfish_specialty,extended,14196,259645
2022,KNA,ST.KITTS-NEVIS,other_shellfish_specialty,extended,13294,199150
2022,TUR,TURKEY,other_shellfish_specialty,extended,23000,152270
2022,GIN,GUINEA,other_shellfish_specialty,extended,49197,129644
2022,SUR,SURINAME,other_shellfish_specialty,extended,8854,102000
2022,NGA,NIGERIA,other_shellfish_specialty,extended,10286,89492
2022,PRT,PORTUGAL,other_shellfish_specialty,extended,8500,82341
2022,PAK,PAKISTAN,other_shellfish_specialty,extended,22512,64601
2022,SLE,SIERRA LEONE,other_shellfish_specialty,extended,6860,55000
2022,BEL,BELGIUM,other_shellfish_specialty,extended,3345,44282
2022,CIV,IVORY COAST,other_shellfish_specialty,extended,13499,42632
2022,CMR,CAMEROON,other_shellfish_specialty,extended,3023,37500
2022,ECU,ECUADOR,other_shellfish_specialty,extended,4655,19554
2022,DNK,DENMARK,other_shellfish_specialty,extended,477,16343
2022,ITA,ITALY,other_shellfish_specialty,extended,2201,15448
2022,TTO,TRINIDAD & TOBAGO,other_shellfish_specialty,extended,1814,11000
2022,BEN,BENIN,other_shellfish_specialty,extended,4470,6675
2022,SEN,SENEGAL,other_shellfish_specialty,extended,298,6420
2022,UKR,UKRAINE,other_shellfish_specialty,extended,1000,3230
2022,NAM,NAMIBIA,other_shellfish_specialty,extended,1361,3061
2022,PYF,FRENCH POLYNESIA,other_shellfish_specialty,extended,659,2770
2022,NLD,NETHERLANDS,other_shellfish_specialty,extended,608,2379
2022,CAN,CANADA,oysters,core,6028707,62227913
2022,CHN,CHINA,oysters,core,5331462,38120627
2022,KOR,SOUTH KOREA,oysters,core,3952338,28862994
2022,MEX,MEXICO,oysters,core,3095831,14575785
2022,HKG,CHINA - HONG KONG,oysters,core,349471,5289634
2022,JPN,JAPAN,oysters,core,211585,2596303
2022,NZL,NEW ZEALAND,oysters,core,83868,772838
2022,ITA,ITALY,oysters,core,101227,391304
2022,IRL,IRELAND,oysters,core,99929,279309
2022,VNM,VIETNAM,pangasius_basa_swai,extended,129353038,548392848
2022,MMR,BURMA,pangasius_basa_swai,extended,2362,7208
2022,CHN,CHINA,pollock,core,34634149,120899618
2022,VNM,VIETNAM,pollock,core,8576164,24144763
2022,CAN,CANADA,pollock,core,2325901,11506484
2022,THA,THAILAND,pollock,core,3109563,10796070
2022,RUS,RUSSIAN FEDERATION,pollock,core,2817203,8443184
2022,IDN,INDONESIA,pollock,core,1185504,4319168
2022,PHL,PHILIPPINES,pollock,core,990233,3402815
2022,KOR,SOUTH KOREA,pollock,core,495412,2473063
2022,ESP,SPAIN,pollock,core,85865,1256872
2022,ISL,ICELAND,pollock,core,207482,1143009
2022,ECU,ECUADOR,pollock,core,174646,746249
2022,MEX,MEXICO,pollock,core,87317,253658
2022,JPN,JAPAN,pollock,core,181122,205254
2022,PER,PERU,pollock,core,9072,52200
2022,IRL,IRELAND,pollock,core,3992,47802
2022,PRT,PORTUGAL,pollock,core,14295,33907
2022,COL,COLOMBIA,pollock,core,4885,18975
2022,GBR,UNITED KINGDOM,pollock,core,187,6560
2022,GRC,GREECE,reef_fish_other,extended,5468859,44465775
2022,TUR,TURKEY,reef_fish_other,extended,4523764,38623099
2022,ESP,SPAIN,reef_fish_other,extended,2091898,24896618
2022,MEX,MEXICO,reef_fish_other,extended,601831,5906780
2022,NZL,NEW ZEALAND,reef_fish_other,extended,585849,4305926
2022,JPN,JAPAN,reef_fish_other,extended,286459,4298323
2022,NLD,NETHERLANDS,reef_fish_other,extended,308648,3006057
2022,ARG,ARGENTINA,reef_fish_other,extended,268674,951765
2022,PRT,PORTUGAL,reef_fish_other,extended,36953,749633
2022,MUS,MAURITIUS,reef_fish_other,extended,94424,729477
2022,CAN,CANADA,reef_fish_other,extended,111148,724914
2022,TWN,TAIWAN,reef_fish_other,extended,98853,599985
2022,CYP,CYPRUS,reef_fish_other,extended,65000,588969
2022,PAN,PANAMA,reef_fish_other,extended,43795,516058
2022,CHN,CHINA,reef_fish_other,extended,48936,233870
2022,BRA,BRAZIL,reef_fish_other,extended,16923,160686
2022,NIC,NICARAGUA,reef_fish_other,extended,10410,145350
2022,DOM,DOMINICAN REPUBLIC,reef_fish_other,extended,13572,113563
2022,ECU,ECUADOR,reef_fish_other,extended,14187,101206
2022,GBR,UNITED KINGDOM,reef_fish_other,extended,6140,65408
2022,NOR,NORWAY,reef_fish_other,extended,7373,60363
2022,ATG,ANTIGUA & BARBUDA,reef_fish_other,extended,0,50691
2022,ITA,ITALY,reef_fish_other,extended,1836,36039
2022,VNM,VIETNAM,reef_fish_other,extended,12400,33139
2022,HRV,CROATIA,reef_fish_other,extended,1289,14438
2022,KOR,SOUTH KOREA,reef_fish_other,extended,1454,11500
2022,KEN,KENYA,reef_fish_other,extended,1924,8904
2022,SUR,SURINAME,reef_fish_other,extended,1165,7338
2022,CHL,CHILE,reef_fish_other,extended,568,6823
2022,COL,COLOMBIA,reef_fish_other,extended,594,5505
2022,CAN,CANADA,sablefish,core,540815,8134774
2022,MEX,MEXICO,sablefish,core,6658,36860
2022,KOR,SOUTH KOREA,sablefish,core,1820,8839
2022,CHL,CHILE,salmon,core,229384093,3021994336
2022,NOR,NORWAY,salmon,core,68442573,1017599681
2022,CAN,CANADA,salmon,core,84863250,863307163
2022,FRO,FAROE IS.,salmon,core,18303272,240899163
2022,CHN,CHINA,salmon,core,30058797,217985956
2022,NLD,NETHERLANDS,salmon,core,13227310,209789152
2022,DEU,GERMANY,salmon,core,7043928,117556331
2022,POL,POLAND,salmon,core,5403098,95234785
2022,GBR,UNITED KINGDOM,salmon,core,7577726,90187976
2022,DNK,DENMARK,salmon,core,5172908,77061861
2022,ISL,ICELAND,salmon,core,6861438,75159440
2022,THA,THAILAND,salmon,core,10329173,74354936
2022,NZL,NEW ZEALAND,salmon,core,3457172,50972372
2022,GRC,GREECE,salmon,core,1512166,29299410
2022,RUS,RUSSIAN FEDERATION,salmon,core,1873239,17345203
2022,VNM,VIETNAM,salmon,core,1388437,10880737
2022,UKR,UKRAINE,salmon,core,659849,9656733
2022,AUS,AUSTRALIA,salmon,core,939207,8898255
2022,ECU,ECUADOR,salmon,core,1172211,7222698
2022,IRL,IRELAND,salmon,core,411745,6238505
2022,FRA,FRANCE,salmon,core,175736,3534802
2022,SGP,SINGAPORE,salmon,core,138461,2300779
2022,IDN,INDONESIA,salmon,core,232135,1940765
2022,SWE,SWEDEN,salmon,core,96012,1674857
2022,PER,PERU,salmon,core,177810,1382161
2022,JPN,JAPAN,salmon,core,64072,1042335
2022,LTU,LITHUANIA,salmon,core,33227,518602
2022,PRT,PORTUGAL,salmon,core,55372,340157
2022,LVA,LATVIA,salmon,core,26636,293898
2022,ESP,SPAIN,salmon,core,22484,227003
2022,MEX,MEXICO,salmon,core,12356,217152
2022,TWN,TAIWAN,salmon,core,3163,42925
2022,PAN,PANAMA,salmon,core,1722,26611
2022,ARM,ARMENIA,salmon,core,1685,19873
2022,TUR,TURKEY,salmon,core,991,14421
2022,FIN,FINLAND,salmon,core,626,10893
2022,KOR,SOUTH KOREA,salmon,core,221,3732
2022,IND,INDIA,salmon,core,735,3677
2022,ARE,UNITED ARAB EMIRATES,salmon,core,129,3195
2022,JPN,JAPAN,scallops,core,8111992,167701568
2022,CAN,CANADA,scallops,core,4062232,103831730
2022,CHN,CHINA,scallops,core,5478660,32723685
2022,ARG,ARGENTINA,scallops,core,3875972,32544457
2022,PER,PERU,scallops,core,689786,11984141
2022,MEX,MEXICO,scallops,core,841180,9231978
2022,HKG,CHINA - HONG KONG,scallops,core,147375,4873998
2022,PHL,PHILIPPINES,scallops,core,794390,4127536
2022,FRA,FRANCE,scallops,core,832354,3479737
2022,ECU,ECUADOR,scallops,core,34682,967850
2022,CHL,CHILE,scallops,core,15328,274086
2022,THA,THAILAND,scallops,core,16703,246025
2022,VNM,VIETNAM,scallops,core,23594,143168
2022,ESP,SPAIN,scallops,core,6460,134896
2022,GBR,UNITED KINGDOM,scallops,core,21814,127212
2022,TWN,TAIWAN,scallops,core,3000,93763
2022,ISL,ICELAND,scallops,core,3318,65826
2022,AUS,AUSTRALIA,scallops,core,1926,26963
2022,IRL,IRELAND,scallops,core,1236,17688
2022,PRT,PORTUGAL,scallops,core,695,12970
2022,KOR,SOUTH KOREA,scallops,core,903,8552
2022,JPN,JAPAN,sea_cucumber_urchin_other_inverts,extended,105622,14519110
2022,CAN,CANADA,sea_cucumber_urchin_other_inverts,extended,2282301,11569897
2022,MEX,MEXICO,sea_cucumber_urchin_other_inverts,extended,80439,7231928
2022,HND,HONDURAS,sea_cucumber_urchin_other_inverts,extended,54675,2296960
2022,NIC,NICARAGUA,sea_cucumber_urchin_other_inverts,extended,53148,2227787
2022,AUS,AUSTRALIA,sea_cucumber_urchin_other_inverts,extended,18461,1815386
2022,ECU,ECUADOR,sea_cucumber_urchin_other_inverts,extended,42659,1634381
2022,TUR,TURKEY,sea_cucumber_urchin_other_inverts,extended,33645,1088377
2022,GRC,GREECE,sea_cucumber_urchin_other_inverts,extended,8865,650655
2022,TWN,TAIWAN,sea_cucumber_urchin_other_inverts,extended,41465,637353
2022,PER,PERU,sea_cucumber_urchin_other_inverts,extended,9014,583364
2022,IDN,INDONESIA,sea_cucumber_urchin_other_inverts,extended,7649,555428
2022,RUS,RUSSIAN FEDERATION,sea_cucumber_urchin_other_inverts,extended,1392,471190
2022,CHL,CHILE,sea_cucumber_urchin_other_inverts,extended,35392,456021
2022,LKA,SRI LANKA,sea_cucumber_urchin_other_inverts,extended,2893,433390
2022,HTI,HAITI,sea_cucumber_urchin_other_inverts,extended,13209,386094
2022,JAM,JAMAICA,sea_cucumber_urchin_other_inverts,extended,8307,349587
2022,MRT,MAURITANIA,sea_cucumber_urchin_other_inverts,extended,1951,335000
2022,HKG,CHINA - HONG KONG,sea_cucumber_urchin_other_inverts,extended,5099,316440
2022,MAR,MOROCCO,sea_cucumber_urchin_other_inverts,extended,1496,184410
2022,FJI,FIJI,sea_cucumber_urchin_other_inverts,extended,2594,183054
2022,KOR,SOUTH KOREA,sea_cucumber_urchin_other_inverts,extended,5294,158248
2022,MUS,MAURITIUS,sea_cucumber_urchin_other_inverts,extended,840,141950
2022,DOM,DOMINICAN REPUBLIC,sea_cucumber_urchin_other_inverts,extended,3184,77155
2022,MDA,MOLDOVA,sea_cucumber_urchin_other_inverts,extended,301,51680
2022,CRI,COSTA RICA,sea_cucumber_urchin_other_inverts,extended,3986,42081
2022,ESP,SPAIN,sea_cucumber_urchin_other_inverts,extended,344,39017
2022,BLZ,BELIZE,sea_cucumber_urchin_other_inverts,extended,2468,38080
2022,VNM,VIETNAM,sea_cucumber_urchin_other_inverts,extended,2460,28460
2022,CHN,CHINA,sea_cucumber_urchin_other_inverts,extended,1998,25380
2022,CIV,IVORY COAST,sea_cucumber_urchin_other_inverts,extended,16154,18689
2022,SEN,SENEGAL,sea_cucumber_urchin_other_inverts,extended,80,2400
2022,NIC,NICARAGUA,sharks_rays_skates,extended,93240,511309
2022,MEX,MEXICO,sharks_rays_skates,extended,76643,296063
2022,TTO,TRINIDAD & TOBAGO,sharks_rays_skates,extended,13608,128400
2022,PAN,PANAMA,sharks_rays_skates,extended,19958,75100
2022,ESP,SPAIN,sharks_rays_skates,extended,4759,46120
2022,KOR,SOUTH KOREA,sharks_rays_skates,extended,2528,44413
2022,TWN,TAIWAN,sharks_rays_skates,extended,14062,41309
2022,SUR,SURINAME,sharks_rays_skates,extended,2232,14599
2022,JPN,JAPAN,sharks_rays_skates,extended,100,2115
2022,IND,INDIA,sharks_rays_skates,extended,463,2065
2022,IND,INDIA,shrimp,core,303582999,2774427588
2022,IDN,INDONESIA,shrimp,core,166922719,1580877708
2022,ECU,ECUADOR,shrimp,core,199794703,1508258273
2022,VNM,VIETNAM,shrimp,core,70753139,815888585
2022,THA,THAILAND,shrimp,core,38366002,458420728
2022,MEX,MEXICO,shrimp,core,20982497,277802122
2022,ARG,ARGENTINA,shrimp,core,16433723,200639877
2022,PER,PERU,shrimp,core,3919067,37158640
2022,CHN,CHINA,shrimp,core,5365496,31312828
2022,CAN,CANADA,shrimp,core,2433354,25505023
2022,BGD,BANGLADESH,shrimp,core,1787348,24990706
2022,PAN,PANAMA,shrimp,core,853040,12970411
2022,SAU,SAUDI ARABIA,shrimp,core,1449789,10803234
2022,HND,HONDURAS,shrimp,core,986029,9353358
2022,GUY,GUYANA,shrimp,core,1260729,9057610
2022,VEN,VENEZUELA,shrimp,core,1358647,8615392
2022,ESP,SPAIN,shrimp,core,529536,6823115
2022,MMR,BURMA,shrimp,core,400361,6077820
2022,LKA,SRI LANKA,shrimp,core,700655,5505690
2022,GTM,GUATEMALA,shrimp,core,663855,5486041
2022,PHL,PHILIPPINES,shrimp,core,1047765,4846748
2022,NIC,NICARAGUA,shrimp,core,385770,2997738
2022,KOR,SOUTH KOREA,shrimp,core,252774,2218409
2022,AUS,AUSTRALIA,shrimp,core,77140,2208693
2022,NGA,NIGERIA,shrimp,core,64137,2019941
2022,TWN,TAIWAN,shrimp,core,80943,1557093
2022,JPN,JAPAN,shrimp,core,248107,1548218
2022,CHL,CHILE,shrimp,core,62954,1180161
2022,GRL,GREENLAND,shrimp,core,121031,985828
2022,HKG,CHINA - HONG KONG,shrimp,core,45274,939953
2022,MYS,MALAYSIA,shrimp,core,73028,855485
2022,SUR,SURINAME,shrimp,core,47211,809791
2022,NOR,NORWAY,shrimp,core,63401,747689
2022,DEU,GERMANY,shrimp,core,56765,587331
2022,NCL,NEW CALEDONIA,shrimp,core,32766,582999
2022,GMB,GAMBIA,shrimp,core,24467,488855
2022,GBR,UNITED KINGDOM,shrimp,core,51046,451484
2022,PRT,PORTUGAL,shrimp,core,38751,336892
2022,CRI,COSTA RICA,shrimp,core,20094,286005
2022,SEN,SENEGAL,shrimp,core,23675,244894
2022,BRA,BRAZIL,shrimp,core,34160,191247
2022,COL,COLOMBIA,shrimp,core,15152,184729
2022,GRC,GREECE,shrimp,core,5739,175529
2022,ISL,ICELAND,shrimp,core,16330,135395
2022,GIN,GUINEA,shrimp,core,5015,123334
2022,IRL,IRELAND,shrimp,core,7019,111802
2022,MAR,MOROCCO,shrimp,core,11313,111345
2022,SGP,SINGAPORE,shrimp,core,20000,88000
2022,DNK,DENMARK,shrimp,core,3559,76881
2022,MDG,MADAGASCAR,shrimp,core,7093,72946
2022,NLD,NETHERLANDS,shrimp,core,4552,68798
2022,ITA,ITALY,shrimp,core,2935,40302
2022,EGY,EGYPT,shrimp,core,4308,17434
2022,GHA,GHANA,shrimp,core,4757,8435
2022,FRA,FRANCE,shrimp,core,864,7258
2022,HTI,HAITI,shrimp,core,1541,5500
2022,MAR,MOROCCO,small_pelagics_other,extended,12455799,80831933
2022,POL,POLAND,small_pelagics_other,extended,9594125,51302369
2022,THA,THAILAND,small_pelagics_other,extended,4635839,18077092
2022,VNM,VIETNAM,small_pelagics_other,extended,2831595,14079027
2022,ECU,ECUADOR,small_pelagics_other,extended,6043367,13681750
2022,CAN,CANADA,small_pelagics_other,extended,2660709,13313047
2022,PER,PERU,small_pelagics_other,extended,810112,7712853
2022,ESP,SPAIN,small_pelagics_other,extended,893791,7696936
2022,ITA,ITALY,small_pelagics_other,extended,744954,6187780
2022,PRT,PORTUGAL,small_pelagics_other,extended,1074684,6057802
2022,MEX,MEXICO,small_pelagics_other,extended,8306926,6038753
2022,LVA,LATVIA,small_pelagics_other,extended,1819868,5684817
2022,CHN,CHINA,small_pelagics_other,extended,3398417,5431615
2022,PHL,PHILIPPINES,small_pelagics_other,extended,1464756,3478539
2022,ARG,ARGENTINA,small_pelagics_other,extended,1060872,3325617
2022,JPN,JAPAN,small_pelagics_other,extended,421830,1571070
2022,IND,INDIA,small_pelagics_other,extended,249397,1326278
2022,ISL,ICELAND,small_pelagics_other,extended,910278,1281693
2022,KOR,SOUTH KOREA,small_pelagics_other,extended,143642,1225326
2022,BRA,BRAZIL,small_pelagics_other,extended,310329,920122
2022,GBR,UNITED KINGDOM,small_pelagics_other,extended,74790,706518
2022,MYS,MALAYSIA,small_pelagics_other,extended,76018,394384
2022,TUR,TURKEY,small_pelagics_other,extended,66067,384376
2022,NOR,NORWAY,small_pelagics_other,extended,210480,288250
2022,HRV,CROATIA,small_pelagics_other,extended,39173,221009
2022,CRI,COSTA RICA,small_pelagics_other,extended,222020,195378
2022,FRA,FRANCE,small_pelagics_other,extended,26634,166497
2022,NIC,NICARAGUA,small_pelagics_other,extended,40684,124800
2022,TUN,TUNISIA,small_pelagics_other,extended,23556,114535
2022,TWN,TAIWAN,small_pelagics_other,extended,29060,89288
2022,MMR,BURMA,small_pelagics_other,extended,25800,83934
2022,GRC,GREECE,small_pelagics_other,extended,14695,83505
2022,LTU,LITHUANIA,small_pelagics_other,extended,21466,72817
2022,GUY,GUYANA,small_pelagics_other,extended,25216,67111
2022,RUS,RUSSIAN FEDERATION,small_pelagics_other,extended,11064,66262
2022,OMN,OMAN,small_pelagics_other,extended,51127,65810
2022,UKR,UKRAINE,small_pelagics_other,extended,15170,48256
2022,TZA,TANZANIA,small_pelagics_other,extended,11714,34150
2022,VEN,VENEZUELA,small_pelagics_other,extended,17951,33296
2022,DEU,GERMANY,small_pelagics_other,extended,5502,31776
2022,EST,ESTONIA,small_pelagics_other,extended,22230,27974
2022,GMB,GAMBIA,small_pelagics_other,extended,5990,21440
2022,SGP,SINGAPORE,small_pelagics_other,extended,4223,16099
2022,SWE,SWEDEN,small_pelagics_other,extended,0,11812
2022,SLE,SIERRA LEONE,small_pelagics_other,extended,1400,9800
2022,EGY,EGYPT,small_pelagics_other,extended,6010,8745
2022,SUR,SURINAME,small_pelagics_other,extended,500,5100
2022,NGA,NIGERIA,small_pelagics_other,extended,635,3000
2022,SVN,SLOVENIA,small_pelagics_other,extended,360,2946
2022,ALB,ALBANIA,small_pelagics_other,extended,108,2884
2022,GIN,GUINEA,small_pelagics_other,extended,4225,2873
2022,MEX,MEXICO,snapper_grouper,core,7447505,76138652
2022,BRA,BRAZIL,snapper_grouper,core,8115943,74919144
2022,VEN,VENEZUELA,snapper_grouper,core,2502781,26329707
2022,PAN,PANAMA,snapper_grouper,core,2261400,24686280
2022,NIC,NICARAGUA,snapper_grouper,core,2524110,23913256
2022,SUR,SURINAME,snapper_grouper,core,1111700,11423168
2022,CRI,COSTA RICA,snapper_grouper,core,1124980,11277207
2022,GUY,GUYANA,snapper_grouper,core,827237,6934471
2022,IDN,INDONESIA,snapper_grouper,core,753698,6412058
2022,GTM,GUATEMALA,snapper_grouper,core,300922,3232245
2022,ECU,ECUADOR,snapper_grouper,core,248537,2883981
2022,TTO,TRINIDAD & TOBAGO,snapper_grouper,core,210362,1805421
2022,VNM,VIETNAM,snapper_grouper,core,209778,1364838
2022,SLV,EL SALVADOR,snapper_grouper,core,65056,628968
2022,IND,INDIA,snapper_grouper,core,123183,541766
2022,HND,HONDURAS,snapper_grouper,core,64300,516718
2022,TWN,TAIWAN,snapper_grouper,core,159411,419377
2022,JPN,JAPAN,snapper_grouper,core,8570,372902
2022,GIN,GUINEA,snapper_grouper,core,25426,266740
2022,NZL,NEW ZEALAND,snapper_grouper,core,24666,239962
2022,SEN,SENEGAL,snapper_grouper,core,15548,194004
2022,KEN,KENYA,snapper_grouper,core,23020,103670
2022,CHN,CHINA,snapper_grouper,core,13779,77182
2022,URY,URUGUAY,snapper_grouper,core,3710,52650
2022,ARE,UNITED ARAB EMIRATES,snapper_grouper,core,23991,42852
2022,GRD,GRENADA,snapper_grouper,core,3311,32048
2022,SYC,SEYCHELLES,snapper_grouper,core,1412,20654
2022,THA,THAILAND,snapper_grouper,core,765,8411
2022,MDV,MALDIVE IS.,snapper_grouper,core,312,5616
2022,MYS,MALAYSIA,snapper_grouper,core,249,3585
2022,BLZ,BELIZE,snapper_grouper,core,229,2552
2022,LKA,SRI LANKA,snapper_grouper,core,192,2256
2022,ESP,SPAIN,squid_octopus,core,16487183,186119428
2022,CHN,CHINA,squid_octopus,core,20919722,121826503
2022,IND,INDIA,squid_octopus,core,13368132,95714788
2022,ARG,ARGENTINA,squid_octopus,core,12538031,60738337
2022,THA,THAILAND,squid_octopus,core,5126075,50234401
2022,IDN,INDONESIA,squid_octopus,core,4990147,43046969
2022,NZL,NEW ZEALAND,squid_octopus,core,6369182,33470486
2022,PER,PERU,squid_octopus,core,5742751,32128787
2022,TWN,TAIWAN,squid_octopus,core,3997701,24596251
2022,VNM,VIETNAM,squid_octopus,core,3329466,23156913
2022,MEX,MEXICO,squid_octopus,core,2313971,22616249
2022,KOR,SOUTH KOREA,squid_octopus,core,2659110,19473585
2022,JPN,JAPAN,squid_octopus,core,1098392,17508246
2022,PHL,PHILIPPINES,squid_octopus,core,2597020,14666337
2022,PAK,PAKISTAN,squid_octopus,core,1487662,14054569
2022,PRT,PORTUGAL,squid_octopus,core,775982,8966045
2022,MYS,MALAYSIA,squid_octopus,core,711204,4687543
2022,ITA,ITALY,squid_octopus,core,302660,2911395
2022,CPV,CAPE VERDE,squid_octopus,core,267108,2501995
2022,MAR,MOROCCO,squid_octopus,core,217440,2384317
2022,CAN,CANADA,squid_octopus,core,284444,2151685
2022,CHL,CHILE,squid_octopus,core,555902,1514729
2022,GHA,GHANA,squid_octopus,core,138470,896936
2022,GRC,GREECE,squid_octopus,core,54284,813374
2022,MRT,MAURITANIA,squid_octopus,core,53757,812510
2022,URY,URUGUAY,squid_octopus,core,231673,798497
2022,AUS,AUSTRALIA,squid_octopus,core,32702,746515
2022,HKG,CHINA - HONG KONG,squid_octopus,core,146796,734252
2022,LKA,SRI LANKA,squid_octopus,core,115991,609885
2022,VEN,VENEZUELA,squid_octopus,core,68634,591946
2022,BRA,BRAZIL,squid_octopus,core,58023,476216
2022,NLD,NETHERLANDS,squid_octopus,core,61671,339692
2022,VUT,VANUATU,squid_octopus,core,73210,269553
2022,FLK,FALKLAND IS.,squid_octopus,core,20984,241061
2022,ARE,UNITED ARAB EMIRATES,squid_octopus,core,18262,166472
2022,SEN,SENEGAL,squid_octopus,core,14730,132434
2022,OMN,OMAN,squid_octopus,core,25524,96833
2022,ECU,ECUADOR,squid_octopus,core,36029,89909
2022,RUS,RUSSIAN FEDERATION,squid_octopus,core,12687,82962
2022,AGO,ANGOLA,squid_octopus,core,13488,78550
2022,TUN,TUNISIA,squid_octopus,core,6520,41750
2022,KEN,KENYA,squid_octopus,core,6686,36978
2022,NIC,NICARAGUA,squid_octopus,core,3657,14775
2022,SGP,SINGAPORE,squid_octopus,core,1360,13741
2022,MMR,BURMA,squid_octopus,core,786,9787
2022,GIN,GUINEA,squid_octopus,core,267,3723
2022,ECU,ECUADOR,swordfish,core,2528345,23140208
2022,CAN,CANADA,swordfish,core,1003534,13333249
2022,SGP,SINGAPORE,swordfish,core,626573,7238958
2022,BRA,BRAZIL,swordfish,core,1479730,6204349
2022,CRI,COSTA RICA,swordfish,core,685272,5842837
2022,ZAF,SOUTH AFRICA,swordfish,core,320791,4398375
2022,VNM,VIETNAM,swordfish,core,351627,4254966
2022,IDN,INDONESIA,swordfish,core,270942,3670155
2022,MEX,MEXICO,swordfish,core,474389,3388073
2022,PAN,PANAMA,swordfish,core,199418,2596423
2022,AUS,AUSTRALIA,swordfish,core,148602,1857095
2022,CHL,CHILE,swordfish,core,336115,1795438
2022,KOR,SOUTH KOREA,swordfish,core,74422,804405
2022,FRA,FRANCE,swordfish,core,37897,550035
2022,NZL,NEW ZEALAND,swordfish,core,66926,529025
2022,ESP,SPAIN,swordfish,core,30367,475394
2022,TWN,TAIWAN,swordfish,core,39067,447008
2022,MOZ,MOZAMBIQUE,swordfish,core,35742,414304
2022,LKA,SRI LANKA,swordfish,core,20584,350212
2022,PYF,FRENCH POLYNESIA,swordfish,core,21230,264060
2022,NIC,NICARAGUA,swordfish,core,24972,231434
2022,SYC,SEYCHELLES,swordfish,core,6809,100998
2022,PRT,PORTUGAL,swordfish,core,1636,27435
2022,IND,INDIA,swordfish,core,693,12180
2022,ITA,ITALY,swordfish,core,398,10076
2022,TTO,TRINIDAD & TOBAGO,swordfish,core,3957,9161
2022,CHN,CHINA,tilapia,core,116491640,409136690
2022,COL,COLOMBIA,tilapia,core,16990938,101557706
2022,HND,HONDURAS,tilapia,core,9855826,64677196
2022,IDN,INDONESIA,tilapia,core,7217018,56847429
2022,TWN,TAIWAN,tilapia,core,14752363,46104423
2022,CRI,COSTA RICA,tilapia,core,3858077,26677661
2022,BRA,BRAZIL,tilapia,core,5817541,20663349
2022,MEX,MEXICO,tilapia,core,915324,5310860
2022,MYS,MALAYSIA,tilapia,core,759025,4701662
2022,VNM,VIETNAM,tilapia,core,1511237,4633601
2022,THA,THAILAND,tilapia,core,2039810,3710997
2022,KOR,SOUTH KOREA,tilapia,core,291790,2995815
2022,PER,PERU,tilapia,core,261184,2703360
2022,NOR,NORWAY,tilapia,core,284265,2038240
2022,ECU,ECUADOR,tilapia,core,444283,1843257
2022,PAN,PANAMA,tilapia,core,206640,656487
2022,SLE,SIERRA LEONE,tilapia,core,53604,307152
2022,NLD,NETHERLANDS,tilapia,core,60434,270810
2022,CAN,CANADA,tilapia,core,19645,188511
2022,IND,INDIA,tilapia,core,45209,172778
2022,URY,URUGUAY,tilapia,core,58877,162627
2022,ARE,UNITED ARAB EMIRATES,tilapia,core,59985,161860
2022,BGD,BANGLADESH,tilapia,core,21749,155339
2022,ISL,ICELAND,tilapia,core,16513,135460
2022,NGA,NIGERIA,tilapia,core,9586,123893
2022,NIC,NICARAGUA,tilapia,core,43401,108014
2022,MMR,BURMA,tilapia,core,14211,94627
2022,MOZ,MOZAMBIQUE,tilapia,core,14140,87167
2022,SLV,EL SALVADOR,tilapia,core,4655,76755
2022,PHL,PHILIPPINES,tilapia,core,15811,73109
2022,GHA,GHANA,tilapia,core,12838,64565
2022,EGY,EGYPT,tilapia,core,20836,58157
2022,UGA,UGANDA,tilapia,core,12603,49960
2022,GIN,GUINEA,tilapia,core,13697,15717
2022,CIV,IVORY COAST,tilapia,core,1291,11038
2022,LTU,LITHUANIA,tilapia,core,873,10711
2022,TZA,TANZANIA,tilapia,core,707,6192
2022,GUY,GUYANA,tilapia,core,1185,5882
2022,KAZ,KAZAKHSTAN,tilapia,core,250,2613
2022,FJI,FIJI,tilapia,core,355,2130
2022,KOR,SOUTH KOREA,toothfish,extended,2045542,66079597
2022,CHL,CHILE,toothfish,extended,1904943,61984409
2022,ARG,ARGENTINA,toothfish,extended,1766494,56194898
2022,REU,REUNION,toothfish,extended,1389470,43187581
2022,FLK,FALKLAND IS.,toothfish,extended,1028293,30919803
2022,AUS,AUSTRALIA,toothfish,extended,1088941,28803106
2022,NZL,NEW ZEALAND,toothfish,extended,903108,26774359
2022,SHN,ST.HELENA,toothfish,extended,447779,13441807
2022,ZAF,SOUTH AFRICA,toothfish,extended,333715,9514958
2022,ESP,SPAIN,toothfish,extended,179037,6428651
2022,URY,URUGUAY,toothfish,extended,198220,6237434
2022,FRA,FRANCE,toothfish,extended,164814,5184215
2022,UKR,UKRAINE,toothfish,extended,140044,4526118
2022,PER,PERU,toothfish,extended,132632,2831771
2022,ECU,ECUADOR,toothfish,extended,4063,111422
2022,NOR,NORWAY,trout,core,8769844,105068429
2022,CHL,CHILE,trout,core,6401687,81144412
2022,PER,PERU,trout,core,1598826,18874937
2022,COL,COLOMBIA,trout,core,1491305,13810659
2022,TUR,TURKEY,trout,core,769957,7521434
2022,GBR,UNITED KINGDOM,trout,core,697310,5533737
2022,CAN,CANADA,trout,core,598720,5207232
2022,ISL,ICELAND,trout,core,124480,1721654
2022,CRI,COSTA RICA,trout,core,141292,1248708
2022,DNK,DENMARK,trout,core,81826,1226359
2022,ARG,ARGENTINA,trout,core,217351,1183696
2022,LSO,LESOTHO,trout,core,73825,913650
2022,NLD,NETHERLANDS,trout,core,57528,769076
2022,AUS,AUSTRALIA,trout,core,28975,334065
2022,UKR,UKRAINE,trout,core,10147,205304
2022,SUR,SURINAME,trout,core,22044,57464
2022,IDN,INDONESIA,trout,core,4722,49985
2022,MEX,MEXICO,trout,core,4915,48417
2022,FRO,FAROE IS.,trout,core,5597,43695
2022,GUY,GUYANA,trout,core,7200,20592
2022,ARM,ARMENIA,trout,core,1228,17082
2022,BLR,BELARUS,trout,core,664,6108
2022,GRC,GREECE,trout,core,512,3589
2022,JPN,JAPAN,trout,core,259,2757
2022,KOR,SOUTH KOREA,trout,core,247,2217
2022,THA,THAILAND,tuna,core,116220485,588433622
2022,VNM,VIETNAM,tuna,core,48705560,479553668
2022,IDN,INDONESIA,tuna,core,33877677,329371898
2022,ECU,ECUADOR,tuna,core,28940739,172008727
2022,MEX,MEXICO,tuna,core,22422733,148339196
2022,FJI,FIJI,tuna,core,12751354,85174489
2022,PHL,PHILIPPINES,tuna,core,10621302,85107315
2022,SEN,SENEGAL,tuna,core,11865223,71117358
2022,PAN,PANAMA,tuna,core,3622199,43521341
2022,ESP,SPAIN,tuna,core,2361863,35833896
2022,MUS,MAURITIUS,tuna,core,5235606,33133453
2022,CAN,CANADA,tuna,core,1832219,31939920
2022,CRI,COSTA RICA,tuna,core,3812076,27025336
2022,JPN,JAPAN,tuna,core,1375386,24912559
2022,TWN,TAIWAN,tuna,core,1755188,24677940
2022,BRA,BRAZIL,tuna,core,2007224,19543059
2022,KOR,SOUTH KOREA,tuna,core,1317392,19100122
2022,PYF,FRENCH POLYNESIA,tuna,core,1335505,18081693
2022,MDV,MALDIVE IS.,tuna,core,1058554,15507935
2022,ZAF,SOUTH AFRICA,tuna,core,938137,14614080
2022,LKA,SRI LANKA,tuna,core,680198,12304730
2022,AUS,AUSTRALIA,tuna,core,675452,8708613
2022,MHL,MARSHALL IS.,tuna,core,645981,8621291
2022,GRD,GRENADA,tuna,core,793040,8284600
2022,COL,COLOMBIA,tuna,core,1606969,7498016
2022,SYC,SEYCHELLES,tuna,core,365615,6721715
2022,TTO,TRINIDAD & TOBAGO,tuna,core,1040705,6697180
2022,SUR,SURINAME,tuna,core,798334,5815321
2022,SLV,EL SALVADOR,tuna,core,830714,4325827
2022,CHN,CHINA,tuna,core,847929,4321666
2022,VEN,VENEZUELA,tuna,core,1777527,3969256
2022,OMN,OMAN,tuna,core,239906,3101355
2022,PER,PERU,tuna,core,450061,2497404
2022,PRT,PORTUGAL,tuna,core,381260,2359782
2022,CPV,CAPE VERDE,tuna,core,241367,1897674
2022,ITA,ITALY,tuna,core,374828,1807069
2022,BRB,BARBADOS,tuna,core,179059,1660150
2022,MOZ,MOZAMBIQUE,tuna,core,118727,1446878
2022,VCT,ST.VINCENT-GRENADINE,tuna,core,76676,1173005
2022,KIR,KIRIBATI,tuna,core,132478,1164398
2022,MYS,MALAYSIA,tuna,core,104182,1151268
2022,IND,INDIA,tuna,core,109828,1098893
2022,CIV,IVORY COAST,tuna,core,383273,1002748
2022,NZL,NEW ZEALAND,tuna,core,86111,755455
2022,MLT,MALTA,tuna,core,25493,640732
2022,TUR,TURKEY,tuna,core,57021,578795
2022,BLZ,BELIZE,tuna,core,40266,420112
2022,FSM,FED STATES OF MICRON,tuna,core,20412,402600
2022,FRA,FRANCE,tuna,core,21173,394930
2022,MAR,MOROCCO,tuna,core,32683,243895
2022,GRC,GREECE,tuna,core,32802,197347
2022,TON,TONGA,tuna,core,30285,194950
2022,CHL,CHILE,tuna,core,14629,192468
2022,HRV,CROATIA,tuna,core,12584,178887
2022,NIC,NICARAGUA,tuna,core,15186,149496
2022,ISR,ISRAEL,tuna,core,15696,142230
2022,TUN,TUNISIA,tuna,core,19768,130475
2022,HKG,CHINA - HONG KONG,tuna,core,17055,55188
2022,BEL,BELGIUM,tuna,core,2616,30444
2022,GUY,GUYANA,tuna,core,2000,6418
2022,CMR,CAMEROON,tuna,core,372,6136
2022,DZA,ALGERIA,tuna,core,66,3081
2022,DMA,DOMINICA,tuna,core,1277,2956
2023,CHN,CHINA,catfish_other,extended,6936643,23195323
2023,VNM,VIETNAM,catfish_other,extended,996474,4017211
2023,THA,THAILAND,catfish_other,extended,94921,580887
2023,CAN,CANADA,clams,core,3961081,24561372
2023,CHN,CHINA,clams,core,10444404,19468338
2023,VNM,VIETNAM,clams,core,3236837,8914294
2023,IDN,INDONESIA,clams,core,1400271,4397719
2023,CHL,CHILE,clams,core,439716,2350480
2023,MEX,MEXICO,clams,core,417102,1782599
2023,NZL,NEW ZEALAND,clams,core,416508,1724183
2023,THA,THAILAND,clams,core,375554,1400696
2023,NLD,NETHERLANDS,clams,core,402785,1312304
2023,KOR,SOUTH KOREA,clams,core,275798,624929
2023,ESP,SPAIN,clams,core,152550,320184
2023,PHL,PHILIPPINES,clams,core,145179,282517
2023,JPN,JAPAN,clams,core,85889,199851
2023,ECU,ECUADOR,clams,core,5602,94527
2023,TUN,TUNISIA,clams,core,15694,85900
2023,PRT,PORTUGAL,clams,core,13982,71548
2023,VEN,VENEZUELA,clams,core,12500,70460
2023,ITA,ITALY,clams,core,5821,27745
2023,PAN,PANAMA,clams,core,11954,20939
2023,HKG,CHINA - HONG KONG,clams,core,6531,13360
2023,GTM,GUATEMALA,clams,core,5062,11094
2023,MMR,BURMA,clams,core,1787,8396
2023,PER,PERU,clams,core,959,5972
2023,CHN,CHINA,cod,core,30607482,280492442
2023,ISL,ICELAND,cod,core,13371898,169603427
2023,IDN,INDONESIA,cod,core,5643691,48511875
2023,CAN,CANADA,cod,core,4935610,44081431
2023,VNM,VIETNAM,cod,core,2781286,29905373
2023,NOR,NORWAY,cod,core,2071784,24227299
2023,LVA,LATVIA,cod,core,1440862,19490007
2023,POL,POLAND,cod,core,526519,7076766
2023,GRL,GREENLAND,cod,core,628872,5927058
2023,PRT,PORTUGAL,cod,core,472159,5388112
2023,THA,THAILAND,cod,core,390702,4152294
2023,FRA,FRANCE,cod,core,109310,1045664
2023,NLD,NETHERLANDS,cod,core,62376,981438
2023,GBR,UNITED KINGDOM,cod,core,65807,782933
2023,DNK,DENMARK,cod,core,48059,476492
2023,UKR,UKRAINE,cod,core,24960,410144
2023,ECU,ECUADOR,cod,core,88701,334511
2023,DEU,GERMANY,cod,core,5583,201589
2023,ESP,SPAIN,cod,core,12150,198870
2023,HKG,CHINA - HONG KONG,cod,core,9163,77770
2023,KOR,SOUTH KOREA,cod,core,14805,75473
2023,FRO,FAROE IS.,cod,core,3700,48550
2023,COL,COLOMBIA,cod,core,1664,19076
2023,CAN,CANADA,crab,core,64066672,821507138
2023,IDN,INDONESIA,crab,core,12542417,323042205
2023,NOR,NORWAY,crab,core,4271462,79641136
2023,VNM,VIETNAM,crab,core,3556794,69755814
2023,PHL,PHILIPPINES,crab,core,2393168,64978097
2023,MEX,MEXICO,crab,core,4229600,57317931
2023,IND,INDIA,crab,core,2174878,57287674
2023,VEN,VENEZUELA,crab,core,3413782,55081653
2023,CHN,CHINA,crab,core,5717308,51281133
2023,ARG,ARGENTINA,crab,core,1132114,26325940
2023,GRL,GREENLAND,crab,core,1449551,17945404
2023,MMR,BURMA,crab,core,1004867,15432074
2023,KOR,SOUTH KOREA,crab,core,909823,14900254
2023,LKA,SRI LANKA,crab,core,660926,14216603
2023,THA,THAILAND,crab,core,959419,12897618
2023,CHL,CHILE,crab,core,446729,9499816
2023,COL,COLOMBIA,crab,core,352244,7426598
2023,BHR,BAHRAIN,crab,core,985053,4949841
2023,SWE,SWEDEN,crab,core,106103,4664053
2023,BGD,BANGLADESH,crab,core,233608,4007318
2023,NIC,NICARAGUA,crab,core,132354,3420853
2023,JPN,JAPAN,crab,core,157932,3110351
2023,BHS,BAHAMAS,crab,core,140983,2726963
2023,TUN,TUNISIA,crab,core,392809,2623100
2023,ECU,ECUADOR,crab,core,225728,1496528
2023,GBR,UNITED KINGDOM,crab,core,55730,781317
2023,GRC,GREECE,crab,core,113551,708377
2023,IRL,IRELAND,crab,core,52888,641853
2023,MOZ,MOZAMBIQUE,crab,core,54091,440816
2023,EGY,EGYPT,crab,core,59013,398484
2023,SGP,SINGAPORE,crab,core,15647,271421
2023,PAK,PAKISTAN,crab,core,18884,269937
2023,ITA,ITALY,crab,core,37573,222923
2023,MDG,MADAGASCAR,crab,core,35943,170698
2023,BLZ,BELIZE,crab,core,13459,166440
2023,MYS,MALAYSIA,crab,core,9360,154440
2023,OMN,OMAN,crab,core,29526,140183
2023,AUS,AUSTRALIA,crab,core,2864,97420
2023,TUR,TURKEY,crab,core,12651,88668
2023,ALB,ALBANIA,crab,core,12004,84158
2023,AGO,ANGOLA,crab,core,13718,73713
2023,BGR,BULGARIA,crab,core,1964,71520
2023,PRT,PORTUGAL,crab,core,5959,64764
2023,NLD,NETHERLANDS,crab,core,3056,45830
2023,BRA,BRAZIL,crab,core,1182,27821
2023,PAN,PANAMA,crab,core,2194,19352
2023,TWN,TAIWAN,crab,core,800,16000
2023,FRA,FRANCE,crab,core,118,9599
2023,KEN,KENYA,crab,core,523,8466
2023,ESP,SPAIN,crab,core,818,7449
2023,CPV,CAPE VERDE,crab,core,627,4724
2023,TZA,TANZANIA,crab,core,805,4250
2023,GUY,GUYANA,crab,core,490,3783
2023,FJI,FIJI,crab,core,98,2455
2023,CHN,CHINA,crawfish_freshwater,extended,3767817,13173454
2023,JPN,JAPAN,crawfish_freshwater,extended,69005,1598102
2023,ESP,SPAIN,crawfish_freshwater,extended,96779,945791
2023,EGY,EGYPT,crawfish_freshwater,extended,112314,509273
2023,VNM,VIETNAM,crawfish_freshwater,extended,74334,340704
2023,NGA,NIGERIA,crawfish_freshwater,extended,211,6958
2023,TWN,TAIWAN,crawfish_freshwater,extended,234,3537
2023,HTI,HAITI,crawfish_freshwater,extended,1050,2400
2023,CHN,CHINA,eel_sturgeon_shad,extended,5698161,45119008
2023,THA,THAILAND,eel_sturgeon_shad,extended,272937,2214309
2023,KOR,SOUTH KOREA,eel_sturgeon_shad,extended,134928,1275538
2023,VNM,VIETNAM,eel_sturgeon_shad,extended,176011,1103512
2023,JPN,JAPAN,eel_sturgeon_shad,extended,82143,924706
2023,MMR,BURMA,eel_sturgeon_shad,extended,93309,732846
2023,TWN,TAIWAN,eel_sturgeon_shad,extended,86274,712303
2023,IDN,INDONESIA,eel_sturgeon_shad,extended,14713,413620
2023,SUR,SURINAME,eel_sturgeon_shad,extended,61574,380170
2023,BGD,BANGLADESH,eel_sturgeon_shad,extended,36035,309043
2023,CAN,CANADA,eel_sturgeon_shad,extended,35089,215037
2023,MAR,MOROCCO,eel_sturgeon_shad,extended,13362,195132
2023,ITA,ITALY,eel_sturgeon_shad,extended,27728,150491
2023,GBR,UNITED KINGDOM,eel_sturgeon_shad,extended,21394,131330
2023,PHL,PHILIPPINES,eel_sturgeon_shad,extended,18357,103987
2023,MEX,MEXICO,eel_sturgeon_shad,extended,4631,89285
2023,PER,PERU,eel_sturgeon_shad,extended,14968,78001
2023,GUY,GUYANA,eel_sturgeon_shad,extended,11900,51734
2023,PRT,PORTUGAL,eel_sturgeon_shad,extended,3320,39772
2023,ESP,SPAIN,eel_sturgeon_shad,extended,816,21807
2023,NLD,NETHERLANDS,eel_sturgeon_shad,extended,864,17483
2023,ARM,ARMENIA,eel_sturgeon_shad,extended,998,15633
2023,TZA,TANZANIA,eel_sturgeon_shad,extended,1806,2709
2023,CHN,CHINA,flatfish,core,11206016,56339913
2023,CAN,CANADA,flatfish,core,3140685,19110636
2023,NLD,NETHERLANDS,flatfish,core,3111482,17534224
2023,THA,THAILAND,flatfish,core,1706874,11286767
2023,ESP,SPAIN,flatfish,core,694092,7792641
2023,ARG,ARGENTINA,flatfish,core,1185157,7617974
2023,KOR,SOUTH KOREA,flatfish,core,342617,4503072
2023,ISL,ICELAND,flatfish,core,452701,3473641
2023,NOR,NORWAY,flatfish,core,417911,3200383
2023,VNM,VIETNAM,flatfish,core,470912,3098021
2023,IDN,INDONESIA,flatfish,core,517079,2901785
2023,MEX,MEXICO,flatfish,core,331643,2010460
2023,GRL,GREENLAND,flatfish,core,217002,1618645
2023,TWN,TAIWAN,flatfish,core,94545,661532
2023,DNK,DENMARK,flatfish,core,68055,497962
2023,PAN,PANAMA,flatfish,core,66132,464412
2023,PRT,PORTUGAL,flatfish,core,12956,308017
2023,BRA,BRAZIL,flatfish,core,21486,217416
2023,ECU,ECUADOR,flatfish,core,21736,124581
2023,PHL,PHILIPPINES,flatfish,core,86227,89345
2023,TUR,TURKEY,flatfish,core,6447,63547
2023,FRA,FRANCE,flatfish,core,14735,61340
2023,MAR,MOROCCO,flatfish,core,1607,29661
2023,IND,INDIA,flatfish,core,4877,25805
2023,VEN,VENEZUELA,flatfish,core,2697,17756
2023,GUY,GUYANA,flatfish,core,2701,16481
2023,JPN,JAPAN,flatfish,core,540,13843
2023,PAK,PAKISTAN,flatfish,core,4517,8467
2023,GBR,UNITED KINGDOM,flatfish,core,148,5025
2023,TZA,TANZANIA,flatfish,core,1666,4800
2023,CAN,CANADA,halibut,core,8098517,143531080
2023,NOR,NORWAY,halibut,core,800857,13373245
2023,CHN,CHINA,halibut,core,360942,6914489
2023,MEX,MEXICO,halibut,core,541069,4224069
2023,NLD,NETHERLANDS,halibut,core,161582,2551973
2023,VNM,VIETNAM,halibut,core,62787,1474852
2023,FRA,FRANCE,halibut,core,101578,900564
2023,THA,THAILAND,halibut,core,42166,827307
2023,FRO,FAROE IS.,halibut,core,27760,300334
2023,PHL,PHILIPPINES,halibut,core,9203,192131
2023,ISL,ICELAND,halibut,core,15492,153044
2023,GBR,UNITED KINGDOM,halibut,core,1936,40498
2023,KOR,SOUTH KOREA,halibut,core,1256,16485
2023,TWN,TAIWAN,halibut,core,1447,7861
2023,IDN,INDONESIA,halibut,core,618,3708
2023,TUR,TURKEY,halibut,core,396,3521
2023,CAN,CANADA,herring,core,9820452,33939570
2023,DEU,GERMANY,herring,core,1274587,7059075
2023,POL,POLAND,herring,core,479235,2579892
2023,ISL,ICELAND,herring,core,347130,2387555
2023,KOR,SOUTH KOREA,herring,core,169115,2063199
2023,LVA,LATVIA,herring,core,333685,1765910
2023,SLV,EL SALVADOR,herring,core,110098,1730463
2023,BLR,BELARUS,herring,core,628442,1577173
2023,MEX,MEXICO,herring,core,671810,1357852
2023,LTU,LITHUANIA,herring,core,295609,1316548
2023,NOR,NORWAY,herring,core,545147,1044926
2023,JPN,JAPAN,herring,core,61794,982567
2023,NLD,NETHERLANDS,herring,core,178297,789595
2023,PHL,PHILIPPINES,herring,core,190452,446248
2023,TUR,TURKEY,herring,core,183829,437866
2023,GBR,UNITED KINGDOM,herring,core,59617,402959
2023,SWE,SWEDEN,herring,core,47091,276061
2023,SEN,SENEGAL,herring,core,23554,215658
2023,ESP,SPAIN,herring,core,16355,209794
2023,CHN,CHINA,herring,core,102467,204400
2023,VNM,VIETNAM,herring,core,46033,182913
2023,ECU,ECUADOR,herring,core,76249,169198
2023,EST,ESTONIA,herring,core,141625,141115
2023,UKR,UKRAINE,herring,core,36839,128039
2023,GHA,GHANA,herring,core,22571,113328
2023,BGR,BULGARIA,herring,core,14860,91397
2023,EGY,EGYPT,herring,core,34758,90129
2023,HKG,CHINA - HONG KONG,herring,core,6211,90020
2023,GIN,GUINEA,herring,core,39041,54694
2023,FIN,FINLAND,herring,core,0,35429
2023,SLE,SIERRA LEONE,herring,core,26510,33943
2023,TZA,TANZANIA,herring,core,7250,31050
2023,MMR,BURMA,herring,core,4295,22874
2023,GTM,GUATEMALA,herring,core,2921,22710
2023,DNK,DENMARK,herring,core,3839,18476
2023,GMB,GAMBIA,herring,core,6628,16925
2023,NIC,NICARAGUA,herring,core,1152,16500
2023,PER,PERU,herring,core,1816,10702
2023,FRA,FRANCE,herring,core,6654,10147
2023,MYS,MALAYSIA,herring,core,936,9740
2023,HND,HONDURAS,herring,core,1743,9342
2023,VCT,ST.VINCENT-GRENADINE,herring,core,542,8358
2023,HRV,CROATIA,herring,core,960,5632
2023,THA,THAILAND,herring,core,940,5268
2023,GRC,GREECE,herring,core,805,5110
2023,FRO,FAROE IS.,herring,core,476,3823
2023,IND,INDIA,herring,core,240,2212
2023,CAN,CANADA,inland_freshwater_other,extended,6537324,82438114
2023,KAZ,KAZAKHSTAN,inland_freshwater_other,extended,1166727,15680860
2023,MMR,BURMA,inland_freshwater_other,extended,1932813,6825061
2023,POL,POLAND,inland_freshwater_other,extended,305124,4238588
2023,EST,ESTONIA,inland_freshwater_other,extended,209971,4224509
2023,NLD,NETHERLANDS,inland_freshwater_other,extended,177398,2632335
2023,TUR,TURKEY,inland_freshwater_other,extended,138327,1774611
2023,UGA,UGANDA,inland_freshwater_other,extended,150633,1132079
2023,VNM,VIETNAM,inland_freshwater_other,extended,158576,598257
2023,CHN,CHINA,inland_freshwater_other,extended,379263,515797
2023,BGD,BANGLADESH,inland_freshwater_other,extended,68250,436906
2023,TWN,TAIWAN,inland_freshwater_other,extended,73188,264601
2023,PER,PERU,inland_freshwater_other,extended,71151,259737
2023,CHL,CHILE,inland_freshwater_other,extended,39339,184068
2023,IDN,INDONESIA,inland_freshwater_other,extended,9534,164485
2023,ARG,ARGENTINA,inland_freshwater_other,extended,37980,157722
2023,THA,THAILAND,inland_freshwater_other,extended,44116,151850
2023,PRT,PORTUGAL,inland_freshwater_other,extended,15860,126922
2023,BRA,BRAZIL,inland_freshwater_other,extended,17445,82355
2023,NIC,NICARAGUA,inland_freshwater_other,extended,6341,70086
2023,ARE,UNITED ARAB EMIRATES,inland_freshwater_other,extended,7439,65481
2023,TZA,TANZANIA,inland_freshwater_other,extended,16753,42390
2023,NOR,NORWAY,inland_freshwater_other,extended,15960,30559
2023,JPN,JAPAN,inland_freshwater_other,extended,3400,29854
2023,UKR,UKRAINE,inland_freshwater_other,extended,3318,23788
2023,HND,HONDURAS,inland_freshwater_other,extended,37546,18408
2023,ISL,ICELAND,inland_freshwater_other,extended,9805,17649
2023,PAK,PAKISTAN,inland_freshwater_other,extended,9967,17586
2023,IND,INDIA,inland_freshwater_other,extended,1858,8954
2023,PER,PERU,large_pelagics_other,extended,7405734,80821057
2023,ECU,ECUADOR,large_pelagics_other,extended,6576205,65970977
2023,CRI,COSTA RICA,large_pelagics_other,extended,2946212,22569440
2023,TWN,TAIWAN,large_pelagics_other,extended,1094322,12552065
2023,VNM,VIETNAM,large_pelagics_other,extended,1313802,12296957
2023,NIC,NICARAGUA,large_pelagics_other,extended,1490902,12289652
2023,PAN,PANAMA,large_pelagics_other,extended,1386747,10899299
2023,GTM,GUATEMALA,large_pelagics_other,extended,1387087,10026319
2023,IDN,INDONESIA,large_pelagics_other,extended,815508,7584994
2023,SLV,EL SALVADOR,large_pelagics_other,extended,226072,1346241
2023,MEX,MEXICO,large_pelagics_other,extended,201654,998525
2023,MYS,MALAYSIA,large_pelagics_other,extended,106275,970458
2023,OMN,OMAN,large_pelagics_other,extended,119508,923608
2023,IND,INDIA,large_pelagics_other,extended,94755,813104
2023,BRA,BRAZIL,large_pelagics_other,extended,89884,796752
2023,GUY,GUYANA,large_pelagics_other,extended,23575,199148
2023,VEN,VENEZUELA,large_pelagics_other,extended,21714,187852
2023,TON,TONGA,large_pelagics_other,extended,23373,147265
2023,THA,THAILAND,large_pelagics_other,extended,31238,143932
2023,DOM,DOMINICAN REPUBLIC,large_pelagics_other,extended,10354,103950
2023,PAK,PAKISTAN,large_pelagics_other,extended,13893,91680
2023,LKA,SRI LANKA,large_pelagics_other,extended,7871,66118
2023,JPN,JAPAN,large_pelagics_other,extended,3979,35127
2023,NLD,NETHERLANDS,large_pelagics_other,extended,0,5935
2023,MMR,BURMA,large_pelagics_other,extended,2008,5754
2023,FRA,FRANCE,large_pelagics_other,extended,50,4640
2023,FJI,FIJI,large_pelagics_other,extended,938,2814
2023,ITA,ITALY,large_pelagics_other,extended,21,2044
2023,CAN,CANADA,lobster,core,40521901,1172672645
2023,BHS,BAHAMAS,lobster,core,2317393,83518861
2023,HND,HONDURAS,lobster,core,1300444,45684322
2023,NIC,NICARAGUA,lobster,core,1031026,33835447
2023,BRA,BRAZIL,lobster,core,669161,26693943
2023,ZAF,SOUTH AFRICA,lobster,core,308024,21111933
2023,AUS,AUSTRALIA,lobster,core,292968,15526654
2023,ARE,UNITED ARAB EMIRATES,lobster,core,318229,9209542
2023,BLZ,BELIZE,lobster,core,187662,6995246
2023,SHN,ST.HELENA,lobster,core,73299,5294102
2023,NZL,NEW ZEALAND,lobster,core,91416,5137921
2023,JAM,JAMAICA,lobster,core,97630,4064940
2023,COL,COLOMBIA,lobster,core,78607,2903092
2023,GBR,UNITED KINGDOM,lobster,core,90279,1961826
2023,NOR,NORWAY,lobster,core,224305,1860222
2023,EGY,EGYPT,lobster,core,401423,1833369
2023,MEX,MEXICO,lobster,core,51389,1689962
2023,JPN,JAPAN,lobster,core,75401,1668714
2023,ESP,SPAIN,lobster,core,225903,1557603
2023,TCA,TURKS & CAICOS IS.,lobster,core,41104,1444080
2023,IDN,INDONESIA,lobster,core,37926,927517
2023,PAN,PANAMA,lobster,core,24355,736805
2023,PNG,PAPUA NEW GUINEA,lobster,core,10999,670069
2023,IRL,IRELAND,lobster,core,22668,414554
2023,ECU,ECUADOR,lobster,core,10533,266764
2023,DOM,DOMINICAN REPUBLIC,lobster,core,6774,201150
2023,VEN,VENEZUELA,lobster,core,2478,101885
2023,KEN,KENYA,lobster,core,3049,83189
2023,PRT,PORTUGAL,lobster,core,1641,82284
2023,SWE,SWEDEN,lobster,core,1361,63530
2023,TWN,TAIWAN,lobster,core,2041,54698
2023,VNM,VIETNAM,lobster,core,1257,41635
2023,MYS,MALAYSIA,lobster,core,6300,35784
2023,ISL,ICELAND,lobster,core,1097,29084
2023,NGA,NIGERIA,lobster,core,1315,20900
2023,PHL,PHILIPPINES,lobster,core,279,16864
2023,CHN,CHINA,lobster,core,1303,8694
2023,VCT,ST.VINCENT-GRENADINE,lobster,core,363,7200
2023,NLD,NETHERLANDS,lobster,core,341,5247
2023,KOR,SOUTH KOREA,lobster,core,645,5221
2023,VGB,BRITISH VIRGIN IS.,lobster,core,250,4896
2023,BHR,BAHRAIN,lobster,core,157,3650
2023,THA,THAILAND,lobster,core,192,2531
2023,GTM,GUATEMALA,lobster,core,124,2525
2023,SEN,SENEGAL,lobster,core,66,2182
2023,MDG,MADAGASCAR,lobster,core,18,2160
2023,NOR,NORWAY,mackerel,core,8434353,20828245
2023,THA,THAILAND,mackerel,core,3526540,12817416
2023,CHN,CHINA,mackerel,core,4606518,9568505
2023,JPN,JAPAN,mackerel,core,634806,6688812
2023,VNM,VIETNAM,mackerel,core,1596718,5551656
2023,POL,POLAND,mackerel,core,453395,4651645
2023,KOR,SOUTH KOREA,mackerel,core,1184684,3266803
2023,CHL,CHILE,mackerel,core,1154581,2896144
2023,CAN,CANADA,mackerel,core,605360,2803338
2023,MAR,MOROCCO,mackerel,core,426813,2261268
2023,ESP,SPAIN,mackerel,core,433432,2080699
2023,ECU,ECUADOR,mackerel,core,884246,2020964
2023,MEX,MEXICO,mackerel,core,661239,2004641
2023,VEN,VENEZUELA,mackerel,core,243199,1099630
2023,PRT,PORTUGAL,mackerel,core,284838,1053156
2023,BRA,BRAZIL,mackerel,core,307336,967522
2023,SUR,SURINAME,mackerel,core,167606,834148
2023,IDN,INDONESIA,mackerel,core,90504,724330
2023,GBR,UNITED KINGDOM,mackerel,core,283606,580724
2023,TWN,TAIWAN,mackerel,core,234597,569323
2023,ISL,ICELAND,mackerel,core,275453,541125
2023,IND,INDIA,mackerel,core,70784,472261
2023,LVA,LATVIA,mackerel,core,64218,414259
2023,SLV,EL SALVADOR,mackerel,core,156861,363105
2023,NZL,NEW ZEALAND,mackerel,core,186718,360333
2023,CPV,CAPE VERDE,mackerel,core,26980,339182
2023,PER,PERU,mackerel,core,58332,321388
2023,MYS,MALAYSIA,mackerel,core,68546,220703
2023,LTU,LITHUANIA,mackerel,core,38851,215354
2023,TUN,TUNISIA,mackerel,core,18978,208489
2023,IRL,IRELAND,mackerel,core,117000,208012
2023,FRO,FAROE IS.,mackerel,core,30099,179548
2023,DEU,GERMANY,mackerel,core,22076,147083
2023,PHL,PHILIPPINES,mackerel,core,38633,122394
2023,PAK,PAKISTAN,mackerel,core,20574,103807
2023,ARG,ARGENTINA,mackerel,core,22997,103472
2023,NLD,NETHERLANDS,mackerel,core,34126,94910
2023,GHA,GHANA,mackerel,core,35629,86350
2023,SVN,SLOVENIA,mackerel,core,11757,85794
2023,DNK,DENMARK,mackerel,core,10869,76947
2023,PAN,PANAMA,mackerel,core,8470,69646
2023,FJI,FIJI,mackerel,core,11506,60014
2023,HRV,CROATIA,mackerel,core,6875,57587
2023,TUR,TURKEY,mackerel,core,5567,54653
2023,MMR,BURMA,mackerel,core,7656,39783
2023,NIC,NICARAGUA,mackerel,core,8947,30943
2023,HKG,CHINA - HONG KONG,mackerel,core,5521,30000
2023,ITA,ITALY,mackerel,core,1511,28548
2023,GRC,GREECE,mackerel,core,2486,25819
2023,FRA,FRANCE,mackerel,core,1486,22543
2023,ZAF,SOUTH AFRICA,mackerel,core,10042,19086
2023,GUY,GUYANA,mackerel,core,2967,17276
2023,VCT,ST.VINCENT-GRENADINE,mackerel,core,2437,10234
2023,TTO,TRINIDAD & TOBAGO,mackerel,core,3784,7180
2023,BGD,BANGLADESH,mackerel,core,410,3905
2023,PYF,FRENCH POLYNESIA,mackerel,core,201,2130
2023,NZL,NEW ZEALAND,mussels,core,11640595,83188176
2023,CAN,CANADA,mussels,core,12029488,40391158
2023,CHL,CHILE,mussels,core,13738236,38803040
2023,ESP,SPAIN,mussels,core,523793,2765338
2023,CHN,CHINA,mussels,core,204348,804643
2023,THA,THAILAND,mussels,core,118386,796064
2023,MEX,MEXICO,mussels,core,107275,552246
2023,PRT,PORTUGAL,mussels,core,82797,432664
2023,ZAF,SOUTH AFRICA,mussels,core,103336,414588
2023,FRA,FRANCE,mussels,core,38700,332355
2023,ITA,ITALY,mussels,core,16812,133247
2023,VNM,VIETNAM,mussels,core,41713,100275
2023,KOR,SOUTH KOREA,mussels,core,16972,76063
2023,GRC,GREECE,mussels,core,14850,47966
2023,DNK,DENMARK,mussels,core,1788,29579
2023,LVA,LATVIA,mussels,core,2135,18609
2023,IRL,IRELAND,mussels,core,726,4800
2023,PER,PERU,mussels,core,343,4032
2023,TUR,TURKEY,mussels,core,52,3900
2023,NLD,NETHERLANDS,mussels,core,446,3237
2023,HKG,CHINA - HONG KONG,mussels,core,450,2095
2023,ISL,ICELAND,other_groundfish,core,5484733,70764843
2023,CHN,CHINA,other_groundfish,core,9689176,58066267
2023,CAN,CANADA,other_groundfish,core,7646811,40857316
2023,NOR,NORWAY,other_groundfish,core,4499988,17456828
2023,ARG,ARGENTINA,other_groundfish,core,4103977,15315249
2023,NZL,NEW ZEALAND,other_groundfish,core,1439531,15259093
2023,FRO,FAROE IS.,other_groundfish,core,2205365,9042633
2023,CHL,CHILE,other_groundfish,core,1436659,5756133
2023,IDN,INDONESIA,other_groundfish,core,555196,3878420
2023,THA,THAILAND,other_groundfish,core,547808,3780475
2023,ECU,ECUADOR,other_groundfish,core,742240,2781615
2023,VNM,VIETNAM,other_groundfish,core,230527,1795403
2023,POL,POLAND,other_groundfish,core,153049,1681781
2023,LVA,LATVIA,other_groundfish,core,146190,1529259
2023,ZAF,SOUTH AFRICA,other_groundfish,core,211541,1461500
2023,AUS,AUSTRALIA,other_groundfish,core,55305,645309
2023,NAM,NAMIBIA,other_groundfish,core,114033,627345
2023,MEX,MEXICO,other_groundfish,core,232548,411155
2023,EST,ESTONIA,other_groundfish,core,16001,317698
2023,URY,URUGUAY,other_groundfish,core,124306,276958
2023,PER,PERU,other_groundfish,core,72612,266296
2023,PRT,PORTUGAL,other_groundfish,core,49099,224994
2023,NLD,NETHERLANDS,other_groundfish,core,53187,223630
2023,JPN,JAPAN,other_groundfish,core,2005,179155
2023,TWN,TAIWAN,other_groundfish,core,56245,174501
2023,UKR,UKRAINE,other_groundfish,core,11017,117427
2023,KOR,SOUTH KOREA,other_groundfish,core,27873,76256
2023,ESP,SPAIN,other_groundfish,core,7187,33580
2023,IRL,IRELAND,other_groundfish,core,24000,26400
2023,FIN,FINLAND,other_groundfish,core,884,12060
2023,PAN,PANAMA,other_groundfish,core,933,11560
2023,IND,INDIA,other_groundfish,core,406,10498
2023,MUS,MAURITIUS,other_groundfish,core,540,3749
2023,ARM,ARMENIA,other_groundfish,core,450,2016
2023,CHN,CHINA,other_shellfish_specialty,extended,4017665,14397385
2023,MEX,MEXICO,other_shellfish_specialty,extended,298611,8398302
2023,NIC,NICARAGUA,other_shellfish_specialty,extended,587163,7702053
2023,BLZ,BELIZE,other_shellfish_specialty,extended,395626,6316847
2023,VNM,VIETNAM,other_shellfish_specialty,extended,895360,6230297
2023,HND,HONDURAS,other_shellfish_specialty,extended,317874,4420210
2023,KOR,SOUTH KOREA,other_shellfish_specialty,extended,484337,3961095
2023,FRA,FRANCE,other_shellfish_specialty,extended,335296,3698232
2023,TWN,TAIWAN,other_shellfish_specialty,extended,130120,3071456
2023,CHL,CHILE,other_shellfish_specialty,extended,309864,2927407
2023,AUS,AUSTRALIA,other_shellfish_specialty,extended,77327,2787925
2023,VCT,ST.VINCENT-GRENADINE,other_shellfish_specialty,extended,143858,2652626
2023,IDN,INDONESIA,other_shellfish_specialty,extended,455113,2308523
2023,TCA,TURKS & CAICOS IS.,other_shellfish_specialty,extended,100384,1632175
2023,HKG,CHINA - HONG KONG,other_shellfish_specialty,extended,75405,1316850
2023,NZL,NEW ZEALAND,other_shellfish_specialty,extended,189680,1005180
2023,ZAF,SOUTH AFRICA,other_shellfish_specialty,extended,15761,840771
2023,MYS,MALAYSIA,other_shellfish_specialty,extended,107281,399701
2023,JPN,JAPAN,other_shellfish_specialty,extended,45058,361459
2023,CAN,CANADA,other_shellfish_specialty,extended,33864,345635
2023,PRT,PORTUGAL,other_shellfish_specialty,extended,53863,288525
2023,ESP,SPAIN,other_shellfish_specialty,extended,10153,260978
2023,THA,THAILAND,other_shellfish_specialty,extended,76676,224197
2023,KNA,ST.KITTS-NEVIS,other_shellfish_specialty,extended,9952,156530
2023,NGA,NIGERIA,other_shellfish_specialty,extended,56323,114309
2023,CIV,IVORY COAST,other_shellfish_specialty,extended,22394,57272
2023,SLE,SIERRA LEONE,other_shellfish_specialty,extended,6348,55000
2023,GRC,GREECE,other_shellfish_specialty,extended,3638,33288
2023,GIN,GUINEA,other_shellfish_specialty,extended,15384,26306
2023,CMR,CAMEROON,other_shellfish_specialty,extended,1548,25200
2023,NLD,NETHERLANDS,other_shellfish_specialty,extended,3180,18046
2023,PAK,PAKISTAN,other_shellfish_specialty,extended,10831,17255
2023,IRL,IRELAND,other_shellfish_specialty,extended,980,12242
2023,ECU,ECUADOR,other_shellfish_specialty,extended,1000,12100
2023,GHA,GHANA,other_shellfish_specialty,extended,1051,5960
2023,DNK,DENMARK,other_shellfish_specialty,extended,169,5791
2023,GBR,UNITED KINGDOM,other_shellfish_specialty,extended,510,3412
2023,SEN,SENEGAL,other_shellfish_specialty,extended,470,2820
2023,CAN,CANADA,oysters,core,5430410,58245756
2023,KOR,SOUTH KOREA,oysters,core,3279234,22763872
2023,CHN,CHINA,oysters,core,2760183,20657413
2023,MEX,MEXICO,oysters,core,2854918,14627057
2023,JPN,JAPAN,oysters,core,164445,1853642
2023,HKG,CHINA - HONG KONG,oysters,core,36269,1305693
2023,NZL,NEW ZEALAND,oysters,core,95650,683913
2023,IRL,IRELAND,oysters,core,129678,369145
2023,VNM,VIETNAM,oysters,core,1824,12059
2023,ESP,SPAIN,oysters,core,4275,10552
2023,KNA,ST.KITTS-NEVIS,oysters,core,1278,9395
2023,NLD,NETHERLANDS,oysters,core,560,8224
2023,ITA,ITALY,oysters,core,245,3277
2023,VNM,VIETNAM,pangasius_basa_swai,extended,82927224,268388434
2023,CHL,CHILE,pangasius_basa_swai,extended,394,7861
2023,CHN,CHINA,pollock,core,27136116,87383709
2023,VNM,VIETNAM,pollock,core,7898555,23677843
2023,CAN,CANADA,pollock,core,2832869,12764644
2023,IDN,INDONESIA,pollock,core,2350222,8145459
2023,THA,THAILAND,pollock,core,871834,3230308
2023,PHL,PHILIPPINES,pollock,core,622071,2396751
2023,KOR,SOUTH KOREA,pollock,core,369386,2147176
2023,ESP,SPAIN,pollock,core,169321,1935880
2023,ISL,ICELAND,pollock,core,132773,910002
2023,ECU,ECUADOR,pollock,core,147544,711393
2023,NOR,NORWAY,pollock,core,76479,275404
2023,FRA,FRANCE,pollock,core,60308,234284
2023,CHL,CHILE,pollock,core,31968,100375
2023,BRA,BRAZIL,pollock,core,19652,85755
2023,MEX,MEXICO,pollock,core,18797,67738
2023,JPN,JAPAN,pollock,core,10857,57552
2023,MMR,BURMA,pollock,core,12156,46627
2023,DEU,GERMANY,pollock,core,6160,26824
2023,CPV,CAPE VERDE,pollock,core,1704,25259
2023,HRV,CROATIA,pollock,core,4322,16791
2023,PRT,PORTUGAL,pollock,core,250,3372
2023,NLD,NETHERLANDS,pollock,core,454,2740
2023,TUR,TURKEY,reef_fish_other,extended,5577598,45764145
2023,GRC,GREECE,reef_fish_other,extended,4687183,39710804
2023,ESP,SPAIN,reef_fish_other,extended,2590729,30874423
2023,MEX,MEXICO,reef_fish_other,extended,371361,4507704
2023,JPN,JAPAN,reef_fish_other,extended,266964,4277956
2023,NZL,NEW ZEALAND,reef_fish_other,extended,530566,4093360
2023,NLD,NETHERLANDS,reef_fish_other,extended,293000,3224011
2023,PRT,PORTUGAL,reef_fish_other,extended,58823,1228094
2023,PAN,PANAMA,reef_fish_other,extended,94377,1043670
2023,CYP,CYPRUS,reef_fish_other,extended,86406,892127
2023,TWN,TAIWAN,reef_fish_other,extended,146471,830707
2023,CAN,CANADA,reef_fish_other,extended,89586,659985
2023,MUS,MAURITIUS,reef_fish_other,extended,71363,633206
2023,NIC,NICARAGUA,reef_fish_other,extended,60335,448923
2023,CHN,CHINA,reef_fish_other,extended,102083,363410
2023,BRA,BRAZIL,reef_fish_other,extended,16049,150694
2023,VNM,VIETNAM,reef_fish_other,extended,13722,134615
2023,DOM,DOMINICAN REPUBLIC,reef_fish_other,extended,15959,121070
2023,ITA,ITALY,reef_fish_other,extended,10334,99693
2023,FRA,FRANCE,reef_fish_other,extended,6344,36173
2023,MOZ,MOZAMBIQUE,reef_fish_other,extended,1750,25059
2023,NOR,NORWAY,reef_fish_other,extended,3449,24492
2023,SUR,SURINAME,reef_fish_other,extended,2962,16547
2023,PHL,PHILIPPINES,reef_fish_other,extended,1498,14640
2023,GUY,GUYANA,reef_fish_other,extended,1076,9650
2023,IDN,INDONESIA,reef_fish_other,extended,1042,7158
2023,VEN,VENEZUELA,reef_fish_other,extended,1227,5006
2023,SEN,SENEGAL,reef_fish_other,extended,650,5005
2023,CAN,CANADA,sablefish,core,524978,7683788
2023,MEX,MEXICO,sablefish,core,8566,47769
2023,CHL,CHILE,salmon,core,245006102,2994336663
2023,NOR,NORWAY,salmon,core,73172977,1122881052
2023,CAN,CANADA,salmon,core,72628054,717927545
2023,NLD,NETHERLANDS,salmon,core,14506770,263610497
2023,FRO,FAROE IS.,salmon,core,19171642,260666343
2023,CHN,CHINA,salmon,core,27962765,214693826
2023,GBR,UNITED KINGDOM,salmon,core,11691387,155228199
2023,POL,POLAND,salmon,core,7185734,140086780
2023,DNK,DENMARK,salmon,core,7244470,116495844
2023,DEU,GERMANY,salmon,core,3865521,69110044
2023,NZL,NEW ZEALAND,salmon,core,3592784,55788720
2023,ISL,ICELAND,salmon,core,4775078,52235498
2023,THA,THAILAND,salmon,core,5006444,44197319
2023,ECU,ECUADOR,salmon,core,1510866,10432785
2023,GRC,GREECE,salmon,core,410918,9631895
2023,AUS,AUSTRALIA,salmon,core,769960,7136547
2023,VNM,VIETNAM,salmon,core,587915,6053537
2023,IDN,INDONESIA,salmon,core,561812,5485922
2023,IRL,IRELAND,salmon,core,403058,5333556
2023,SGP,SINGAPORE,salmon,core,135288,3960035
2023,FRA,FRANCE,salmon,core,81717,2021028
2023,ESP,SPAIN,salmon,core,87645,1463781
2023,LTU,LITHUANIA,salmon,core,75480,1302760
2023,JPN,JAPAN,salmon,core,56683,974493
2023,UKR,UKRAINE,salmon,core,54535,843274
2023,LVA,LATVIA,salmon,core,53210,565457
2023,MEX,MEXICO,salmon,core,29427,467846
2023,PRT,PORTUGAL,salmon,core,23887,287515
2023,SWE,SWEDEN,salmon,core,7340,242048
2023,ZAF,SOUTH AFRICA,salmon,core,24041,141770
2023,PER,PERU,salmon,core,14334,121420
2023,KAZ,KAZAKHSTAN,salmon,core,5000,95500
2023,HKG,CHINA - HONG KONG,salmon,core,18144,94800
2023,SLE,SIERRA LEONE,salmon,core,14570,51920
2023,KOR,SOUTH KOREA,salmon,core,1679,39096
2023,ARM,ARMENIA,salmon,core,4814,32472
2023,NAM,NAMIBIA,salmon,core,3576,16038
2023,MMR,BURMA,salmon,core,2258,15487
2023,SVN,SLOVENIA,salmon,core,1021,14804
2023,TWN,TAIWAN,salmon,core,1696,14069
2023,TUR,TURKEY,salmon,core,885,5090
2023,AGO,ANGOLA,salmon,core,1032,4688
2023,DZA,ALGERIA,salmon,core,449,4661
2023,COL,COLOMBIA,salmon,core,599,2376
2023,VEN,VENEZUELA,salmon,core,229,2160
2023,JPN,JAPAN,scallops,core,7403415,144777111
2023,CAN,CANADA,scallops,core,4805643,134916572
2023,ARG,ARGENTINA,scallops,core,3785070,33069224
2023,CHN,CHINA,scallops,core,4823641,29792355
2023,PER,PERU,scallops,core,358252,6194181
2023,HKG,CHINA - HONG KONG,scallops,core,166335,5723747
2023,MEX,MEXICO,scallops,core,277514,5085877
2023,PHL,PHILIPPINES,scallops,core,581359,3034029
2023,FRA,FRANCE,scallops,core,684423,2888702
2023,THA,THAILAND,scallops,core,61918,786492
2023,FRO,FAROE IS.,scallops,core,49920,698880
2023,NOR,NORWAY,scallops,core,31020,537537
2023,ESP,SPAIN,scallops,core,12573,218505
2023,CHL,CHILE,scallops,core,10708,217553
2023,VNM,VIETNAM,scallops,core,27002,152921
2023,ECU,ECUADOR,scallops,core,3030,92077
2023,TWN,TAIWAN,scallops,core,2000,55000
2023,IRL,IRELAND,scallops,core,3167,53597
2023,KOR,SOUTH KOREA,scallops,core,3140,42555
2023,PRT,PORTUGAL,scallops,core,959,16200
2023,PAN,PANAMA,scallops,core,789,6960
2023,GBR,UNITED KINGDOM,scallops,core,80,2221
2023,JPN,JAPAN,sea_cucumber_urchin_other_inverts,extended,137169,20378104
2023,CAN,CANADA,sea_cucumber_urchin_other_inverts,extended,1818851,8854127
2023,MEX,MEXICO,sea_cucumber_urchin_other_inverts,extended,93649,6020654
2023,NIC,NICARAGUA,sea_cucumber_urchin_other_inverts,extended,42223,2050843
2023,CHL,CHILE,sea_cucumber_urchin_other_inverts,extended,43834,1695916
2023,TWN,TAIWAN,sea_cucumber_urchin_other_inverts,extended,51860,847371
2023,PER,PERU,sea_cucumber_urchin_other_inverts,extended,18660,786220
2023,HKG,CHINA - HONG KONG,sea_cucumber_urchin_other_inverts,extended,13020,770531
2023,GRC,GREECE,sea_cucumber_urchin_other_inverts,extended,8513,741268
2023,HND,HONDURAS,sea_cucumber_urchin_other_inverts,extended,13907,681232
2023,TUR,TURKEY,sea_cucumber_urchin_other_inverts,extended,22497,630300
2023,ECU,ECUADOR,sea_cucumber_urchin_other_inverts,extended,26490,608905
2023,IDN,INDONESIA,sea_cucumber_urchin_other_inverts,extended,4970,593136
2023,AUS,AUSTRALIA,sea_cucumber_urchin_other_inverts,extended,3439,551909
2023,HTI,HAITI,sea_cucumber_urchin_other_inverts,extended,37586,520197
2023,LKA,SRI LANKA,sea_cucumber_urchin_other_inverts,extended,3089,348871
2023,MAR,MOROCCO,sea_cucumber_urchin_other_inverts,extended,2071,236504
2023,JAM,JAMAICA,sea_cucumber_urchin_other_inverts,extended,3236,224776
2023,FJI,FIJI,sea_cucumber_urchin_other_inverts,extended,1600,87692
2023,DOM,DOMINICAN REPUBLIC,sea_cucumber_urchin_other_inverts,extended,2468,85220
2023,KOR,SOUTH KOREA,sea_cucumber_urchin_other_inverts,extended,2719,71664
2023,MLT,MALTA,sea_cucumber_urchin_other_inverts,extended,573,64435
2023,GMB,GAMBIA,sea_cucumber_urchin_other_inverts,extended,600,30000
2023,ESP,SPAIN,sea_cucumber_urchin_other_inverts,extended,317,29376
2023,MRT,MAURITANIA,sea_cucumber_urchin_other_inverts,extended,600,24000
2023,VNM,VIETNAM,sea_cucumber_urchin_other_inverts,extended,99,14428
2023,CHN,CHINA,sea_cucumber_urchin_other_inverts,extended,1140,8280
2023,ITA,ITALY,sea_cucumber_urchin_other_inverts,extended,82,5881
2023,MEX,MEXICO,sharks_rays_skates,extended,58046,238129
2023,NIC,NICARAGUA,sharks_rays_skates,extended,42748,142799
2023,TWN,TAIWAN,sharks_rays_skates,extended,31524,122561
2023,CAN,CANADA,sharks_rays_skates,extended,3975,28248
2023,KOR,SOUTH KOREA,sharks_rays_skates,extended,802,21051
2023,ESP,SPAIN,sharks_rays_skates,extended,2560,15989
2023,SUR,SURINAME,sharks_rays_skates,extended,2191,15681
2023,TTO,TRINIDAD & TOBAGO,sharks_rays_skates,extended,765,4721
2023,IND,INDIA,sharks_rays_skates,extended,726,2080
2023,IND,INDIA,shrimp,core,296106169,2332954623
2023,ECU,ECUADOR,shrimp,core,205899665,1393737921
2023,IDN,INDONESIA,shrimp,core,146258549,1169353552
2023,VNM,VIETNAM,shrimp,core,61523621,650717057
2023,THA,THAILAND,shrimp,core,29033789,342540192
2023,MEX,MEXICO,shrimp,core,15640724,196297298
2023,ARG,ARGENTINA,shrimp,core,14299595,181538094
2023,CAN,CANADA,shrimp,core,2562992,27839853
2023,PER,PERU,shrimp,core,2227725,21621426
2023,CHN,CHINA,shrimp,core,3629956,21424217
2023,BGD,BANGLADESH,shrimp,core,1418410,18839715
2023,PAN,PANAMA,shrimp,core,745239,10210960
2023,HND,HONDURAS,shrimp,core,1151573,10150160
2023,SAU,SAUDI ARABIA,shrimp,core,1626879,9490875
2023,VEN,VENEZUELA,shrimp,core,1247671,6624501
2023,GUY,GUYANA,shrimp,core,924214,5504827
2023,NGA,NIGERIA,shrimp,core,162738,5140514
2023,ESP,SPAIN,shrimp,core,331230,4187402
2023,LKA,SRI LANKA,shrimp,core,501840,3912081
2023,MMR,BURMA,shrimp,core,194904,3293265
2023,AUS,AUSTRALIA,shrimp,core,84939,2680297
2023,GTM,GUATEMALA,shrimp,core,318119,2422073
2023,KOR,SOUTH KOREA,shrimp,core,355385,2419146
2023,PHL,PHILIPPINES,shrimp,core,697799,2391511
2023,NCL,NEW CALEDONIA,shrimp,core,122444,2313350
2023,NIC,NICARAGUA,shrimp,core,216429,1667539
2023,CHL,CHILE,shrimp,core,111686,1520215
2023,HKG,CHINA - HONG KONG,shrimp,core,73710,1327409
2023,NOR,NORWAY,shrimp,core,118128,1272737
2023,TWN,TAIWAN,shrimp,core,71469,1138567
2023,COL,COLOMBIA,shrimp,core,65944,927555
2023,DEU,GERMANY,shrimp,core,63116,760790
2023,GRL,GREENLAND,shrimp,core,88728,746080
2023,MDG,MADAGASCAR,shrimp,core,34644,700240
2023,MYS,MALAYSIA,shrimp,core,45848,546967
2023,NLD,NETHERLANDS,shrimp,core,11610,423728
2023,SGP,SINGAPORE,shrimp,core,27285,368500
2023,JPN,JAPAN,shrimp,core,50130,346027
2023,SEN,SENEGAL,shrimp,core,22798,317375
2023,GRC,GREECE,shrimp,core,15569,263904
2023,ITA,ITALY,shrimp,core,23358,260002
2023,PRT,PORTUGAL,shrimp,core,24390,249627
2023,DNK,DENMARK,shrimp,core,17873,218100
2023,GBR,UNITED KINGDOM,shrimp,core,14480,95403
2023,ISL,ICELAND,shrimp,core,17420,94020
2023,SLV,EL SALVADOR,shrimp,core,4142,76020
2023,GMB,GAMBIA,shrimp,core,4888,72000
2023,GIN,GUINEA,shrimp,core,1714,50328
2023,HTI,HAITI,shrimp,core,1814,10000
2023,BHS,BAHAMAS,shrimp,core,148,2191
2023,JAM,JAMAICA,shrimp,core,20,2117
2023,MAR,MOROCCO,small_pelagics_other,extended,10643378,77433215
2023,POL,POLAND,small_pelagics_other,extended,7378070,43278130
2023,THA,THAILAND,small_pelagics_other,extended,4256334,16754773
2023,ECU,ECUADOR,small_pelagics_other,extended,5879685,13502773
2023,CAN,CANADA,small_pelagics_other,extended,4046681,13239594
2023,VNM,VIETNAM,small_pelagics_other,extended,2479160,11218359
2023,ESP,SPAIN,small_pelagics_other,extended,962409,7951489
2023,PRT,PORTUGAL,small_pelagics_other,extended,1167759,7478177
2023,CHN,CHINA,small_pelagics_other,extended,4067769,6691047
2023,PER,PERU,small_pelagics_other,extended,653336,6593787
2023,LVA,LATVIA,small_pelagics_other,extended,1473169,6545937
2023,ITA,ITALY,small_pelagics_other,extended,552013,6275510
2023,MEX,MEXICO,small_pelagics_other,extended,7788856,5128252
2023,ARG,ARGENTINA,small_pelagics_other,extended,846867,3166897
2023,PHL,PHILIPPINES,small_pelagics_other,extended,1169689,2885734
2023,IND,INDIA,small_pelagics_other,extended,357358,1584437
2023,BRA,BRAZIL,small_pelagics_other,extended,663460,1508783
2023,ISL,ICELAND,small_pelagics_other,extended,845412,1410328
2023,KOR,SOUTH KOREA,small_pelagics_other,extended,177764,1209085
2023,JPN,JAPAN,small_pelagics_other,extended,220071,606669
2023,TUR,TURKEY,small_pelagics_other,extended,68559,504402
2023,GBR,UNITED KINGDOM,small_pelagics_other,extended,43535,461482
2023,NOR,NORWAY,small_pelagics_other,extended,224313,326465
2023,FRA,FRANCE,small_pelagics_other,extended,27652,323191
2023,GUY,GUYANA,small_pelagics_other,extended,72703,310193
2023,CRI,COSTA RICA,small_pelagics_other,extended,239775,237994
2023,MYS,MALAYSIA,small_pelagics_other,extended,39629,182247
2023,TUN,TUNISIA,small_pelagics_other,extended,25341,180363
2023,TZA,TANZANIA,small_pelagics_other,extended,48224,169061
2023,GRC,GREECE,small_pelagics_other,extended,44474,153686
2023,OMN,OMAN,small_pelagics_other,extended,94676,132611
2023,TWN,TAIWAN,small_pelagics_other,extended,69292,119053
2023,LTU,LITHUANIA,small_pelagics_other,extended,28747,115221
2023,HRV,CROATIA,small_pelagics_other,extended,26073,93051
2023,FIN,FINLAND,small_pelagics_other,extended,120708,77480
2023,PAK,PAKISTAN,small_pelagics_other,extended,49736,70674
2023,UKR,UKRAINE,small_pelagics_other,extended,12182,38294
2023,SVN,SLOVENIA,small_pelagics_other,extended,4590,37808
2023,NIC,NICARAGUA,small_pelagics_other,extended,12809,34925
2023,MMR,BURMA,small_pelagics_other,extended,9986,29340
2023,MCO,MONACO,small_pelagics_other,extended,2500,25838
2023,DEU,GERMANY,small_pelagics_other,extended,2775,23281
2023,ALB,ALBANIA,small_pelagics_other,extended,841,20164
2023,SWE,SWEDEN,small_pelagics_other,extended,567,15446
2023,GHA,GHANA,small_pelagics_other,extended,11502,14434
2023,IDN,INDONESIA,small_pelagics_other,extended,1834,9400
2023,HKG,CHINA - HONG KONG,small_pelagics_other,extended,250,6416
2023,AND,ANDORRA,small_pelagics_other,extended,377,6108
2023,DNK,DENMARK,small_pelagics_other,extended,200,5087
2023,GMB,GAMBIA,small_pelagics_other,extended,1500,4875
2023,FJI,FIJI,small_pelagics_other,extended,734,3690
2023,NGA,NIGERIA,small_pelagics_other,extended,1619,3000
2023,GIN,GUINEA,small_pelagics_other,extended,3655,2790
2023,SEN,SENEGAL,small_pelagics_other,extended,716,2333
2023,MEX,MEXICO,snapper_grouper,core,7642287,83280033
2023,BRA,BRAZIL,snapper_grouper,core,5615443,48901985
2023,PAN,PANAMA,snapper_grouper,core,2258136,22333665
2023,VEN,VENEZUELA,snapper_grouper,core,2240372,21802720
2023,NIC,NICARAGUA,snapper_grouper,core,2456492,21041462
2023,CRI,COSTA RICA,snapper_grouper,core,1835677,17840340
2023,SUR,SURINAME,snapper_grouper,core,1381939,12012066
2023,GUY,GUYANA,snapper_grouper,core,642643,4779645
2023,IDN,INDONESIA,snapper_grouper,core,470719,3811251
2023,GTM,GUATEMALA,snapper_grouper,core,252992,2694342
2023,TTO,TRINIDAD & TOBAGO,snapper_grouper,core,268242,2374239
2023,ECU,ECUADOR,snapper_grouper,core,192039,2067289
2023,VNM,VIETNAM,snapper_grouper,core,193750,1808703
2023,IND,INDIA,snapper_grouper,core,311107,1512770
2023,SLV,EL SALVADOR,snapper_grouper,core,94987,857978
2023,HND,HONDURAS,snapper_grouper,core,81874,669221
2023,SEN,SENEGAL,snapper_grouper,core,54138,630137
2023,JPN,JAPAN,snapper_grouper,core,12620,570563
2023,GUF,FRENCH GUIANA,snapper_grouper,core,22908,198446
2023,LKA,SRI LANKA,snapper_grouper,core,22571,196751
2023,NZL,NEW ZEALAND,snapper_grouper,core,16607,164746
2023,CHN,CHINA,snapper_grouper,core,0,124200
2023,TWN,TAIWAN,snapper_grouper,core,21967,120667
2023,ARE,UNITED ARAB EMIRATES,snapper_grouper,core,19613,39689
2023,GIN,GUINEA,snapper_grouper,core,2279,34053
2023,MMR,BURMA,snapper_grouper,core,4475,24268
2023,MYS,MALAYSIA,snapper_grouper,core,1783,13362
2023,GRD,GRENADA,snapper_grouper,core,1143,10342
2023,VCT,ST.VINCENT-GRENADINE,snapper_grouper,core,627,9687
2023,PAK,PAKISTAN,snapper_grouper,core,1780,8756
2023,PRT,PORTUGAL,snapper_grouper,core,391,7489
2023,ESP,SPAIN,snapper_grouper,core,133,5181
2023,THA,THAILAND,snapper_grouper,core,680,4117
2023,GBR,UNITED KINGDOM,snapper_grouper,core,344,3717
2023,CHL,CHILE,snapper_grouper,core,169,3473
2023,CAN,CANADA,snapper_grouper,core,416,2444
2023,ESP,SPAIN,squid_octopus,core,13314178,147701970
2023,CHN,CHINA,squid_octopus,core,13752226,73894094
2023,IND,INDIA,squid_octopus,core,10456638,65933366
2023,ARG,ARGENTINA,squid_octopus,core,11354242,50022730
2023,THA,THAILAND,squid_octopus,core,3848124,36003830
2023,TWN,TAIWAN,squid_octopus,core,5841200,32409157
2023,IDN,INDONESIA,squid_octopus,core,3746602,30339891
2023,NZL,NEW ZEALAND,squid_octopus,core,4490910,28101400
2023,PER,PERU,squid_octopus,core,5336741,27666951
2023,MEX,MEXICO,squid_octopus,core,2296902,19882481
2023,VNM,VIETNAM,squid_octopus,core,2678291,18017034
2023,JPN,JAPAN,squid_octopus,core,1101337,16158777
2023,KOR,SOUTH KOREA,squid_octopus,core,1475259,15491971
2023,PHL,PHILIPPINES,squid_octopus,core,2553377,12726890
2023,PAK,PAKISTAN,squid_octopus,core,1407898,11926847
2023,PRT,PORTUGAL,squid_octopus,core,887008,10215043
2023,MYS,MALAYSIA,squid_octopus,core,712821,4561612
2023,ITA,ITALY,squid_octopus,core,255317,3264889
2023,CAN,CANADA,squid_octopus,core,93666,1438430
2023,URY,URUGUAY,squid_octopus,core,354616,1408045
2023,VEN,VENEZUELA,squid_octopus,core,216511,1258773
2023,MRT,MAURITANIA,squid_octopus,core,72375,1186037
2023,CPV,CAPE VERDE,squid_octopus,core,164294,1181572
2023,AUS,AUSTRALIA,squid_octopus,core,43363,1179514
2023,LKA,SRI LANKA,squid_octopus,core,173017,1028850
2023,CHL,CHILE,squid_octopus,core,391946,877277
2023,GRC,GREECE,squid_octopus,core,71258,865287
2023,VUT,VANUATU,squid_octopus,core,148147,688990
2023,HKG,CHINA - HONG KONG,squid_octopus,core,115148,600852
2023,FLK,FALKLAND IS.,squid_octopus,core,90800,590000
2023,NLD,NETHERLANDS,squid_octopus,core,72726,455487
2023,MAR,MOROCCO,squid_octopus,core,29724,379867
2023,BRA,BRAZIL,squid_octopus,core,29903,269473
2023,FRA,FRANCE,squid_octopus,core,50907,254775
2023,GTM,GUATEMALA,squid_octopus,core,32342,231726
2023,ECU,ECUADOR,squid_octopus,core,33935,181645
2023,OMN,OMAN,squid_octopus,core,34200,176300
2023,ZAF,SOUTH AFRICA,squid_octopus,core,5044,38673
2023,SUR,SURINAME,squid_octopus,core,2395,15576
2023,MMR,BURMA,squid_octopus,core,2145,12459
2023,AGO,ANGOLA,squid_octopus,core,2000,8000
2023,ECU,ECUADOR,swordfish,core,2753724,21557592
2023,CAN,CANADA,swordfish,core,1520806,16865807
2023,CRI,COSTA RICA,swordfish,core,574357,5134586
2023,BRA,BRAZIL,swordfish,core,1375829,5070365
2023,ZAF,SOUTH AFRICA,swordfish,core,409133,4879570
2023,SGP,SINGAPORE,swordfish,core,426666,4487750
2023,VNM,VIETNAM,swordfish,core,435686,4187350
2023,MEX,MEXICO,swordfish,core,431333,2978828
2023,IDN,INDONESIA,swordfish,core,238722,2958937
2023,AUS,AUSTRALIA,swordfish,core,200026,2697916
2023,CHL,CHILE,swordfish,core,487953,1507644
2023,TWN,TAIWAN,swordfish,core,139832,1485701
2023,LKA,SRI LANKA,swordfish,core,108005,1197693
2023,KOR,SOUTH KOREA,swordfish,core,95098,1095762
2023,NZL,NEW ZEALAND,swordfish,core,118659,872997
2023,PAN,PANAMA,swordfish,core,83003,808068
2023,ESP,SPAIN,swordfish,core,39431,616342
2023,FRA,FRANCE,swordfish,core,35150,533847
2023,REU,REUNION,swordfish,core,32384,418587
2023,NIC,NICARAGUA,swordfish,core,44756,411065
2023,PER,PERU,swordfish,core,13912,130348
2023,PYF,FRENCH POLYNESIA,swordfish,core,9674,116447
2023,THA,THAILAND,swordfish,core,9107,94893
2023,PRT,PORTUGAL,swordfish,core,1340,17427
2023,SYC,SEYCHELLES,swordfish,core,833,10195
2023,ITA,ITALY,swordfish,core,169,5253
2023,FJI,FIJI,swordfish,core,327,2159
2023,CHN,CHINA,tilapia,core,113279012,318883973
2023,COL,COLOMBIA,tilapia,core,17826952,117370203
2023,IDN,INDONESIA,tilapia,core,6436750,54978403
2023,HND,HONDURAS,tilapia,core,5168376,37947433
2023,TWN,TAIWAN,tilapia,core,12887294,36197306
2023,CRI,COSTA RICA,tilapia,core,4084413,23762139
2023,BRA,BRAZIL,tilapia,core,5308647,22501560
2023,MEX,MEXICO,tilapia,core,704252,5101996
2023,MYS,MALAYSIA,tilapia,core,497624,3309074
2023,PER,PERU,tilapia,core,277604,2917030
2023,VNM,VIETNAM,tilapia,core,925576,2800918
2023,NOR,NORWAY,tilapia,core,669437,2298815
2023,KOR,SOUTH KOREA,tilapia,core,168258,1781549
2023,THA,THAILAND,tilapia,core,799717,1395969
2023,ECU,ECUADOR,tilapia,core,254999,1008437
2023,SLE,SIERRA LEONE,tilapia,core,76255,562650
2023,PAN,PANAMA,tilapia,core,107898,422285
2023,ISL,ICELAND,tilapia,core,31667,306520
2023,NGA,NIGERIA,tilapia,core,19235,208783
2023,GHA,GHANA,tilapia,core,42166,149773
2023,CHL,CHILE,tilapia,core,10628,148127
2023,GIN,GUINEA,tilapia,core,50688,147040
2023,CAN,CANADA,tilapia,core,15705,91098
2023,SLV,EL SALVADOR,tilapia,core,4091,74190
2023,UGA,UGANDA,tilapia,core,20476,58782
2023,MMR,BURMA,tilapia,core,6929,49603
2023,SUR,SURINAME,tilapia,core,6500,43710
2023,TUR,TURKEY,tilapia,core,19711,29509
2023,PHL,PHILIPPINES,tilapia,core,2149,20998
2023,EGY,EGYPT,tilapia,core,8010,20467
2023,BGD,BANGLADESH,tilapia,core,2655,19507
2023,NIC,NICARAGUA,tilapia,core,4513,10878
2023,CIV,IVORY COAST,tilapia,core,1874,3097
2023,TZA,TANZANIA,tilapia,core,555,2220
2023,KOR,SOUTH KOREA,toothfish,extended,1889127,59105651
2023,CHL,CHILE,toothfish,extended,1522961,49835537
2023,ARG,ARGENTINA,toothfish,extended,1267087,37531400
2023,AUS,AUSTRALIA,toothfish,extended,1104311,33273956
2023,FLK,FALKLAND IS.,toothfish,extended,842967,25658871
2023,REU,REUNION,toothfish,extended,757436,23617317
2023,NZL,NEW ZEALAND,toothfish,extended,717736,22225445
2023,UKR,UKRAINE,toothfish,extended,272450,8328770
2023,ZAF,SOUTH AFRICA,toothfish,extended,127938,3915334
2023,URY,URUGUAY,toothfish,extended,135829,3885313
2023,FRA,FRANCE,toothfish,extended,88353,2842168
2023,ESP,SPAIN,toothfish,extended,78305,2709143
2023,PER,PERU,toothfish,extended,126144,2708722
2023,ECU,ECUADOR,toothfish,extended,19920,595864
2023,SHN,ST.HELENA,toothfish,extended,20726,546883
2023,NOR,NORWAY,trout,core,7521556,93674731
2023,CHL,CHILE,trout,core,5240879,68925857
2023,PER,PERU,trout,core,1786602,21163162
2023,COL,COLOMBIA,trout,core,1578373,15156061
2023,TUR,TURKEY,trout,core,1398136,15040161
2023,GBR,UNITED KINGDOM,trout,core,711655,6433247
2023,ARG,ARGENTINA,trout,core,397021,4012119
2023,CAN,CANADA,trout,core,530288,3481391
2023,DNK,DENMARK,trout,core,145430,1351680
2023,ISL,ICELAND,trout,core,76354,1120124
2023,LSO,LESOTHO,trout,core,69749,913982
2023,CRI,COSTA RICA,trout,core,55392,516518
2023,VNM,VIETNAM,trout,core,28916,412946
2023,AUS,AUSTRALIA,trout,core,25402,335940
2023,NLD,NETHERLANDS,trout,core,16221,211768
2023,UKR,UKRAINE,trout,core,7393,149125
2023,MEX,MEXICO,trout,core,2687,23340
2023,ARM,ARMENIA,trout,core,976,18528
2023,SUR,SURINAME,trout,core,1566,13525
2023,GUY,GUYANA,trout,core,384,5288
2023,GRC,GREECE,trout,core,203,2688
2023,PHL,PHILIPPINES,trout,core,272,2640
2023,THA,THAILAND,tuna,core,103831869,542285907
2023,VNM,VIETNAM,tuna,core,38307440,296672044
2023,IDN,INDONESIA,tuna,core,29720523,255304312
2023,MEX,MEXICO,tuna,core,20037964,147192000
2023,ECU,ECUADOR,tuna,core,22410649,146008327
2023,SEN,SENEGAL,tuna,core,13485618,82084667
2023,ESP,SPAIN,tuna,core,3548198,58233703
2023,PHL,PHILIPPINES,tuna,core,8202260,55683326
2023,FJI,FIJI,tuna,core,8980472,55438657
2023,MUS,MAURITIUS,tuna,core,5658844,32656792
2023,CRI,COSTA RICA,tuna,core,4371531,29170480
2023,CAN,CANADA,tuna,core,1640071,26237921
2023,PAN,PANAMA,tuna,core,2136371,23476051
2023,JPN,JAPAN,tuna,core,1140253,19541225
2023,ZAF,SOUTH AFRICA,tuna,core,1206794,18846015
2023,LKA,SRI LANKA,tuna,core,1076906,17160613
2023,BRA,BRAZIL,tuna,core,1855130,16876133
2023,KOR,SOUTH KOREA,tuna,core,1283526,15709778
2023,PYF,FRENCH POLYNESIA,tuna,core,1266839,13435312
2023,TWN,TAIWAN,tuna,core,1175516,13149548
2023,SUR,SURINAME,tuna,core,1688085,12827627
2023,AUS,AUSTRALIA,tuna,core,833249,12183902
2023,MHL,MARSHALL IS.,tuna,core,838361,11839641
2023,MDV,MALDIVE IS.,tuna,core,637052,8713775
2023,PER,PERU,tuna,core,1458950,7669488
2023,TTO,TRINIDAD & TOBAGO,tuna,core,1081814,7067180
2023,GRD,GRENADA,tuna,core,802765,7027932
2023,COL,COLOMBIA,tuna,core,1243111,6274169
2023,SYC,SEYCHELLES,tuna,core,270381,4870192
2023,VEN,VENEZUELA,tuna,core,1395919,3097063
2023,ITA,ITALY,tuna,core,755557,2560181
2023,PRT,PORTUGAL,tuna,core,319784,2323968
2023,NZL,NEW ZEALAND,tuna,core,203906,1911881
2023,MYS,MALAYSIA,tuna,core,163404,1598469
2023,CPV,CAPE VERDE,tuna,core,179953,1561398
2023,BRB,BARBADOS,tuna,core,147636,1380440
2023,FRA,FRANCE,tuna,core,70073,1272255
2023,HRV,CROATIA,tuna,core,33923,1256084
2023,CHN,CHINA,tuna,core,182600,1045290
2023,SLV,EL SALVADOR,tuna,core,258202,929664
2023,OMN,OMAN,tuna,core,74392,888155
2023,TUR,TURKEY,tuna,core,67433,617446
2023,CIV,IVORY COAST,tuna,core,196127,490995
2023,MAR,MOROCCO,tuna,core,62522,428849
2023,VCT,ST.VINCENT-GRENADINE,tuna,core,31406,410419
2023,BLZ,BELIZE,tuna,core,68767,395797
2023,GRC,GREECE,tuna,core,34439,246113
2023,ISR,ISRAEL,tuna,core,21623,170118
2023,KIR,KIRIBATI,tuna,core,7030,151883
2023,TON,TONGA,tuna,core,23753,145389
2023,NIC,NICARAGUA,tuna,core,14988,110498
2023,IND,INDIA,tuna,core,21410,75654
2023,TUN,TUNISIA,tuna,core,10962,65993
2023,MLT,MALTA,tuna,core,3568,61372
2023,BEL,BELGIUM,tuna,core,3878,25689
2023,DMA,DOMINICA,tuna,core,11832,24315
2023,REU,REUNION,tuna,core,1037,22082
2023,DZA,ALGERIA,tuna,core,4881,14313
2023,NLD,NETHERLANDS,tuna,core,0,12880
2023,NOR,NORWAY,tuna,core,445,9047
2023,CHL,CHILE,tuna,core,838,7389
2023,AND,ANDORRA,tuna,core,449,7115
2023,GUY,GUYANA,tuna,core,900,2987
2023,DOM,DOMINICAN REPUBLIC,tuna,core,1076,2135
